playerId,season,name,team,position,situation,games_played,icetime,shifts,gameScore,onIce_xGoalsPercentage,offIce_xGoalsPercentage,onIce_corsiPercentage,offIce_corsiPercentage,onIce_fenwickPercentage,offIce_fenwickPercentage,iceTimeRank,I_F_xOnGoal,I_F_xGoals,I_F_xRebounds,I_F_xFreeze,I_F_xPlayStopped,I_F_xPlayContinuedInZone,I_F_xPlayContinuedOutsideZone,I_F_flurryAdjustedxGoals,I_F_scoreVenueAdjustedxGoals,I_F_flurryScoreVenueAdjustedxGoals,I_F_primaryAssists,I_F_secondaryAssists,I_F_shotsOnGoal,I_F_missedShots,I_F_blockedShotAttempts,I_F_shotAttempts,I_F_points,I_F_goals,I_F_rebounds,I_F_reboundGoals,I_F_freeze,I_F_playStopped,I_F_playContinuedInZone,I_F_playContinuedOutsideZone,I_F_savedShotsOnGoal,I_F_savedUnblockedShotAttempts,penalties,I_F_penalityMinutes,I_F_faceOffsWon,I_F_hits,I_F_takeaways,I_F_giveaways,I_F_lowDangerShots,I_F_mediumDangerShots,I_F_highDangerShots,I_F_lowDangerxGoals,I_F_mediumDangerxGoals,I_F_highDangerxGoals,I_F_lowDangerGoals,I_F_mediumDangerGoals,I_F_highDangerGoals,I_F_scoreAdjustedShotsAttempts,I_F_unblockedShotAttempts,I_F_scoreAdjustedUnblockedShotAttempts,I_F_dZoneGiveaways,I_F_xGoalsFromxReboundsOfShots,I_F_xGoalsFromActualReboundsOfShots,I_F_reboundxGoals,I_F_xGoals_with_earned_rebounds,I_F_xGoals_with_earned_rebounds_scoreAdjusted,I_F_xGoals_with_earned_rebounds_scoreFlurryAdjusted,I_F_shifts,I_F_oZoneShiftStarts,I_F_dZoneShiftStarts,I_F_neutralZoneShiftStarts,I_F_flyShiftStarts,I_F_oZoneShiftEnds,I_F_dZoneShiftEnds,I_F_neutralZoneShiftEnds,I_F_flyShiftEnds,faceoffsWon,faceoffsLost,timeOnBench,penalityMinutes,penalityMinutesDrawn,penaltiesDrawn,shotsBlockedByPlayer,OnIce_F_xOnGoal,OnIce_F_xGoals,OnIce_F_flurryAdjustedxGoals,OnIce_F_scoreVenueAdjustedxGoals,OnIce_F_flurryScoreVenueAdjustedxGoals,OnIce_F_shotsOnGoal,OnIce_F_missedShots,OnIce_F_blockedShotAttempts,OnIce_F_shotAttempts,OnIce_F_goals,OnIce_F_rebounds,OnIce_F_reboundGoals,OnIce_F_lowDangerShots,OnIce_F_mediumDangerShots,OnIce_F_highDangerShots,OnIce_F_lowDangerxGoals,OnIce_F_mediumDangerxGoals,OnIce_F_highDangerxGoals,OnIce_F_lowDangerGoals,OnIce_F_mediumDangerGoals,OnIce_F_highDangerGoals,OnIce_F_scoreAdjustedShotsAttempts,OnIce_F_unblockedShotAttempts,OnIce_F_scoreAdjustedUnblockedShotAttempts,OnIce_F_xGoalsFromxReboundsOfShots,OnIce_F_xGoalsFromActualReboundsOfShots,OnIce_F_reboundxGoals,OnIce_F_xGoals_with_earned_rebounds,OnIce_F_xGoals_with_earned_rebounds_scoreAdjusted,OnIce_F_xGoals_with_earned_rebounds_scoreFlurryAdjusted,OnIce_A_xOnGoal,OnIce_A_xGoals,OnIce_A_flurryAdjustedxGoals,OnIce_A_scoreVenueAdjustedxGoals,OnIce_A_flurryScoreVenueAdjustedxGoals,OnIce_A_shotsOnGoal,OnIce_A_missedShots,OnIce_A_blockedShotAttempts,OnIce_A_shotAttempts,OnIce_A_goals,OnIce_A_rebounds,OnIce_A_reboundGoals,OnIce_A_lowDangerShots,OnIce_A_mediumDangerShots,OnIce_A_highDangerShots,OnIce_A_lowDangerxGoals,OnIce_A_mediumDangerxGoals,OnIce_A_highDangerxGoals,OnIce_A_lowDangerGoals,OnIce_A_mediumDangerGoals,OnIce_A_highDangerGoals,OnIce_A_scoreAdjustedShotsAttempts,OnIce_A_unblockedShotAttempts,OnIce_A_scoreAdjustedUnblockedShotAttempts,OnIce_A_xGoalsFromxReboundsOfShots,OnIce_A_xGoalsFromActualReboundsOfShots,OnIce_A_reboundxGoals,OnIce_A_xGoals_with_earned_rebounds,OnIce_A_xGoals_with_earned_rebounds_scoreAdjusted,OnIce_A_xGoals_with_earned_rebounds_scoreFlurryAdjusted,OffIce_F_xGoals,OffIce_A_xGoals,OffIce_F_shotAttempts,OffIce_A_shotAttempts,xGoalsForAfterShifts,xGoalsAgainstAfterShifts,corsiForAfterShifts,corsiAgainstAfterShifts,fenwickForAfterShifts,fenwickAgainstAfterShifts,season_type
8473986,2025,Alex Killorn,ANA,L,all,55,53252.0,1194.0,23.13,0.48,0.5,0.49,0.52,0.5,0.52,309.0,107.08,10.51,7.55,23.72,3.44,52.31,43.49,10.08,10.44,10.02,4.0,7.0,99.0,42.0,31.0,172.0,17.0,6.0,13.0,1.0,25.0,0.0,48.0,49.0,93.0,135.0,12.0,24.0,34.0,49.0,16.0,44.0,99.0,35.0,7.0,3.35,4.82,2.34,0.0,4.0,2.0,170.54,141.0,139.92,14.0,1.67,2.39,2.55,9.63,9.58,9.37,1194.0,138.0,219.0,186.0,651.0,194.0,167.0,173.0,660.0,34.0,59.0,148182.0,24.0,20.0,10.0,24.0,479.81,45.87,44.17,45.89,44.19,436.0,214.0,231.0,881.0,34.0,54.0,5.0,486.0,118.0,46.0,14.13,15.18,16.57,9.0,14.0,11.0,874.81,650.0,647.22,7.09,11.84,11.6,41.36,41.35,40.62,479.64,50.03,47.42,49.96,47.37,408.0,244.0,249.0,901.0,46.0,54.0,3.0,464.0,131.0,57.0,14.68,15.53,19.82,15.0,15.0,16.0,902.67,652.0,652.04,8.22,10.69,10.69,47.56,47.51,46.26,132.6,131.59,2670.0,2431.0,0.0,0.0,0.0,0.0,0.0,0.0,regular
8484762,2025,Beckett Sennecke,ANA,R,all,55,57430.0,1200.0,44.07,0.53,0.48,0.56,0.5,0.56,0.5,257.0,149.22,17.25,11.26,33.86,5.0,73.54,52.1,15.96,17.27,15.99,16.0,10.0,125.0,68.0,48.0,241.0,44.0,18.0,17.0,4.0,23.0,0.0,67.0,68.0,107.0,175.0,18.0,36.0,2.0,59.0,14.0,63.0,121.0,52.0,20.0,4.71,6.35,6.19,5.0,7.0,6.0,240.79,193.0,192.57,12.0,2.58,2.88,4.58,15.25,15.28,14.42,1200.0,191.0,99.0,223.0,687.0,153.0,208.0,199.0,640.0,2.0,2.0,144004.0,36.0,38.0,19.0,16.0,628.68,62.34,59.06,62.07,58.81,541.0,305.0,291.0,1137.0,59.0,73.0,9.0,614.0,173.0,59.0,19.49,21.58,21.27,16.0,26.0,17.0,1127.89,846.0,840.6,9.89,14.79,14.67,57.56,57.38,55.57,495.44,54.59,52.14,54.68,52.24,436.0,240.0,226.0,902.0,53.0,55.0,8.0,473.0,144.0,59.0,14.79,16.84,22.97,15.0,21.0,17.0,911.49,676.0,681.1,6.86,10.44,10.44,51.01,51.16,50.07,116.14,127.04,2414.0,2430.0,0.0,0.0,0.0,0.0,0.0,0.0,regular
8475184,2025,Chris Kreider,ANA,L,all,49,49740.0,1046.0,34.27,0.56,0.47,0.59,0.49,0.59,0.5,249.0,116.91,17.64,9.82,26.24,4.08,58.43,38.8,17.08,17.61,17.05,7.0,4.0,96.0,59.0,42.0,197.0,30.0,19.0,10.0,4.0,21.0,0.0,53.0,52.0,77.0,136.0,10.0,20.0,13.0,45.0,11.0,44.0,84.0,54.0,17.0,3.07,7.01,7.57,4.0,8.0,7.0,193.96,155.0,153.65,17.0,2.35,1.65,4.9,15.1,15.04,14.86,1046.0,209.0,89.0,180.0,568.0,122.0,148.0,184.0,592.0,13.0,21.0,129252.0,20.0,6.0,3.0,17.0,540.26,55.94,53.47,55.69,53.22,457.0,282.0,288.0,1027.0,63.0,69.0,7.0,538.0,148.0,53.0,16.75,18.31,20.89,22.0,22.0,19.0,1016.32,739.0,733.0,9.23,13.91,13.91,51.27,51.04,49.46,384.67,44.75,43.13,45.13,43.51,350.0,174.0,179.0,703.0,51.0,34.0,3.0,376.0,93.0,55.0,12.03,11.32,21.39,22.0,13.0,16.0,714.45,524.0,531.58,5.6,6.63,6.63,43.72,44.14,43.12,104.96,116.38,2163.0,2220.0,0.0,0.0,0.0,0.0,0.0,0.0,regular
8483445,2025,Cutter Gauthier,ANA,L,all,54,56331.0,1159.0,57.29,0.56,0.47,0.59,0.48,0.58,0.49,238.0,218.3,18.0,13.78,53.19,7.34,119.4,87.3,17.4,17.99,17.4,13.0,11.0,205.0,94.0,93.0,392.0,48.0,24.0,23.0,0.0,36.0,0.0,111.0,105.0,181.0,275.0,9.0,18.0,40.0,44.0,13.0,53.0,232.0,53.0,14.0,6.46,6.5,5.03,6.0,13.0,5.0,388.94,299.0,297.23,13.0,3.06,4.78,2.32,18.74,18.75,18.48,1159.0,184.0,110.0,173.0,692.0,158.0,178.0,201.0,622.0,40.0,49.0,141503.0,18.0,28.0,14.0,16.0,634.08,61.1,58.28,61.01,58.24,553.0,312.0,340.0,1205.0,69.0,74.0,12.0,647.0,160.0,58.0,19.08,19.88,22.14,20.0,26.0,23.0,1199.23,865.0,862.34,9.89,13.92,13.92,57.07,57.02,55.42,459.84,48.99,46.7,49.25,46.96,417.0,205.0,231.0,853.0,52.0,47.0,6.0,421.0,155.0,46.0,13.03,18.75,17.21,21.0,18.0,13.0,865.39,622.0,627.35,6.59,8.73,8.73,46.84,47.13,45.9,113.2,129.95,2273.0,2423.0,0.0,0.0,0.0,0.0,0.0,0.0,regular
8481563,2025,Drew Helleson,ANA,D,all,48,50288.0,1140.0,8.58,0.43,0.51,0.46,0.54,0.46,0.54,207.0,34.79,1.11,1.81,10.17,1.14,20.47,15.32,1.09,1.11,1.09,3.0,6.0,33.0,17.0,57.0,107.0,11.0,2.0,6.0,0.0,4.0,0.0,18.0,20.0,31.0,48.0,10.0,20.0,0.0,54.0,22.0,37.0,49.0,1.0,0.0,0.97,0.13,0.0,2.0,0.0,0.0,106.84,50.0,50.64,26.0,0.37,1.0,0.0,1.47,1.48,1.46,1140.0,110.0,146.0,173.0,711.0,131.0,164.0,144.0,701.0,0.0,0.0,125734.0,20.0,8.0,4.0,68.0,391.06,32.64,31.86,32.56,31.8,346.0,185.0,201.0,732.0,36.0,32.0,2.0,408.0,97.0,26.0,11.97,11.58,9.09,14.0,14.0,8.0,731.68,531.0,532.21,5.16,6.14,5.8,32.0,32.0,31.64,459.46,42.51,39.94,42.5,39.96,420.0,205.0,232.0,857.0,53.0,49.0,4.0,455.0,129.0,41.0,14.8,15.26,12.45,27.0,20.0,6.0,863.16,625.0,627.02,7.05,9.02,9.02,40.54,40.62,39.54,122.46,117.16,2368.0,2046.0,0.0,0.0,0.0,0.0,0.0,0.0,regular
8478366,2025,Frank Vatrano,ANA,R,all,38,28145.0,653.0,7.02,0.46,0.5,0.48,0.53,0.48,0.53,350.0,71.34,7.81,4.58,17.08,2.48,37.34,27.7,7.45,7.72,7.37,1.0,2.0,68.0,29.0,21.0,118.0,6.0,3.0,4.0,0.0,15.0,0.0,38.0,37.0,65.0,94.0,10.0,26.0,5.0,67.0,5.0,15.0,68.0,18.0,11.0,1.87,2.07,3.88,1.0,1.0,1.0,117.34,97.0,96.57,7.0,1.01,0.88,2.66,6.16,6.09,5.96,653.0,80.0,88.0,97.0,388.0,114.0,92.0,83.0,364.0,5.0,8.0,110906.0,26.0,20.0,7.0,24.0,241.16,20.09,19.29,19.88,19.09,229.0,102.0,130.0,461.0,14.0,22.0,2.0,262.0,53.0,16.0,7.34,6.95,5.79,3.0,8.0,3.0,457.32,331.0,329.53,3.6,4.41,4.41,19.28,19.14,18.69,261.83,23.57,22.74,23.71,22.88,222.0,131.0,138.0,491.0,24.0,29.0,4.0,262.0,72.0,19.0,8.53,8.72,6.31,6.0,12.0,6.0,495.81,353.0,356.1,3.81,5.37,5.37,22.0,22.12,21.74,103.38,101.84,2028.0,1805.0,0.0,0.0,0.0,0.0,0.0,0.0,regular
8482178,2025,Ian Moore,ANA,D,all,40,33781.0,803.0,13.33,0.54,0.48,0.53,0.5,0.54,0.5,222.0,52.4,3.2,2.84,15.02,1.76,28.68,21.49,3.07,3.19,3.06,4.0,2.0,39.0,34.0,35.0,108.0,8.0,2.0,2.0,0.0,18.0,0.0,22.0,29.0,37.0,71.0,9.0,18.0,0.0,16.0,13.0,30.0,65.0,5.0,3.0,1.68,0.67,0.85,1.0,1.0,0.0,107.35,73.0,73.38,17.0,0.59,0.31,0.71,3.08,3.09,3.03,803.0,83.0,90.0,104.0,526.0,106.0,117.0,84.0,496.0,0.0,0.0,112470.0,18.0,6.0,3.0,60.0,299.62,25.0,24.17,24.62,23.82,253.0,160.0,156.0,569.0,21.0,30.0,2.0,321.0,70.0,22.0,9.52,8.92,6.55,10.0,7.0,4.0,560.89,413.0,408.41,4.07,5.85,5.85,23.21,23.01,22.68,251.79,21.64,20.72,21.86,20.9,205.0,141.0,168.0,514.0,23.0,19.0,2.0,265.0,65.0,16.0,8.53,7.59,5.52,15.0,6.0,2.0,523.32,346.0,350.15,3.52,4.41,4.41,20.75,20.97,20.37,101.1,109.91,1928.0,1916.0,0.0,0.0,0.0,0.0,0.0,0.0,regular
8481605,2025,Jackson LaCombe,ANA,D,all,55,80927.0,1525.0,39.72,0.51,0.49,0.54,0.5,0.54,0.5,82.0,112.24,7.21,7.94,29.83,4.01,66.52,44.49,6.64,7.24,6.66,16.0,13.0,109.0,51.0,86.0,246.0,35.0,6.0,17.0,1.0,23.0,0.0,47.0,67.0,103.0,154.0,5.0,10.0,0.0,48.0,31.0,76.0,143.0,12.0,5.0,3.88,1.59,1.74,3.0,2.0,1.0,244.84,160.0,159.18,52.0,1.81,2.84,2.33,6.69,6.71,6.53,1525.0,232.0,288.0,263.0,742.0,127.0,139.0,270.0,989.0,0.0,0.0,120507.0,10.0,16.0,8.0,94.0,796.8,82.58,78.72,82.38,78.53,729.0,360.0,394.0,1483.0,79.0,96.0,11.0,785.0,220.0,84.0,23.33,27.91,31.33,19.0,29.0,31.0,1474.19,1089.0,1084.15,13.5,18.72,18.78,77.3,77.19,74.91,693.71,80.82,77.19,80.84,77.25,621.0,322.0,327.0,1270.0,89.0,72.0,7.0,647.0,208.0,88.0,20.29,24.61,35.91,31.0,29.0,29.0,1274.95,943.0,945.44,11.46,16.09,16.09,76.18,76.2,74.32,95.9,100.82,2068.0,2062.0,0.0,0.0,0.0,0.0,0.0,0.0,regular
8476885,2025,Jacob Trouba,ANA,D,all,54,73331.0,1530.0,31.72,0.44,0.53,0.47,0.54,0.48,0.54,118.0,108.16,5.11,6.17,31.87,3.85,63.84,46.15,4.86,5.1,4.84,8.0,8.0,109.0,48.0,71.0,228.0,24.0,8.0,11.0,1.0,29.0,0.0,57.0,52.0,101.0,149.0,8.0,17.0,0.0,100.0,17.0,59.0,146.0,7.0,4.0,2.92,0.82,1.36,4.0,2.0,2.0,226.04,157.0,155.09,44.0,1.3,2.16,0.63,5.78,5.75,5.48,1530.0,138.0,291.0,250.0,851.0,151.0,161.0,234.0,984.0,0.0,0.0,124503.0,17.0,17.0,7.0,108.0,655.31,58.77,56.08,58.81,56.13,587.0,311.0,321.0,1219.0,55.0,79.0,9.0,685.0,155.0,58.0,20.02,19.77,18.98,19.0,20.0,16.0,1211.78,898.0,893.07,9.24,14.28,14.28,53.73,53.76,52.54,736.04,75.04,71.36,75.25,71.57,663.0,329.0,384.0,1376.0,75.0,78.0,5.0,705.0,208.0,79.0,21.14,25.21,28.69,19.0,30.0,26.0,1380.97,992.0,996.25,12.32,15.07,15.07,72.29,72.44,70.47,117.18,102.58,2256.0,1902.0,0.0,0.0,0.0,0.0,0.0,0.0,regular
8478424,2025,Jansen Harkins,ANA,C,all,30,18186.0,440.0,2.58,0.46,0.5,0.47,0.51,0.47,0.51,309.0,24.97,2.55,1.95,5.66,0.83,13.88,9.2,2.4,2.49,2.35,0.0,0.0,20.0,15.0,12.0,47.0,3.0,3.0,3.0,1.0,3.0,1.0,15.0,10.0,17.0,32.0,5.0,13.0,88.0,86.0,4.0,18.0,22.0,11.0,2.0,0.62,1.34,0.59,0.0,2.0,1.0,46.45,35.0,34.54,6.0,0.41,0.43,0.96,2.0,1.98,1.9,440.0,47.0,42.0,62.0,289.0,62.0,75.0,48.0,255.0,88.0,90.0,91912.0,13.0,21.0,10.0,18.0,127.89,10.17,9.73,10.04,9.6,107.0,72.0,72.0,251.0,5.0,12.0,1.0,140.0,31.0,8.0,3.99,3.57,2.61,1.0,2.0,2.0,248.88,179.0,176.97,1.83,2.32,2.39,9.61,9.49,9.2,144.99,12.02,11.63,12.06,11.66,135.0,63.0,84.0,282.0,10.0,12.0,0.0,150.0,35.0,13.0,4.47,3.99,3.56,3.0,5.0,2.0,282.02,198.0,197.43,1.94,2.08,2.08,11.87,11.86,11.53,85.18,86.03,1622.0,1569.0,0.0,0.0,0.0,0.0,0.0,0.0,regular
8479705,2025,Jeffrey Viel,ANA,L,all,18,12038.0,284.0,6.63,0.59,0.49,0.56,0.49,0.59,0.49,168.0,31.23,3.18,2.38,7.57,1.09,15.99,11.79,3.01,3.17,2.99,1.0,0.0,25.0,17.0,13.0,55.0,3.0,2.0,2.0,1.0,4.0,0.0,20.0,14.0,23.0,40.0,9.0,27.0,1.0,54.0,3.0,5.0,31.0,7.0,4.0,1.18,0.91,1.1,1.0,0.0,1.0,55.13,42.0,42.29,1.0,0.5,0.43,1.13,2.55,2.54,2.46,284.0,29.0,35.0,54.0,166.0,46.0,34.0,45.0,159.0,1.0,1.0,54078.0,27.0,23.0,7.0,9.0,132.68,10.79,10.21,10.82,10.25,101.0,78.0,66.0,245.0,8.0,15.0,1.0,140.0,30.0,9.0,3.69,3.9,3.2,4.0,2.0,2.0,249.16,179.0,181.76,1.76,2.14,2.14,10.41,10.51,10.18,88.9,7.47,7.24,7.47,7.24,77.0,45.0,70.0,192.0,9.0,11.0,1.0,93.0,23.0,6.0,2.8,2.96,1.71,6.0,2.0,1.0,191.05,122.0,121.12,1.28,1.86,1.86,6.89,6.86,6.74,51.92,54.45,880.0,915.0,0.0,0.0,0.0,0.0,0.0,0.0,regular
8484153,2025,Leo Carlsson,ANA,C,all,44,51412.0,1024.0,44.29,0.52,0.47,0.59,0.49,0.57,0.49,119.0,121.33,12.32,8.65,27.9,4.01,65.68,45.45,11.86,12.33,11.88,15.0,11.0,107.0,57.0,54.0,218.0,44.0,18.0,17.0,2.0,20.0,1.0,54.0,54.0,89.0,146.0,8.0,19.0,315.0,8.0,19.0,52.0,116.0,34.0,14.0,4.1,4.16,4.05,9.0,5.0,4.0,215.73,164.0,162.86,14.0,1.96,2.97,3.88,10.39,10.34,10.13,1024.0,175.0,130.0,191.0,528.0,129.0,132.0,172.0,591.0,315.0,378.0,109406.0,19.0,22.0,11.0,15.0,566.3,56.25,53.76,56.2,53.71,496.0,278.0,296.0,1070.0,63.0,73.0,8.0,568.0,152.0,54.0,17.18,18.98,20.1,22.0,23.0,18.0,1059.55,774.0,768.26,9.73,14.86,14.86,51.12,51.01,49.77,421.79,51.15,48.82,51.4,49.05,361.0,212.0,182.0,755.0,56.0,42.0,2.0,385.0,125.0,63.0,12.13,15.15,23.86,15.0,24.0,17.0,765.26,573.0,578.32,6.64,8.55,8.55,49.23,49.47,48.21,84.72,96.7,1809.0,1915.0,0.0,0.0,0.0,0.0,0.0,0.0,regular
8482745,2025,Mason McTavish,ANA,C,all,50,49056.0,1017.0,31.74,0.55,0.48,0.56,0.5,0.56,0.5,270.0,138.24,17.42,9.88,31.67,4.64,70.54,48.86,16.51,17.13,16.25,11.0,6.0,106.0,77.0,47.0,230.0,30.0,13.0,17.0,1.0,24.0,1.0,54.0,74.0,93.0,170.0,17.0,36.0,317.0,55.0,11.0,37.0,116.0,53.0,14.0,4.07,6.89,6.46,4.0,5.0,4.0,227.55,183.0,180.64,9.0,2.25,3.85,3.91,15.75,15.6,15.16,1017.0,180.0,78.0,165.0,594.0,133.0,164.0,163.0,557.0,317.0,318.0,133904.0,36.0,24.0,12.0,27.0,533.5,51.82,49.18,51.38,48.78,447.0,276.0,275.0,998.0,47.0,58.0,5.0,534.0,142.0,47.0,17.18,17.79,16.85,18.0,15.0,14.0,987.23,723.0,716.36,8.44,11.78,11.78,48.48,48.15,46.75,425.72,42.68,41.04,43.02,41.39,378.0,197.0,202.0,777.0,49.0,47.0,7.0,400.0,137.0,38.0,12.92,16.39,13.37,21.0,18.0,10.0,790.22,575.0,583.29,5.97,8.14,8.14,40.51,40.9,40.19,110.33,121.85,2250.0,2234.0,0.0,0.0,0.0,0.0,0.0,0.0,regular
8475798,2025,Mikael Granlund,ANA,C,all,37,42020.0,850.0,22.89,0.52,0.49,0.53,0.51,0.54,0.51,111.0,85.66,10.18,6.53,19.11,3.05,45.85,31.27,9.71,10.1,9.65,7.0,7.0,77.0,39.0,31.0,147.0,26.0,12.0,7.0,1.0,9.0,0.0,47.0,41.0,65.0,104.0,6.0,12.0,238.0,23.0,13.0,33.0,81.0,24.0,11.0,2.68,2.87,4.62,3.0,3.0,6.0,145.43,116.0,115.5,9.0,1.56,0.92,1.88,9.85,9.85,9.62,850.0,146.0,135.0,136.0,433.0,96.0,119.0,149.0,486.0,238.0,266.0,93399.0,12.0,20.0,10.0,26.0,457.27,47.78,44.85,47.66,44.75,426.0,196.0,187.0,809.0,42.0,58.0,5.0,442.0,133.0,47.0,12.74,16.52,18.52,7.0,20.0,15.0,801.63,622.0,618.28,8.21,11.59,11.59,44.4,44.37,42.7,378.83,44.07,42.16,44.06,42.15,354.0,166.0,191.0,711.0,49.0,34.0,6.0,373.0,106.0,41.0,11.71,12.72,19.64,20.0,14.0,15.0,717.45,520.0,522.34,5.87,7.29,7.29,42.65,42.61,41.55,76.15,79.17,1601.0,1528.0,0.0,0.0,0.0,0.0,0.0,0.0,regular
8481754,2025,Nikita Nesterenko,ANA,C,all,29,21327.0,510.0,8.02,0.48,0.51,0.47,0.54,0.49,0.53,258.0,35.66,3.47,2.2,8.24,1.22,17.38,14.48,3.33,3.43,3.29,6.0,2.0,31.0,16.0,22.0,69.0,9.0,1.0,1.0,1.0,5.0,0.0,21.0,19.0,30.0,46.0,3.0,8.0,11.0,53.0,1.0,14.0,30.0,12.0,5.0,0.76,1.44,1.27,0.0,1.0,0.0,68.29,47.0,46.2,5.0,0.48,0.2,0.8,3.15,3.1,3.03,510.0,46.0,75.0,91.0,298.0,66.0,65.0,65.0,314.0,11.0,17.0,84501.0,8.0,8.0,4.0,8.0,169.01,15.03,14.52,14.91,14.41,141.0,90.0,86.0,317.0,12.0,18.0,2.0,175.0,40.0,16.0,4.65,5.16,5.22,2.0,6.0,4.0,314.85,231.0,229.0,2.26,2.94,2.94,14.35,14.25,13.96,181.01,16.25,15.54,16.37,15.65,166.0,79.0,118.0,363.0,17.0,11.0,0.0,183.0,51.0,11.0,5.55,6.25,4.46,8.0,3.0,6.0,365.32,245.0,247.06,2.68,2.0,2.0,16.93,17.02,16.52,79.97,77.44,1611.0,1369.0,0.0,0.0,0.0,0.0,0.0,0.0,regular
8482803,2025,Olen Zellweger,ANA,D,all,54,57196.0,1205.0,29.4,0.52,0.49,0.55,0.5,0.55,0.5,219.0,104.75,7.17,6.54,27.84,3.58,59.46,43.4,6.88,7.16,6.87,7.0,5.0,90.0,58.0,84.0,232.0,18.0,6.0,14.0,0.0,26.0,0.0,56.0,46.0,84.0,142.0,13.0,24.0,0.0,25.0,15.0,42.0,129.0,13.0,6.0,3.35,1.38,2.44,3.0,2.0,1.0,230.6,148.0,148.09,27.0,1.39,2.89,1.57,7.0,7.0,6.89,1205.0,111.0,87.0,163.0,844.0,170.0,216.0,142.0,677.0,0.0,0.0,140638.0,24.0,26.0,13.0,57.0,580.8,48.01,45.67,47.95,45.65,485.0,304.0,294.0,1083.0,53.0,69.0,7.0,613.0,138.0,38.0,18.29,17.67,12.05,22.0,24.0,7.0,1075.42,789.0,785.41,8.24,13.25,13.22,43.03,43.04,42.05,480.23,43.53,42.09,43.59,42.16,438.0,212.0,251.0,901.0,46.0,45.0,5.0,476.0,137.0,37.0,14.34,16.95,12.24,14.0,20.0,12.0,907.04,650.0,654.08,6.69,7.9,8.05,42.17,42.21,41.6,127.19,133.22,2404.0,2385.0,0.0,0.0,0.0,0.0,0.0,0.0,regular
8483490,2025,Pavel Mintyukov,ANA,D,all,50,53836.0,1207.0,16.6,0.46,0.51,0.47,0.54,0.47,0.54,207.0,62.43,4.37,3.73,16.95,2.13,35.38,25.43,4.18,4.3,4.12,3.0,6.0,50.0,38.0,49.0,137.0,15.0,6.0,8.0,0.0,14.0,0.0,31.0,29.0,44.0,82.0,2.0,4.0,0.0,25.0,12.0,42.0,77.0,7.0,4.0,2.01,0.68,1.69,2.0,3.0,1.0,135.93,88.0,87.23,26.0,0.77,1.97,0.89,4.25,4.21,4.07,1207.0,105.0,157.0,172.0,773.0,159.0,168.0,143.0,737.0,0.0,0.0,129488.0,4.0,16.0,8.0,74.0,455.94,42.22,40.73,41.93,40.47,381.0,243.0,223.0,847.0,37.0,50.0,4.0,470.0,114.0,40.0,14.73,14.01,13.48,12.0,17.0,8.0,843.42,624.0,621.2,6.51,9.95,9.92,38.81,38.61,37.93,513.16,48.83,46.28,49.15,46.57,440.0,253.0,272.0,965.0,47.0,55.0,5.0,510.0,130.0,53.0,16.51,15.31,17.02,18.0,15.0,14.0,976.57,693.0,698.94,8.16,10.13,10.13,46.87,47.18,45.72,122.2,115.77,2400.0,2059.0,0.0,0.0,0.0,0.0,0.0,0.0,regular
8475462,2025,Radko Gudas,ANA,D,all,42,42473.0,920.0,15.1,0.49,0.5,0.49,0.53,0.49,0.53,191.0,52.56,1.45,2.79,15.0,1.88,31.74,25.15,1.41,1.42,1.39,4.0,5.0,48.0,30.0,51.0,129.0,10.0,1.0,6.0,0.0,12.0,0.0,26.0,33.0,47.0,77.0,12.0,28.0,0.0,145.0,8.0,35.0,78.0,0.0,0.0,1.45,0.0,0.0,1.0,0.0,0.0,125.96,78.0,76.76,26.0,0.56,1.43,0.26,1.75,1.72,1.69,920.0,62.0,82.0,139.0,637.0,141.0,158.0,122.0,499.0,0.0,0.0,111426.0,28.0,16.0,5.0,71.0,387.33,34.37,32.84,34.11,32.59,319.0,213.0,209.0,741.0,30.0,50.0,4.0,407.0,93.0,32.0,12.38,11.7,10.29,11.0,13.0,6.0,728.28,532.0,526.33,5.28,9.25,9.58,30.07,29.82,29.3,395.86,36.34,35.0,36.67,35.31,350.0,194.0,218.0,762.0,42.0,37.0,7.0,407.0,106.0,31.0,13.33,12.32,10.69,16.0,17.0,9.0,776.26,544.0,550.72,5.98,6.82,6.82,35.51,35.81,35.21,102.92,103.13,2001.0,1781.0,0.0,0.0,0.0,0.0,0.0,0.0,regular
8477527,2025,Ross Johnston,ANA,L,all,53,30791.0,718.0,6.07,0.46,0.49,0.47,0.52,0.47,0.52,587.0,34.12,3.72,2.59,8.54,1.32,18.43,13.39,3.66,3.74,3.67,6.0,4.0,27.0,21.0,13.0,61.0,12.0,2.0,5.0,1.0,12.0,0.0,12.0,17.0,25.0,46.0,17.0,58.0,5.0,162.0,4.0,30.0,30.0,16.0,2.0,1.08,2.06,0.58,1.0,1.0,0.0,61.35,48.0,48.53,6.0,0.56,0.69,1.1,3.18,3.19,3.15,718.0,81.0,94.0,112.0,431.0,104.0,94.0,90.0,430.0,5.0,6.0,163265.0,58.0,39.0,9.0,14.0,211.02,17.23,16.84,17.17,16.79,176.0,122.0,136.0,434.0,20.0,27.0,5.0,231.0,52.0,15.0,6.45,6.61,4.17,4.0,10.0,6.0,432.35,298.0,296.69,2.97,4.8,4.8,15.4,15.42,15.25,249.0,20.21,19.5,20.31,19.59,228.0,110.0,150.0,488.0,25.0,22.0,3.0,262.0,55.0,21.0,8.07,6.35,5.78,10.0,11.0,4.0,490.29,338.0,339.21,3.39,4.49,4.49,19.11,19.12,18.65,151.74,157.35,2965.0,2748.0,0.0,0.0,0.0,0.0,0.0,0.0,regular
8480068,2025,Ryan Poehling,ANA,C,all,48,41047.0,966.0,22.34,0.4,0.52,0.44,0.54,0.45,0.53,353.0,61.2,6.38,4.22,13.64,2.14,29.72,25.9,6.21,6.47,6.3,14.0,2.0,50.0,32.0,22.0,104.0,21.0,5.0,7.0,1.0,10.0,0.0,20.0,40.0,45.0,77.0,4.0,8.0,282.0,23.0,10.0,32.0,58.0,17.0,7.0,1.93,2.31,2.14,1.0,2.0,2.0,104.7,82.0,82.27,10.0,0.91,1.58,1.46,5.83,5.94,5.9,966.0,83.0,221.0,142.0,520.0,134.0,110.0,124.0,598.0,282.0,318.0,134840.0,8.0,16.0,8.0,56.0,319.8,26.86,25.9,26.9,25.95,271.0,165.0,174.0,610.0,32.0,30.0,5.0,330.0,79.0,27.0,9.17,10.33,7.36,7.0,17.0,8.0,610.45,436.0,437.52,4.47,4.84,5.07,26.25,26.38,26.06,397.29,40.16,37.89,40.17,37.9,357.0,180.0,239.0,776.0,38.0,45.0,4.0,389.0,102.0,46.0,12.06,12.3,15.8,13.0,11.0,14.0,780.3,537.0,538.47,6.9,9.83,9.83,37.23,37.23,36.03,130.13,118.7,2478.0,2137.0,0.0,0.0,0.0,0.0,0.0,0.0,regular
8476458,2025,Ryan Strome,ANA,C,all,32,23185.0,530.0,10.51,0.61,0.49,0.58,0.51,0.58,0.52,296.0,44.86,5.16,3.56,10.69,1.74,23.29,16.62,5.02,5.11,4.97,2.0,3.0,35.0,27.0,20.0,82.0,8.0,3.0,9.0,0.0,6.0,1.0,19.0,24.0,32.0,59.0,11.0,27.0,91.0,16.0,5.0,19.0,44.0,13.0,5.0,1.74,1.91,1.51,2.0,1.0,0.0,80.73,62.0,61.53,6.0,0.8,1.98,1.44,4.46,4.4,4.38,530.0,80.0,48.0,89.0,313.0,92.0,78.0,79.0,281.0,91.0,103.0,94490.0,27.0,17.0,8.0,7.0,228.25,21.48,20.72,21.33,20.57,196.0,121.0,127.0,444.0,17.0,30.0,1.0,244.0,53.0,20.0,8.07,6.57,6.84,8.0,7.0,2.0,439.23,317.0,315.19,3.51,5.5,5.5,19.42,19.27,18.97,170.52,13.95,13.72,14.09,13.87,145.0,87.0,88.0,320.0,21.0,10.0,1.0,183.0,40.0,9.0,6.13,4.73,3.09,9.0,9.0,3.0,327.35,232.0,235.29,2.19,1.52,1.52,14.61,14.76,14.6,85.2,89.92,1645.0,1576.0,0.0,0.0,0.0,0.0,0.0,0.0,regular
8482118,2025,Sam Colangelo,ANA,R,all,9,5496.0,136.0,-0.52,0.34,0.47,0.45,0.51,0.39,0.51,90.0,7.55,0.54,0.38,2.05,0.25,3.93,2.85,0.53,0.57,0.56,0.0,0.0,7.0,3.0,7.0,17.0,1.0,1.0,1.0,0.0,1.0,0.0,4.0,3.0,6.0,9.0,2.0,4.0,1.0,11.0,1.0,8.0,7.0,3.0,0.0,0.14,0.4,0.0,0.0,1.0,0.0,17.86,10.0,10.31,3.0,0.08,0.15,0.09,0.54,0.57,0.57,136.0,19.0,13.0,14.0,90.0,24.0,22.0,15.0,75.0,1.0,1.0,27682.0,4.0,0.0,0.0,1.0,35.68,2.45,2.41,2.53,2.49,29.0,20.0,30.0,79.0,2.0,6.0,1.0,39.0,10.0,0.0,1.01,1.44,0.0,0.0,2.0,0.0,80.88,49.0,49.87,0.5,0.8,0.8,2.15,2.22,2.2,56.71,4.8,4.59,4.7,4.49,54.0,22.0,20.0,96.0,5.0,6.0,2.0,61.0,11.0,4.0,1.9,1.29,1.62,1.0,4.0,0.0,93.81,76.0,74.66,0.72,1.26,1.26,4.26,4.16,4.09,24.39,27.29,499.0,487.0,0.0,0.0,0.0,0.0,0.0,0.0,regular
8485512,2025,Tim Washe,ANA,C,all,12,8529.0,221.0,-0.11,0.35,0.51,0.36,0.51,0.38,0.52,108.0,10.7,0.85,0.71,2.97,0.4,5.57,4.51,0.84,0.87,0.86,0.0,0.0,7.0,8.0,4.0,19.0,1.0,1.0,2.0,1.0,2.0,0.0,5.0,5.0,6.0,14.0,0.0,0.0,67.0,32.0,4.0,4.0,11.0,4.0,0.0,0.36,0.49,0.0,0.0,1.0,0.0,19.09,15.0,15.12,2.0,0.15,0.35,0.36,0.64,0.65,0.65,221.0,16.0,45.0,27.0,133.0,16.0,37.0,24.0,144.0,67.0,50.0,35687.0,0.0,0.0,0.0,11.0,44.02,3.1,3.0,3.15,3.04,29.0,33.0,24.0,86.0,1.0,6.0,1.0,50.0,10.0,2.0,1.28,1.23,0.59,0.0,1.0,0.0,86.39,62.0,62.71,0.59,0.91,0.91,2.78,2.83,2.8,74.82,5.68,5.56,5.56,5.44,66.0,36.0,54.0,156.0,5.0,2.0,0.0,81.0,16.0,5.0,2.34,1.81,1.53,1.0,2.0,2.0,153.19,102.0,100.4,1.15,0.42,0.42,6.41,6.28,6.14,35.03,33.67,623.0,588.0,0.0,0.0,0.0,0.0,0.0,0.0,regular
8478873,2025,Troy Terry,ANA,R,all,44,48869.0,991.0,42.8,0.54,0.47,0.58,0.49,0.58,0.49,168.0,124.96,13.09,9.15,28.6,4.2,62.92,48.04,12.73,13.06,12.7,20.0,11.0,104.0,62.0,49.0,215.0,44.0,13.0,17.0,2.0,17.0,0.0,63.0,56.0,91.0,153.0,6.0,12.0,4.0,0.0,16.0,36.0,111.0,42.0,13.0,4.16,5.21,3.72,2.0,6.0,5.0,214.51,166.0,165.44,9.0,2.13,3.81,2.5,12.72,12.72,12.53,991.0,180.0,134.0,180.0,497.0,119.0,119.0,175.0,578.0,4.0,4.0,111949.0,12.0,14.0,7.0,13.0,533.9,53.33,51.17,53.05,50.91,468.0,262.0,258.0,988.0,66.0,63.0,7.0,536.0,140.0,54.0,16.74,17.39,19.21,23.0,22.0,21.0,981.74,730.0,725.27,9.1,12.47,12.58,49.85,49.66,48.61,392.19,44.7,42.53,45.07,42.86,351.0,179.0,172.0,702.0,52.0,40.0,4.0,377.0,99.0,54.0,11.54,12.13,21.02,20.0,19.0,13.0,713.14,530.0,537.06,6.03,8.28,8.28,42.44,42.79,41.77,89.57,100.48,1904.0,1948.0,0.0,0.0,0.0,0.0,0.0,0.0,regular
8482634,2025,Alex Steeves,BOS,C,all,37,26863.0,603.0,14.29,0.59,0.44,0.51,0.47,0.53,0.47,356.0,54.31,6.14,3.67,12.97,1.88,28.2,20.14,5.91,6.24,6.0,2.0,4.0,46.0,27.0,22.0,95.0,15.0,9.0,2.0,0.0,6.0,0.0,32.0,24.0,37.0,64.0,7.0,22.0,3.0,123.0,9.0,18.0,44.0,23.0,6.0,1.49,2.83,1.82,1.0,7.0,1.0,95.88,73.0,73.17,6.0,0.8,0.07,1.64,5.3,5.34,5.26,603.0,72.0,73.0,108.0,350.0,85.0,107.0,85.0,326.0,3.0,4.0,107711.0,22.0,22.0,7.0,26.0,235.56,24.52,23.53,24.76,23.77,219.0,98.0,122.0,439.0,26.0,30.0,3.0,228.0,60.0,29.0,6.84,7.59,10.09,6.0,12.0,8.0,445.3,317.0,319.8,3.55,4.29,4.99,23.07,23.27,22.65,207.38,17.2,16.55,17.15,16.49,192.0,91.0,142.0,425.0,19.0,15.0,3.0,216.0,50.0,17.0,5.92,6.15,5.13,11.0,4.0,4.0,420.85,283.0,280.82,3.08,3.66,3.66,16.63,16.54,16.31,87.61,111.96,1693.0,1881.0,0.0,0.0,0.0,0.0,0.0,0.0,regular
8479369,2025,Andrew Peeke,BOS,D,all,55,64774.0,1361.0,10.98,0.37,0.5,0.42,0.51,0.42,0.51,192.0,66.0,2.8,3.29,19.97,2.42,38.42,28.11,2.74,2.81,2.75,3.0,4.0,59.0,36.0,56.0,151.0,11.0,4.0,13.0,0.0,17.0,0.0,27.0,34.0,55.0,91.0,10.0,20.0,0.0,66.0,9.0,46.0,93.0,1.0,1.0,1.85,0.09,0.86,3.0,0.0,1.0,150.54,95.0,95.27,38.0,0.67,1.82,0.23,3.24,3.25,3.19,1361.0,71.0,210.0,191.0,889.0,150.0,227.0,194.0,790.0,0.0,0.0,135768.0,20.0,12.0,6.0,98.0,461.55,38.0,36.74,37.94,36.71,399.0,232.0,269.0,900.0,34.0,53.0,3.0,501.0,98.0,32.0,14.26,12.46,11.28,20.0,9.0,5.0,902.25,631.0,632.31,5.89,7.97,7.97,35.92,36.02,35.43,650.35,64.95,61.22,64.95,61.25,596.0,280.0,346.0,1222.0,67.0,70.0,7.0,618.0,183.0,75.0,17.59,23.2,24.15,19.0,29.0,19.0,1219.86,876.0,876.85,10.7,14.32,14.32,61.33,61.42,59.44,123.6,122.98,2282.0,2213.0,0.0,0.0,0.0,0.0,0.0,0.0,regular
8479999,2025,Casey Mittelstadt,BOS,C,all,46,41309.0,839.0,24.64,0.52,0.45,0.54,0.46,0.55,0.46,291.0,64.92,7.05,4.88,15.23,2.31,33.21,23.32,6.78,7.06,6.79,8.0,8.0,52.0,34.0,13.0,99.0,27.0,11.0,4.0,4.0,9.0,0.0,30.0,32.0,41.0,75.0,2.0,4.0,82.0,12.0,7.0,53.0,53.0,27.0,6.0,1.93,3.26,1.86,4.0,5.0,2.0,99.42,86.0,86.77,12.0,1.06,0.98,1.67,6.45,6.45,6.27,839.0,105.0,114.0,140.0,480.0,118.0,133.0,128.0,460.0,82.0,73.0,126686.0,4.0,16.0,8.0,15.0,381.79,36.12,33.91,35.94,33.75,336.0,186.0,171.0,693.0,42.0,46.0,9.0,390.0,95.0,37.0,11.95,11.91,12.26,22.0,11.0,9.0,692.41,522.0,521.46,5.85,9.2,9.2,32.77,32.59,31.25,320.17,32.92,31.4,33.33,31.8,288.0,146.0,165.0,599.0,32.0,38.0,2.0,307.0,91.0,36.0,9.16,11.43,12.33,14.0,9.0,9.0,604.9,434.0,439.64,4.54,8.48,8.48,28.99,29.36,28.58,100.11,120.27,1935.0,2228.0,0.0,0.0,0.0,0.0,0.0,0.0,regular
8479325,2025,Charlie McAvoy,BOS,D,all,44,63930.0,1224.0,32.0,0.47,0.46,0.49,0.48,0.49,0.48,61.0,84.33,6.01,5.41,21.95,2.77,48.5,33.37,5.88,5.98,5.84,20.0,14.0,66.0,52.0,51.0,169.0,38.0,4.0,10.0,0.0,20.0,0.0,52.0,32.0,62.0,114.0,23.0,44.0,0.0,55.0,23.0,53.0,98.0,15.0,5.0,2.5,1.77,1.74,3.0,1.0,0.0,169.46,118.0,117.58,36.0,1.23,2.33,0.64,6.6,6.57,6.42,1224.0,173.0,234.0,211.0,606.0,69.0,158.0,200.0,797.0,0.0,0.0,96565.0,44.0,18.0,9.0,83.0,582.91,62.0,58.68,62.13,58.8,505.0,287.0,280.0,1072.0,78.0,66.0,11.0,561.0,160.0,71.0,16.65,19.75,25.59,27.0,25.0,26.0,1075.66,792.0,792.81,9.83,15.04,15.04,56.79,56.89,54.91,609.3,69.25,64.42,69.45,64.66,536.0,277.0,288.0,1101.0,63.0,86.0,8.0,562.0,168.0,83.0,16.64,21.51,31.09,23.0,19.0,21.0,1101.43,813.0,814.0,10.72,19.28,19.28,60.67,60.92,58.05,68.83,80.27,1455.0,1586.0,0.0,0.0,0.0,0.0,0.0,0.0,regular
8477956,2025,David Pastrnak,BOS,R,all,51,61858.0,1072.0,64.94,0.56,0.41,0.57,0.44,0.56,0.44,71.0,194.3,20.6,13.01,44.2,6.45,106.04,74.7,19.71,20.83,19.93,38.0,10.0,181.0,84.0,130.0,395.0,70.0,22.0,21.0,2.0,28.0,0.0,95.0,99.0,159.0,243.0,15.0,30.0,1.0,60.0,19.0,89.0,204.0,42.0,19.0,6.52,5.31,8.78,11.0,5.0,6.0,397.77,265.0,267.18,13.0,3.02,4.92,3.15,20.48,20.68,19.94,1072.0,234.0,95.0,170.0,573.0,108.0,177.0,212.0,575.0,1.0,4.0,123984.0,30.0,36.0,18.0,19.0,617.32,67.76,64.01,68.15,64.39,532.0,314.0,331.0,1177.0,89.0,52.0,11.0,610.0,165.0,71.0,18.83,20.48,28.45,29.0,29.0,31.0,1184.75,846.0,850.49,10.76,11.96,12.7,65.82,66.22,63.43,482.11,53.27,49.89,53.26,49.91,433.0,220.0,231.0,884.0,51.0,55.0,5.0,455.0,133.0,65.0,13.73,16.55,23.0,20.0,18.0,13.0,882.38,653.0,653.19,6.85,12.32,12.32,47.8,47.89,46.16,83.04,121.09,1784.0,2281.0,0.0,0.0,0.0,0.0,0.0,0.0,regular
8477496,2025,Elias Lindholm,BOS,C,all,44,46173.0,916.0,27.83,0.53,0.43,0.52,0.47,0.52,0.47,170.0,87.51,10.43,6.98,20.07,3.34,48.5,30.68,9.67,10.47,9.71,11.0,15.0,70.0,50.0,39.0,159.0,37.0,11.0,11.0,0.0,11.0,0.0,42.0,45.0,59.0,109.0,12.0,24.0,396.0,30.0,11.0,32.0,75.0,33.0,12.0,2.39,3.96,4.08,2.0,5.0,4.0,158.9,120.0,120.23,6.0,1.7,2.39,2.78,9.35,9.38,9.03,916.0,209.0,142.0,135.0,430.0,70.0,145.0,155.0,546.0,396.0,333.0,113728.0,24.0,8.0,4.0,42.0,423.83,47.81,45.14,47.79,45.12,358.0,224.0,227.0,809.0,60.0,48.0,5.0,406.0,124.0,52.0,12.24,15.34,20.23,18.0,22.0,20.0,809.03,582.0,582.45,7.39,8.92,8.92,46.28,46.27,44.54,398.93,42.65,40.4,43.09,40.81,346.0,196.0,200.0,742.0,39.0,45.0,4.0,384.0,110.0,48.0,11.52,13.8,17.33,15.0,13.0,11.0,748.49,542.0,547.3,6.23,9.88,9.62,39.25,39.6,38.27,80.12,104.97,1707.0,1955.0,0.0,0.0,0.0,0.0,0.0,0.0,regular
8483489,2025,Fraser Minten,BOS,C,all,56,49676.0,1102.0,29.45,0.47,0.46,0.48,0.48,0.48,0.48,351.0,82.96,10.59,5.55,18.27,2.7,40.75,32.14,10.16,10.62,10.19,10.0,5.0,74.0,36.0,38.0,148.0,29.0,14.0,7.0,2.0,10.0,0.0,40.0,39.0,60.0,96.0,7.0,14.0,256.0,98.0,20.0,25.0,74.0,19.0,17.0,2.74,2.41,5.44,5.0,4.0,5.0,148.55,110.0,110.16,3.0,1.22,1.37,2.94,8.87,8.94,8.78,1102.0,117.0,102.0,185.0,698.0,140.0,206.0,150.0,606.0,256.0,276.0,154466.0,14.0,16.0,8.0,35.0,411.07,38.76,37.15,38.96,37.35,363.0,188.0,203.0,754.0,47.0,44.0,6.0,406.0,98.0,47.0,12.16,12.15,14.45,21.0,14.0,12.0,757.65,551.0,553.11,5.89,8.14,8.14,36.51,36.73,35.96,447.06,43.85,41.15,43.63,40.98,404.0,197.0,228.0,829.0,36.0,60.0,5.0,431.0,118.0,52.0,12.06,15.03,16.76,9.0,13.0,14.0,824.59,601.0,597.93,7.13,11.88,11.88,39.09,38.96,37.86,126.56,147.05,2476.0,2663.0,0.0,0.0,0.0,0.0,0.0,0.0,regular
8483567,2025,Georgii Merkulov,BOS,C,all,1,635.0,14.0,-0.35,0.56,0.35,0.41,0.49,0.39,0.42,12.0,0.79,0.01,0.03,0.3,0.03,0.3,0.33,0.01,0.01,0.01,0.0,0.0,0.0,1.0,0.0,1.0,0.0,0.0,0.0,0.0,0.0,0.0,0.0,1.0,0.0,1.0,0.0,0.0,0.0,0.0,0.0,0.0,1.0,0.0,0.0,0.01,0.0,0.0,0.0,0.0,0.0,0.92,1.0,0.92,0.0,0.01,0.0,0.0,0.02,0.02,0.02,14.0,2.0,0.0,2.0,10.0,2.0,4.0,1.0,7.0,0.0,0.0,2965.0,0.0,0.0,0.0,0.0,5.4,0.6,0.55,0.54,0.49,3.0,4.0,2.0,9.0,0.0,1.0,0.0,5.0,1.0,1.0,0.18,0.11,0.31,0.0,0.0,0.0,7.81,7.0,6.21,0.07,0.31,0.31,0.36,0.32,0.3,7.76,0.48,0.47,0.53,0.52,7.0,4.0,2.0,13.0,1.0,0.0,0.0,9.0,2.0,0.0,0.24,0.23,0.0,1.0,0.0,0.0,14.69,11.0,12.28,0.1,0.0,0.0,0.58,0.64,0.64,1.89,3.47,47.0,49.0,0.0,0.0,0.0,0.0,0.0,0.0,regular
8476854,2025,Hampus Lindholm,BOS,D,all,42,55558.0,1138.0,17.25,0.46,0.46,0.47,0.47,0.48,0.46,99.0,68.91,2.99,4.16,20.0,2.31,39.52,28.02,2.92,3.03,2.95,9.0,4.0,68.0,29.0,61.0,158.0,17.0,4.0,7.0,1.0,15.0,0.0,31.0,40.0,64.0,93.0,20.0,44.0,0.0,6.0,17.0,47.0,92.0,4.0,1.0,2.35,0.44,0.2,4.0,0.0,0.0,159.05,97.0,98.31,31.0,0.94,0.92,0.23,3.71,3.75,3.69,1138.0,91.0,209.0,183.0,655.0,88.0,153.0,174.0,723.0,0.0,0.0,98184.0,44.0,14.0,7.0,76.0,452.71,45.66,43.21,46.16,43.67,398.0,222.0,226.0,846.0,43.0,46.0,4.0,469.0,98.0,53.0,13.01,12.37,20.28,17.0,11.0,15.0,848.75,620.0,623.43,6.87,8.93,8.93,43.61,44.04,42.2,508.18,53.38,49.78,53.37,49.78,481.0,203.0,256.0,940.0,56.0,55.0,7.0,481.0,142.0,61.0,14.96,17.41,21.02,23.0,15.0,18.0,937.95,684.0,682.86,8.53,12.86,12.86,49.06,49.05,46.91,77.12,91.31,1491.0,1711.0,0.0,0.0,0.0,0.0,0.0,0.0,regular
8480035,2025,Henri Jokiharju,BOS,D,all,33,35568.0,775.0,10.1,0.47,0.45,0.5,0.48,0.5,0.48,147.0,38.31,1.09,2.13,11.29,1.37,22.52,16.59,1.06,1.09,1.06,5.0,4.0,30.0,25.0,35.0,90.0,9.0,0.0,4.0,0.0,11.0,0.0,24.0,16.0,30.0,55.0,6.0,12.0,0.0,19.0,5.0,41.0,55.0,0.0,0.0,1.09,0.0,0.0,0.0,0.0,0.0,89.39,55.0,54.99,34.0,0.43,0.74,0.18,1.35,1.34,1.32,775.0,50.0,92.0,122.0,511.0,91.0,118.0,101.0,465.0,0.0,0.0,84465.0,12.0,4.0,2.0,26.0,307.8,24.83,23.88,24.8,23.87,277.0,140.0,151.0,568.0,31.0,36.0,5.0,324.0,68.0,25.0,9.48,8.82,6.53,15.0,12.0,4.0,567.12,417.0,417.01,4.33,5.97,5.97,23.18,23.21,22.75,300.33,28.1,27.1,28.1,27.1,273.0,137.0,161.0,571.0,29.0,40.0,3.0,294.0,84.0,32.0,8.4,9.88,9.83,13.0,10.0,6.0,571.61,410.0,411.12,4.58,7.62,7.62,25.07,25.14,24.74,68.59,82.61,1385.0,1512.0,0.0,0.0,0.0,0.0,0.0,0.0,regular
8481219,2025,Jonathan Aspirot,BOS,D,all,36,35926.0,804.0,9.17,0.44,0.47,0.46,0.48,0.45,0.48,176.0,29.78,1.35,1.55,8.76,0.97,17.33,13.05,1.29,1.44,1.37,0.0,5.0,23.0,20.0,21.0,64.0,7.0,2.0,5.0,1.0,8.0,0.0,16.0,12.0,21.0,41.0,11.0,31.0,0.0,60.0,6.0,28.0,41.0,1.0,1.0,0.76,0.13,0.46,1.0,0.0,1.0,65.27,43.0,43.93,26.0,0.32,0.54,0.46,1.2,1.23,1.21,804.0,47.0,100.0,127.0,530.0,93.0,132.0,106.0,473.0,0.0,0.0,95784.0,31.0,19.0,5.0,44.0,278.06,24.6,23.5,25.01,23.91,250.0,126.0,153.0,529.0,38.0,31.0,2.0,286.0,60.0,30.0,8.52,7.65,8.43,15.0,15.0,8.0,543.93,376.0,383.33,3.71,6.52,6.52,21.79,22.19,21.87,338.1,31.9,30.27,31.73,30.09,287.0,173.0,166.0,626.0,22.0,46.0,2.0,329.0,97.0,34.0,9.7,11.89,10.31,8.0,11.0,3.0,619.91,460.0,455.47,5.37,8.24,8.24,29.02,28.89,28.15,83.54,94.04,1516.0,1664.0,0.0,0.0,0.0,0.0,0.0,0.0,regular
8480887,2025,Jordan Harris,BOS,D,all,5,4689.0,106.0,3.23,0.52,0.44,0.57,0.51,0.58,0.49,26.0,7.7,0.28,0.42,2.17,0.27,4.41,3.45,0.28,0.27,0.27,1.0,0.0,9.0,2.0,1.0,12.0,2.0,1.0,1.0,0.0,1.0,0.0,5.0,3.0,8.0,10.0,0.0,0.0,0.0,4.0,1.0,5.0,11.0,0.0,0.0,0.28,0.0,0.0,1.0,0.0,0.0,11.2,11.0,10.35,2.0,0.09,0.26,0.09,0.28,0.27,0.26,106.0,7.0,8.0,16.0,75.0,19.0,19.0,12.0,56.0,0.0,0.0,13311.0,0.0,0.0,0.0,3.0,47.44,3.62,3.54,3.51,3.43,41.0,23.0,21.0,85.0,3.0,7.0,0.0,51.0,9.0,4.0,1.39,1.29,0.94,3.0,0.0,0.0,81.63,64.0,61.25,0.63,1.04,0.8,3.45,3.36,3.32,35.34,3.29,3.2,3.4,3.31,31.0,16.0,18.0,65.0,5.0,5.0,2.0,32.0,11.0,4.0,0.84,1.46,0.99,0.0,3.0,2.0,67.44,47.0,48.93,0.51,0.8,0.8,3.0,3.11,3.08,11.04,13.94,231.0,224.0,0.0,0.0,0.0,0.0,0.0,0.0,regular
8482177,2025,Marat Khusnutdinov,BOS,C,all,51,43731.0,935.0,22.88,0.43,0.48,0.49,0.48,0.48,0.48,378.0,61.28,7.94,4.37,13.61,2.1,31.94,24.03,7.45,7.99,7.51,5.0,8.0,54.0,30.0,16.0,100.0,25.0,12.0,3.0,0.0,7.0,0.0,30.0,32.0,42.0,72.0,6.0,12.0,44.0,27.0,16.0,30.0,49.0,27.0,8.0,1.81,3.36,2.76,2.0,8.0,2.0,101.09,84.0,84.82,12.0,0.99,0.37,0.92,8.0,8.08,7.61,935.0,113.0,98.0,140.0,584.0,128.0,161.0,137.0,509.0,44.0,51.0,142411.0,12.0,26.0,13.0,26.0,355.03,32.05,30.41,32.34,30.7,305.0,178.0,189.0,672.0,40.0,28.0,3.0,367.0,86.0,30.0,10.94,10.24,10.86,15.0,18.0,7.0,679.8,483.0,488.17,5.16,5.05,5.75,31.46,31.87,30.41,389.27,41.69,38.41,41.68,38.43,344.0,181.0,181.0,706.0,36.0,47.0,1.0,375.0,97.0,53.0,11.19,12.21,18.29,13.0,15.0,8.0,702.24,525.0,523.8,6.01,10.33,10.33,37.37,37.37,35.9,120.34,129.53,2268.0,2432.0,0.0,0.0,0.0,0.0,0.0,0.0,regular
8480355,2025,Mark Kastelic,BOS,C,all,56,44602.0,1045.0,16.68,0.39,0.48,0.41,0.5,0.41,0.5,461.0,88.38,9.78,5.96,21.17,3.08,41.24,35.78,9.47,9.87,9.56,6.0,2.0,72.0,45.0,31.0,148.0,16.0,8.0,12.0,1.0,10.0,0.0,42.0,45.0,64.0,109.0,25.0,68.0,247.0,154.0,22.0,30.0,76.0,27.0,14.0,2.17,3.58,4.03,2.0,2.0,4.0,148.25,117.0,116.98,12.0,1.28,2.5,2.22,8.85,8.94,8.81,1045.0,82.0,258.0,196.0,509.0,133.0,147.0,144.0,621.0,247.0,164.0,159540.0,68.0,58.0,20.0,46.0,318.83,28.32,27.17,28.48,27.34,267.0,164.0,176.0,607.0,26.0,38.0,1.0,327.0,70.0,34.0,8.52,9.14,10.66,15.0,6.0,5.0,609.87,431.0,432.68,4.2,6.62,6.57,25.95,26.16,25.7,458.55,44.87,42.21,44.54,41.9,408.0,212.0,239.0,859.0,39.0,64.0,4.0,464.0,108.0,48.0,13.97,13.91,16.99,14.0,14.0,11.0,851.94,620.0,614.48,8.06,10.75,10.75,42.17,41.99,40.35,137.0,146.03,2623.0,2633.0,0.0,0.0,0.0,0.0,0.0,0.0,regular
8482511,2025,Mason Lohrei,BOS,D,all,51,50988.0,1099.0,17.8,0.51,0.45,0.5,0.47,0.5,0.48,248.0,59.93,3.2,3.68,16.52,1.89,34.09,23.62,3.07,3.19,3.06,10.0,7.0,50.0,33.0,55.0,138.0,23.0,6.0,3.0,0.0,10.0,0.0,34.0,30.0,44.0,77.0,6.0,12.0,0.0,26.0,14.0,64.0,74.0,7.0,2.0,1.89,0.79,0.52,5.0,0.0,1.0,138.96,83.0,83.72,42.0,0.8,0.63,0.35,3.66,3.66,3.52,1099.0,111.0,89.0,176.0,723.0,111.0,195.0,141.0,652.0,0.0,0.0,134433.0,12.0,6.0,3.0,65.0,445.97,38.16,36.5,38.21,36.55,402.0,201.0,248.0,851.0,41.0,48.0,5.0,464.0,104.0,35.0,13.95,12.77,11.44,24.0,9.0,8.0,855.87,603.0,605.4,6.58,7.9,8.84,35.9,36.01,34.98,440.82,37.12,35.6,37.49,35.94,377.0,223.0,250.0,850.0,28.0,53.0,5.0,455.0,112.0,33.0,12.8,14.8,9.52,14.0,11.0,3.0,852.67,600.0,603.44,6.08,10.15,10.15,33.06,33.21,32.66,114.08,138.95,2107.0,2331.0,0.0,0.0,0.0,0.0,0.0,0.0,regular
8481712,2025,Matj  Blmel,BOS,R,all,4,2608.0,50.0,-0.31,0.48,0.32,0.49,0.41,0.52,0.41,36.0,4.57,0.4,0.28,1.04,0.15,2.49,1.65,0.4,0.41,0.41,0.0,0.0,4.0,2.0,4.0,10.0,0.0,0.0,0.0,0.0,0.0,0.0,5.0,1.0,4.0,6.0,0.0,0.0,0.0,2.0,0.0,3.0,4.0,2.0,0.0,0.13,0.28,0.0,0.0,0.0,0.0,9.96,6.0,5.98,1.0,0.06,0.0,0.0,0.47,0.47,0.47,50.0,9.0,9.0,6.0,26.0,6.0,8.0,9.0,27.0,0.0,1.0,11939.0,0.0,0.0,0.0,2.0,24.49,2.51,2.43,2.52,2.44,26.0,7.0,8.0,41.0,3.0,2.0,0.0,24.0,6.0,3.0,0.74,0.77,1.0,0.0,1.0,2.0,40.59,33.0,32.55,0.43,0.23,0.23,2.72,2.72,2.65,22.29,2.69,2.62,2.68,2.61,19.0,11.0,12.0,42.0,3.0,2.0,2.0,22.0,5.0,3.0,0.74,0.73,1.22,0.0,1.0,2.0,42.46,30.0,30.5,0.28,0.58,0.58,2.38,2.38,2.34,5.82,12.28,183.0,264.0,0.0,0.0,0.0,0.0,0.0,0.0,regular
8483505,2025,Matthew Poitras,BOS,C,all,2,1396.0,32.0,2.13,0.51,0.38,0.6,0.41,0.56,0.39,20.0,5.55,0.49,0.39,1.08,0.16,2.57,2.31,0.46,0.51,0.49,0.0,0.0,7.0,0.0,0.0,7.0,1.0,1.0,1.0,0.0,2.0,0.0,2.0,1.0,6.0,6.0,1.0,2.0,4.0,0.0,0.0,0.0,6.0,0.0,1.0,0.28,0.0,0.21,1.0,0.0,0.0,7.8,7.0,7.56,0.0,0.08,0.21,0.21,0.36,0.38,0.36,32.0,3.0,4.0,9.0,16.0,6.0,5.0,7.0,14.0,4.0,8.0,6104.0,2.0,4.0,2.0,2.0,13.9,1.09,1.05,1.13,1.1,16.0,3.0,8.0,27.0,1.0,1.0,0.0,14.0,4.0,1.0,0.46,0.42,0.21,1.0,0.0,0.0,29.79,19.0,20.33,0.21,0.21,0.21,1.09,1.14,1.11,11.5,1.03,1.02,0.99,0.98,11.0,4.0,3.0,18.0,0.0,1.0,0.0,11.0,2.0,2.0,0.23,0.19,0.61,0.0,0.0,0.0,16.56,15.0,14.16,0.14,0.36,0.36,0.81,0.77,0.76,4.99,7.99,84.0,121.0,0.0,0.0,0.0,0.0,0.0,0.0,regular
8480828,2025,Michael Callahan,BOS,D,all,5,3897.0,93.0,1.27,0.55,0.43,0.52,0.48,0.59,0.47,29.0,2.81,0.12,0.14,0.85,0.1,1.59,1.2,0.12,0.12,0.12,0.0,0.0,3.0,1.0,0.0,4.0,0.0,0.0,0.0,0.0,3.0,0.0,1.0,0.0,3.0,4.0,0.0,0.0,0.0,3.0,2.0,3.0,4.0,0.0,0.0,0.12,0.0,0.0,0.0,0.0,0.0,3.72,4.0,3.8,2.0,0.03,0.0,0.0,0.15,0.15,0.15,93.0,3.0,11.0,15.0,64.0,17.0,12.0,13.0,51.0,0.0,0.0,14403.0,0.0,0.0,0.0,9.0,35.03,2.67,2.5,2.61,2.45,36.0,11.0,11.0,58.0,3.0,4.0,0.0,35.0,10.0,2.0,0.85,1.23,0.59,1.0,2.0,0.0,56.37,47.0,46.16,0.44,0.77,0.77,2.33,2.3,2.27,24.89,2.17,2.13,2.24,2.19,23.0,10.0,20.0,53.0,5.0,2.0,0.0,24.0,7.0,2.0,0.7,0.88,0.59,1.0,3.0,1.0,53.94,33.0,33.46,0.44,0.11,0.11,2.49,2.57,2.52,11.13,14.81,244.0,269.0,0.0,0.0,0.0,0.0,0.0,0.0,regular
8479591,2025,Michael Eyssimont,BOS,C,all,43,28291.0,642.0,17.04,0.5,0.44,0.53,0.46,0.52,0.46,460.0,83.13,5.54,6.08,20.31,2.75,44.26,32.06,5.42,5.45,5.34,4.0,5.0,82.0,29.0,32.0,143.0,15.0,6.0,11.0,1.0,19.0,1.0,45.0,29.0,76.0,105.0,11.0,25.0,2.0,33.0,2.0,31.0,94.0,14.0,3.0,2.66,1.64,1.23,2.0,3.0,1.0,141.37,111.0,109.33,14.0,1.29,1.74,1.42,5.4,5.34,5.28,642.0,70.0,76.0,116.0,380.0,107.0,92.0,94.0,349.0,2.0,3.0,128818.0,25.0,29.0,13.0,12.0,278.27,20.72,19.93,20.7,19.92,249.0,126.0,148.0,523.0,21.0,33.0,4.0,302.0,52.0,21.0,7.8,5.94,6.97,9.0,6.0,6.0,519.31,375.0,371.88,4.05,5.55,6.25,18.51,18.45,18.07,251.75,20.71,19.86,20.88,20.01,222.0,123.0,119.0,464.0,22.0,29.0,2.0,267.0,61.0,17.0,7.92,7.66,5.14,13.0,7.0,2.0,467.21,345.0,347.47,3.42,5.42,5.42,18.7,18.84,18.41,100.34,125.88,1945.0,2253.0,0.0,0.0,0.0,0.0,0.0,0.0,regular
8479987,2025,Morgan Geekie,BOS,C,all,55,57187.0,1052.0,47.73,0.57,0.42,0.56,0.45,0.56,0.45,191.0,140.78,16.84,10.06,31.23,4.54,76.53,51.81,16.26,16.77,16.19,9.0,12.0,127.0,64.0,50.0,241.0,53.0,32.0,12.0,3.0,22.0,0.0,59.0,66.0,95.0,159.0,8.0,16.0,61.0,87.0,15.0,48.0,127.0,44.0,20.0,4.19,5.31,7.35,13.0,10.0,9.0,241.19,191.0,191.14,12.0,2.36,2.28,2.73,16.47,16.48,15.99,1052.0,231.0,94.0,176.0,551.0,105.0,173.0,212.0,562.0,61.0,75.0,143355.0,16.0,36.0,18.0,20.0,572.2,63.22,60.32,63.42,60.5,495.0,288.0,300.0,1083.0,77.0,62.0,8.0,556.0,160.0,67.0,16.44,19.64,27.13,26.0,25.0,26.0,1085.23,783.0,784.86,9.89,12.43,12.19,60.92,61.14,59.05,455.04,47.73,45.15,48.13,45.53,416.0,204.0,234.0,854.0,44.0,56.0,6.0,440.0,127.0,53.0,13.3,15.74,18.68,13.0,18.0,13.0,858.17,620.0,623.54,6.58,10.59,10.59,43.71,43.99,42.66,99.78,140.56,2091.0,2576.0,0.0,0.0,0.0,0.0,0.0,0.0,regular
8477507,2025,Nikita Zadorov,BOS,D,all,55,71642.0,1444.0,17.3,0.4,0.5,0.43,0.51,0.42,0.51,138.0,74.5,4.88,3.8,21.01,2.71,39.92,31.69,4.61,4.86,4.6,8.0,8.0,66.0,38.0,68.0,172.0,17.0,1.0,6.0,0.0,18.0,0.0,40.0,39.0,65.0,103.0,36.0,81.0,0.0,134.0,28.0,65.0,95.0,5.0,4.0,2.08,0.56,2.24,1.0,0.0,0.0,172.48,104.0,103.36,51.0,0.8,0.7,0.48,5.19,5.18,4.95,1444.0,92.0,274.0,240.0,838.0,159.0,200.0,207.0,878.0,0.0,0.0,128667.0,81.0,49.0,20.0,77.0,536.65,49.47,47.47,49.54,47.55,484.0,244.0,275.0,1003.0,55.0,60.0,6.0,553.0,123.0,52.0,16.36,15.46,17.65,23.0,22.0,10.0,1005.43,728.0,728.45,7.1,9.69,9.94,46.64,46.72,45.79,740.39,75.26,69.95,74.95,69.7,668.0,336.0,347.0,1351.0,60.0,98.0,4.0,713.0,215.0,76.0,21.45,26.67,27.14,24.0,20.0,16.0,1346.04,1004.0,1001.7,12.97,19.9,19.9,68.32,68.25,65.08,113.62,112.3,2177.0,2084.0,0.0,0.0,0.0,0.0,0.0,0.0,regular
8478401,2025,Pavel Zacha,BOS,C,all,54,55590.0,1102.0,30.56,0.53,0.44,0.54,0.46,0.55,0.46,208.0,100.43,13.6,8.29,22.9,3.54,50.27,35.4,11.96,13.62,11.99,13.0,9.0,87.0,47.0,18.0,152.0,37.0,15.0,14.0,3.0,17.0,0.0,38.0,50.0,72.0,119.0,13.0,28.0,337.0,42.0,13.0,39.0,83.0,33.0,18.0,3.06,4.38,6.15,6.0,3.0,6.0,153.06,134.0,134.07,7.0,2.03,2.99,4.84,10.78,10.76,9.8,1102.0,195.0,185.0,176.0,546.0,121.0,155.0,178.0,648.0,337.0,308.0,141052.0,28.0,10.0,5.0,21.0,549.84,57.06,52.6,57.09,52.62,475.0,276.0,242.0,993.0,66.0,67.0,11.0,545.0,145.0,61.0,15.86,18.05,23.16,27.0,19.0,20.0,994.59,751.0,752.02,9.59,14.81,14.81,51.84,51.85,48.98,458.09,49.63,47.18,49.77,47.35,420.0,200.0,231.0,851.0,46.0,48.0,4.0,427.0,137.0,56.0,12.69,16.93,20.0,16.0,17.0,13.0,851.26,620.0,621.77,7.16,11.14,11.14,45.64,45.83,44.52,102.71,132.24,2125.0,2497.0,0.0,0.0,0.0,0.0,0.0,0.0,regular
8479362,2025,Riley Tufte,BOS,L,all,4,2801.0,56.0,0.25,0.54,0.33,0.49,0.46,0.54,0.44,40.0,6.17,0.46,0.47,1.45,0.24,3.02,2.35,0.39,0.46,0.4,0.0,0.0,4.0,4.0,0.0,8.0,1.0,1.0,0.0,0.0,1.0,0.0,2.0,4.0,3.0,7.0,0.0,0.0,0.0,7.0,0.0,1.0,5.0,3.0,0.0,0.1,0.35,0.0,0.0,1.0,0.0,8.04,8.0,8.03,0.0,0.1,0.0,0.2,0.37,0.37,0.33,56.0,2.0,6.0,7.0,41.0,12.0,5.0,9.0,30.0,0.0,0.0,11746.0,0.0,0.0,0.0,1.0,36.9,2.44,2.26,2.35,2.18,35.0,14.0,8.0,57.0,1.0,6.0,0.0,40.0,6.0,3.0,0.99,0.72,0.73,0.0,1.0,0.0,54.97,49.0,47.42,0.55,1.04,1.04,1.95,1.92,1.83,29.84,2.1,2.06,2.25,2.19,19.0,22.0,19.0,60.0,1.0,2.0,0.0,30.0,10.0,1.0,0.7,1.19,0.22,0.0,1.0,0.0,64.48,41.0,43.78,0.42,0.29,0.29,2.24,2.37,2.33,5.88,11.83,178.0,209.0,0.0,0.0,0.0,0.0,0.0,0.0,regular
8476374,2025,Sean Kuraly,BOS,C,all,56,46833.0,1022.0,17.07,0.35,0.5,0.41,0.5,0.4,0.5,416.0,84.39,7.27,4.88,20.99,2.71,39.26,35.88,6.97,7.2,6.91,7.0,5.0,76.0,35.0,27.0,138.0,16.0,4.0,17.0,0.0,15.0,0.0,35.0,40.0,72.0,107.0,9.0,21.0,247.0,62.0,14.0,43.0,85.0,16.0,10.0,2.23,2.25,2.79,3.0,0.0,1.0,137.67,111.0,110.23,13.0,1.03,2.27,2.6,5.7,5.71,5.61,1022.0,54.0,269.0,160.0,539.0,143.0,128.0,154.0,597.0,247.0,265.0,157309.0,21.0,15.0,6.0,36.0,336.61,27.57,26.67,27.61,26.72,308.0,151.0,189.0,648.0,25.0,44.0,2.0,369.0,58.0,32.0,9.71,7.52,10.34,14.0,5.0,6.0,649.87,459.0,458.96,4.38,7.12,7.12,24.83,24.89,24.39,505.47,51.88,48.44,51.82,48.39,443.0,240.0,265.0,948.0,52.0,73.0,5.0,489.0,135.0,59.0,14.49,16.93,20.46,22.0,17.0,13.0,946.29,683.0,682.24,9.57,12.89,12.89,48.57,48.54,46.19,137.76,139.02,2582.0,2544.0,0.0,0.0,0.0,0.0,0.0,0.0,regular
8479661,2025,Tanner Jeannot,BOS,L,all,52,41511.0,922.0,17.38,0.42,0.48,0.45,0.49,0.44,0.49,430.0,70.2,8.37,5.03,16.36,2.41,33.24,26.58,7.93,8.42,7.99,7.0,7.0,61.0,31.0,43.0,135.0,20.0,6.0,7.0,2.0,11.0,1.0,39.0,28.0,55.0,86.0,16.0,47.0,7.0,160.0,3.0,36.0,53.0,29.0,10.0,2.0,3.49,2.88,2.0,2.0,2.0,136.36,92.0,92.74,16.0,1.08,1.54,2.52,6.93,6.96,6.88,922.0,73.0,107.0,184.0,558.0,132.0,178.0,130.0,482.0,7.0,6.0,147837.0,47.0,33.0,9.0,41.0,322.67,27.73,26.47,27.79,26.54,272.0,162.0,178.0,612.0,26.0,39.0,3.0,330.0,74.0,30.0,9.35,9.45,8.94,14.0,7.0,5.0,613.75,434.0,434.89,4.32,7.14,7.14,24.91,25.02,24.58,408.12,38.3,36.48,38.17,36.38,374.0,177.0,209.0,760.0,34.0,63.0,5.0,398.0,116.0,37.0,11.79,14.74,11.76,11.0,12.0,11.0,757.12,551.0,548.28,6.52,10.81,10.81,34.0,33.93,33.04,125.68,136.95,2403.0,2495.0,0.0,0.0,0.0,0.0,0.0,0.0,regular
8481599,2025,Victor Soderstrom,BOS,D,all,8,6565.0,136.0,0.75,0.43,0.57,0.43,0.53,0.44,0.53,48.0,7.52,0.2,0.34,2.64,0.28,4.44,3.09,0.2,0.2,0.19,0.0,1.0,8.0,3.0,4.0,15.0,1.0,0.0,1.0,0.0,3.0,0.0,3.0,4.0,8.0,11.0,0.0,0.0,0.0,1.0,2.0,11.0,11.0,0.0,0.0,0.2,0.0,0.0,0.0,0.0,0.0,14.86,11.0,10.87,8.0,0.07,0.19,0.03,0.24,0.24,0.23,136.0,17.0,11.0,20.0,88.0,12.0,24.0,15.0,85.0,0.0,0.0,22535.0,0.0,0.0,0.0,10.0,48.08,3.88,3.78,3.84,3.74,40.0,26.0,27.0,93.0,6.0,6.0,1.0,50.0,13.0,3.0,1.46,1.73,0.69,3.0,3.0,0.0,91.61,66.0,65.43,0.64,0.89,0.89,3.63,3.59,3.56,61.54,5.08,4.72,5.36,4.97,47.0,38.0,39.0,124.0,3.0,11.0,0.0,65.0,16.0,4.0,1.96,2.16,0.96,3.0,0.0,0.0,127.55,85.0,87.11,0.9,1.89,1.89,4.09,4.26,4.15,21.32,16.07,377.0,338.0,0.0,0.0,0.0,0.0,0.0,0.0,regular
8478042,2025,Viktor Arvidsson,BOS,L,all,44,37966.0,786.0,31.25,0.54,0.45,0.54,0.46,0.55,0.46,310.0,137.9,14.48,10.03,32.87,4.75,70.01,51.86,13.65,14.47,13.64,5.0,9.0,123.0,61.0,57.0,241.0,28.0,14.0,21.0,3.0,23.0,1.0,60.0,65.0,109.0,170.0,8.0,18.0,6.0,16.0,9.0,32.0,129.0,40.0,15.0,3.58,5.44,5.45,6.0,4.0,4.0,244.56,184.0,185.83,8.0,2.31,4.43,3.88,12.9,12.95,12.59,786.0,111.0,104.0,138.0,433.0,122.0,118.0,111.0,435.0,6.0,4.0,122229.0,18.0,22.0,11.0,26.0,384.1,38.85,36.04,38.89,36.09,345.0,177.0,177.0,699.0,43.0,52.0,9.0,395.0,86.0,41.0,11.8,11.09,15.96,23.0,8.0,12.0,704.87,522.0,525.12,6.19,10.09,10.09,34.96,35.0,33.01,308.76,33.25,31.42,33.25,31.45,274.0,145.0,169.0,588.0,22.0,36.0,2.0,290.0,89.0,40.0,8.18,10.99,14.07,7.0,9.0,6.0,584.87,419.0,418.25,4.54,8.53,8.79,29.0,29.08,28.3,97.11,118.59,1834.0,2159.0,0.0,0.0,0.0,0.0,0.0,0.0,regular
8481609,2025,Vladislav Kolyachonok,BOS,D,all,13,9782.0,223.0,3.4,0.54,0.45,0.48,0.46,0.47,0.45,75.0,12.71,0.65,0.65,3.4,0.41,7.19,5.69,0.62,0.65,0.62,0.0,2.0,12.0,6.0,6.0,24.0,3.0,1.0,0.0,0.0,5.0,0.0,6.0,6.0,11.0,17.0,2.0,4.0,0.0,5.0,3.0,4.0,15.0,3.0,0.0,0.29,0.36,0.0,1.0,0.0,0.0,24.57,18.0,18.33,4.0,0.13,0.0,0.18,0.6,0.59,0.58,223.0,15.0,18.0,25.0,165.0,28.0,31.0,20.0,144.0,0.0,0.0,37687.0,4.0,6.0,3.0,13.0,70.2,6.49,6.32,6.61,6.44,63.0,31.0,46.0,140.0,5.0,7.0,2.0,65.0,24.0,5.0,1.93,3.09,1.47,2.0,1.0,2.0,144.0,94.0,95.99,0.97,1.43,1.43,6.02,6.14,6.07,77.62,5.5,5.39,5.35,5.24,70.0,37.0,42.0,149.0,3.0,6.0,1.0,87.0,16.0,4.0,2.22,2.03,1.25,2.0,0.0,1.0,146.93,107.0,105.48,0.95,1.37,1.37,5.08,4.95,4.92,29.98,36.45,522.0,613.0,0.0,0.0,0.0,0.0,0.0,0.0,regular
8477949,2025,Alex Tuch,BUF,R,all,54,60526.0,1340.0,48.08,0.46,0.51,0.48,0.48,0.48,0.49,150.0,162.22,15.79,11.69,36.82,5.26,83.81,63.63,14.63,15.74,14.57,14.0,12.0,129.0,88.0,43.0,260.0,48.0,22.0,17.0,4.0,20.0,0.0,78.0,80.0,107.0,195.0,15.0,33.0,27.0,58.0,27.0,45.0,163.0,38.0,16.0,5.03,4.55,6.21,9.0,10.0,3.0,260.71,217.0,216.72,16.0,2.69,2.94,4.32,14.15,14.1,13.89,1340.0,198.0,255.0,231.0,656.0,178.0,187.0,236.0,739.0,27.0,32.0,135444.0,33.0,23.0,10.0,62.0,551.22,57.95,54.77,57.9,54.73,477.0,275.0,254.0,1006.0,72.0,55.0,9.0,559.0,131.0,62.0,16.95,16.09,24.91,33.0,22.0,17.0,1006.42,752.0,751.52,8.58,11.96,11.96,54.57,54.59,53.42,606.0,66.85,62.45,66.97,62.56,557.0,262.0,291.0,1110.0,62.0,78.0,11.0,599.0,142.0,78.0,17.79,17.63,31.43,18.0,17.0,27.0,1107.09,819.0,819.16,10.4,15.82,15.82,61.42,61.37,58.61,112.76,107.34,2063.0,2225.0,0.0,0.0,0.0,0.0,0.0,0.0,regular
8479359,2025,Beck Malenstyn,BUF,L,all,54,36260.0,880.0,4.7,0.36,0.52,0.36,0.5,0.38,0.5,546.0,49.37,4.84,3.5,11.16,1.67,25.54,20.29,4.78,4.79,4.73,4.0,0.0,46.0,21.0,13.0,80.0,8.0,4.0,9.0,1.0,9.0,0.0,22.0,23.0,42.0,63.0,5.0,10.0,4.0,192.0,9.0,26.0,47.0,13.0,7.0,1.54,1.53,1.77,1.0,1.0,2.0,79.57,67.0,66.14,13.0,0.75,2.37,1.34,4.24,4.22,4.21,880.0,43.0,147.0,184.0,506.0,130.0,146.0,108.0,496.0,4.0,9.0,159710.0,10.0,18.0,9.0,56.0,212.92,17.44,17.05,17.45,17.05,208.0,87.0,109.0,404.0,14.0,25.0,2.0,232.0,44.0,19.0,5.92,5.57,5.96,6.0,4.0,4.0,406.92,295.0,294.85,2.81,5.38,5.38,14.87,14.95,14.77,356.0,31.63,29.63,31.52,29.53,295.0,193.0,218.0,706.0,26.0,39.0,5.0,377.0,79.0,32.0,10.21,10.26,11.16,9.0,10.0,7.0,698.77,488.0,485.05,5.67,8.25,8.25,29.05,28.92,27.82,151.0,141.61,2629.0,2654.0,0.0,0.0,0.0,0.0,0.0,0.0,regular
8481524,2025,Bowen Byram,BUF,D,all,55,73984.0,1483.0,20.85,0.48,0.5,0.46,0.48,0.47,0.49,156.0,93.83,8.26,5.95,24.77,2.92,48.98,37.12,7.95,8.29,7.99,10.0,7.0,70.0,58.0,34.0,162.0,27.0,10.0,3.0,1.0,16.0,0.0,40.0,59.0,60.0,118.0,14.0,28.0,0.0,31.0,11.0,68.0,97.0,21.0,10.0,2.53,2.57,3.15,7.0,2.0,1.0,163.25,128.0,128.8,38.0,1.29,0.88,1.77,7.78,7.84,7.69,1483.0,139.0,215.0,241.0,888.0,192.0,213.0,241.0,837.0,0.0,0.0,125586.0,28.0,20.0,10.0,67.0,610.8,61.61,59.55,61.74,59.69,544.0,292.0,259.0,1095.0,71.0,56.0,7.0,629.0,145.0,62.0,19.0,17.46,25.15,28.0,27.0,16.0,1099.32,836.0,837.96,9.01,11.75,12.29,58.32,58.56,57.38,686.23,66.36,62.13,66.42,62.18,610.0,321.0,339.0,1270.0,60.0,82.0,11.0,683.0,170.0,78.0,19.73,20.92,25.71,24.0,17.0,19.0,1261.62,931.0,928.19,10.96,17.24,17.24,60.08,59.96,57.81,111.04,111.51,2011.0,2149.0,0.0,0.0,0.0,0.0,0.0,0.0,regular
8479982,2025,Conor Timmins,BUF,D,all,33,38088.0,830.0,1.62,0.36,0.57,0.36,0.54,0.38,0.54,132.0,38.33,1.15,2.09,12.14,1.39,22.84,16.39,1.09,1.15,1.08,1.0,5.0,33.0,23.0,34.0,90.0,6.0,0.0,7.0,0.0,11.0,0.0,23.0,15.0,33.0,56.0,8.0,16.0,0.0,25.0,8.0,40.0,54.0,2.0,0.0,0.98,0.17,0.0,0.0,0.0,0.0,89.34,56.0,55.51,30.0,0.43,1.71,0.14,1.44,1.43,1.36,830.0,63.0,164.0,136.0,467.0,81.0,90.0,130.0,529.0,0.0,0.0,81845.0,16.0,12.0,6.0,70.0,256.68,22.51,21.58,22.29,21.37,225.0,125.0,112.0,462.0,22.0,35.0,5.0,262.0,64.0,24.0,7.31,7.53,7.67,7.0,8.0,7.0,459.19,350.0,347.39,3.56,7.66,7.52,18.55,18.49,18.1,428.81,39.94,37.54,40.1,37.7,386.0,196.0,225.0,807.0,44.0,47.0,9.0,442.0,96.0,44.0,12.32,11.78,15.84,11.0,18.0,15.0,809.9,582.0,585.18,7.36,10.35,10.35,36.95,37.13,35.65,81.62,62.3,1474.0,1238.0,0.0,0.0,0.0,0.0,0.0,0.0,regular
8482765,2025,Isak Rosen,BUF,R,all,14,10925.0,248.0,4.71,0.45,0.45,0.47,0.43,0.51,0.42,119.0,18.35,1.73,1.49,4.47,0.63,9.85,5.83,1.64,1.72,1.64,4.0,0.0,14.0,10.0,11.0,35.0,7.0,3.0,2.0,0.0,6.0,0.0,10.0,3.0,11.0,21.0,0.0,0.0,1.0,6.0,4.0,10.0,15.0,8.0,1.0,0.47,1.0,0.26,1.0,2.0,0.0,34.94,24.0,23.79,5.0,0.34,0.26,0.48,1.58,1.59,1.56,248.0,46.0,16.0,38.0,148.0,26.0,42.0,33.0,147.0,1.0,0.0,39920.0,0.0,6.0,3.0,10.0,88.13,7.33,7.02,7.3,7.01,74.0,47.0,41.0,162.0,8.0,11.0,0.0,92.0,23.0,6.0,2.75,2.88,1.69,2.0,5.0,1.0,161.68,121.0,120.68,1.43,1.69,1.69,7.07,7.08,6.97,82.87,8.88,8.12,8.81,8.07,76.0,38.0,68.0,182.0,9.0,8.0,1.0,90.0,13.0,11.0,2.54,1.73,4.61,2.0,3.0,4.0,181.37,114.0,114.9,1.05,1.38,1.38,8.55,8.56,7.96,29.22,35.39,563.0,754.0,0.0,0.0,0.0,0.0,0.0,0.0,regular
8482097,2025,Jack Quinn,BUF,R,all,55,51632.0,1115.0,30.14,0.5,0.49,0.5,0.47,0.5,0.47,336.0,133.6,11.94,8.94,29.64,4.32,73.85,54.31,11.58,12.07,11.72,17.0,6.0,112.0,71.0,48.0,231.0,35.0,12.0,12.0,0.0,19.0,0.0,69.0,71.0,100.0,171.0,6.0,12.0,3.0,26.0,10.0,53.0,135.0,38.0,10.0,4.62,4.38,2.94,7.0,5.0,0.0,234.1,183.0,185.07,16.0,1.93,3.14,1.72,12.15,12.34,12.17,1115.0,178.0,121.0,152.0,664.0,161.0,201.0,172.0,581.0,3.0,9.0,147938.0,12.0,10.0,5.0,20.0,467.29,46.03,43.43,46.18,43.59,417.0,217.0,200.0,834.0,46.0,41.0,1.0,458.0,129.0,47.0,14.19,15.54,16.29,19.0,19.0,8.0,838.7,634.0,636.61,7.53,8.96,8.96,44.6,44.92,43.92,463.08,45.5,43.77,45.36,43.64,424.0,202.0,192.0,818.0,37.0,56.0,6.0,459.0,118.0,49.0,13.98,14.91,16.61,12.0,15.0,10.0,813.62,626.0,624.22,6.57,11.95,11.95,40.12,40.18,39.54,126.62,132.36,2272.0,2601.0,0.0,0.0,0.0,0.0,0.0,0.0,regular
8480196,2025,Jacob Bryson,BUF,D,all,33,20154.0,474.0,3.07,0.51,0.49,0.47,0.47,0.46,0.48,189.0,14.67,0.81,1.0,4.23,0.52,8.71,5.73,0.79,0.81,0.79,1.0,2.0,11.0,10.0,17.0,38.0,5.0,2.0,1.0,0.0,3.0,0.0,7.0,8.0,9.0,19.0,4.0,8.0,0.0,9.0,2.0,10.0,18.0,3.0,0.0,0.39,0.42,0.0,1.0,1.0,0.0,38.31,21.0,21.2,7.0,0.2,0.34,0.25,0.76,0.78,0.76,474.0,30.0,53.0,89.0,302.0,56.0,91.0,50.0,277.0,0.0,0.0,98979.0,8.0,0.0,0.0,20.0,153.85,14.73,14.12,14.72,14.1,133.0,76.0,88.0,297.0,13.0,17.0,2.0,148.0,46.0,15.0,4.66,5.8,4.26,7.0,3.0,3.0,298.61,209.0,209.13,2.25,4.46,4.2,12.78,12.87,12.5,182.42,14.07,13.45,14.0,13.39,169.0,79.0,92.0,340.0,13.0,22.0,2.0,195.0,41.0,12.0,5.12,5.4,3.55,4.0,8.0,1.0,337.37,248.0,247.22,2.49,4.21,4.21,12.35,12.36,12.09,92.09,94.1,1555.0,1728.0,0.0,0.0,0.0,0.0,0.0,0.0,regular
8475722,2025,Jason Zucker,BUF,L,all,36,34287.0,704.0,23.61,0.59,0.46,0.57,0.45,0.57,0.45,206.0,86.12,13.38,7.69,18.53,2.82,41.41,26.17,12.34,13.35,12.3,6.0,8.0,78.0,32.0,17.0,127.0,28.0,14.0,12.0,4.0,14.0,1.0,42.0,27.0,64.0,96.0,6.0,12.0,30.0,37.0,4.0,37.0,64.0,26.0,20.0,2.15,3.44,7.79,2.0,4.0,8.0,127.63,110.0,110.73,10.0,1.86,3.19,4.79,10.45,10.54,10.16,704.0,161.0,75.0,109.0,359.0,85.0,99.0,119.0,401.0,30.0,59.0,96407.0,12.0,18.0,9.0,9.0,368.87,42.33,38.57,42.39,38.64,320.0,176.0,149.0,645.0,41.0,38.0,5.0,339.0,106.0,51.0,10.9,12.39,19.03,13.0,15.0,13.0,648.26,496.0,496.83,6.7,9.91,9.91,39.12,39.3,37.22,278.27,29.31,27.77,29.43,27.86,252.0,127.0,101.0,480.0,30.0,34.0,5.0,277.0,68.0,34.0,8.28,8.3,12.75,9.0,9.0,12.0,475.96,379.0,378.51,3.83,7.1,7.1,26.05,26.14,25.4,75.65,90.55,1424.0,1743.0,0.0,0.0,0.0,0.0,0.0,0.0,regular
8483468,2025,Jiri Kulich,BUF,C,all,12,11782.0,272.0,5.18,0.49,0.47,0.52,0.47,0.52,0.48,68.0,22.44,2.56,1.45,5.22,0.72,11.81,8.24,2.56,2.55,2.54,1.0,1.0,20.0,10.0,13.0,43.0,5.0,3.0,3.0,0.0,3.0,0.0,9.0,12.0,17.0,27.0,2.0,4.0,68.0,9.0,1.0,10.0,21.0,8.0,1.0,0.83,0.91,0.82,0.0,2.0,1.0,42.77,30.0,29.58,2.0,0.32,0.42,0.04,2.84,2.82,2.81,272.0,47.0,37.0,40.0,148.0,31.0,38.0,35.0,168.0,68.0,95.0,32106.0,4.0,8.0,4.0,12.0,108.26,8.48,8.21,8.48,8.21,99.0,49.0,72.0,220.0,7.0,13.0,0.0,119.0,23.0,6.0,3.33,2.77,2.37,3.0,3.0,1.0,218.27,148.0,146.46,1.65,2.09,2.09,8.03,8.01,7.88,101.44,8.89,8.7,9.07,8.87,95.0,44.0,61.0,200.0,11.0,11.0,0.0,102.0,32.0,5.0,2.66,4.02,2.21,3.0,6.0,2.0,202.83,139.0,141.71,1.47,1.31,1.31,9.06,9.26,9.09,26.77,30.15,522.0,598.0,0.0,0.0,0.0,0.0,0.0,0.0,regular
8478413,2025,Jordan Greenway,BUF,L,all,33,24543.0,608.0,-0.66,0.37,0.53,0.37,0.51,0.38,0.51,302.0,32.67,2.8,2.05,8.65,1.14,16.91,12.45,2.69,2.84,2.72,1.0,3.0,29.0,15.0,14.0,58.0,5.0,1.0,4.0,0.0,6.0,0.0,14.0,19.0,28.0,43.0,10.0,23.0,8.0,49.0,5.0,17.0,34.0,6.0,4.0,0.99,0.61,1.2,0.0,1.0,0.0,59.21,44.0,44.53,5.0,0.43,0.42,1.4,1.83,1.88,1.86,608.0,41.0,92.0,120.0,355.0,85.0,105.0,79.0,339.0,8.0,22.0,95266.0,23.0,19.0,8.0,15.0,155.86,13.81,13.35,13.86,13.4,144.0,70.0,69.0,283.0,9.0,17.0,0.0,161.0,42.0,11.0,4.62,5.17,4.02,3.0,4.0,2.0,287.24,214.0,215.03,2.1,2.73,2.73,13.17,13.26,12.94,248.72,23.69,22.54,23.83,22.67,224.0,121.0,143.0,488.0,21.0,23.0,3.0,272.0,50.0,23.0,7.87,6.26,9.57,6.0,9.0,6.0,485.57,345.0,344.61,3.88,4.44,4.44,23.13,23.18,22.29,89.17,78.67,1567.0,1534.0,0.0,0.0,0.0,0.0,0.0,0.0,regular
8482659,2025,Josh Doan,BUF,R,all,55,53012.0,1144.0,41.22,0.6,0.45,0.58,0.44,0.58,0.44,311.0,128.9,18.71,10.81,28.76,4.41,64.05,42.26,17.6,18.74,17.63,14.0,7.0,119.0,50.0,45.0,214.0,38.0,17.0,15.0,2.0,21.0,0.0,62.0,54.0,102.0,152.0,10.0,23.0,4.0,52.0,35.0,45.0,101.0,41.0,27.0,3.81,5.41,9.48,3.0,7.0,7.0,214.94,169.0,169.33,16.0,2.51,2.71,4.97,16.26,16.27,15.72,1144.0,236.0,129.0,173.0,606.0,154.0,175.0,197.0,618.0,4.0,9.0,146558.0,23.0,31.0,14.0,23.0,580.54,60.73,57.39,60.72,57.39,500.0,284.0,261.0,1045.0,66.0,60.0,8.0,567.0,154.0,63.0,17.6,18.32,24.81,19.0,27.0,20.0,1046.66,784.0,784.33,9.94,11.51,11.51,59.16,59.23,56.78,423.32,39.74,36.85,39.74,36.86,371.0,204.0,187.0,762.0,44.0,36.0,5.0,434.0,97.0,44.0,12.55,11.95,15.24,17.0,13.0,14.0,759.18,575.0,574.05,5.75,7.61,7.61,37.87,37.77,35.64,111.92,138.13,2061.0,2657.0,0.0,0.0,0.0,0.0,0.0,0.0,regular
8482623,2025,Josh Dunne,BUF,C,all,28,15977.0,378.0,4.21,0.48,0.49,0.48,0.48,0.49,0.48,317.0,30.08,3.06,2.2,7.22,1.01,15.35,11.16,2.95,3.13,3.01,1.0,2.0,24.0,16.0,9.0,49.0,4.0,1.0,4.0,1.0,1.0,0.0,20.0,14.0,23.0,39.0,9.0,24.0,45.0,34.0,5.0,14.0,26.0,10.0,4.0,0.74,1.32,0.99,0.0,0.0,1.0,48.88,40.0,39.93,6.0,0.46,1.22,1.09,2.43,2.47,2.45,378.0,18.0,52.0,77.0,231.0,71.0,57.0,46.0,204.0,45.0,44.0,86287.0,24.0,30.0,12.0,12.0,115.64,9.33,8.95,9.42,9.04,109.0,51.0,60.0,220.0,6.0,18.0,2.0,126.0,24.0,10.0,3.15,3.09,3.09,4.0,0.0,2.0,218.39,160.0,159.52,1.54,3.78,3.78,7.09,7.15,6.99,122.8,9.97,9.47,9.98,9.5,101.0,65.0,74.0,240.0,11.0,14.0,1.0,130.0,25.0,11.0,3.68,3.39,2.89,6.0,3.0,2.0,242.88,166.0,167.6,1.65,2.8,2.8,8.82,8.88,8.66,75.7,77.91,1380.0,1520.0,0.0,0.0,0.0,0.0,0.0,0.0,regular
8480064,2025,Josh Norris,BUF,C,all,19,18189.0,399.0,14.33,0.62,0.49,0.58,0.46,0.59,0.46,108.0,34.15,5.79,2.57,7.39,1.04,17.19,11.02,4.8,5.79,4.8,5.0,6.0,27.0,18.0,16.0,61.0,17.0,6.0,3.0,1.0,3.0,0.0,17.0,16.0,21.0,39.0,3.0,6.0,121.0,6.0,3.0,9.0,25.0,10.0,10.0,0.81,1.0,3.98,1.0,2.0,3.0,61.29,45.0,45.01,1.0,0.61,0.32,1.0,5.41,5.4,4.5,399.0,89.0,59.0,66.0,185.0,44.0,45.0,65.0,245.0,121.0,125.0,50542.0,6.0,6.0,3.0,11.0,207.26,24.77,22.91,24.78,22.93,175.0,103.0,82.0,360.0,27.0,22.0,5.0,196.0,48.0,34.0,5.37,5.57,13.84,8.0,10.0,9.0,360.42,278.0,279.03,3.91,5.24,5.24,23.44,23.5,22.06,143.35,15.13,14.45,15.05,14.37,135.0,59.0,70.0,264.0,17.0,14.0,4.0,138.0,38.0,18.0,4.22,4.56,6.35,3.0,4.0,10.0,260.67,194.0,192.72,2.12,2.62,2.62,14.63,14.51,14.14,42.01,43.39,728.0,869.0,0.0,0.0,0.0,0.0,0.0,0.0,regular
8479941,2025,Justin Danforth,BUF,R,all,4,2809.0,71.0,-0.82,0.26,0.46,0.3,0.5,0.26,0.49,34.0,2.49,0.1,0.18,0.45,0.1,1.0,1.16,0.1,0.1,0.1,0.0,0.0,2.0,1.0,3.0,6.0,0.0,0.0,0.0,0.0,0.0,0.0,2.0,1.0,2.0,3.0,1.0,2.0,17.0,3.0,0.0,3.0,3.0,0.0,0.0,0.1,0.0,0.0,0.0,0.0,0.0,5.57,3.0,2.86,1.0,0.04,0.0,0.0,0.14,0.14,0.14,71.0,10.0,12.0,6.0,43.0,6.0,13.0,8.0,44.0,17.0,14.0,11591.0,2.0,0.0,0.0,4.0,11.39,0.75,0.75,0.73,0.73,9.0,6.0,12.0,27.0,0.0,0.0,0.0,13.0,1.0,1.0,0.37,0.14,0.25,0.0,0.0,0.0,25.23,15.0,14.19,0.16,0.0,0.0,0.92,0.89,0.89,30.21,2.1,2.03,2.22,2.15,29.0,13.0,20.0,62.0,2.0,1.0,0.0,32.0,8.0,2.0,0.7,0.99,0.41,1.0,1.0,0.0,65.33,42.0,44.23,0.48,0.16,0.16,2.42,2.54,2.46,9.02,10.71,206.0,205.0,0.0,0.0,0.0,0.0,0.0,0.0,regular
8484797,2025,Konsta Helenius,BUF,C,all,7,5122.0,105.0,6.07,0.63,0.42,0.6,0.42,0.61,0.42,63.0,14.67,0.94,0.8,3.59,0.49,7.83,6.35,0.92,0.99,0.97,3.0,0.0,14.0,6.0,1.0,21.0,4.0,1.0,1.0,0.0,6.0,0.0,7.0,5.0,13.0,19.0,0.0,0.0,6.0,6.0,1.0,6.0,16.0,4.0,0.0,0.53,0.41,0.0,1.0,0.0,0.0,22.27,20.0,21.07,1.0,0.16,0.37,0.23,0.87,0.91,0.9,105.0,11.0,5.0,17.0,72.0,23.0,14.0,20.0,48.0,6.0,9.0,20078.0,0.0,2.0,1.0,2.0,52.72,5.05,4.77,5.29,4.99,50.0,22.0,24.0,96.0,4.0,7.0,1.0,54.0,11.0,7.0,1.89,1.09,2.08,1.0,1.0,2.0,101.6,72.0,75.96,0.7,1.53,1.53,4.22,4.43,4.29,33.57,3.01,2.91,2.89,2.79,35.0,11.0,17.0,63.0,3.0,3.0,0.0,35.0,6.0,5.0,0.97,0.86,1.18,1.0,1.0,1.0,58.95,46.0,43.52,0.51,0.62,0.62,2.91,2.78,2.77,16.17,22.77,265.0,366.0,0.0,0.0,0.0,0.0,0.0,0.0,regular
8477419,2025,Mason Geertsen,BUF,L,all,5,1236.0,34.0,-0.42,0.37,0.41,0.44,0.47,0.48,0.46,60.0,0.9,0.01,0.01,0.11,0.03,0.23,0.61,0.01,0.01,0.01,0.0,0.0,1.0,0.0,1.0,2.0,0.0,0.0,0.0,0.0,0.0,0.0,0.0,1.0,1.0,1.0,1.0,2.0,0.0,8.0,0.0,0.0,1.0,0.0,0.0,0.01,0.0,0.0,0.0,0.0,0.0,1.94,1.0,0.97,0.0,0.0,0.0,0.0,0.01,0.01,0.01,34.0,3.0,5.0,6.0,20.0,5.0,5.0,3.0,21.0,0.0,0.0,16811.0,2.0,0.0,0.0,0.0,7.58,0.39,0.39,0.39,0.39,7.0,3.0,4.0,14.0,0.0,0.0,0.0,9.0,0.0,1.0,0.16,0.0,0.23,0.0,0.0,0.0,13.7,10.0,9.8,0.07,0.0,0.0,0.46,0.46,0.46,8.24,0.65,0.64,0.68,0.67,9.0,2.0,7.0,18.0,1.0,1.0,1.0,8.0,3.0,0.0,0.19,0.45,0.0,0.0,1.0,0.0,18.2,11.0,11.24,0.13,0.17,0.17,0.61,0.63,0.62,11.95,17.46,283.0,324.0,0.0,0.0,0.0,0.0,0.0,0.0,regular
8480807,2025,Mattias Samuelsson,BUF,D,all,53,73277.0,1409.0,28.52,0.43,0.54,0.41,0.52,0.41,0.53,126.0,72.98,4.05,4.01,20.47,2.49,41.24,30.73,3.83,4.0,3.79,11.0,12.0,73.0,30.0,59.0,162.0,32.0,9.0,6.0,0.0,11.0,0.0,39.0,38.0,64.0,94.0,8.0,16.0,0.0,89.0,10.0,48.0,89.0,13.0,1.0,2.23,1.47,0.35,8.0,1.0,0.0,161.65,103.0,102.1,35.0,0.84,0.82,0.66,4.22,4.19,4.06,1409.0,115.0,268.0,270.0,756.0,170.0,170.0,251.0,818.0,0.0,0.0,119093.0,16.0,20.0,9.0,112.0,545.24,57.19,54.8,57.52,55.13,503.0,231.0,257.0,991.0,77.0,56.0,2.0,521.0,151.0,62.0,15.89,18.32,22.97,33.0,28.0,16.0,999.93,734.0,738.71,7.53,12.17,11.92,52.79,53.23,52.58,773.86,76.59,71.65,76.18,71.27,675.0,374.0,401.0,1450.0,72.0,95.0,9.0,779.0,192.0,78.0,23.56,24.07,28.95,24.0,25.0,23.0,1437.95,1049.0,1043.62,13.04,18.51,18.51,71.12,70.81,67.75,109.63,94.58,2007.0,1828.0,0.0,0.0,0.0,0.0,0.0,0.0,regular
8480891,2025,Michael Kesselring,BUF,D,all,23,19810.0,436.0,2.53,0.49,0.47,0.47,0.47,0.48,0.47,120.0,35.78,1.23,1.88,10.64,1.22,21.08,14.96,1.16,1.26,1.17,0.0,1.0,31.0,20.0,23.0,74.0,1.0,0.0,0.0,0.0,11.0,0.0,16.0,24.0,31.0,51.0,11.0,25.0,0.0,17.0,6.0,28.0,48.0,3.0,0.0,0.89,0.34,0.0,0.0,0.0,0.0,74.47,51.0,51.3,19.0,0.38,0.0,0.03,1.58,1.61,1.51,436.0,27.0,55.0,58.0,296.0,49.0,84.0,56.0,247.0,0.0,0.0,64139.0,25.0,15.0,6.0,32.0,158.65,12.6,12.16,12.87,12.41,129.0,89.0,84.0,302.0,11.0,12.0,1.0,166.0,42.0,10.0,4.63,4.76,3.21,4.0,5.0,2.0,306.98,218.0,221.22,2.13,1.98,1.96,12.77,12.97,12.7,173.36,13.31,13.07,13.35,13.11,159.0,78.0,110.0,347.0,14.0,9.0,2.0,189.0,38.0,10.0,5.38,4.88,3.05,8.0,2.0,4.0,345.28,237.0,236.08,2.26,2.23,2.23,13.34,13.29,13.11,54.89,61.67,948.0,1088.0,0.0,0.0,0.0,0.0,0.0,0.0,regular
8483500,2025,Noah Ostlund,BUF,C,all,43,34921.0,775.0,18.62,0.53,0.5,0.52,0.47,0.54,0.47,351.0,44.47,4.58,3.26,9.66,1.55,24.19,17.77,4.48,4.63,4.54,6.0,3.0,43.0,18.0,29.0,90.0,19.0,10.0,3.0,2.0,9.0,0.0,17.0,22.0,33.0,51.0,3.0,6.0,63.0,3.0,13.0,24.0,40.0,18.0,3.0,1.41,2.1,1.06,3.0,6.0,1.0,90.95,61.0,61.79,8.0,0.71,0.41,0.79,4.5,4.55,4.47,775.0,129.0,59.0,111.0,476.0,104.0,111.0,128.0,432.0,63.0,159.0,120989.0,6.0,12.0,6.0,22.0,296.15,26.15,25.29,26.26,25.39,277.0,129.0,145.0,551.0,32.0,25.0,4.0,311.0,68.0,27.0,9.58,8.03,8.53,12.0,14.0,6.0,555.74,406.0,409.11,4.4,5.64,5.64,24.91,25.08,24.62,257.19,22.96,21.78,22.72,21.55,227.0,123.0,153.0,503.0,21.0,23.0,3.0,272.0,55.0,23.0,8.56,6.88,7.53,8.0,8.0,5.0,494.79,350.0,346.0,3.46,4.16,4.16,22.26,21.99,21.17,111.28,113.46,1851.0,2128.0,0.0,0.0,0.0,0.0,0.0,0.0,regular
8482671,2025,Owen Power,BUF,D,all,54,69974.0,1416.0,21.48,0.48,0.5,0.49,0.47,0.48,0.48,176.0,84.14,4.42,4.93,22.7,2.66,48.01,35.28,4.31,4.41,4.31,3.0,10.0,83.0,35.0,60.0,178.0,17.0,4.0,8.0,0.0,23.0,0.0,46.0,37.0,79.0,114.0,3.0,6.0,0.0,26.0,16.0,55.0,108.0,9.0,1.0,3.04,1.05,0.33,3.0,1.0,0.0,177.7,118.0,117.95,32.0,1.05,1.38,0.49,4.98,4.96,4.89,1416.0,162.0,200.0,220.0,834.0,164.0,252.0,210.0,790.0,0.0,0.0,125996.0,6.0,4.0,2.0,55.0,602.51,58.05,56.2,58.19,56.36,539.0,286.0,286.0,1111.0,54.0,56.0,6.0,618.0,150.0,57.0,18.53,17.74,21.79,18.0,19.0,17.0,1113.94,825.0,826.95,8.91,11.17,11.29,55.67,55.91,54.86,647.53,62.25,59.57,62.14,59.47,588.0,291.0,297.0,1176.0,54.0,66.0,8.0,658.0,152.0,69.0,18.5,18.62,25.13,18.0,19.0,17.0,1168.8,879.0,875.77,9.92,15.07,15.07,57.1,57.04,55.75,112.1,113.86,1927.0,2183.0,0.0,0.0,0.0,0.0,0.0,0.0,regular
8481522,2025,Peyton Krebs,BUF,C,all,55,45090.0,1024.0,18.25,0.5,0.49,0.46,0.48,0.46,0.49,438.0,67.97,9.2,4.31,15.82,2.32,34.71,26.64,9.05,9.18,9.04,10.0,8.0,61.0,32.0,25.0,118.0,25.0,7.0,7.0,0.0,11.0,0.0,30.0,38.0,54.0,86.0,15.0,40.0,161.0,128.0,16.0,41.0,62.0,20.0,11.0,1.76,2.41,5.03,2.0,1.0,4.0,120.05,93.0,94.27,16.0,0.92,1.53,2.14,7.99,8.06,8.0,1024.0,107.0,156.0,188.0,573.0,168.0,178.0,145.0,533.0,161.0,208.0,154480.0,40.0,42.0,18.0,31.0,345.07,34.94,33.83,35.13,34.01,313.0,162.0,190.0,665.0,39.0,35.0,2.0,356.0,81.0,38.0,10.5,10.09,14.35,15.0,11.0,13.0,671.3,475.0,477.75,4.81,7.92,7.92,31.81,32.05,31.35,410.32,34.37,32.08,34.06,31.8,348.0,219.0,214.0,781.0,33.0,41.0,4.0,450.0,83.0,34.0,13.1,10.39,10.88,16.0,10.0,7.0,774.02,567.0,563.67,5.57,8.31,8.31,31.62,31.37,30.07,137.72,143.5,2441.0,2638.0,0.0,0.0,0.0,0.0,0.0,0.0,regular
8480839,2025,Rasmus Dahlin,BUF,D,all,51,74806.0,1400.0,44.25,0.56,0.45,0.55,0.43,0.55,0.44,93.0,137.47,9.68,9.5,35.97,4.49,84.34,54.02,9.41,9.68,9.42,17.0,18.0,136.0,62.0,100.0,298.0,46.0,11.0,18.0,0.0,32.0,1.0,71.0,65.0,125.0,187.0,20.0,41.0,0.0,50.0,19.0,81.0,172.0,19.0,7.0,4.71,2.36,2.61,7.0,2.0,2.0,296.46,198.0,197.1,47.0,2.13,3.66,0.51,11.3,11.3,11.04,1400.0,196.0,176.0,260.0,768.0,136.0,202.0,232.0,830.0,0.0,0.0,110364.0,41.0,26.0,13.0,66.0,740.84,79.79,74.56,79.9,74.67,680.0,327.0,354.0,1361.0,81.0,77.0,6.0,738.0,180.0,89.0,23.06,22.09,34.64,31.0,27.0,23.0,1363.45,1007.0,1006.85,12.43,16.21,16.21,76.0,76.17,73.22,599.0,62.88,59.15,62.78,59.04,530.0,284.0,297.0,1111.0,63.0,65.0,7.0,594.0,151.0,69.0,18.2,18.99,25.69,19.0,25.0,19.0,1103.53,814.0,812.38,8.75,13.44,13.44,58.19,58.06,55.74,81.2,99.1,1535.0,2039.0,0.0,0.0,0.0,0.0,0.0,0.0,regular
8481564,2025,Ryan Johnson,BUF,D,all,3,1620.0,34.0,-0.5,0.57,0.48,0.41,0.48,0.44,0.47,18.0,1.32,0.03,0.09,0.4,0.04,0.83,0.6,0.03,0.03,0.03,0.0,0.0,0.0,2.0,2.0,4.0,0.0,0.0,0.0,0.0,0.0,0.0,0.0,2.0,0.0,2.0,1.0,2.0,0.0,2.0,2.0,2.0,2.0,0.0,0.0,0.03,0.0,0.0,0.0,0.0,0.0,3.74,2.0,1.94,2.0,0.02,0.0,0.0,0.05,0.05,0.05,34.0,1.0,6.0,6.0,21.0,4.0,5.0,4.0,21.0,0.0,0.0,9180.0,2.0,0.0,0.0,3.0,14.17,1.61,1.46,1.52,1.37,11.0,7.0,6.0,24.0,1.0,4.0,1.0,10.0,5.0,3.0,0.24,0.67,0.71,0.0,0.0,1.0,22.24,18.0,16.86,0.24,0.83,0.83,1.02,0.95,0.92,16.63,1.21,1.17,1.32,1.27,15.0,8.0,11.0,34.0,1.0,2.0,1.0,17.0,5.0,1.0,0.3,0.71,0.21,0.0,1.0,0.0,36.36,23.0,24.86,0.23,0.3,0.3,1.14,1.24,1.18,6.73,7.24,152.0,167.0,0.0,0.0,0.0,0.0,0.0,0.0,regular
8480802,2025,Ryan McLeod,BUF,C,all,55,58335.0,1350.0,31.88,0.48,0.5,0.46,0.48,0.46,0.49,205.0,70.9,10.01,4.67,14.9,2.4,36.95,30.06,9.69,10.0,9.68,17.0,11.0,65.0,34.0,32.0,131.0,39.0,11.0,6.0,0.0,9.0,0.0,34.0,39.0,54.0,88.0,4.0,8.0,408.0,14.0,23.0,60.0,63.0,27.0,9.0,2.0,3.17,4.84,4.0,4.0,3.0,131.05,99.0,98.81,24.0,1.02,1.21,0.87,10.16,10.15,9.92,1350.0,142.0,271.0,190.0,747.0,173.0,161.0,242.0,774.0,408.0,472.0,141235.0,8.0,12.0,6.0,20.0,514.34,58.43,55.27,58.46,55.32,463.0,238.0,194.0,895.0,71.0,47.0,6.0,497.0,143.0,61.0,15.61,17.19,25.63,29.0,24.0,18.0,896.79,701.0,701.13,7.85,10.71,10.71,55.56,55.82,54.54,602.49,63.96,59.96,63.85,59.86,550.0,266.0,249.0,1065.0,61.0,79.0,10.0,589.0,150.0,77.0,16.79,18.79,28.38,19.0,20.0,22.0,1060.46,816.0,813.75,10.6,15.67,15.67,58.89,58.86,56.35,114.23,113.91,2211.0,2354.0,0.0,0.0,0.0,0.0,0.0,0.0,regular
8479420,2025,Tage Thompson,BUF,C,all,55,62793.0,1274.0,55.03,0.58,0.44,0.56,0.44,0.56,0.44,128.0,206.23,23.45,14.76,46.64,6.78,113.21,73.15,22.71,23.58,22.84,19.0,9.0,192.0,86.0,97.0,375.0,57.0,29.0,20.0,0.0,39.0,0.0,106.0,84.0,163.0,249.0,11.0,27.0,280.0,52.0,21.0,50.0,197.0,59.0,22.0,6.59,7.07,9.78,9.0,12.0,8.0,376.72,278.0,279.34,8.0,3.35,4.58,2.92,23.88,23.99,23.47,1274.0,270.0,152.0,216.0,636.0,145.0,198.0,222.0,709.0,280.0,332.0,136777.0,27.0,31.0,14.0,35.0,648.15,74.22,70.42,74.28,70.49,559.0,316.0,308.0,1183.0,80.0,63.0,8.0,621.0,174.0,80.0,19.11,20.84,34.28,22.0,29.0,29.0,1186.1,875.0,877.18,11.27,12.92,12.92,72.57,72.7,70.09,518.56,54.34,51.67,54.47,51.8,480.0,221.0,242.0,943.0,58.0,54.0,7.0,505.0,138.0,58.0,15.09,17.11,22.14,17.0,22.0,19.0,940.31,701.0,701.13,7.46,11.37,11.37,50.43,50.49,48.91,98.43,123.52,1923.0,2476.0,0.0,0.0,0.0,0.0,0.0,0.0,regular
8482479,2025,Trevor Kuntar,BUF,C,all,1,312.0,8.0,-0.65,0.04,0.42,0.14,0.33,0.08,0.38,12.0,0.0,0.0,0.0,0.0,0.0,0.0,0.0,0.0,0.0,0.0,0.0,0.0,0.0,0.0,1.0,1.0,0.0,0.0,0.0,0.0,0.0,0.0,0.0,0.0,0.0,0.0,0.0,0.0,0.0,1.0,0.0,0.0,0.0,0.0,0.0,0.0,0.0,0.0,0.0,0.0,0.0,1.03,0.0,0.0,0.0,0.0,0.0,0.0,0.0,0.0,0.0,8.0,0.0,1.0,0.0,7.0,1.0,2.0,1.0,4.0,0.0,0.0,3288.0,0.0,0.0,0.0,0.0,0.54,0.04,0.04,0.05,0.05,0.0,1.0,1.0,2.0,0.0,0.0,0.0,1.0,0.0,0.0,0.04,0.0,0.0,0.0,0.0,0.0,2.06,1.0,1.03,0.01,0.0,0.0,0.06,0.06,0.06,7.92,1.03,1.0,0.98,0.95,7.0,4.0,1.0,12.0,1.0,2.0,0.0,8.0,1.0,2.0,0.23,0.09,0.72,0.0,1.0,0.0,11.42,11.0,10.53,0.11,0.72,0.72,0.43,0.41,0.41,1.9,2.65,35.0,72.0,0.0,0.0,0.0,0.0,0.0,0.0,regular
8482896,2025,Tyson Kozak,BUF,C,all,33,22505.0,564.0,0.49,0.37,0.5,0.38,0.5,0.38,0.5,316.0,24.48,2.58,1.62,5.87,0.81,12.12,9.0,2.28,2.53,2.23,2.0,0.0,23.0,9.0,12.0,44.0,4.0,2.0,3.0,0.0,4.0,0.0,9.0,14.0,21.0,30.0,1.0,2.0,142.0,90.0,10.0,19.0,20.0,9.0,3.0,0.7,1.08,0.8,0.0,1.0,1.0,43.59,32.0,30.89,4.0,0.35,0.5,0.52,2.41,2.37,2.12,564.0,41.0,111.0,124.0,288.0,75.0,82.0,66.0,341.0,142.0,145.0,96799.0,2.0,2.0,1.0,26.0,137.59,11.12,10.58,11.04,10.5,130.0,58.0,83.0,271.0,9.0,15.0,0.0,140.0,41.0,7.0,3.97,5.11,2.04,4.0,4.0,1.0,269.61,188.0,186.19,1.89,2.59,2.59,10.42,10.34,9.95,221.2,19.33,17.9,19.33,17.9,187.0,115.0,146.0,448.0,14.0,15.0,1.0,236.0,48.0,18.0,6.71,5.86,6.76,5.0,7.0,2.0,445.81,302.0,301.62,3.21,4.37,4.37,18.17,18.13,17.22,90.47,90.23,1589.0,1576.0,0.0,0.0,0.0,0.0,0.0,0.0,regular
8484145,2025,Zach Benson,BUF,L,all,42,41574.0,881.0,27.39,0.58,0.47,0.56,0.45,0.56,0.46,220.0,82.19,10.85,6.63,18.96,2.98,39.0,27.58,10.46,10.93,10.54,10.0,9.0,74.0,32.0,19.0,125.0,26.0,7.0,6.0,1.0,14.0,1.0,45.0,33.0,67.0,99.0,10.0,20.0,4.0,21.0,15.0,30.0,63.0,29.0,14.0,1.99,3.52,5.34,0.0,3.0,4.0,127.02,106.0,107.41,5.0,1.49,1.26,3.31,9.03,9.14,8.93,881.0,129.0,90.0,146.0,516.0,130.0,132.0,147.0,472.0,4.0,5.0,110784.0,20.0,22.0,12.0,15.0,414.82,43.84,42.35,44.09,42.6,376.0,183.0,194.0,753.0,49.0,46.0,3.0,403.0,107.0,49.0,12.11,12.71,19.01,15.0,21.0,13.0,760.0,559.0,563.83,7.05,8.32,8.36,42.53,42.83,42.01,321.44,32.01,30.77,31.83,30.6,288.0,145.0,158.0,591.0,23.0,40.0,3.0,305.0,99.0,29.0,9.4,11.96,10.65,5.0,12.0,6.0,582.4,433.0,428.9,4.82,7.49,7.49,29.34,29.16,28.43,96.71,107.31,1623.0,1998.0,0.0,0.0,0.0,0.0,0.0,0.0,regular
8484305,2025,Zach Metsa,BUF,D,all,25,14480.0,308.0,1.98,0.46,0.48,0.43,0.48,0.43,0.48,145.0,11.43,0.72,0.59,3.71,0.39,6.12,4.48,0.7,0.72,0.71,0.0,1.0,11.0,5.0,12.0,28.0,2.0,1.0,1.0,0.0,1.0,0.0,7.0,6.0,10.0,15.0,3.0,6.0,0.0,3.0,3.0,17.0,14.0,1.0,1.0,0.32,0.14,0.26,0.0,1.0,0.0,28.78,16.0,16.39,12.0,0.12,0.12,0.02,0.81,0.82,0.81,308.0,34.0,26.0,54.0,194.0,39.0,57.0,35.0,177.0,0.0,0.0,76045.0,6.0,4.0,2.0,16.0,98.61,7.94,7.77,8.04,7.86,87.0,49.0,53.0,189.0,16.0,6.0,0.0,104.0,26.0,6.0,3.19,3.23,1.51,7.0,9.0,0.0,193.81,136.0,138.9,1.35,0.99,0.99,8.3,8.44,8.3,129.87,9.45,9.17,9.38,9.11,117.0,62.0,69.0,248.0,3.0,15.0,1.0,145.0,28.0,6.0,4.37,3.55,1.53,0.0,2.0,1.0,243.87,179.0,177.07,1.77,1.97,1.97,9.25,9.2,9.08,70.58,76.78,1195.0,1311.0,0.0,0.0,0.0,0.0,0.0,0.0,regular
8482100,2025,Alexander Nikishin,CAR,D,all,54,59785.0,1241.0,36.55,0.55,0.57,0.57,0.6,0.55,0.6,226.0,100.84,6.78,5.84,29.44,3.34,54.75,39.86,6.37,6.85,6.43,9.0,6.0,86.0,54.0,83.0,223.0,22.0,7.0,9.0,0.0,27.0,0.0,46.0,51.0,79.0,133.0,10.0,23.0,0.0,99.0,16.0,64.0,124.0,11.0,5.0,3.37,1.23,2.18,7.0,0.0,0.0,225.25,140.0,141.15,39.0,1.29,2.0,1.5,6.57,6.55,6.35,1241.0,188.0,114.0,190.0,749.0,189.0,173.0,173.0,706.0,0.0,0.0,138244.0,23.0,15.0,6.0,62.0,582.05,55.81,52.68,56.04,52.88,500.0,288.0,331.0,1119.0,55.0,65.0,7.0,580.0,143.0,65.0,18.41,17.34,20.07,25.0,18.0,12.0,1127.84,788.0,795.54,8.54,14.0,13.92,50.42,50.49,49.25,488.73,46.54,44.47,46.48,44.44,443.0,211.0,206.0,860.0,38.0,55.0,4.0,471.0,135.0,48.0,14.48,15.75,16.3,15.0,12.0,11.0,855.63,654.0,651.3,7.4,10.87,10.87,43.07,43.13,42.2,140.53,106.65,2691.0,1773.0,0.0,0.0,0.0,0.0,0.0,0.0,regular
8480830,2025,Andrei Svechnikov,CAR,R,all,55,55912.0,1107.0,59.45,0.63,0.53,0.66,0.56,0.65,0.55,265.0,175.92,19.67,12.41,41.25,5.89,93.16,61.61,18.84,19.65,18.83,17.0,10.0,148.0,86.0,79.0,313.0,47.0,20.0,9.0,2.0,34.0,0.0,111.0,60.0,128.0,214.0,20.0,40.0,9.0,94.0,20.0,63.0,147.0,69.0,18.0,5.27,8.78,5.62,5.0,11.0,4.0,313.57,234.0,234.46,14.0,2.88,2.04,3.47,19.07,19.05,18.35,1107.0,259.0,84.0,149.0,615.0,226.0,126.0,192.0,563.0,9.0,9.0,145717.0,40.0,20.0,10.0,10.0,713.5,71.47,67.87,71.46,67.84,607.0,367.0,343.0,1317.0,70.0,66.0,7.0,708.0,190.0,76.0,22.31,23.25,25.92,25.0,22.0,23.0,1321.93,974.0,976.88,11.44,13.75,13.75,69.16,69.08,66.9,396.66,42.08,40.62,42.2,40.72,355.0,179.0,133.0,667.0,38.0,41.0,2.0,362.0,129.0,43.0,11.82,15.27,14.99,8.0,21.0,9.0,667.15,534.0,533.64,5.79,8.01,7.76,40.11,40.2,39.56,127.28,113.64,2558.0,2015.0,0.0,0.0,0.0,0.0,0.0,0.0,regular
8484203,2025,Bradly Nadeau,CAR,L,all,8,5688.0,122.0,2.84,0.5,0.44,0.61,0.53,0.6,0.52,81.0,12.56,1.62,0.81,2.95,0.43,6.7,4.5,1.57,1.66,1.6,0.0,0.0,8.0,9.0,5.0,22.0,2.0,2.0,0.0,0.0,1.0,0.0,5.0,9.0,6.0,15.0,0.0,0.0,0.0,12.0,0.0,7.0,13.0,2.0,2.0,0.45,0.3,0.87,1.0,0.0,1.0,22.63,17.0,17.47,1.0,0.19,0.0,0.3,1.51,1.54,1.48,122.0,27.0,10.0,20.0,65.0,15.0,20.0,20.0,67.0,0.0,1.0,23112.0,0.0,2.0,1.0,4.0,54.59,4.55,4.36,4.61,4.42,40.0,35.0,38.0,113.0,3.0,5.0,0.0,60.0,10.0,5.0,1.69,1.28,1.58,2.0,0.0,1.0,115.54,75.0,76.83,0.88,0.65,0.65,4.78,4.84,4.63,37.01,4.54,4.38,4.58,4.42,32.0,18.0,22.0,72.0,4.0,5.0,2.0,33.0,11.0,6.0,0.88,1.26,2.4,0.0,1.0,3.0,70.94,50.0,49.97,0.54,1.31,1.31,3.77,3.83,3.78,19.64,24.56,410.0,367.0,0.0,0.0,0.0,0.0,0.0,0.0,regular
8484428,2025,Charles Alexis Legault,CAR,D,all,8,6369.0,158.0,3.6,0.56,0.53,0.56,0.56,0.56,0.55,47.0,10.89,1.0,0.55,3.71,0.39,6.11,4.25,0.99,1.02,1.01,0.0,1.0,10.0,6.0,8.0,24.0,2.0,1.0,0.0,0.0,2.0,0.0,6.0,7.0,9.0,15.0,5.0,10.0,0.0,9.0,4.0,8.0,15.0,0.0,1.0,0.3,0.0,0.7,0.0,0.0,1.0,25.0,16.0,16.85,7.0,0.11,0.0,0.0,1.11,1.13,1.12,158.0,14.0,13.0,32.0,99.0,22.0,22.0,20.0,94.0,0.0,0.0,22731.0,10.0,4.0,2.0,6.0,58.31,5.33,5.24,5.57,5.47,48.0,31.0,35.0,114.0,5.0,4.0,1.0,61.0,12.0,6.0,1.73,1.53,2.06,3.0,1.0,1.0,120.13,79.0,83.08,0.77,0.97,0.97,5.11,5.33,5.26,46.83,4.21,4.01,4.02,3.83,46.0,17.0,25.0,88.0,2.0,5.0,0.0,42.0,17.0,4.0,1.14,1.94,1.13,1.0,1.0,0.0,83.66,63.0,60.38,0.65,1.23,1.23,3.63,3.47,3.37,24.14,21.59,448.0,345.0,0.0,0.0,0.0,0.0,0.0,0.0,regular
8481562,2025,Domenick Fensore,CAR,D,all,1,1162.0,27.0,-0.7,0.11,0.31,0.27,0.53,0.26,0.51,4.0,2.1,0.04,0.1,0.68,0.08,1.22,0.88,0.04,0.04,0.04,0.0,0.0,2.0,1.0,2.0,5.0,0.0,0.0,0.0,0.0,1.0,0.0,1.0,1.0,2.0,3.0,0.0,0.0,0.0,1.0,0.0,0.0,3.0,0.0,0.0,0.04,0.0,0.0,0.0,0.0,0.0,4.79,3.0,2.96,0.0,0.02,0.0,0.0,0.06,0.06,0.06,27.0,4.0,1.0,8.0,14.0,0.0,7.0,2.0,18.0,0.0,0.0,2438.0,0.0,0.0,0.0,3.0,4.32,0.17,0.17,0.16,0.16,3.0,3.0,3.0,9.0,0.0,0.0,0.0,6.0,0.0,0.0,0.17,0.0,0.0,0.0,0.0,0.0,8.61,6.0,5.87,0.05,0.0,0.0,0.22,0.21,0.21,13.16,1.45,1.37,1.54,1.46,12.0,5.0,7.0,24.0,2.0,2.0,0.0,8.0,8.0,1.0,0.17,1.07,0.21,0.0,2.0,0.0,25.36,17.0,17.89,0.21,0.41,0.41,1.25,1.33,1.32,1.75,3.85,46.0,41.0,0.0,0.0,0.0,0.0,0.0,0.0,regular
8480762,2025,Eric Robinson,CAR,L,all,44,30992.0,695.0,23.86,0.53,0.58,0.56,0.61,0.55,0.6,422.0,71.67,7.04,5.05,15.77,2.39,37.27,29.48,6.31,6.99,6.29,4.0,1.0,59.0,38.0,28.0,125.0,15.0,10.0,7.0,0.0,12.0,1.0,35.0,32.0,49.0,87.0,1.0,2.0,1.0,60.0,7.0,16.0,74.0,15.0,8.0,2.83,1.82,2.38,7.0,3.0,0.0,126.24,97.0,98.48,3.0,1.06,1.64,2.69,5.41,5.44,5.3,695.0,106.0,83.0,143.0,363.0,111.0,90.0,116.0,378.0,1.0,12.0,130550.0,2.0,10.0,5.0,7.0,297.6,26.12,24.62,26.04,24.56,259.0,141.0,153.0,553.0,24.0,36.0,2.0,305.0,66.0,29.0,9.32,8.35,8.45,11.0,8.0,5.0,556.19,400.0,402.69,4.08,7.36,7.63,22.56,22.6,22.05,238.19,23.32,22.34,23.27,22.3,201.0,122.0,119.0,442.0,23.0,24.0,1.0,229.0,67.0,27.0,6.45,8.2,8.66,8.0,10.0,5.0,443.46,323.0,322.81,3.83,4.05,4.05,23.1,23.15,22.53,136.59,97.2,2589.0,1655.0,0.0,0.0,0.0,0.0,0.0,0.0,regular
8476958,2025,Jaccob Slavin,CAR,D,all,15,18140.0,367.0,8.28,0.54,0.61,0.52,0.6,0.53,0.6,49.0,18.91,0.65,1.02,5.59,0.66,10.88,8.21,0.6,0.66,0.61,1.0,2.0,15.0,12.0,14.0,41.0,3.0,0.0,1.0,0.0,6.0,0.0,9.0,11.0,15.0,27.0,1.0,2.0,0.0,2.0,11.0,15.0,27.0,0.0,0.0,0.65,0.0,0.0,0.0,0.0,0.0,41.59,27.0,27.37,10.0,0.21,0.3,0.0,0.86,0.88,0.81,367.0,39.0,74.0,61.0,193.0,67.0,34.0,53.0,213.0,0.0,0.0,37437.0,2.0,4.0,2.0,25.0,153.19,16.29,15.68,16.48,15.87,127.0,82.0,66.0,275.0,16.0,16.0,3.0,150.0,41.0,18.0,5.13,5.28,5.88,3.0,5.0,8.0,279.21,209.0,213.28,2.06,3.27,3.27,15.08,15.24,15.04,139.13,13.63,12.56,13.48,12.43,120.0,68.0,65.0,253.0,13.0,15.0,3.0,139.0,35.0,14.0,4.55,4.06,5.02,6.0,5.0,2.0,247.86,188.0,184.08,2.4,2.83,2.83,13.21,13.07,12.54,40.82,26.56,744.0,487.0,0.0,0.0,0.0,0.0,0.0,0.0,regular
8482809,2025,Jackson Blake,CAR,R,all,55,54353.0,1047.0,46.97,0.61,0.54,0.64,0.57,0.62,0.57,274.0,132.5,18.47,10.82,27.82,4.41,66.64,44.84,17.62,18.63,17.75,12.0,4.0,112.0,61.0,41.0,214.0,32.0,16.0,15.0,1.0,22.0,0.0,65.0,55.0,96.0,157.0,15.0,30.0,0.0,10.0,21.0,58.0,95.0,50.0,28.0,4.13,6.07,8.27,5.0,6.0,5.0,216.33,173.0,174.37,14.0,2.49,3.64,4.38,16.58,16.64,16.12,1047.0,196.0,40.0,170.0,641.0,243.0,164.0,177.0,463.0,0.0,8.0,147276.0,30.0,40.0,20.0,20.0,581.45,59.06,55.69,59.33,55.94,497.0,290.0,315.0,1102.0,50.0,64.0,5.0,563.0,152.0,72.0,17.99,18.2,22.87,16.0,19.0,15.0,1108.06,787.0,791.71,9.4,12.79,12.79,55.68,55.82,53.97,354.33,38.12,36.92,37.94,36.77,334.0,150.0,144.0,628.0,37.0,33.0,5.0,344.0,100.0,40.0,11.2,12.28,14.64,13.0,8.0,16.0,620.2,484.0,478.78,4.83,7.08,7.08,35.86,35.81,35.36,139.69,117.6,2773.0,2054.0,0.0,0.0,0.0,0.0,0.0,0.0,regular
8478970,2025,Jalen Chatfield,CAR,D,all,48,57630.0,1228.0,26.17,0.48,0.58,0.52,0.61,0.51,0.6,157.0,84.04,3.49,4.35,25.37,3.0,46.16,35.64,3.29,3.47,3.27,5.0,7.0,67.0,51.0,62.0,180.0,13.0,1.0,9.0,0.0,16.0,1.0,40.0,51.0,66.0,117.0,8.0,16.0,0.0,25.0,22.0,41.0,111.0,6.0,1.0,2.44,0.77,0.28,1.0,0.0,0.0,181.09,118.0,118.89,26.0,0.92,1.2,0.03,4.38,4.36,4.13,1228.0,137.0,168.0,203.0,720.0,199.0,130.0,169.0,730.0,0.0,0.0,118211.0,16.0,8.0,4.0,43.0,516.04,45.34,43.85,45.9,44.39,440.0,266.0,263.0,969.0,52.0,37.0,5.0,538.0,128.0,40.0,16.49,16.11,12.74,18.0,24.0,10.0,984.63,706.0,716.21,6.85,6.77,6.77,45.41,45.88,45.06,495.43,49.42,47.09,49.35,47.02,417.0,250.0,211.0,878.0,43.0,65.0,5.0,462.0,152.0,53.0,14.55,18.1,16.77,13.0,20.0,10.0,872.12,667.0,663.6,8.29,11.72,11.72,45.99,45.95,44.67,125.43,90.54,2336.0,1506.0,0.0,0.0,0.0,0.0,0.0,0.0,regular
8480829,2025,Jesperi Kotkaniemi,CAR,C,all,34,22644.0,506.0,13.73,0.55,0.55,0.55,0.58,0.54,0.57,359.0,39.91,4.26,2.85,9.21,1.29,20.15,14.24,3.95,4.32,4.0,4.0,3.0,38.0,14.0,15.0,67.0,9.0,2.0,5.0,0.0,9.0,0.0,18.0,18.0,36.0,50.0,4.0,8.0,97.0,55.0,3.0,23.0,33.0,14.0,5.0,1.13,1.74,1.4,1.0,1.0,0.0,68.24,52.0,52.87,7.0,0.6,0.77,1.52,3.35,3.39,3.26,506.0,92.0,50.0,99.0,265.0,80.0,83.0,73.0,270.0,97.0,104.0,101994.0,8.0,18.0,9.0,14.0,193.84,16.4,15.47,16.63,15.69,167.0,94.0,120.0,381.0,17.0,16.0,1.0,205.0,38.0,18.0,6.04,4.64,5.72,9.0,4.0,4.0,389.24,261.0,266.38,2.55,3.58,3.85,15.1,15.35,14.95,162.38,13.67,13.11,13.68,13.13,148.0,71.0,91.0,310.0,15.0,19.0,1.0,168.0,35.0,16.0,4.72,4.45,4.5,6.0,8.0,1.0,308.86,219.0,218.4,2.32,3.91,3.91,12.08,12.17,11.96,108.28,89.33,1977.0,1431.0,0.0,0.0,0.0,0.0,0.0,0.0,regular
8482911,2025,Joel Nystrom,CAR,D,all,37,33673.0,807.0,20.43,0.56,0.56,0.58,0.6,0.55,0.59,193.0,43.38,1.93,2.33,13.57,1.43,25.57,18.16,1.83,1.94,1.84,6.0,2.0,43.0,20.0,58.0,121.0,9.0,1.0,8.0,0.0,16.0,0.0,17.0,21.0,42.0,62.0,3.0,6.0,0.0,9.0,5.0,31.0,61.0,0.0,2.0,1.3,0.0,0.63,1.0,0.0,0.0,122.06,63.0,63.74,18.0,0.49,2.04,0.23,2.18,2.2,2.15,807.0,115.0,74.0,129.0,489.0,98.0,101.0,86.0,522.0,0.0,0.0,101774.0,6.0,2.0,1.0,21.0,322.97,32.25,30.09,32.32,30.15,274.0,160.0,181.0,615.0,23.0,49.0,2.0,317.0,74.0,43.0,9.88,9.47,12.9,11.0,9.0,3.0,619.16,434.0,435.24,4.43,10.94,10.72,25.96,26.0,25.42,262.05,24.96,23.96,24.91,23.94,239.0,114.0,101.0,454.0,26.0,28.0,4.0,251.0,78.0,24.0,7.36,9.04,8.55,6.0,11.0,9.0,450.28,353.0,350.8,3.86,6.24,6.24,22.58,22.71,22.19,102.88,81.46,1976.0,1325.0,0.0,0.0,0.0,0.0,0.0,0.0,regular
8476921,2025,Jordan Martinook,CAR,L,all,52,45985.0,1073.0,29.58,0.48,0.6,0.52,0.62,0.5,0.61,369.0,93.14,11.46,6.2,22.03,3.12,45.81,36.4,11.13,11.47,11.14,6.0,5.0,70.0,55.0,39.0,164.0,18.0,7.0,10.0,1.0,17.0,0.0,40.0,51.0,63.0,118.0,12.0,27.0,24.0,89.0,11.0,29.0,82.0,26.0,17.0,2.73,3.35,5.37,2.0,2.0,3.0,164.24,125.0,125.1,10.0,1.33,2.13,2.3,10.49,10.4,10.2,1073.0,139.0,249.0,236.0,449.0,179.0,92.0,155.0,647.0,24.0,26.0,144544.0,27.0,21.0,9.0,34.0,401.42,40.02,38.51,40.08,38.57,328.0,215.0,231.0,774.0,32.0,42.0,3.0,398.0,101.0,44.0,11.68,13.16,15.18,12.0,13.0,7.0,777.03,543.0,545.91,5.43,7.84,7.84,37.61,37.62,36.95,405.21,42.74,39.84,42.87,39.98,365.0,179.0,177.0,721.0,46.0,51.0,8.0,384.0,113.0,47.0,12.0,13.64,17.1,12.0,17.0,17.0,718.01,544.0,543.4,7.15,10.92,10.92,38.96,39.08,37.87,150.18,100.71,2936.0,1773.0,0.0,0.0,0.0,0.0,0.0,0.0,regular
8473533,2025,Jordan Staal,CAR,C,all,52,49874.0,1173.0,34.66,0.49,0.59,0.53,0.61,0.52,0.6,281.0,88.57,11.59,6.46,20.0,3.19,46.09,32.67,10.94,11.72,11.07,7.0,4.0,72.0,48.0,29.0,149.0,24.0,13.0,10.0,3.0,19.0,0.0,38.0,40.0,59.0,107.0,6.0,15.0,580.0,103.0,11.0,33.0,69.0,41.0,10.0,3.08,5.28,3.24,2.0,10.0,1.0,150.39,120.0,121.13,16.0,1.45,2.14,2.96,10.09,10.2,9.96,1173.0,200.0,280.0,257.0,436.0,178.0,87.0,169.0,739.0,580.0,464.0,140955.0,15.0,23.0,10.0,28.0,457.35,45.22,43.25,45.36,43.38,365.0,254.0,238.0,857.0,38.0,49.0,5.0,453.0,119.0,47.0,14.05,15.2,15.96,12.0,16.0,10.0,864.07,619.0,623.9,6.45,9.32,9.09,42.58,42.62,41.6,430.61,46.79,43.76,46.73,43.71,372.0,206.0,188.0,766.0,46.0,52.0,11.0,402.0,122.0,54.0,12.56,14.64,19.59,12.0,17.0,17.0,758.81,578.0,574.1,7.49,11.98,11.98,42.29,42.24,40.64,142.19,100.77,2791.0,1783.0,0.0,0.0,0.0,0.0,0.0,0.0,regular
8482785,2025,Justin Robidas,CAR,C,all,2,1282.0,29.0,1.3,0.57,0.66,0.56,0.65,0.54,0.66,23.0,1.46,0.09,0.08,0.42,0.05,0.83,0.53,0.09,0.08,0.08,1.0,0.0,2.0,0.0,1.0,3.0,1.0,0.0,0.0,0.0,2.0,0.0,0.0,0.0,2.0,2.0,0.0,0.0,12.0,3.0,0.0,1.0,2.0,0.0,0.0,0.09,0.0,0.0,0.0,0.0,0.0,2.82,2.0,1.86,0.0,0.02,0.0,0.0,0.1,0.1,0.1,29.0,6.0,2.0,9.0,12.0,7.0,2.0,2.0,18.0,12.0,12.0,5918.0,0.0,2.0,1.0,1.0,10.58,0.48,0.47,0.45,0.45,10.0,5.0,8.0,23.0,1.0,0.0,0.0,15.0,0.0,0.0,0.48,0.0,0.0,1.0,0.0,0.0,22.58,15.0,14.55,0.12,0.0,0.0,0.59,0.56,0.56,9.51,0.35,0.35,0.37,0.37,6.0,7.0,5.0,18.0,1.0,0.0,0.0,12.0,1.0,0.0,0.24,0.12,0.0,1.0,0.0,0.0,18.72,13.0,13.62,0.1,0.0,0.0,0.45,0.47,0.47,6.68,3.52,126.0,68.0,0.0,0.0,0.0,0.0,0.0,0.0,regular
8480817,2025,K'Andre Miller,CAR,D,all,47,63662.0,1283.0,40.16,0.55,0.58,0.6,0.6,0.59,0.59,103.0,94.9,3.85,4.92,27.93,3.16,52.06,38.07,3.72,3.86,3.73,7.0,11.0,79.0,51.0,81.0,211.0,22.0,4.0,7.0,0.0,21.0,0.0,48.0,50.0,75.0,126.0,19.0,38.0,0.0,60.0,34.0,56.0,124.0,5.0,1.0,2.88,0.7,0.27,4.0,0.0,0.0,210.17,130.0,130.52,32.0,1.05,1.43,0.41,4.47,4.47,4.36,1283.0,156.0,177.0,195.0,755.0,217.0,120.0,197.0,749.0,0.0,1.0,108867.0,38.0,14.0,7.0,48.0,644.31,57.51,55.12,57.68,55.26,536.0,329.0,342.0,1207.0,48.0,64.0,5.0,663.0,138.0,64.0,20.53,17.23,19.75,18.0,15.0,15.0,1211.85,865.0,869.36,9.0,10.11,10.61,55.88,55.99,54.6,442.74,47.11,45.13,47.27,45.28,396.0,202.0,223.0,821.0,56.0,47.0,7.0,418.0,127.0,53.0,13.35,15.99,17.78,18.0,21.0,17.0,818.21,598.0,596.31,7.25,10.42,10.73,43.64,43.77,42.99,111.99,79.46,2118.0,1425.0,0.0,0.0,0.0,0.0,0.0,0.0,regular
8482702,2025,Logan Stankoven,CAR,C,all,55,50177.0,997.0,42.16,0.61,0.54,0.63,0.58,0.61,0.57,357.0,121.72,14.74,9.28,28.23,4.4,61.8,43.55,13.74,14.86,13.87,7.0,8.0,110.0,52.0,43.0,205.0,25.0,10.0,20.0,1.0,17.0,0.0,64.0,51.0,100.0,152.0,9.0,23.0,282.0,29.0,17.0,29.0,103.0,36.0,23.0,3.57,4.23,6.94,2.0,4.0,4.0,207.45,162.0,163.9,6.0,2.12,3.06,3.97,12.9,13.02,12.61,997.0,191.0,43.0,168.0,595.0,226.0,150.0,169.0,452.0,282.0,356.0,151452.0,23.0,33.0,15.0,15.0,530.82,53.21,50.19,53.55,50.5,458.0,261.0,297.0,1016.0,44.0,61.0,5.0,524.0,128.0,67.0,16.53,15.24,21.45,11.0,21.0,12.0,1023.47,719.0,723.89,8.27,12.12,12.12,49.36,49.52,48.23,338.59,33.69,32.53,33.44,32.31,306.0,153.0,136.0,595.0,33.0,33.0,2.0,325.0,103.0,31.0,10.46,12.71,10.53,12.0,13.0,8.0,587.88,459.0,454.0,4.69,6.47,6.47,31.92,31.8,31.36,145.55,122.03,2859.0,2087.0,0.0,0.0,0.0,0.0,0.0,0.0,regular
8476873,2025,Mark Jankowski,CAR,L,all,43,28745.0,684.0,20.66,0.6,0.54,0.57,0.59,0.58,0.58,446.0,51.28,7.04,3.91,11.61,1.53,23.91,18.01,6.82,7.01,6.79,4.0,3.0,38.0,28.0,16.0,82.0,12.0,5.0,7.0,1.0,6.0,0.0,29.0,19.0,33.0,61.0,5.0,12.0,240.0,29.0,9.0,27.0,34.0,19.0,13.0,1.4,2.4,3.24,1.0,0.0,4.0,82.98,66.0,67.14,15.0,0.84,1.42,1.81,6.07,6.13,6.02,684.0,122.0,85.0,128.0,349.0,98.0,88.0,103.0,395.0,240.0,199.0,128727.0,12.0,6.0,3.0,29.0,261.07,24.06,22.7,24.07,22.74,217.0,135.0,151.0,503.0,20.0,33.0,2.0,265.0,54.0,33.0,7.9,6.81,9.35,10.0,3.0,7.0,508.91,352.0,356.9,3.8,6.23,6.23,21.63,21.83,21.36,187.4,16.2,15.69,16.33,15.81,155.0,100.0,124.0,379.0,15.0,13.0,0.0,192.0,49.0,14.0,5.74,5.87,4.59,7.0,5.0,3.0,379.47,255.0,254.86,3.0,2.67,2.67,16.53,16.7,16.39,125.83,105.46,2476.0,1707.0,0.0,0.0,0.0,0.0,0.0,0.0,regular
8476422,2025,Mike Reilly,CAR,D,all,29,27443.0,644.0,18.27,0.55,0.56,0.58,0.61,0.56,0.6,151.0,48.62,1.66,2.63,14.59,1.64,26.55,20.93,1.62,1.67,1.64,3.0,3.0,45.0,23.0,40.0,108.0,7.0,1.0,3.0,1.0,11.0,0.0,21.0,32.0,44.0,67.0,7.0,14.0,0.0,14.0,3.0,20.0,65.0,3.0,0.0,1.32,0.34,0.0,0.0,1.0,0.0,108.42,68.0,68.44,12.0,0.55,0.55,0.24,1.96,1.98,1.95,644.0,95.0,59.0,116.0,374.0,87.0,83.0,77.0,397.0,0.0,0.0,78237.0,14.0,12.0,5.0,27.0,277.46,25.71,24.5,25.92,24.73,231.0,146.0,157.0,534.0,23.0,37.0,4.0,276.0,69.0,32.0,7.62,8.45,9.65,8.0,10.0,5.0,538.92,377.0,381.55,3.79,6.99,6.98,22.52,22.72,22.35,220.34,21.13,20.17,20.85,19.92,208.0,93.0,90.0,391.0,20.0,26.0,2.0,215.0,67.0,19.0,6.66,8.19,6.28,8.0,9.0,3.0,386.53,301.0,297.74,3.44,5.58,5.58,18.98,18.82,18.42,77.31,60.63,1573.0,1007.0,0.0,0.0,0.0,0.0,0.0,0.0,regular
8477940,2025,Nikolaj Ehlers,CAR,L,all,55,55258.0,1076.0,53.79,0.63,0.53,0.65,0.57,0.65,0.55,269.0,154.2,12.26,9.93,38.27,5.39,85.4,60.76,11.92,12.24,11.89,14.0,13.0,135.0,77.0,87.0,299.0,41.0,14.0,17.0,1.0,37.0,0.0,71.0,73.0,121.0,198.0,5.0,10.0,11.0,9.0,18.0,58.0,164.0,36.0,12.0,4.95,4.13,3.19,3.0,7.0,4.0,301.8,212.0,213.54,10.0,2.25,3.05,0.91,13.61,13.58,13.22,1076.0,222.0,68.0,163.0,623.0,205.0,131.0,197.0,543.0,11.0,19.0,146371.0,10.0,20.0,9.0,17.0,659.82,67.46,63.52,67.79,63.82,584.0,308.0,323.0,1215.0,66.0,81.0,10.0,635.0,173.0,84.0,19.82,21.1,26.55,24.0,23.0,19.0,1221.2,892.0,897.51,10.83,14.46,14.55,63.73,63.86,61.68,358.67,39.24,37.87,39.02,37.69,337.0,148.0,160.0,645.0,39.0,36.0,3.0,329.0,113.0,43.0,10.52,13.87,14.86,15.0,14.0,10.0,639.38,485.0,482.01,5.04,7.73,7.73,36.55,36.51,36.1,131.29,116.47,2660.0,2037.0,0.0,0.0,0.0,0.0,0.0,0.0,regular
8481491,2025,Noah Philp,CAR,C,all,17,10142.0,232.0,0.2,0.21,0.53,0.36,0.53,0.36,0.54,173.0,11.35,1.26,0.83,2.64,0.4,6.4,4.46,1.23,1.27,1.24,0.0,1.0,14.0,2.0,6.0,22.0,3.0,2.0,1.0,0.0,6.0,0.0,5.0,2.0,12.0,14.0,2.0,4.0,69.0,30.0,5.0,7.0,11.0,3.0,2.0,0.43,0.31,0.52,1.0,1.0,0.0,22.39,16.0,16.46,4.0,0.17,0.14,0.05,1.39,1.39,1.37,232.0,16.0,36.0,37.0,143.0,33.0,30.0,31.0,138.0,69.0,54.0,52119.0,4.0,4.0,2.0,2.0,53.0,3.73,3.64,3.82,3.73,54.0,20.0,29.0,103.0,3.0,3.0,0.0,58.0,13.0,3.0,1.44,1.52,0.77,2.0,1.0,0.0,104.42,74.0,75.31,0.69,0.29,0.29,4.13,4.22,4.15,99.06,13.62,12.21,13.74,12.33,96.0,36.0,50.0,182.0,12.0,17.0,3.0,89.0,23.0,20.0,2.98,2.93,7.72,7.0,1.0,4.0,183.1,132.0,132.38,1.74,4.73,4.73,10.63,10.69,9.97,46.61,40.8,883.0,776.0,0.0,0.0,0.0,0.0,0.0,0.0,regular
8480336,2025,Sean Walker,CAR,D,all,55,73429.0,1520.0,42.35,0.53,0.58,0.59,0.59,0.57,0.58,121.0,131.21,6.42,6.77,38.96,4.47,71.22,55.15,6.2,6.42,6.2,5.0,5.0,120.0,63.0,139.0,322.0,14.0,4.0,17.0,0.0,40.0,0.0,52.0,70.0,116.0,179.0,22.0,47.0,0.0,92.0,22.0,62.0,165.0,16.0,2.0,3.75,1.94,0.74,4.0,0.0,0.0,322.9,183.0,183.87,35.0,1.41,2.29,0.72,7.12,7.13,6.92,1520.0,208.0,208.0,230.0,874.0,248.0,161.0,225.0,886.0,0.0,0.0,128200.0,47.0,27.0,12.0,84.0,732.64,68.58,65.66,68.61,65.68,618.0,375.0,407.0,1400.0,51.0,77.0,4.0,749.0,165.0,79.0,23.8,20.14,24.64,20.0,19.0,12.0,1407.52,993.0,998.65,10.3,13.32,13.67,65.2,65.15,63.56,548.37,59.71,56.74,59.61,56.67,497.0,247.0,247.0,991.0,71.0,59.0,9.0,526.0,156.0,62.0,17.37,19.46,22.88,25.0,24.0,22.0,987.15,744.0,741.39,9.09,13.95,13.95,54.85,54.85,53.81,130.17,96.01,2475.0,1691.0,0.0,0.0,0.0,0.0,0.0,0.0,regular
8478427,2025,Sebastian Aho,CAR,C,all,55,65336.0,1239.0,66.58,0.59,0.54,0.65,0.56,0.63,0.55,109.0,160.92,19.1,10.97,35.58,5.46,85.41,62.48,18.11,19.11,18.12,25.0,10.0,126.0,93.0,52.0,271.0,54.0,19.0,17.0,3.0,37.0,0.0,88.0,58.0,107.0,200.0,10.0,20.0,423.0,49.0,23.0,76.0,146.0,49.0,24.0,5.09,6.09,7.92,7.0,6.0,6.0,272.39,219.0,219.73,21.0,2.52,2.91,4.5,17.12,17.09,16.58,1239.0,277.0,108.0,154.0,700.0,224.0,156.0,249.0,610.0,423.0,410.0,136293.0,20.0,26.0,13.0,17.0,794.27,77.3,73.86,77.55,74.07,686.0,397.0,356.0,1439.0,87.0,68.0,10.0,791.0,216.0,76.0,25.23,26.39,25.68,34.0,29.0,24.0,1444.31,1083.0,1087.56,12.61,12.91,13.14,76.78,76.89,74.68,466.18,53.62,51.81,53.59,51.78,439.0,188.0,165.0,792.0,56.0,57.0,6.0,418.0,146.0,63.0,13.63,17.26,22.74,15.0,20.0,21.0,790.3,627.0,625.95,7.34,11.75,11.75,49.21,49.27,48.62,121.45,102.1,2436.0,1890.0,0.0,0.0,0.0,0.0,0.0,0.0,regular
8482093,2025,Seth Jarvis,CAR,C,all,47,53699.0,1021.0,54.45,0.61,0.54,0.64,0.58,0.63,0.56,106.0,159.91,19.54,11.5,33.65,5.08,79.06,60.18,18.82,19.7,18.96,8.0,10.0,149.0,60.0,26.0,235.0,41.0,23.0,15.0,3.0,26.0,0.0,80.0,65.0,126.0,186.0,3.0,6.0,25.0,69.0,25.0,41.0,134.0,54.0,21.0,5.08,6.55,7.91,7.0,7.0,9.0,237.84,209.0,211.11,17.0,2.66,3.11,2.63,19.57,19.69,19.48,1021.0,245.0,89.0,136.0,551.0,184.0,122.0,194.0,521.0,25.0,38.0,118843.0,6.0,24.0,12.0,20.0,648.98,64.94,62.2,65.4,62.6,553.0,329.0,278.0,1160.0,68.0,50.0,9.0,652.0,168.0,62.0,20.66,20.64,23.64,24.0,22.0,22.0,1169.46,882.0,888.72,10.43,9.72,9.72,65.64,65.9,64.18,380.29,40.97,39.52,40.73,39.27,348.0,164.0,148.0,660.0,42.0,41.0,5.0,352.0,115.0,45.0,11.02,13.84,16.11,13.0,16.0,13.0,652.67,512.0,507.72,5.77,8.66,8.66,38.08,37.87,37.25,106.81,89.21,2224.0,1597.0,0.0,0.0,0.0,0.0,0.0,0.0,regular
8476906,2025,Shayne Gostisbehere,CAR,D,all,38,45589.0,887.0,46.8,0.61,0.53,0.65,0.57,0.65,0.56,118.0,98.83,6.92,6.08,27.09,3.18,58.91,38.82,6.75,6.91,6.74,13.0,16.0,80.0,61.0,56.0,197.0,38.0,9.0,8.0,0.0,32.0,0.0,48.0,44.0,71.0,132.0,2.0,4.0,0.0,14.0,14.0,39.0,124.0,13.0,4.0,3.25,1.45,2.21,5.0,2.0,2.0,196.6,141.0,140.43,18.0,1.4,1.72,0.28,8.04,8.02,7.82,887.0,194.0,48.0,131.0,514.0,135.0,100.0,143.0,509.0,0.0,0.0,93953.0,4.0,14.0,7.0,44.0,552.7,52.7,50.47,52.52,50.29,484.0,269.0,238.0,991.0,61.0,41.0,5.0,552.0,154.0,47.0,17.44,19.0,16.26,20.0,25.0,16.0,989.18,753.0,751.07,8.75,8.11,8.11,53.34,53.15,51.65,301.08,33.01,31.88,33.26,32.1,255.0,151.0,123.0,529.0,33.0,29.0,4.0,280.0,84.0,42.0,8.31,10.07,14.63,7.0,12.0,14.0,531.95,406.0,409.4,4.13,6.28,6.28,30.86,31.16,30.73,84.52,73.94,1744.0,1304.0,0.0,0.0,0.0,0.0,0.0,0.0,regular
8475791,2025,Taylor Hall,CAR,L,all,55,46399.0,974.0,38.34,0.6,0.55,0.62,0.58,0.6,0.57,430.0,105.23,12.76,8.17,23.88,3.59,52.87,36.75,11.58,12.83,11.64,9.0,6.0,89.0,49.0,44.0,182.0,27.0,12.0,8.0,2.0,17.0,1.0,45.0,55.0,77.0,126.0,13.0,26.0,15.0,33.0,15.0,47.0,95.0,25.0,18.0,3.4,3.15,6.21,3.0,4.0,5.0,183.9,138.0,138.91,12.0,1.87,1.61,4.47,10.15,10.2,9.95,974.0,185.0,50.0,163.0,576.0,176.0,137.0,169.0,492.0,15.0,24.0,155230.0,26.0,28.0,14.0,23.0,483.56,48.26,44.76,48.5,45.01,405.0,246.0,277.0,928.0,40.0,57.0,2.0,473.0,113.0,65.0,14.72,13.44,20.1,13.0,14.0,13.0,939.06,651.0,657.5,7.72,11.65,12.03,43.94,44.24,42.81,324.27,32.63,31.18,32.51,31.08,280.0,158.0,134.0,572.0,33.0,35.0,4.0,305.0,101.0,32.0,9.38,12.61,10.65,10.0,12.0,11.0,566.84,438.0,434.09,4.5,6.99,7.24,29.89,29.85,29.45,150.49,123.09,2947.0,2110.0,0.0,0.0,0.0,0.0,0.0,0.0,regular
8477478,2025,William Carrier,CAR,L,all,44,29936.0,741.0,23.45,0.57,0.57,0.6,0.59,0.58,0.58,453.0,64.24,6.27,4.71,15.05,2.07,33.35,23.55,6.09,6.26,6.08,4.0,2.0,53.0,32.0,23.0,108.0,12.0,6.0,7.0,1.0,14.0,0.0,33.0,25.0,47.0,79.0,7.0,14.0,1.0,104.0,10.0,14.0,56.0,23.0,6.0,1.76,3.01,1.51,1.0,4.0,1.0,109.25,85.0,85.38,6.0,1.0,1.14,1.15,6.12,6.14,6.08,741.0,108.0,108.0,179.0,346.0,131.0,65.0,96.0,449.0,1.0,4.0,131886.0,14.0,16.0,8.0,10.0,286.85,23.09,22.16,22.98,22.06,241.0,146.0,187.0,574.0,27.0,23.0,2.0,300.0,65.0,22.0,8.7,8.6,5.8,10.0,14.0,3.0,575.01,387.0,388.31,3.79,4.39,4.2,22.69,22.64,22.08,206.55,17.57,17.21,17.6,17.23,186.0,95.0,99.0,380.0,24.0,16.0,1.0,213.0,52.0,16.0,6.32,6.26,4.99,11.0,11.0,2.0,378.25,281.0,280.98,2.8,3.18,3.18,17.2,17.3,17.08,137.67,102.99,2532.0,1751.0,0.0,0.0,0.0,0.0,0.0,0.0,regular
8484166,2025,Adam Fantilli,CBJ,C,all,54,60813.0,1090.0,39.55,0.59,0.44,0.57,0.47,0.56,0.46,160.0,162.1,18.96,11.79,33.97,5.29,86.6,59.38,17.51,18.91,17.5,12.0,10.0,144.0,72.0,90.0,306.0,35.0,13.0,21.0,1.0,37.0,1.0,70.0,74.0,131.0,203.0,9.0,21.0,358.0,82.0,18.0,58.0,136.0,59.0,21.0,4.91,7.08,6.97,5.0,5.0,3.0,308.05,216.0,217.08,19.0,2.7,6.23,4.62,17.04,17.07,16.47,1090.0,228.0,69.0,184.0,609.0,158.0,182.0,187.0,563.0,358.0,348.0,137037.0,21.0,33.0,14.0,35.0,636.73,71.21,64.92,71.39,65.14,572.0,290.0,316.0,1178.0,61.0,78.0,9.0,602.0,179.0,81.0,18.76,21.34,31.11,20.0,23.0,18.0,1188.8,862.0,869.62,10.53,19.3,19.55,62.19,62.52,59.07,488.83,49.09,46.92,48.78,46.64,444.0,222.0,221.0,887.0,53.0,52.0,3.0,495.0,115.0,56.0,15.3,14.45,19.33,26.0,12.0,15.0,877.35,666.0,660.34,6.81,11.49,11.49,44.41,44.2,43.33,102.65,131.34,2173.0,2483.0,0.0,0.0,0.0,0.0,0.0,0.0,regular
8476432,2025,Boone Jenner,CBJ,C,all,40,40041.0,829.0,28.3,0.45,0.52,0.51,0.5,0.49,0.51,184.0,102.56,11.74,7.51,23.56,3.71,49.5,39.99,11.37,11.77,11.41,13.0,5.0,86.0,50.0,38.0,174.0,26.0,8.0,11.0,1.0,15.0,0.0,59.0,43.0,78.0,128.0,10.0,26.0,86.0,91.0,7.0,35.0,89.0,34.0,13.0,2.89,4.01,4.84,1.0,4.0,3.0,176.93,136.0,138.1,14.0,1.65,1.83,2.02,11.38,11.48,11.3,829.0,115.0,111.0,120.0,483.0,144.0,123.0,115.0,447.0,86.0,76.0,105503.0,26.0,24.0,9.0,39.0,375.24,35.15,33.62,35.34,33.82,344.0,162.0,257.0,763.0,35.0,39.0,4.0,368.0,103.0,35.0,10.76,11.98,12.4,11.0,16.0,8.0,772.55,506.0,511.75,5.88,7.15,7.22,33.81,34.11,33.03,381.24,43.29,39.28,42.97,38.98,352.0,168.0,203.0,723.0,38.0,41.0,3.0,363.0,105.0,52.0,11.19,12.59,19.51,18.0,10.0,10.0,714.69,520.0,515.34,6.03,12.13,12.13,37.19,37.02,35.8,98.61,89.45,1782.0,1748.0,0.0,0.0,0.0,0.0,0.0,0.0,regular
8476867,2025,Brendan Gaunce,CBJ,C,all,25,17854.0,408.0,6.68,0.4,0.51,0.45,0.51,0.44,0.51,232.0,35.38,3.68,2.12,8.29,1.17,17.01,15.73,3.25,3.66,3.23,3.0,1.0,29.0,19.0,13.0,61.0,6.0,2.0,4.0,0.0,5.0,1.0,18.0,18.0,27.0,46.0,6.0,12.0,103.0,44.0,6.0,7.0,37.0,7.0,4.0,1.06,0.87,1.75,1.0,1.0,0.0,61.14,48.0,47.88,2.0,0.45,0.84,1.02,3.11,3.1,2.73,408.0,30.0,91.0,55.0,232.0,60.0,53.0,63.0,232.0,103.0,78.0,73906.0,12.0,6.0,2.0,21.0,129.63,11.24,10.51,11.26,10.55,111.0,67.0,82.0,260.0,11.0,10.0,1.0,143.0,25.0,10.0,4.24,3.06,3.93,7.0,2.0,2.0,261.49,178.0,178.83,1.63,1.98,1.98,10.89,10.94,10.36,163.86,17.07,16.57,17.05,16.55,148.0,76.0,99.0,323.0,18.0,16.0,1.0,168.0,36.0,20.0,5.22,4.34,7.51,8.0,3.0,7.0,321.6,224.0,223.13,2.64,3.28,3.28,16.42,16.38,16.06,69.88,67.61,1303.0,1255.0,0.0,0.0,0.0,0.0,0.0,0.0,regular
8474090,2025,Brendan Smith,CBJ,D,all,15,9970.0,230.0,0.95,0.44,0.5,0.44,0.51,0.42,0.49,87.0,6.95,0.31,0.38,2.11,0.23,4.08,2.88,0.29,0.31,0.29,1.0,1.0,10.0,0.0,11.0,21.0,2.0,0.0,4.0,0.0,3.0,0.0,3.0,0.0,10.0,10.0,4.0,11.0,0.0,12.0,5.0,15.0,10.0,0.0,0.0,0.31,0.0,0.0,0.0,0.0,0.0,21.07,10.0,9.82,11.0,0.08,0.72,0.0,0.39,0.39,0.36,230.0,24.0,21.0,30.0,155.0,35.0,44.0,28.0,123.0,0.0,0.0,45177.0,11.0,7.0,2.0,11.0,63.18,5.38,5.17,5.42,5.21,59.0,25.0,42.0,126.0,5.0,9.0,1.0,62.0,18.0,4.0,1.89,2.54,0.96,2.0,2.0,1.0,127.73,84.0,85.06,0.84,1.66,1.66,4.57,4.65,4.56,82.74,6.86,6.71,6.85,6.7,78.0,36.0,45.0,159.0,7.0,2.0,0.0,87.0,22.0,5.0,2.92,2.4,1.54,3.0,3.0,1.0,158.99,114.0,114.79,1.15,0.79,0.79,7.22,7.26,7.18,40.39,40.7,775.0,751.0,0.0,0.0,0.0,0.0,0.0,0.0,regular
8475745,2025,Charlie Coyle,CBJ,C,all,54,57426.0,1208.0,39.03,0.47,0.5,0.48,0.51,0.48,0.5,206.0,107.09,17.7,8.2,22.14,3.39,50.13,34.44,15.84,17.63,15.79,16.0,8.0,94.0,42.0,29.0,165.0,39.0,15.0,18.0,7.0,9.0,0.0,48.0,46.0,79.0,121.0,4.0,8.0,404.0,72.0,22.0,33.0,80.0,27.0,29.0,2.92,3.49,11.28,3.0,5.0,7.0,167.37,136.0,138.0,7.0,1.86,5.31,8.47,11.09,11.17,10.69,1208.0,163.0,279.0,182.0,584.0,160.0,112.0,181.0,755.0,404.0,401.0,140424.0,8.0,28.0,14.0,34.0,528.05,57.12,53.15,57.13,53.21,478.0,230.0,239.0,947.0,54.0,69.0,7.0,508.0,128.0,72.0,15.18,15.83,26.11,23.0,18.0,13.0,955.49,708.0,715.98,8.27,17.42,17.41,47.98,48.21,46.57,556.33,64.93,59.0,64.8,58.86,502.0,263.0,255.0,1020.0,63.0,65.0,7.0,576.0,112.0,77.0,18.84,14.06,32.02,27.0,11.0,25.0,1014.64,765.0,760.97,9.22,18.04,18.04,56.1,56.02,53.9,116.75,115.5,2404.0,2350.0,0.0,0.0,0.0,0.0,0.0,0.0,regular
8482705,2025,Cole Sillinger,CBJ,C,all,53,49149.0,1059.0,21.13,0.5,0.49,0.47,0.51,0.48,0.5,331.0,98.53,10.07,6.38,21.88,3.15,50.14,40.38,9.8,10.19,9.92,8.0,10.0,91.0,41.0,34.0,166.0,24.0,6.0,7.0,0.0,20.0,0.0,55.0,44.0,85.0,126.0,11.0,22.0,40.0,65.0,21.0,43.0,92.0,31.0,9.0,3.31,3.67,3.09,1.0,3.0,2.0,168.33,132.0,133.75,10.0,1.38,2.06,1.43,10.01,10.09,9.87,1059.0,131.0,140.0,158.0,630.0,165.0,163.0,151.0,580.0,40.0,60.0,145045.0,22.0,4.0,2.0,28.0,424.63,42.53,39.68,42.54,39.74,391.0,190.0,209.0,790.0,42.0,49.0,7.0,438.0,90.0,53.0,13.54,11.12,17.86,18.0,12.0,12.0,798.26,581.0,586.92,5.92,11.01,11.01,37.44,37.6,36.23,463.9,42.69,39.91,42.7,39.87,423.0,216.0,248.0,887.0,39.0,51.0,4.0,497.0,95.0,47.0,15.53,11.65,15.51,21.0,9.0,9.0,883.41,639.0,637.13,6.97,12.75,12.75,36.92,36.86,35.53,127.93,135.2,2489.0,2432.0,0.0,0.0,0.0,0.0,0.0,0.0,regular
8476923,2025,Damon Severson,CBJ,D,all,53,65570.0,1228.0,27.12,0.58,0.45,0.55,0.47,0.54,0.47,183.0,79.66,5.66,5.53,19.88,2.79,46.48,33.64,5.42,5.7,5.46,9.0,8.0,69.0,45.0,66.0,180.0,21.0,4.0,7.0,0.0,16.0,1.0,44.0,42.0,65.0,110.0,14.0,28.0,0.0,34.0,17.0,66.0,98.0,13.0,3.0,2.84,1.54,1.29,3.0,0.0,1.0,182.39,114.0,115.18,42.0,1.19,1.04,1.54,5.33,5.37,5.23,1228.0,153.0,170.0,203.0,702.0,169.0,178.0,167.0,714.0,0.0,0.0,128680.0,28.0,8.0,4.0,63.0,644.89,61.91,58.89,62.17,59.17,575.0,296.0,331.0,1202.0,57.0,75.0,10.0,639.0,158.0,74.0,19.13,18.88,23.92,21.0,19.0,17.0,1214.69,871.0,880.77,9.49,15.74,16.47,54.93,55.36,53.89,538.77,44.06,41.86,44.11,41.88,490.0,248.0,255.0,993.0,48.0,46.0,5.0,583.0,111.0,44.0,17.58,13.63,12.85,24.0,13.0,11.0,989.1,738.0,736.66,7.55,10.07,10.07,41.54,41.57,40.26,106.0,130.63,2075.0,2317.0,0.0,0.0,0.0,0.0,0.0,0.0,regular
8479371,2025,Dante Fabbro,CBJ,D,all,48,46410.0,923.0,4.8,0.39,0.52,0.43,0.53,0.43,0.52,225.0,48.69,1.32,2.43,14.93,1.65,28.44,21.24,1.24,1.32,1.25,3.0,1.0,48.0,22.0,51.0,121.0,7.0,3.0,9.0,0.0,15.0,0.0,27.0,16.0,45.0,67.0,8.0,16.0,0.0,42.0,12.0,42.0,70.0,0.0,0.0,1.32,0.0,0.0,3.0,0.0,0.0,121.75,70.0,70.64,31.0,0.49,1.4,0.03,1.78,1.79,1.69,923.0,82.0,118.0,136.0,587.0,149.0,145.0,120.0,509.0,0.0,0.0,129840.0,16.0,10.0,5.0,81.0,361.41,30.95,29.43,31.15,29.66,327.0,163.0,200.0,690.0,20.0,48.0,3.0,374.0,81.0,35.0,10.87,10.67,9.41,8.0,9.0,3.0,698.18,490.0,496.47,5.0,8.28,8.51,27.44,27.77,27.11,483.74,47.67,44.92,47.63,44.87,434.0,227.0,272.0,933.0,43.0,59.0,7.0,492.0,118.0,51.0,15.77,14.29,17.61,17.0,15.0,11.0,928.57,661.0,659.98,7.49,13.15,13.15,42.01,42.01,41.05,124.98,117.44,2343.0,2096.0,0.0,0.0,0.0,0.0,0.0,0.0,regular
8478046,2025,Danton Heinen,CBJ,L,all,24,15256.0,357.0,6.81,0.54,0.51,0.53,0.51,0.54,0.51,256.0,31.39,3.51,2.46,7.34,0.97,15.76,10.96,3.35,3.5,3.33,2.0,0.0,23.0,18.0,14.0,55.0,4.0,2.0,1.0,0.0,10.0,0.0,19.0,9.0,21.0,39.0,4.0,8.0,6.0,37.0,6.0,8.0,24.0,12.0,5.0,0.81,1.38,1.32,1.0,1.0,0.0,53.98,41.0,40.16,0.0,0.54,0.32,1.44,2.61,2.56,2.46,357.0,30.0,57.0,45.0,225.0,76.0,50.0,46.0,185.0,6.0,13.0,72556.0,8.0,4.0,2.0,16.0,135.76,11.24,10.82,11.1,10.69,112.0,74.0,66.0,252.0,11.0,14.0,0.0,143.0,32.0,11.0,3.89,3.77,3.57,7.0,2.0,2.0,247.97,186.0,182.84,1.92,2.78,2.56,10.6,10.44,10.18,115.01,9.51,8.88,9.68,9.04,102.0,55.0,68.0,225.0,11.0,11.0,1.0,127.0,19.0,11.0,3.94,2.24,3.32,6.0,3.0,2.0,227.88,157.0,159.03,1.7,2.6,2.6,8.62,8.78,8.53,67.84,65.91,1272.0,1227.0,0.0,0.0,0.0,0.0,0.0,0.0,regular
8483485,2025,Denton Mateychuk,CBJ,D,all,47,56647.0,1051.0,26.95,0.46,0.5,0.48,0.5,0.48,0.49,159.0,59.18,3.11,3.25,15.08,1.95,32.83,26.78,3.02,3.14,3.05,8.0,5.0,56.0,27.0,54.0,137.0,22.0,9.0,3.0,1.0,16.0,0.0,20.0,35.0,47.0,74.0,2.0,4.0,0.0,19.0,12.0,51.0,74.0,8.0,1.0,1.68,1.09,0.33,4.0,4.0,1.0,138.84,83.0,84.64,33.0,0.69,0.56,0.34,3.45,3.48,3.4,1051.0,127.0,190.0,179.0,555.0,142.0,148.0,149.0,612.0,0.0,0.0,115703.0,4.0,16.0,8.0,64.0,485.5,46.55,42.94,46.97,43.36,440.0,219.0,253.0,912.0,45.0,55.0,7.0,482.0,131.0,46.0,14.71,15.81,16.04,17.0,17.0,11.0,923.29,659.0,667.45,6.82,12.05,11.76,41.62,41.98,39.99,535.61,53.93,50.96,53.48,50.55,482.0,246.0,249.0,977.0,56.0,64.0,3.0,536.0,133.0,59.0,16.68,17.06,20.19,23.0,18.0,15.0,967.44,728.0,721.2,8.51,13.81,13.81,48.63,48.27,46.79,102.39,101.81,1999.0,1975.0,0.0,0.0,0.0,0.0,0.0,0.0,regular
8481716,2025,Dmitri Voronkov,CBJ,L,all,54,47635.0,1016.0,33.92,0.58,0.46,0.58,0.47,0.58,0.47,382.0,121.44,17.21,10.02,27.6,4.29,57.8,39.08,15.21,17.43,15.41,9.0,6.0,102.0,54.0,20.0,176.0,32.0,17.0,17.0,3.0,17.0,0.0,64.0,41.0,85.0,139.0,24.0,59.0,5.0,93.0,9.0,38.0,81.0,50.0,25.0,2.38,6.19,8.64,2.0,8.0,7.0,178.21,156.0,157.94,9.0,2.46,3.73,5.91,13.76,13.93,13.17,1016.0,245.0,65.0,190.0,516.0,130.0,140.0,163.0,583.0,5.0,18.0,150215.0,59.0,23.0,7.0,24.0,523.88,51.01,46.28,51.36,46.64,454.0,248.0,253.0,955.0,51.0,69.0,7.0,509.0,137.0,56.0,14.48,16.79,19.74,19.0,15.0,17.0,963.54,702.0,708.32,8.55,14.8,14.8,44.76,45.1,42.55,376.16,37.34,35.95,37.27,35.88,341.0,171.0,175.0,687.0,38.0,35.0,3.0,386.0,84.0,42.0,11.47,10.24,15.64,12.0,11.0,15.0,683.68,512.0,510.34,5.01,6.72,6.72,35.64,35.58,34.75,122.86,143.08,2396.0,2683.0,0.0,0.0,0.0,0.0,0.0,0.0,regular
8478062,2025,Dysin Mayo,CBJ,D,all,3,1512.0,37.0,2.13,0.6,0.54,0.71,0.58,0.71,0.58,18.0,3.53,0.09,0.18,1.08,0.1,2.08,1.47,0.09,0.09,0.08,0.0,1.0,5.0,0.0,2.0,7.0,1.0,0.0,0.0,0.0,0.0,0.0,3.0,2.0,5.0,5.0,0.0,0.0,0.0,0.0,0.0,0.0,5.0,0.0,0.0,0.09,0.0,0.0,0.0,0.0,0.0,6.82,5.0,4.96,0.0,0.04,0.0,0.0,0.13,0.12,0.12,37.0,9.0,1.0,5.0,22.0,12.0,3.0,2.0,20.0,0.0,0.0,9288.0,0.0,0.0,0.0,1.0,19.54,1.42,1.35,1.41,1.33,17.0,10.0,7.0,34.0,2.0,1.0,1.0,21.0,6.0,0.0,0.64,0.78,0.0,1.0,1.0,0.0,33.89,27.0,27.23,0.27,0.11,0.11,1.58,1.56,1.51,8.32,0.95,0.88,0.96,0.89,7.0,4.0,3.0,14.0,1.0,3.0,0.0,7.0,3.0,1.0,0.25,0.43,0.28,1.0,0.0,0.0,14.35,11.0,11.02,0.11,0.54,0.54,0.52,0.53,0.52,12.37,10.64,198.0,145.0,0.0,0.0,0.0,0.0,0.0,0.0,regular
8481178,2025,Egor Zamula,CBJ,D,all,23,19655.0,436.0,3.2,0.38,0.52,0.47,0.48,0.47,0.49,125.0,13.07,0.39,0.6,4.1,0.44,7.82,5.66,0.39,0.38,0.38,1.0,1.0,14.0,5.0,17.0,36.0,2.0,0.0,1.0,0.0,7.0,0.0,5.0,6.0,14.0,19.0,2.0,4.0,0.0,3.0,4.0,19.0,19.0,0.0,0.0,0.39,0.0,0.0,0.0,0.0,0.0,35.81,19.0,18.99,14.0,0.12,0.15,0.0,0.51,0.5,0.5,436.0,32.0,32.0,73.0,299.0,64.0,60.0,52.0,260.0,0.0,0.0,64246.0,4.0,0.0,0.0,29.0,138.39,10.4,10.17,10.58,10.34,134.0,55.0,76.0,265.0,16.0,9.0,2.0,154.0,28.0,7.0,4.78,3.46,2.16,9.0,6.0,1.0,269.78,189.0,191.44,1.79,1.96,1.96,10.23,10.34,10.2,157.17,16.69,15.02,16.58,14.91,133.0,81.0,89.0,303.0,12.0,20.0,1.0,163.0,29.0,22.0,4.82,3.57,8.31,9.0,0.0,3.0,299.63,214.0,212.46,2.19,4.62,4.62,14.27,14.1,12.84,60.02,55.29,1024.0,1093.0,0.0,0.0,0.0,0.0,0.0,0.0,regular
8475790,2025,Erik Gudbranson,CBJ,D,all,12,12920.0,272.0,1.23,0.41,0.55,0.36,0.55,0.35,0.56,53.0,13.53,0.39,0.67,3.94,0.5,8.23,6.28,0.37,0.39,0.37,2.0,0.0,11.0,9.0,16.0,36.0,3.0,1.0,2.0,0.0,1.0,0.0,7.0,9.0,10.0,19.0,4.0,8.0,0.0,18.0,5.0,9.0,20.0,0.0,0.0,0.39,0.0,0.0,1.0,0.0,0.0,36.46,20.0,20.25,7.0,0.13,0.48,0.0,0.52,0.52,0.51,272.0,14.0,53.0,42.0,163.0,31.0,47.0,39.0,155.0,0.0,0.0,30880.0,8.0,2.0,1.0,15.0,83.34,9.22,8.6,9.27,8.67,76.0,41.0,44.0,161.0,10.0,9.0,0.0,92.0,13.0,12.0,2.29,1.75,5.18,4.0,3.0,3.0,164.57,117.0,119.19,1.05,2.22,2.22,8.05,8.16,7.97,158.06,13.2,12.55,13.04,12.4,140.0,80.0,61.0,281.0,14.0,18.0,2.0,172.0,36.0,12.0,5.49,4.31,3.4,8.0,4.0,2.0,276.74,220.0,217.11,3.0,3.12,3.12,13.07,12.97,12.52,30.6,24.62,570.0,460.0,0.0,0.0,0.0,0.0,0.0,0.0,regular
8480806,2025,Isac Lundestrm,CBJ,C,all,40,29492.0,696.0,3.81,0.38,0.5,0.41,0.52,0.4,0.5,376.0,32.76,3.27,1.82,6.58,1.09,14.79,14.44,3.21,3.27,3.21,1.0,4.0,33.0,9.0,10.0,52.0,7.0,2.0,5.0,0.0,7.0,0.0,9.0,19.0,31.0,40.0,2.0,4.0,110.0,19.0,4.0,23.0,30.0,10.0,2.0,0.95,1.43,0.89,0.0,2.0,0.0,51.98,42.0,42.03,16.0,0.39,0.9,0.39,3.28,3.27,3.25,696.0,51.0,97.0,100.0,448.0,98.0,96.0,90.0,412.0,110.0,97.0,117455.0,4.0,6.0,3.0,18.0,195.48,14.97,14.6,15.05,14.68,184.0,81.0,99.0,364.0,17.0,17.0,2.0,212.0,41.0,12.0,5.92,5.47,3.58,7.0,9.0,1.0,368.16,265.0,267.78,2.53,2.85,2.85,14.65,14.79,14.65,282.69,24.11,22.7,24.16,22.75,257.0,135.0,137.0,529.0,28.0,24.0,1.0,307.0,60.0,25.0,9.21,7.29,7.61,18.0,6.0,4.0,528.33,392.0,391.24,4.52,5.19,5.19,23.43,23.47,22.59,107.75,108.12,2066.0,1945.0,0.0,0.0,0.0,0.0,0.0,0.0,regular
8478500,2025,Ivan Provorov,CBJ,D,all,54,82703.0,1408.0,22.7,0.45,0.52,0.45,0.53,0.44,0.53,96.0,114.31,5.22,6.4,34.17,3.93,62.98,47.31,4.94,5.17,4.91,9.0,5.0,110.0,50.0,77.0,237.0,19.0,5.0,12.0,1.0,30.0,0.0,71.0,42.0,105.0,155.0,13.0,26.0,0.0,22.0,18.0,89.0,147.0,11.0,2.0,3.19,1.38,0.65,4.0,1.0,0.0,237.37,160.0,159.93,63.0,1.38,2.76,1.39,5.21,5.2,5.0,1408.0,159.0,251.0,233.0,765.0,175.0,181.0,228.0,824.0,0.0,0.0,115147.0,26.0,8.0,4.0,92.0,669.33,66.53,63.1,66.62,63.24,620.0,288.0,361.0,1269.0,68.0,79.0,10.0,684.0,147.0,77.0,20.52,17.99,28.02,27.0,23.0,18.0,1281.13,908.0,915.27,9.49,15.62,14.81,61.21,61.43,59.42,836.37,81.53,74.27,81.56,74.25,742.0,398.0,408.0,1548.0,73.0,99.0,7.0,868.0,182.0,90.0,27.87,22.47,31.2,42.0,14.0,17.0,1541.45,1140.0,1136.58,13.57,23.8,23.8,71.3,71.26,68.44,107.34,98.9,2082.0,1822.0,0.0,0.0,0.0,0.0,0.0,0.0,regular
8481161,2025,Jake Christiansen,CBJ,D,all,32,19570.0,415.0,3.7,0.45,0.51,0.51,0.5,0.5,0.5,187.0,26.91,0.76,1.41,7.94,0.95,16.36,11.57,0.76,0.79,0.78,1.0,1.0,22.0,17.0,27.0,66.0,2.0,0.0,0.0,0.0,13.0,0.0,15.0,11.0,22.0,39.0,2.0,4.0,0.0,25.0,2.0,11.0,39.0,0.0,0.0,0.76,0.0,0.0,0.0,0.0,0.0,69.18,39.0,40.74,6.0,0.28,0.0,0.06,0.98,1.01,1.01,415.0,37.0,41.0,54.0,283.0,81.0,62.0,40.0,232.0,0.0,0.0,97272.0,4.0,2.0,1.0,15.0,165.34,13.61,12.79,13.74,12.94,135.0,92.0,104.0,331.0,4.0,18.0,1.0,183.0,27.0,17.0,5.03,3.79,4.79,2.0,2.0,0.0,341.78,227.0,233.09,2.22,4.03,4.03,11.81,12.03,11.76,165.89,16.38,15.45,16.36,15.42,155.0,70.0,90.0,315.0,15.0,24.0,3.0,166.0,42.0,17.0,4.92,5.12,6.34,6.0,6.0,3.0,310.78,225.0,222.87,2.37,6.46,6.46,12.29,12.28,12.05,93.68,90.19,1646.0,1678.0,0.0,0.0,0.0,0.0,0.0,0.0,regular
8482660,2025,Kent Johnson,CBJ,C,all,53,43658.0,887.0,20.09,0.56,0.47,0.57,0.48,0.55,0.47,417.0,83.5,7.24,5.82,18.74,2.7,46.75,32.75,6.81,7.31,6.89,5.0,7.0,82.0,32.0,49.0,163.0,18.0,6.0,6.0,1.0,18.0,0.0,48.0,36.0,76.0,108.0,6.0,12.0,0.0,8.0,8.0,34.0,91.0,16.0,7.0,3.23,1.77,2.24,0.0,3.0,3.0,164.64,114.0,115.4,7.0,1.28,0.54,0.99,7.53,7.65,7.29,887.0,159.0,77.0,144.0,507.0,146.0,128.0,123.0,490.0,0.0,1.0,150292.0,12.0,8.0,4.0,28.0,429.89,39.31,36.88,39.6,37.17,391.0,187.0,253.0,831.0,38.0,45.0,5.0,439.0,94.0,45.0,13.21,11.01,15.09,11.0,14.0,13.0,839.68,578.0,583.22,6.93,9.52,9.87,36.38,36.7,35.32,339.26,31.03,29.91,30.85,29.75,296.0,168.0,171.0,635.0,38.0,36.0,5.0,348.0,87.0,29.0,10.94,11.2,8.89,20.0,10.0,8.0,630.83,464.0,462.45,4.76,7.07,7.07,28.73,28.64,28.18,131.01,146.38,2454.0,2673.0,0.0,0.0,0.0,0.0,0.0,0.0,regular
8480893,2025,Kirill Marchenko,CBJ,R,all,50,56261.0,1040.0,48.49,0.58,0.44,0.58,0.46,0.58,0.46,133.0,169.51,16.72,11.19,39.6,5.53,92.02,63.94,16.24,16.83,16.35,14.0,13.0,152.0,77.0,78.0,307.0,46.0,19.0,18.0,1.0,34.0,0.0,79.0,79.0,133.0,210.0,10.0,20.0,2.0,40.0,29.0,66.0,161.0,56.0,12.0,5.73,6.52,4.47,8.0,7.0,4.0,308.71,229.0,230.84,21.0,2.56,3.23,2.83,16.45,16.54,16.17,1040.0,255.0,76.0,206.0,503.0,130.0,165.0,165.0,580.0,2.0,3.0,126850.0,20.0,26.0,13.0,30.0,631.05,67.61,61.74,67.94,62.1,558.0,290.0,283.0,1131.0,62.0,79.0,10.0,605.0,169.0,74.0,18.9,20.31,28.41,19.0,24.0,19.0,1141.21,848.0,855.87,10.77,17.72,17.72,60.66,61.02,57.66,460.71,48.49,46.32,48.25,46.09,427.0,194.0,188.0,809.0,35.0,54.0,4.0,460.0,102.0,59.0,13.41,12.9,22.18,10.0,9.0,16.0,799.77,621.0,614.95,6.18,11.93,11.93,42.74,42.5,41.67,93.98,119.56,1995.0,2331.0,0.0,0.0,0.0,0.0,0.0,0.0,regular
8483432,2025,Luca Del Bel Belluz,CBJ,C,all,13,6844.0,153.0,-0.11,0.42,0.49,0.44,0.5,0.47,0.49,148.0,10.13,0.88,0.72,2.44,0.34,5.7,3.92,0.86,0.89,0.87,0.0,1.0,11.0,3.0,2.0,16.0,1.0,0.0,2.0,0.0,1.0,0.0,7.0,4.0,11.0,14.0,2.0,4.0,23.0,2.0,2.0,1.0,11.0,2.0,1.0,0.36,0.28,0.25,0.0,0.0,0.0,16.4,14.0,14.26,1.0,0.16,0.43,0.25,0.79,0.8,0.79,153.0,15.0,17.0,21.0,100.0,24.0,27.0,18.0,84.0,23.0,37.0,41469.0,4.0,2.0,1.0,10.0,52.86,3.39,3.32,3.47,3.4,47.0,27.0,24.0,98.0,2.0,5.0,0.0,63.0,8.0,3.0,1.58,1.1,0.71,1.0,1.0,0.0,99.71,74.0,74.94,0.7,0.74,0.74,3.36,3.43,3.41,59.78,4.68,4.56,4.6,4.48,53.0,31.0,41.0,125.0,4.0,6.0,0.0,69.0,9.0,6.0,1.94,1.16,1.57,3.0,1.0,0.0,123.64,84.0,83.29,0.81,1.43,1.43,4.06,3.99,3.92,37.23,39.34,696.0,707.0,0.0,0.0,0.0,0.0,0.0,0.0,regular
8484214,2025,Luca Pinelli,CBJ,C,all,3,2478.0,50.0,0.7,0.52,0.49,0.53,0.49,0.54,0.47,24.0,6.14,0.52,0.43,1.45,0.24,3.58,2.79,0.52,0.51,0.51,0.0,0.0,6.0,3.0,1.0,10.0,0.0,0.0,1.0,0.0,1.0,0.0,4.0,3.0,6.0,9.0,0.0,0.0,0.0,2.0,0.0,3.0,7.0,2.0,0.0,0.3,0.22,0.0,0.0,0.0,0.0,9.78,9.0,8.87,0.0,0.09,0.08,0.0,0.61,0.6,0.6,50.0,8.0,3.0,7.0,32.0,7.0,11.0,6.0,26.0,0.0,0.0,8661.0,0.0,0.0,0.0,1.0,24.39,2.59,2.48,2.52,2.41,25.0,8.0,10.0,43.0,1.0,3.0,1.0,24.0,6.0,3.0,0.97,0.8,0.81,0.0,0.0,1.0,42.33,33.0,32.7,0.37,0.69,0.69,2.27,2.22,2.17,21.49,2.41,2.2,2.44,2.23,21.0,7.0,10.0,38.0,2.0,4.0,0.0,17.0,7.0,4.0,0.51,0.88,1.01,0.0,2.0,0.0,38.79,28.0,28.53,0.34,0.84,0.84,1.9,1.95,1.91,6.95,7.25,131.0,136.0,0.0,0.0,0.0,0.0,0.0,0.0,regular
8478975,2025,Mason Marchment,CBJ,L,all,41,42528.0,847.0,21.59,0.56,0.48,0.53,0.46,0.52,0.46,184.0,85.64,10.39,5.92,19.55,3.04,45.87,33.23,10.14,10.34,10.1,5.0,7.0,70.0,48.0,42.0,160.0,25.0,13.0,12.0,2.0,12.0,0.0,41.0,40.0,57.0,105.0,16.0,32.0,14.0,47.0,14.0,52.0,80.0,28.0,10.0,2.85,3.69,3.85,6.0,3.0,4.0,160.09,118.0,118.53,11.0,1.31,1.52,1.38,10.32,10.31,10.14,847.0,143.0,72.0,143.0,489.0,150.0,147.0,128.0,422.0,14.0,25.0,107455.0,32.0,24.0,12.0,16.0,351.26,36.11,34.74,36.02,34.66,305.0,175.0,196.0,676.0,34.0,40.0,6.0,356.0,92.0,32.0,11.9,11.34,12.88,13.0,9.0,12.0,679.55,480.0,483.29,5.49,8.0,8.0,33.6,33.6,32.92,326.67,28.15,27.32,28.23,27.39,283.0,166.0,159.0,608.0,24.0,26.0,1.0,353.0,66.0,30.0,10.55,7.98,9.63,12.0,6.0,6.0,605.59,449.0,446.45,4.54,4.15,4.16,28.54,28.57,28.16,84.11,92.52,1652.0,1951.0,0.0,0.0,0.0,0.0,0.0,0.0,regular
8479671,2025,Mathieu Olivier,CBJ,R,all,41,35672.0,768.0,16.3,0.48,0.5,0.45,0.51,0.47,0.51,295.0,70.68,8.35,5.01,16.67,2.39,34.49,28.08,8.05,8.42,8.12,5.0,4.0,53.0,42.0,22.0,117.0,15.0,6.0,8.0,0.0,6.0,0.0,32.0,43.0,47.0,89.0,14.0,52.0,2.0,152.0,8.0,16.0,66.0,16.0,13.0,1.98,1.85,4.53,4.0,1.0,1.0,119.33,95.0,96.8,6.0,1.06,1.31,3.13,6.28,6.35,6.29,768.0,80.0,105.0,122.0,461.0,115.0,125.0,104.0,424.0,2.0,5.0,114231.0,52.0,46.0,14.0,30.0,306.95,28.25,26.41,28.45,26.63,270.0,147.0,137.0,554.0,29.0,43.0,4.0,322.0,57.0,38.0,8.92,7.01,12.32,16.0,7.0,6.0,566.16,417.0,425.95,4.25,10.13,9.78,22.71,23.03,22.3,336.14,30.22,28.33,30.16,28.24,307.0,159.0,200.0,666.0,26.0,32.0,1.0,358.0,78.0,30.0,11.36,9.2,9.66,15.0,7.0,4.0,661.51,466.0,462.95,5.17,7.47,7.47,27.93,27.9,26.77,107.93,106.06,2022.0,1910.0,0.0,0.0,0.0,0.0,0.0,0.0,regular
8482451,2025,Mikael Pyyhtia,CBJ,L,all,5,3078.0,68.0,2.1,0.47,0.58,0.55,0.54,0.55,0.57,54.0,9.36,0.69,0.57,2.37,0.29,4.59,3.49,0.64,0.69,0.64,0.0,0.0,6.0,6.0,3.0,15.0,1.0,1.0,2.0,0.0,3.0,0.0,3.0,3.0,5.0,11.0,0.0,0.0,0.0,1.0,1.0,1.0,10.0,1.0,1.0,0.29,0.11,0.28,1.0,0.0,0.0,15.16,12.0,12.03,0.0,0.12,0.36,0.28,0.53,0.53,0.51,68.0,5.0,9.0,10.0,44.0,10.0,6.0,6.0,46.0,0.0,0.0,14983.0,0.0,0.0,0.0,2.0,31.32,2.11,1.96,2.13,1.98,20.0,22.0,19.0,61.0,1.0,3.0,0.0,34.0,6.0,2.0,0.9,0.69,0.51,1.0,0.0,0.0,61.56,42.0,42.19,0.39,0.59,0.59,1.9,1.92,1.82,25.03,2.39,2.28,2.36,2.25,21.0,13.0,16.0,50.0,3.0,4.0,2.0,27.0,6.0,1.0,0.84,0.77,0.78,1.0,1.0,1.0,50.99,34.0,34.07,0.42,1.09,1.09,1.72,1.7,1.68,19.53,13.99,302.0,255.0,0.0,0.0,0.0,0.0,0.0,0.0,regular
8477425,2025,Miles Wood,CBJ,L,all,35,27181.0,605.0,9.99,0.43,0.51,0.44,0.51,0.42,0.51,306.0,57.79,6.99,4.32,14.03,2.35,28.33,20.97,6.47,7.02,6.51,3.0,2.0,52.0,25.0,17.0,94.0,13.0,8.0,7.0,0.0,9.0,1.0,28.0,24.0,44.0,69.0,8.0,16.0,1.0,42.0,4.0,24.0,47.0,18.0,12.0,1.59,2.27,3.13,0.0,6.0,2.0,95.17,77.0,77.86,7.0,0.93,1.66,2.28,5.65,5.74,5.56,605.0,59.0,67.0,84.0,395.0,100.0,84.0,76.0,345.0,1.0,7.0,101410.0,16.0,18.0,9.0,10.0,214.61,18.01,17.03,18.12,17.17,192.0,98.0,122.0,412.0,17.0,20.0,1.0,218.0,54.0,18.0,6.35,6.82,4.83,5.0,10.0,2.0,417.11,290.0,293.65,2.93,3.65,3.65,17.29,17.51,16.94,283.03,24.31,23.1,24.11,22.91,258.0,135.0,122.0,515.0,26.0,29.0,1.0,314.0,51.0,28.0,9.74,6.56,8.0,18.0,3.0,5.0,509.87,393.0,389.58,4.11,6.0,6.0,22.42,22.25,21.63,89.84,85.21,1729.0,1645.0,0.0,0.0,0.0,0.0,0.0,0.0,regular
8477497,2025,Sean Monahan,CBJ,C,all,50,52881.0,1116.0,29.89,0.47,0.5,0.53,0.49,0.52,0.49,202.0,84.24,9.94,6.61,18.53,2.92,40.11,32.88,8.87,10.06,8.98,7.0,10.0,80.0,31.0,32.0,143.0,26.0,9.0,12.0,4.0,14.0,0.0,38.0,38.0,71.0,102.0,5.0,10.0,461.0,27.0,15.0,40.0,73.0,24.0,14.0,2.21,3.06,4.67,1.0,4.0,4.0,144.35,111.0,111.67,15.0,1.56,2.48,3.33,8.17,8.25,7.4,1116.0,210.0,197.0,176.0,533.0,155.0,106.0,187.0,668.0,461.0,402.0,130427.0,10.0,18.0,9.0,23.0,545.0,53.25,49.48,53.63,49.86,510.0,221.0,288.0,1019.0,54.0,56.0,8.0,539.0,136.0,56.0,15.64,16.6,21.01,11.0,23.0,20.0,1025.88,731.0,736.14,8.8,11.13,10.91,51.14,51.49,49.02,504.51,59.22,53.48,59.08,53.35,457.0,221.0,213.0,891.0,57.0,68.0,7.0,484.0,123.0,71.0,15.31,15.54,28.37,18.0,16.0,23.0,889.19,678.0,676.87,8.06,16.58,16.58,50.71,50.58,48.9,108.02,108.15,2093.0,2192.0,0.0,0.0,0.0,0.0,0.0,0.0,regular
8478460,2025,Zach Werenski,CBJ,D,all,50,79567.0,1316.0,64.37,0.52,0.44,0.54,0.46,0.53,0.45,73.0,185.89,9.82,10.5,51.22,6.04,104.77,75.64,9.27,9.88,9.33,20.0,21.0,179.0,79.0,124.0,382.0,60.0,19.0,15.0,0.0,49.0,0.0,92.0,83.0,160.0,239.0,5.0,10.0,0.0,21.0,23.0,82.0,235.0,19.0,4.0,6.17,2.15,1.5,13.0,5.0,1.0,386.41,258.0,261.56,51.0,2.41,3.01,0.69,11.54,11.62,11.0,1316.0,225.0,181.0,241.0,669.0,119.0,199.0,248.0,750.0,0.0,0.0,103883.0,10.0,12.0,6.0,64.0,836.8,81.05,76.31,81.34,76.64,763.0,363.0,409.0,1535.0,92.0,83.0,7.0,828.0,218.0,80.0,25.45,26.11,29.5,36.0,36.0,20.0,1545.51,1126.0,1133.72,13.24,18.39,18.54,75.76,76.2,73.62,716.07,75.91,70.15,75.39,69.69,653.0,327.0,326.0,1306.0,75.0,77.0,7.0,726.0,166.0,88.0,22.07,20.48,33.35,35.0,13.0,27.0,1296.15,980.0,971.98,10.79,19.19,19.19,67.5,67.14,65.1,75.27,95.29,1560.0,1837.0,0.0,0.0,0.0,0.0,0.0,0.0,regular
8479944,2025,Zachary Aston-Reese,CBJ,L,all,26,14994.0,354.0,4.11,0.46,0.46,0.44,0.51,0.43,0.49,289.0,20.76,2.26,1.58,5.11,0.69,10.56,7.8,2.2,2.22,2.16,3.0,1.0,17.0,11.0,3.0,31.0,5.0,1.0,2.0,0.0,9.0,0.0,6.0,10.0,16.0,27.0,6.0,12.0,7.0,71.0,2.0,10.0,20.0,3.0,5.0,0.64,0.47,1.15,0.0,0.0,1.0,30.81,28.0,27.63,5.0,0.34,0.46,0.43,2.17,2.15,2.13,354.0,22.0,55.0,50.0,227.0,57.0,47.0,42.0,208.0,7.0,18.0,80043.0,12.0,12.0,6.0,17.0,100.74,9.04,8.82,9.01,8.79,89.0,50.0,60.0,199.0,6.0,10.0,1.0,110.0,17.0,12.0,3.19,2.32,3.52,3.0,1.0,2.0,200.93,139.0,138.96,1.33,1.92,1.92,8.45,8.47,8.4,133.28,10.52,10.01,10.65,10.14,109.0,75.0,71.0,255.0,9.0,11.0,2.0,149.0,27.0,8.0,4.59,3.36,2.58,5.0,2.0,2.0,255.78,184.0,185.36,2.03,2.4,2.4,10.15,10.2,9.94,71.0,83.58,1391.0,1353.0,0.0,0.0,0.0,0.0,0.0,0.0,regular
8483609,2025,Adam Klapka,CGY,R,all,53,33789.0,783.0,10.93,0.46,0.49,0.5,0.51,0.5,0.5,543.0,68.78,5.8,4.82,17.4,2.45,35.96,26.57,5.6,5.81,5.61,5.0,2.0,54.0,39.0,33.0,126.0,12.0,5.0,5.0,1.0,8.0,0.0,34.0,41.0,49.0,88.0,23.0,61.0,8.0,194.0,10.0,21.0,70.0,16.0,7.0,2.06,1.91,1.82,2.0,1.0,2.0,125.6,93.0,93.35,5.0,1.03,1.02,1.46,5.37,5.36,5.31,783.0,72.0,59.0,107.0,545.0,129.0,122.0,94.0,438.0,8.0,20.0,158874.0,61.0,41.0,13.0,32.0,272.09,23.13,22.26,23.21,22.33,232.0,139.0,181.0,552.0,19.0,20.0,2.0,286.0,56.0,29.0,7.84,6.66,8.63,9.0,5.0,5.0,551.17,371.0,371.25,3.86,4.9,4.9,22.08,22.08,21.75,271.37,27.33,26.12,27.57,26.36,235.0,136.0,171.0,542.0,21.0,25.0,2.0,274.0,65.0,32.0,8.34,8.18,10.81,5.0,6.0,10.0,550.85,371.0,375.14,3.77,4.63,4.63,26.48,26.75,25.95,131.5,137.11,2681.0,2607.0,0.0,0.0,0.0,0.0,0.0,0.0,regular
8476399,2025,Blake Coleman,CGY,L,all,44,44890.0,1029.0,27.94,0.49,0.48,0.5,0.51,0.49,0.5,209.0,108.05,11.83,7.98,24.69,3.56,53.35,41.58,11.54,11.82,11.53,5.0,3.0,105.0,38.0,41.0,184.0,21.0,13.0,11.0,0.0,19.0,0.0,46.0,54.0,92.0,130.0,13.0,29.0,12.0,110.0,15.0,41.0,87.0,43.0,13.0,2.86,5.58,3.39,6.0,6.0,1.0,184.07,143.0,143.56,14.0,1.77,2.92,2.24,11.36,11.34,11.25,1029.0,70.0,262.0,178.0,519.0,166.0,99.0,155.0,609.0,12.0,15.0,115121.0,29.0,25.0,11.0,29.0,387.96,38.61,37.54,38.59,37.52,368.0,156.0,216.0,740.0,37.0,41.0,6.0,383.0,95.0,46.0,10.52,11.96,16.14,13.0,8.0,16.0,738.72,524.0,523.95,5.64,8.95,8.95,35.3,35.23,34.8,400.76,40.04,36.84,40.22,37.02,366.0,174.0,187.0,727.0,40.0,50.0,7.0,383.0,114.0,43.0,10.89,14.23,14.92,11.0,15.0,14.0,729.61,540.0,540.33,6.96,11.18,11.23,35.77,35.92,34.71,89.13,96.08,1943.0,1874.0,0.0,0.0,0.0,0.0,0.0,0.0,regular
8481167,2025,Brayden Pachal,CGY,D,all,26,20460.0,513.0,6.68,0.53,0.49,0.51,0.5,0.51,0.5,145.0,24.45,0.83,1.34,7.07,0.78,14.86,10.11,0.82,0.83,0.82,2.0,1.0,19.0,16.0,31.0,66.0,3.0,0.0,2.0,0.0,5.0,0.0,15.0,13.0,19.0,35.0,7.0,17.0,0.0,65.0,5.0,19.0,33.0,2.0,0.0,0.59,0.24,0.0,0.0,0.0,0.0,65.58,35.0,34.83,15.0,0.27,0.62,0.0,1.1,1.11,1.09,513.0,37.0,38.0,46.0,392.0,75.0,81.0,37.0,320.0,0.0,0.0,74340.0,17.0,19.0,7.0,22.0,176.33,14.0,13.69,13.94,13.63,158.0,81.0,110.0,349.0,10.0,16.0,1.0,177.0,48.0,14.0,4.67,5.82,3.51,4.0,5.0,1.0,347.32,239.0,238.5,2.4,3.0,3.0,13.4,13.39,13.25,166.56,12.48,12.02,12.61,12.13,135.0,99.0,98.0,332.0,12.0,13.0,2.0,193.0,29.0,12.0,5.68,3.83,2.97,6.0,3.0,3.0,333.77,234.0,234.19,2.45,2.15,2.15,12.79,12.84,12.46,67.39,69.18,1241.0,1226.0,0.0,0.0,0.0,0.0,0.0,0.0,regular
8482074,2025,Connor Zary,CGY,C,all,52,45145.0,954.0,21.27,0.54,0.46,0.56,0.49,0.54,0.48,382.0,85.38,11.63,6.32,18.62,2.78,40.86,30.78,11.04,11.68,11.07,4.0,8.0,78.0,33.0,28.0,139.0,20.0,8.0,8.0,2.0,19.0,1.0,40.0,35.0,70.0,103.0,7.0,14.0,55.0,33.0,8.0,32.0,73.0,24.0,14.0,2.53,3.07,6.03,0.0,4.0,4.0,138.51,111.0,111.09,8.0,1.44,2.02,3.72,9.36,9.31,9.18,954.0,107.0,106.0,139.0,602.0,181.0,127.0,119.0,527.0,55.0,78.0,143618.0,14.0,24.0,12.0,14.0,410.95,38.43,36.63,38.52,36.7,384.0,175.0,246.0,805.0,28.0,53.0,8.0,430.0,90.0,39.0,12.2,11.34,14.9,7.0,9.0,12.0,803.23,559.0,559.13,6.4,12.1,12.1,32.73,32.62,31.82,347.39,32.47,31.11,32.77,31.39,296.0,174.0,170.0,640.0,28.0,33.0,2.0,346.0,92.0,32.0,10.36,11.83,10.28,9.0,10.0,9.0,646.26,470.0,472.52,4.65,6.31,6.31,30.82,31.09,30.47,113.25,130.47,2358.0,2456.0,0.0,0.0,0.0,0.0,0.0,0.0,regular
8482624,2025,Daniil Miromanov,CGY,D,all,1,1069.0,30.0,-0.65,0.19,0.48,0.26,0.51,0.24,0.56,4.0,0.74,0.01,0.03,0.22,0.02,0.43,0.3,0.01,0.01,0.01,0.0,0.0,0.0,1.0,1.0,2.0,0.0,0.0,0.0,0.0,0.0,0.0,0.0,1.0,0.0,1.0,0.0,0.0,0.0,0.0,0.0,1.0,1.0,0.0,0.0,0.01,0.0,0.0,0.0,0.0,0.0,1.89,1.0,0.92,1.0,0.01,0.0,0.0,0.01,0.01,0.01,30.0,1.0,7.0,3.0,19.0,3.0,2.0,4.0,21.0,0.0,0.0,2531.0,0.0,0.0,0.0,2.0,4.45,0.23,0.23,0.23,0.23,4.0,2.0,3.0,9.0,2.0,0.0,0.0,5.0,1.0,0.0,0.11,0.11,0.0,1.0,1.0,0.0,9.19,6.0,6.09,0.04,0.0,0.0,0.27,0.27,0.27,14.05,0.95,0.94,0.98,0.98,10.0,9.0,6.0,25.0,2.0,0.0,0.0,16.0,2.0,1.0,0.44,0.23,0.27,0.0,1.0,1.0,24.47,19.0,18.78,0.18,0.0,0.0,1.13,1.17,1.16,2.23,2.4,46.0,44.0,0.0,0.0,0.0,0.0,0.0,0.0,regular
8478211,2025,Dryden Hunt,CGY,L,all,3,1608.0,35.0,-0.3,0.61,0.51,0.43,0.46,0.5,0.46,31.0,3.39,0.57,0.3,0.8,0.11,1.34,0.88,0.49,0.6,0.51,0.0,0.0,4.0,0.0,1.0,5.0,0.0,0.0,0.0,0.0,2.0,0.0,2.0,0.0,4.0,4.0,1.0,2.0,0.0,9.0,0.0,3.0,1.0,2.0,1.0,0.02,0.28,0.28,0.0,0.0,0.0,5.07,4.0,4.04,0.0,0.06,0.0,0.46,0.18,0.18,0.17,35.0,3.0,6.0,2.0,24.0,6.0,4.0,7.0,18.0,0.0,0.0,9364.0,2.0,2.0,1.0,4.0,12.69,1.12,1.02,1.17,1.06,11.0,6.0,6.0,23.0,0.0,2.0,0.0,13.0,2.0,2.0,0.3,0.28,0.54,0.0,0.0,0.0,23.27,17.0,17.21,0.17,0.46,0.46,0.83,0.85,0.83,11.93,0.72,0.72,0.71,0.71,11.0,6.0,13.0,30.0,3.0,1.0,0.0,15.0,1.0,1.0,0.38,0.13,0.22,2.0,0.0,1.0,30.28,17.0,16.96,0.16,0.02,0.02,0.86,0.85,0.84,7.63,7.2,119.0,139.0,0.0,0.0,0.0,0.0,0.0,0.0,regular
8484150,2025,Hunter Brzustewicz,CGY,D,all,18,15106.0,359.0,4.53,0.47,0.45,0.54,0.49,0.51,0.48,97.0,19.57,0.71,0.97,6.36,0.65,10.37,7.94,0.69,0.69,0.67,0.0,1.0,17.0,10.0,22.0,49.0,2.0,1.0,3.0,0.0,2.0,0.0,12.0,9.0,16.0,26.0,0.0,0.0,0.0,9.0,0.0,14.0,26.0,1.0,0.0,0.62,0.09,0.0,1.0,0.0,0.0,47.77,27.0,26.13,11.0,0.2,0.31,0.0,0.91,0.89,0.87,359.0,33.0,21.0,39.0,266.0,53.0,42.0,39.0,225.0,0.0,0.0,50125.0,0.0,6.0,3.0,8.0,121.05,8.75,8.46,8.63,8.33,115.0,52.0,84.0,251.0,8.0,11.0,1.0,136.0,23.0,8.0,3.88,2.88,1.99,6.0,0.0,2.0,247.11,167.0,163.68,1.74,1.37,1.37,9.12,9.01,8.9,115.38,9.67,9.37,9.76,9.45,109.0,49.0,53.0,211.0,9.0,14.0,1.0,119.0,29.0,10.0,3.29,3.69,2.7,5.0,4.0,0.0,215.87,158.0,160.46,1.65,2.14,2.14,9.19,9.31,9.11,38.5,47.25,836.0,856.0,0.0,0.0,0.0,0.0,0.0,0.0,regular
8479402,2025,Jake Bean,CGY,D,all,16,15316.0,375.0,5.35,0.55,0.49,0.53,0.52,0.55,0.49,77.0,15.13,0.49,0.85,4.93,0.57,8.81,6.34,0.46,0.49,0.48,1.0,0.0,16.0,6.0,22.0,44.0,2.0,1.0,3.0,0.0,3.0,0.0,9.0,6.0,15.0,21.0,3.0,6.0,0.0,3.0,5.0,15.0,22.0,0.0,0.0,0.49,0.0,0.0,1.0,0.0,0.0,43.71,22.0,22.26,7.0,0.17,0.91,0.05,0.61,0.62,0.58,375.0,27.0,34.0,43.0,271.0,58.0,53.0,40.0,224.0,0.0,0.0,43416.0,6.0,0.0,0.0,29.0,140.84,11.76,11.39,11.71,11.34,133.0,61.0,79.0,273.0,7.0,16.0,1.0,154.0,26.0,14.0,4.73,3.15,3.87,2.0,3.0,2.0,270.41,194.0,193.65,1.97,3.5,3.5,10.23,10.18,10.06,115.07,9.48,9.09,9.55,9.16,109.0,50.0,79.0,238.0,15.0,9.0,0.0,122.0,28.0,9.0,3.45,3.26,2.77,7.0,6.0,2.0,240.82,159.0,159.98,1.81,1.53,1.53,9.76,9.85,9.67,35.22,36.06,712.0,666.0,0.0,0.0,0.0,0.0,0.0,0.0,regular
8480797,2025,Joel Farabee,CGY,L,all,54,54517.0,1185.0,24.69,0.47,0.49,0.48,0.52,0.48,0.51,268.0,101.85,11.77,7.09,23.51,3.53,49.12,39.98,11.25,11.72,11.22,4.0,6.0,97.0,38.0,45.0,180.0,21.0,11.0,13.0,2.0,17.0,0.0,48.0,46.0,86.0,124.0,7.0,20.0,21.0,38.0,13.0,45.0,87.0,32.0,16.0,2.8,4.09,4.87,4.0,5.0,2.0,179.09,135.0,134.53,13.0,1.56,2.73,3.64,9.69,9.74,9.64,1185.0,183.0,143.0,174.0,685.0,146.0,189.0,142.0,708.0,21.0,25.0,141746.0,20.0,38.0,16.0,37.0,457.97,42.09,40.24,41.9,40.08,423.0,202.0,278.0,903.0,29.0,52.0,5.0,474.0,106.0,45.0,13.39,13.22,15.48,10.0,12.0,7.0,898.94,625.0,623.63,6.95,10.56,10.61,38.43,38.36,37.35,504.03,47.61,45.35,47.84,45.57,467.0,222.0,276.0,965.0,46.0,39.0,2.0,514.0,126.0,49.0,15.56,15.79,16.25,19.0,18.0,9.0,971.85,689.0,691.18,8.2,7.56,7.56,48.26,48.43,46.82,115.65,121.02,2385.0,2246.0,0.0,0.0,0.0,0.0,0.0,0.0,regular
8477810,2025,Joel Hanley,CGY,D,all,51,44406.0,1148.0,15.22,0.47,0.48,0.53,0.5,0.51,0.49,265.0,38.74,1.86,2.02,11.64,1.32,22.26,15.89,1.82,1.85,1.8,1.0,5.0,29.0,26.0,33.0,88.0,6.0,0.0,2.0,0.0,9.0,0.0,24.0,20.0,29.0,55.0,7.0,17.0,0.0,34.0,7.0,40.0,51.0,3.0,1.0,0.99,0.43,0.44,0.0,0.0,0.0,88.53,55.0,54.84,29.0,0.41,0.5,0.49,1.77,1.75,1.74,1148.0,76.0,116.0,128.0,828.0,139.0,171.0,110.0,728.0,0.0,0.0,140757.0,17.0,9.0,3.0,63.0,373.87,30.22,29.36,30.22,29.36,344.0,166.0,244.0,754.0,21.0,33.0,1.0,391.0,88.0,31.0,10.74,11.23,8.25,9.0,9.0,3.0,751.92,510.0,509.66,5.07,6.02,6.19,29.09,29.15,28.81,358.59,33.9,32.15,34.15,32.36,330.0,158.0,188.0,676.0,36.0,38.0,4.0,352.0,98.0,38.0,9.91,12.42,11.57,11.0,18.0,7.0,679.62,488.0,489.15,5.77,7.43,7.43,32.25,32.39,31.44,117.08,126.57,2342.0,2375.0,0.0,0.0,0.0,0.0,0.0,0.0,regular
8481556,2025,John Beecher,CGY,C,all,25,14729.0,370.0,-0.4,0.29,0.51,0.35,0.5,0.35,0.5,267.0,22.37,2.13,1.58,4.98,0.75,11.44,9.12,2.07,2.21,2.14,1.0,1.0,21.0,9.0,12.0,42.0,3.0,1.0,1.0,0.0,10.0,0.0,5.0,13.0,20.0,29.0,3.0,9.0,43.0,18.0,2.0,8.0,22.0,5.0,3.0,0.74,0.6,0.78,1.0,0.0,0.0,43.24,30.0,30.84,4.0,0.34,0.06,0.24,2.23,2.31,2.26,370.0,17.0,40.0,56.0,257.0,49.0,50.0,38.0,233.0,43.0,60.0,76516.0,9.0,9.0,3.0,18.0,89.64,7.15,6.94,7.26,7.05,78.0,43.0,59.0,180.0,5.0,6.0,0.0,94.0,19.0,8.0,2.64,2.26,2.24,2.0,2.0,1.0,182.01,121.0,122.76,1.24,1.26,1.26,7.13,7.22,7.12,166.76,17.38,16.47,17.32,16.43,159.0,69.0,103.0,331.0,13.0,21.0,1.0,163.0,43.0,22.0,5.05,5.5,6.83,4.0,5.0,4.0,330.57,228.0,227.34,2.77,3.44,3.44,16.71,16.74,16.11,66.13,62.84,1244.0,1236.0,0.0,0.0,0.0,0.0,0.0,0.0,regular
8476456,2025,Jonathan Huberdeau,CGY,L,all,48,52589.0,1131.0,27.07,0.54,0.46,0.57,0.48,0.55,0.48,167.0,93.85,13.13,7.28,21.42,3.27,45.42,31.47,12.43,13.1,12.41,9.0,6.0,80.0,42.0,35.0,157.0,24.0,9.0,9.0,3.0,14.0,1.0,47.0,42.0,71.0,113.0,14.0,31.0,7.0,27.0,9.0,54.0,76.0,27.0,19.0,2.58,3.44,7.11,2.0,2.0,5.0,156.36,122.0,121.8,11.0,1.72,2.34,3.93,10.93,10.9,10.49,1131.0,262.0,109.0,168.0,592.0,91.0,174.0,161.0,705.0,7.0,10.0,121774.0,31.0,29.0,14.0,29.0,512.9,51.92,49.27,51.67,49.03,483.0,209.0,284.0,976.0,41.0,58.0,7.0,508.0,122.0,62.0,15.2,15.34,21.39,13.0,13.0,15.0,969.78,692.0,689.08,8.74,13.33,13.33,47.33,47.2,45.48,414.53,43.88,40.53,44.13,40.76,373.0,191.0,182.0,746.0,37.0,47.0,6.0,396.0,122.0,46.0,12.09,14.82,16.97,9.0,15.0,13.0,747.83,564.0,564.88,6.32,10.2,10.2,40.0,40.19,38.59,90.81,107.53,1964.0,2111.0,0.0,0.0,0.0,0.0,0.0,0.0,regular
8477993,2025,Justin Kirkland,CGY,C,all,20,11787.0,297.0,3.08,0.47,0.47,0.46,0.52,0.47,0.49,217.0,14.08,1.46,0.97,2.77,0.5,7.46,6.84,1.46,1.47,1.46,1.0,0.0,11.0,9.0,9.0,29.0,2.0,1.0,0.0,0.0,2.0,0.0,8.0,9.0,10.0,19.0,1.0,2.0,63.0,29.0,3.0,14.0,14.0,4.0,2.0,0.46,0.53,0.47,0.0,1.0,0.0,29.22,20.0,20.11,9.0,0.21,0.0,0.26,1.41,1.42,1.42,297.0,8.0,39.0,33.0,217.0,40.0,41.0,31.0,185.0,63.0,63.0,61125.0,2.0,0.0,0.0,10.0,82.53,7.38,7.32,7.4,7.34,72.0,44.0,58.0,174.0,6.0,5.0,1.0,92.0,16.0,8.0,2.52,2.11,2.74,2.0,1.0,3.0,173.88,116.0,116.13,1.09,0.93,0.93,7.52,7.55,7.51,94.19,8.16,8.03,8.24,8.11,87.0,43.0,72.0,202.0,8.0,6.0,1.0,93.0,31.0,6.0,2.73,3.58,1.86,3.0,2.0,3.0,204.71,130.0,131.13,1.49,0.64,0.64,9.01,9.07,8.91,48.43,53.59,1045.0,983.0,0.0,0.0,0.0,0.0,0.0,0.0,regular
8480860,2025,Kevin Bahl,CGY,D,all,53,69395.0,1642.0,9.2,0.41,0.52,0.43,0.55,0.42,0.54,145.0,44.7,2.08,2.72,13.14,1.45,25.56,18.05,1.99,2.08,2.0,3.0,7.0,44.0,19.0,41.0,104.0,13.0,3.0,9.0,0.0,7.0,0.0,19.0,25.0,41.0,60.0,15.0,33.0,0.0,83.0,34.0,68.0,58.0,4.0,1.0,1.38,0.45,0.24,3.0,0.0,0.0,104.85,63.0,63.61,53.0,0.58,1.74,0.24,2.42,2.42,2.35,1642.0,129.0,274.0,213.0,1026.0,165.0,183.0,200.0,1094.0,0.0,0.0,123268.0,33.0,25.0,11.0,79.0,525.75,49.19,47.22,49.2,47.21,476.0,238.0,258.0,972.0,51.0,56.0,7.0,544.0,117.0,53.0,15.28,14.62,19.29,24.0,12.0,15.0,971.47,714.0,714.62,7.31,12.53,12.53,43.97,43.78,43.1,723.8,70.48,65.05,70.69,65.26,653.0,329.0,326.0,1308.0,54.0,94.0,10.0,713.0,193.0,76.0,21.95,23.32,25.22,20.0,19.0,15.0,1314.34,982.0,983.71,11.88,20.44,20.49,61.87,62.17,60.08,106.06,96.05,2260.0,1856.0,0.0,0.0,0.0,0.0,0.0,0.0,regular
8477346,2025,MacKenzie Weegar,CGY,D,all,54,75262.0,1726.0,24.78,0.49,0.48,0.53,0.49,0.52,0.48,116.0,119.72,3.95,6.8,35.0,3.98,71.21,51.06,3.88,3.94,3.88,8.0,6.0,121.0,51.0,118.0,290.0,17.0,3.0,13.0,0.0,34.0,0.0,56.0,66.0,118.0,169.0,16.0,35.0,0.0,123.0,19.0,88.0,167.0,5.0,0.0,3.41,0.53,0.0,3.0,0.0,0.0,289.61,172.0,172.57,63.0,1.46,1.5,0.1,5.3,5.3,5.22,1726.0,174.0,215.0,250.0,1087.0,170.0,209.0,224.0,1123.0,0.0,0.0,121001.0,35.0,11.0,4.0,125.0,691.5,61.27,58.68,61.06,58.49,651.0,287.0,412.0,1350.0,42.0,73.0,9.0,722.0,148.0,68.0,20.43,18.89,21.96,15.0,12.0,15.0,1344.12,938.0,937.25,10.7,15.44,15.75,56.23,56.17,54.82,630.68,63.68,60.95,64.3,61.53,581.0,273.0,360.0,1214.0,75.0,66.0,3.0,591.0,202.0,61.0,18.07,25.47,20.14,22.0,33.0,20.0,1220.32,854.0,858.25,10.07,11.68,11.68,62.07,62.58,60.88,96.46,104.95,1938.0,1997.0,0.0,0.0,0.0,0.0,0.0,0.0,regular
8481028,2025,Martin Pospisil,CGY,C,all,5,3567.0,90.0,1.01,0.52,0.48,0.58,0.52,0.57,0.52,48.0,9.8,0.55,0.59,2.88,0.39,5.73,3.86,0.55,0.53,0.53,0.0,0.0,7.0,7.0,2.0,16.0,0.0,0.0,1.0,0.0,1.0,1.0,7.0,4.0,7.0,14.0,2.0,4.0,1.0,22.0,2.0,1.0,12.0,2.0,0.0,0.35,0.2,0.0,0.0,0.0,0.0,15.57,14.0,13.78,0.0,0.12,0.18,0.05,0.62,0.59,0.59,90.0,10.0,5.0,14.0,61.0,11.0,7.0,13.0,59.0,1.0,3.0,14607.0,4.0,4.0,2.0,1.0,32.8,1.91,1.86,1.85,1.81,28.0,18.0,19.0,65.0,0.0,5.0,0.0,40.0,5.0,1.0,1.07,0.62,0.21,0.0,0.0,0.0,63.47,46.0,44.98,0.42,0.46,0.46,1.86,1.82,1.78,25.07,1.74,1.62,1.82,1.69,20.0,14.0,13.0,47.0,5.0,3.0,0.0,29.0,4.0,1.0,0.9,0.49,0.35,3.0,2.0,0.0,48.78,34.0,35.23,0.39,0.4,0.4,1.73,1.82,1.72,12.26,13.26,276.0,254.0,0.0,0.0,0.0,0.0,0.0,0.0,regular
8482679,2025,Matt Coronato,CGY,R,all,53,52756.0,1086.0,30.61,0.52,0.47,0.57,0.48,0.56,0.48,281.0,134.82,14.44,9.71,30.63,4.18,69.66,48.39,13.73,14.44,13.74,7.0,8.0,127.0,50.0,80.0,257.0,29.0,14.0,17.0,2.0,27.0,0.0,53.0,66.0,113.0,163.0,8.0,16.0,46.0,11.0,12.0,36.0,127.0,35.0,15.0,4.16,4.7,5.57,6.0,3.0,5.0,253.38,177.0,175.18,10.0,2.22,4.03,3.38,13.28,13.28,12.92,1086.0,235.0,116.0,158.0,577.0,123.0,158.0,187.0,618.0,46.0,72.0,139907.0,16.0,22.0,11.0,17.0,518.69,48.15,45.68,47.99,45.53,481.0,220.0,305.0,1006.0,42.0,51.0,8.0,529.0,123.0,49.0,15.55,15.91,16.69,19.0,10.0,13.0,998.9,701.0,697.64,8.86,12.15,12.15,44.85,44.75,43.28,410.55,44.45,42.23,44.85,42.6,387.0,175.0,190.0,752.0,47.0,49.0,5.0,394.0,118.0,50.0,11.65,14.77,18.04,19.0,13.0,15.0,758.51,562.0,566.17,5.93,10.24,10.24,40.14,40.54,39.32,106.98,121.44,2211.0,2391.0,0.0,0.0,0.0,0.0,0.0,0.0,regular
8484860,2025,Matvei Gridin,CGY,R,all,11,9242.0,192.0,2.97,0.54,0.45,0.51,0.5,0.51,0.49,89.0,20.16,1.56,1.45,5.3,0.73,11.12,7.84,1.49,1.52,1.45,1.0,1.0,19.0,9.0,14.0,42.0,4.0,2.0,3.0,0.0,2.0,0.0,12.0,9.0,17.0,26.0,0.0,0.0,1.0,6.0,4.0,16.0,22.0,5.0,1.0,0.66,0.67,0.23,1.0,1.0,0.0,40.63,28.0,27.49,3.0,0.32,0.56,0.23,1.65,1.61,1.54,192.0,44.0,11.0,20.0,117.0,25.0,25.0,30.0,112.0,1.0,6.0,30910.0,0.0,4.0,2.0,8.0,84.38,7.57,7.23,7.45,7.1,69.0,46.0,54.0,169.0,7.0,8.0,0.0,89.0,19.0,7.0,2.71,2.32,2.54,3.0,2.0,2.0,166.33,115.0,113.28,1.35,1.31,1.31,7.61,7.48,7.23,80.0,6.35,6.23,6.52,6.39,69.0,43.0,48.0,160.0,11.0,8.0,2.0,87.0,19.0,6.0,2.68,2.23,1.45,5.0,5.0,1.0,162.76,112.0,113.93,1.11,1.42,1.42,6.04,6.2,6.1,21.23,26.14,504.0,508.0,0.0,0.0,0.0,0.0,0.0,0.0,regular
8474150,2025,Mikael Backlund,CGY,C,all,54,57243.0,1294.0,37.62,0.46,0.49,0.48,0.52,0.47,0.51,214.0,137.21,12.73,8.26,31.28,4.37,67.39,58.97,12.38,12.71,12.35,19.0,2.0,131.0,52.0,51.0,234.0,33.0,12.0,13.0,4.0,28.0,0.0,52.0,78.0,119.0,171.0,5.0,10.0,495.0,20.0,23.0,48.0,139.0,27.0,17.0,3.15,3.31,6.28,2.0,2.0,8.0,234.22,183.0,182.4,15.0,1.83,2.98,4.07,10.5,10.46,10.33,1294.0,88.0,328.0,222.0,656.0,198.0,113.0,182.0,801.0,495.0,485.0,139020.0,10.0,12.0,6.0,18.0,493.63,48.7,47.26,48.67,47.23,463.0,204.0,258.0,925.0,50.0,50.0,11.0,507.0,104.0,56.0,13.3,13.39,22.02,17.0,12.0,21.0,922.66,667.0,666.05,6.96,11.4,11.4,44.26,44.16,43.68,549.47,56.09,51.81,56.38,52.07,497.0,243.0,253.0,993.0,45.0,73.0,7.0,518.0,164.0,58.0,15.05,20.67,20.38,16.0,13.0,16.0,997.87,740.0,741.59,9.64,15.51,15.56,50.17,50.41,48.45,109.03,112.54,2363.0,2218.0,0.0,0.0,0.0,0.0,0.0,0.0,regular
8480028,2025,Morgan Frost,CGY,C,all,54,49736.0,1064.0,27.83,0.57,0.45,0.58,0.48,0.58,0.47,359.0,97.63,12.58,7.69,22.28,3.54,50.99,34.93,11.93,12.49,11.85,9.0,6.0,95.0,37.0,39.0,171.0,27.0,12.0,12.0,3.0,15.0,0.0,40.0,53.0,83.0,120.0,10.0,20.0,371.0,35.0,13.0,32.0,84.0,31.0,17.0,2.85,3.81,5.93,5.0,3.0,4.0,170.32,132.0,131.91,9.0,1.82,2.81,4.47,9.94,9.9,9.65,1064.0,254.0,89.0,154.0,567.0,99.0,162.0,153.0,650.0,371.0,296.0,146527.0,20.0,18.0,9.0,24.0,511.65,50.26,47.88,50.08,47.73,471.0,217.0,249.0,937.0,48.0,61.0,10.0,513.0,122.0,53.0,14.73,15.47,20.05,16.0,16.0,16.0,931.08,688.0,684.66,9.07,15.56,15.56,43.75,43.64,42.19,366.96,37.74,36.35,37.96,36.56,322.0,183.0,167.0,672.0,40.0,29.0,2.0,372.0,97.0,36.0,11.4,11.46,14.88,10.0,15.0,15.0,674.51,505.0,506.39,5.11,4.65,4.65,38.21,38.47,37.44,107.48,130.9,2351.0,2539.0,0.0,0.0,0.0,0.0,0.0,0.0,regular
8475172,2025,Nazem Kadri,CGY,C,all,54,63137.0,1214.0,38.37,0.54,0.45,0.57,0.47,0.55,0.47,118.0,165.7,14.49,12.73,37.08,5.52,92.56,59.61,14.05,14.42,13.98,13.0,13.0,150.0,72.0,93.0,315.0,35.0,9.0,17.0,0.0,29.0,0.0,80.0,87.0,141.0,213.0,10.0,22.0,380.0,33.0,15.0,58.0,158.0,55.0,9.0,5.25,6.57,2.67,4.0,4.0,1.0,314.0,222.0,222.69,11.0,2.9,3.22,2.15,15.24,15.21,14.82,1214.0,273.0,92.0,164.0,685.0,113.0,191.0,196.0,714.0,380.0,388.0,133126.0,22.0,44.0,22.0,18.0,625.4,63.36,59.74,63.13,59.52,572.0,278.0,377.0,1227.0,47.0,79.0,9.0,626.0,152.0,72.0,19.16,18.44,25.76,15.0,15.0,17.0,1221.46,850.0,848.81,10.82,19.16,19.16,55.01,54.85,52.82,503.11,55.0,52.16,55.46,52.6,469.0,213.0,230.0,912.0,53.0,57.0,6.0,479.0,135.0,68.0,14.59,17.45,22.96,21.0,14.0,18.0,920.99,682.0,687.7,7.16,12.01,12.01,50.15,50.54,48.78,94.38,113.64,2061.0,2299.0,0.0,0.0,0.0,0.0,0.0,0.0,regular
8482209,2025,Rory Kerins,CGY,C,all,2,1902.0,38.0,0.55,0.78,0.54,0.57,0.56,0.6,0.57,14.0,3.9,0.96,0.41,0.85,0.27,1.45,1.07,0.86,0.89,0.79,0.0,0.0,1.0,4.0,1.0,6.0,0.0,0.0,2.0,0.0,0.0,0.0,1.0,2.0,1.0,5.0,0.0,0.0,0.0,1.0,0.0,1.0,2.0,0.0,3.0,0.09,0.0,0.87,0.0,0.0,0.0,5.6,5.0,4.64,0.0,0.09,0.62,0.62,0.44,0.4,0.4,38.0,3.0,3.0,6.0,26.0,8.0,6.0,2.0,22.0,0.0,3.0,5598.0,0.0,0.0,0.0,3.0,23.11,2.46,2.33,2.35,2.23,24.0,8.0,11.0,43.0,0.0,3.0,0.0,25.0,2.0,5.0,0.88,0.21,1.37,0.0,0.0,0.0,42.17,32.0,31.47,0.34,0.91,0.91,1.9,1.83,1.81,14.48,0.68,0.68,0.71,0.71,13.0,8.0,11.0,32.0,1.0,0.0,0.0,19.0,2.0,0.0,0.48,0.2,0.0,0.0,1.0,0.0,33.13,21.0,21.77,0.17,0.0,0.0,0.85,0.89,0.89,5.56,4.79,100.0,78.0,0.0,0.0,0.0,0.0,0.0,0.0,regular
8479066,2025,Ryan Lomberg,CGY,L,all,48,25671.0,605.0,7.38,0.44,0.48,0.48,0.51,0.49,0.5,544.0,51.45,4.36,3.41,12.42,1.72,27.64,20.45,4.35,4.32,4.31,3.0,1.0,47.0,23.0,13.0,83.0,7.0,3.0,5.0,0.0,16.0,0.0,28.0,18.0,44.0,67.0,11.0,37.0,4.0,107.0,2.0,16.0,54.0,11.0,5.0,1.74,1.41,1.21,1.0,0.0,2.0,82.73,70.0,69.81,7.0,0.71,1.01,0.21,4.86,4.81,4.8,605.0,28.0,46.0,83.0,448.0,115.0,96.0,72.0,322.0,4.0,8.0,148346.0,37.0,41.0,13.0,15.0,203.35,14.45,14.29,14.47,14.32,171.0,108.0,120.0,399.0,12.0,11.0,1.0,227.0,38.0,14.0,6.03,4.75,3.67,6.0,2.0,4.0,398.07,279.0,279.53,2.62,2.01,2.01,15.07,15.08,14.99,213.11,18.35,17.56,18.58,17.79,180.0,112.0,147.0,439.0,13.0,27.0,1.0,224.0,45.0,23.0,7.0,5.25,6.11,6.0,5.0,2.0,445.75,292.0,295.24,2.98,4.68,4.68,16.65,16.85,16.55,127.03,134.97,2531.0,2417.0,0.0,0.0,0.0,0.0,0.0,0.0,regular
8484821,2025,Sam Morton,CGY,C,all,3,1680.0,39.0,0.21,0.61,0.54,0.44,0.54,0.44,0.54,33.0,4.3,0.99,0.25,0.86,0.14,1.37,1.4,0.96,1.02,0.99,0.0,0.0,3.0,2.0,2.0,7.0,0.0,0.0,1.0,0.0,0.0,0.0,2.0,2.0,3.0,5.0,0.0,0.0,16.0,9.0,1.0,2.0,3.0,0.0,2.0,0.13,0.0,0.86,0.0,0.0,0.0,7.37,5.0,5.32,1.0,0.05,0.46,0.86,0.18,0.19,0.19,39.0,0.0,4.0,10.0,25.0,9.0,5.0,2.0,23.0,16.0,8.0,9420.0,0.0,2.0,1.0,1.0,11.7,1.2,1.17,1.24,1.21,11.0,4.0,7.0,22.0,0.0,2.0,0.0,13.0,0.0,2.0,0.33,0.0,0.86,0.0,0.0,0.0,23.08,15.0,15.74,0.12,0.86,0.86,0.46,0.48,0.47,13.31,0.78,0.77,0.73,0.73,13.0,6.0,9.0,28.0,1.0,1.0,0.0,18.0,0.0,1.0,0.56,0.0,0.21,1.0,0.0,0.0,26.7,19.0,18.0,0.17,0.21,0.21,0.74,0.71,0.71,7.79,6.66,163.0,139.0,0.0,0.0,0.0,0.0,0.0,0.0,regular
8484180,2025,Samuel Honzek,CGY,L,all,18,13329.0,342.0,6.86,0.47,0.5,0.49,0.54,0.5,0.52,165.0,24.33,2.83,1.76,5.64,0.92,13.01,9.83,2.8,2.84,2.81,0.0,2.0,22.0,12.0,8.0,42.0,4.0,2.0,2.0,0.0,1.0,1.0,13.0,15.0,20.0,32.0,1.0,2.0,6.0,35.0,1.0,9.0,25.0,6.0,3.0,0.91,0.69,1.23,0.0,0.0,2.0,41.49,34.0,33.64,1.0,0.37,0.28,0.47,2.74,2.74,2.72,342.0,27.0,65.0,55.0,195.0,49.0,46.0,39.0,208.0,6.0,5.0,52131.0,2.0,6.0,3.0,6.0,107.71,8.9,8.71,8.83,8.64,103.0,47.0,55.0,205.0,10.0,8.0,0.0,117.0,23.0,10.0,3.06,2.73,3.11,4.0,2.0,4.0,203.98,150.0,148.96,1.48,1.64,1.64,8.73,8.72,8.63,110.68,10.09,9.49,10.08,9.48,101.0,48.0,64.0,213.0,11.0,10.0,0.0,105.0,32.0,12.0,2.49,3.77,3.82,1.0,5.0,5.0,211.91,149.0,148.06,1.85,2.11,2.16,9.78,9.78,9.5,42.65,42.44,937.0,813.0,0.0,0.0,0.0,0.0,0.0,0.0,regular
8482766,2025,William Stromgren,CGY,L,all,3,1312.0,32.0,-0.3,0.29,0.42,0.35,0.48,0.4,0.45,36.0,1.57,0.3,0.11,0.28,0.06,0.71,0.54,0.3,0.3,0.3,0.0,0.0,2.0,0.0,0.0,2.0,0.0,0.0,0.0,0.0,0.0,0.0,0.0,2.0,2.0,2.0,0.0,0.0,0.0,0.0,0.0,0.0,1.0,0.0,1.0,0.06,0.0,0.24,0.0,0.0,0.0,2.04,2.0,2.05,0.0,0.02,0.0,0.0,0.32,0.33,0.33,32.0,1.0,0.0,5.0,26.0,4.0,6.0,3.0,19.0,0.0,0.0,9488.0,0.0,4.0,2.0,0.0,9.1,0.53,0.53,0.53,0.53,8.0,4.0,2.0,14.0,0.0,1.0,0.0,11.0,0.0,1.0,0.29,0.0,0.24,0.0,0.0,0.0,14.13,12.0,12.15,0.09,0.03,0.03,0.58,0.59,0.59,13.3,1.29,1.27,1.24,1.21,13.0,5.0,8.0,26.0,1.0,1.0,0.0,15.0,0.0,3.0,0.58,0.0,0.71,1.0,0.0,0.0,25.59,18.0,17.71,0.19,0.22,0.22,1.25,1.2,1.19,8.26,11.52,158.0,171.0,0.0,0.0,0.0,0.0,0.0,0.0,regular
8482165,2025,Yan Kuznetsov,CGY,D,all,40,48610.0,1176.0,8.05,0.48,0.49,0.47,0.52,0.47,0.51,144.0,43.03,2.89,2.34,12.83,1.41,24.08,17.45,2.76,2.9,2.77,3.0,2.0,44.0,17.0,35.0,96.0,9.0,4.0,4.0,1.0,9.0,0.0,26.0,18.0,40.0,57.0,9.0,18.0,0.0,52.0,4.0,37.0,56.0,3.0,2.0,1.23,0.4,1.26,3.0,0.0,1.0,95.28,61.0,61.07,25.0,0.49,0.64,0.56,2.82,2.82,2.78,1176.0,86.0,137.0,187.0,766.0,109.0,155.0,137.0,775.0,0.0,0.0,96593.0,18.0,4.0,2.0,66.0,388.96,34.84,33.36,34.62,33.17,364.0,163.0,230.0,757.0,26.0,36.0,3.0,400.0,87.0,40.0,11.2,10.75,12.89,10.0,8.0,8.0,753.29,527.0,526.16,5.15,7.52,7.52,32.47,32.41,31.58,441.47,38.48,36.88,38.9,37.28,387.0,213.0,271.0,871.0,36.0,42.0,2.0,438.0,128.0,34.0,13.21,16.11,9.16,15.0,15.0,6.0,878.47,600.0,604.46,6.89,7.1,7.1,38.27,38.61,37.54,84.77,89.38,1669.0,1540.0,0.0,0.0,0.0,0.0,0.0,0.0,regular
8481068,2025,Yegor Sharangovich,CGY,C,all,50,48206.0,1020.0,21.4,0.49,0.47,0.53,0.49,0.52,0.48,288.0,109.45,11.75,7.74,25.18,3.8,57.59,42.94,11.2,11.73,11.18,6.0,3.0,99.0,50.0,57.0,206.0,20.0,11.0,8.0,4.0,14.0,0.0,55.0,61.0,88.0,138.0,4.0,8.0,19.0,14.0,12.0,35.0,104.0,31.0,14.0,3.21,4.07,4.47,3.0,4.0,4.0,205.35,149.0,147.97,11.0,1.7,1.28,3.83,9.62,9.57,9.3,1020.0,142.0,94.0,147.0,637.0,154.0,159.0,141.0,566.0,19.0,46.0,133297.0,8.0,10.0,5.0,20.0,443.19,39.56,37.85,39.55,37.86,413.0,193.0,261.0,867.0,35.0,54.0,7.0,462.0,105.0,39.0,12.8,13.16,13.6,13.0,11.0,11.0,867.21,606.0,607.89,6.89,10.89,10.89,35.56,35.56,34.77,415.87,41.23,38.69,41.49,38.95,389.0,173.0,208.0,770.0,45.0,48.0,3.0,403.0,118.0,41.0,11.81,14.54,14.86,22.0,15.0,8.0,775.23,562.0,563.74,6.2,9.88,9.88,37.54,37.75,37.17,104.65,118.13,2131.0,2237.0,0.0,0.0,0.0,0.0,0.0,0.0,regular
8480727,2025,Zach Whitecloud,CGY,D,all,53,61310.0,1306.0,11.83,0.42,0.58,0.47,0.53,0.46,0.55,192.0,48.85,1.89,2.7,12.65,1.55,29.79,22.4,1.87,1.88,1.86,2.0,4.0,43.0,28.0,55.0,126.0,8.0,2.0,1.0,0.0,20.0,0.0,22.0,26.0,41.0,69.0,11.0,22.0,0.0,85.0,10.0,41.0,68.0,2.0,1.0,1.38,0.31,0.21,1.0,1.0,0.0,124.79,71.0,70.57,31.0,0.54,0.01,0.03,2.4,2.39,2.36,1306.0,117.0,160.0,212.0,817.0,206.0,187.0,179.0,734.0,0.0,0.0,133944.0,22.0,12.0,6.0,73.0,450.34,35.73,34.81,35.66,34.74,402.0,216.0,265.0,883.0,36.0,35.0,7.0,479.0,109.0,30.0,13.05,13.91,8.78,15.0,16.0,5.0,876.43,618.0,614.11,6.09,6.53,6.53,35.23,35.18,34.69,531.63,50.35,47.4,50.74,47.81,468.0,261.0,278.0,1007.0,53.0,74.0,12.0,555.0,120.0,54.0,16.7,15.23,18.41,21.0,14.0,18.0,1018.61,729.0,737.57,8.26,14.71,14.71,43.9,44.35,43.05,131.01,95.79,2307.0,2013.0,0.0,0.0,0.0,0.0,0.0,0.0,regular
8484768,2025,Zayne Parekh,CGY,D,all,11,9744.0,220.0,4.02,0.51,0.48,0.59,0.5,0.56,0.5,55.0,11.55,0.61,0.77,2.86,0.37,7.47,4.93,0.6,0.6,0.59,0.0,1.0,11.0,6.0,18.0,35.0,1.0,0.0,2.0,0.0,2.0,0.0,7.0,6.0,11.0,17.0,0.0,0.0,0.0,5.0,3.0,17.0,16.0,1.0,0.0,0.52,0.09,0.0,0.0,0.0,0.0,34.51,17.0,16.74,13.0,0.17,0.2,0.0,0.78,0.77,0.76,220.0,43.0,5.0,27.0,145.0,30.0,38.0,21.0,131.0,0.0,0.0,29916.0,0.0,8.0,4.0,5.0,97.48,8.23,7.88,8.23,7.88,89.0,41.0,57.0,187.0,5.0,8.0,0.0,100.0,23.0,7.0,2.83,3.09,2.31,3.0,1.0,1.0,185.5,130.0,129.47,1.51,1.83,1.83,7.91,7.92,7.64,72.72,8.06,7.79,8.12,7.85,71.0,30.0,28.0,129.0,4.0,6.0,0.0,76.0,15.0,10.0,2.02,1.67,4.37,1.0,0.0,3.0,130.66,101.0,101.96,0.94,0.63,0.63,8.37,8.41,8.19,22.47,24.15,494.0,491.0,0.0,0.0,0.0,0.0,0.0,0.0,regular
8481568,2025,Alex Vlasic,CHI,D,all,55,69053.0,1371.0,10.65,0.38,0.49,0.42,0.49,0.41,0.49,110.0,62.64,2.39,3.32,19.17,2.25,38.21,27.67,2.34,2.35,2.31,7.0,5.0,58.0,35.0,60.0,153.0,14.0,2.0,7.0,1.0,20.0,1.0,26.0,37.0,56.0,91.0,4.0,11.0,0.0,19.0,19.0,59.0,89.0,2.0,2.0,1.49,0.26,0.64,1.0,1.0,0.0,150.02,93.0,91.02,44.0,0.68,0.69,0.44,2.63,2.58,2.56,1371.0,87.0,268.0,249.0,767.0,149.0,141.0,212.0,869.0,0.0,0.0,132204.0,11.0,17.0,7.0,78.0,460.85,39.44,38.23,39.37,38.15,394.0,241.0,247.0,882.0,36.0,57.0,6.0,493.0,102.0,40.0,13.85,12.47,13.11,13.0,12.0,11.0,877.47,635.0,630.5,6.15,9.14,8.61,36.99,36.86,36.2,684.85,65.69,62.2,65.62,62.16,589.0,330.0,308.0,1227.0,64.0,72.0,9.0,680.0,168.0,71.0,19.58,20.55,25.55,24.0,19.0,21.0,1229.17,919.0,918.24,11.65,15.81,15.81,61.53,61.52,60.31,108.87,113.89,1965.0,2027.0,0.0,0.0,0.0,0.0,0.0,0.0,regular
8477444,2025,Andre Burakovsky,CHI,L,all,50,51271.0,1011.0,20.45,0.52,0.4,0.53,0.44,0.52,0.43,265.0,72.98,9.95,5.52,15.41,2.28,38.59,26.25,9.33,10.14,9.5,10.0,10.0,69.0,29.0,50.0,148.0,30.0,10.0,10.0,1.0,12.0,0.0,30.0,36.0,59.0,88.0,6.0,12.0,3.0,15.0,20.0,42.0,54.0,32.0,12.0,2.17,4.1,3.69,1.0,6.0,3.0,148.75,98.0,98.62,13.0,1.24,1.66,2.28,8.91,8.99,8.57,1011.0,193.0,45.0,173.0,600.0,124.0,162.0,171.0,554.0,3.0,6.0,131680.0,12.0,14.0,7.0,25.0,487.89,52.34,49.74,52.5,49.89,448.0,211.0,240.0,899.0,52.0,49.0,5.0,468.0,128.0,63.0,14.73,15.38,22.23,14.0,20.0,18.0,896.97,659.0,658.13,7.94,10.65,10.65,49.63,49.71,48.11,459.32,47.51,45.79,47.93,46.18,420.0,199.0,184.0,803.0,55.0,41.0,4.0,441.0,138.0,40.0,13.81,17.86,15.84,28.0,15.0,12.0,812.13,619.0,624.57,6.41,9.75,9.75,44.17,44.6,43.7,80.12,117.98,1688.0,2141.0,0.0,0.0,0.0,0.0,0.0,0.0,regular
8484783,2025,Artyom Levshunov,CHI,D,all,52,59871.0,1105.0,10.25,0.5,0.43,0.52,0.44,0.5,0.44,152.0,70.23,3.53,4.44,17.95,2.24,43.16,28.68,3.37,3.48,3.32,5.0,14.0,66.0,34.0,67.0,167.0,21.0,2.0,6.0,0.0,19.0,0.0,40.0,33.0,64.0,98.0,18.0,36.0,0.0,62.0,12.0,70.0,88.0,12.0,0.0,2.23,1.3,0.0,1.0,1.0,0.0,164.98,100.0,98.33,46.0,0.98,1.57,0.0,4.51,4.44,4.24,1105.0,208.0,67.0,168.0,662.0,107.0,187.0,164.0,647.0,0.0,0.0,130586.0,36.0,12.0,6.0,51.0,522.56,53.94,51.31,53.79,51.19,457.0,249.0,259.0,965.0,46.0,53.0,2.0,488.0,154.0,64.0,15.01,18.07,20.86,9.0,22.0,15.0,957.7,706.0,701.29,8.95,10.25,10.63,52.27,52.16,50.28,529.79,54.73,52.59,55.32,53.14,481.0,234.0,178.0,893.0,55.0,46.0,4.0,506.0,156.0,53.0,15.58,20.07,19.08,25.0,21.0,9.0,907.18,715.0,723.62,7.7,10.4,10.4,52.02,52.66,51.47,87.7,115.87,1752.0,2200.0,0.0,0.0,0.0,0.0,0.0,0.0,regular
8482703,2025,Colton Dach,CHI,C,all,51,36333.0,826.0,5.39,0.42,0.46,0.48,0.46,0.47,0.46,487.0,64.24,5.93,4.62,16.74,2.23,34.33,23.16,5.59,5.89,5.56,3.0,3.0,51.0,36.0,23.0,110.0,9.0,3.0,11.0,0.0,11.0,0.0,33.0,29.0,48.0,84.0,13.0,35.0,26.0,183.0,13.0,27.0,63.0,18.0,6.0,2.22,2.04,1.67,2.0,1.0,0.0,109.28,87.0,87.11,7.0,1.03,1.71,1.82,5.13,5.13,5.0,826.0,80.0,79.0,138.0,529.0,131.0,123.0,110.0,462.0,26.0,45.0,149924.0,35.0,37.0,14.0,27.0,256.22,19.53,18.77,19.5,18.76,214.0,136.0,134.0,484.0,15.0,28.0,1.0,279.0,52.0,19.0,7.92,6.2,5.41,9.0,6.0,0.0,480.61,350.0,348.75,3.65,5.17,5.19,17.99,18.01,17.57,289.95,26.84,25.67,26.91,25.75,270.0,124.0,125.0,519.0,26.0,37.0,6.0,286.0,77.0,31.0,7.55,9.6,9.69,11.0,9.0,6.0,525.22,394.0,396.96,4.1,8.42,8.42,22.52,22.64,22.2,118.17,140.61,2179.0,2515.0,0.0,0.0,0.0,0.0,0.0,0.0,regular
8484144,2025,Connor Bedard,CHI,C,all,43,54014.0,978.0,39.21,0.53,0.38,0.51,0.42,0.5,0.42,74.0,153.03,17.53,10.45,32.85,4.8,83.89,57.49,16.83,17.73,17.02,22.0,8.0,142.0,65.0,50.0,257.0,53.0,23.0,12.0,1.0,23.0,0.0,69.0,80.0,119.0,184.0,17.0,32.0,148.0,16.0,18.0,56.0,149.0,41.0,17.0,5.16,4.96,7.4,8.0,5.0,10.0,258.85,207.0,208.49,13.0,2.38,3.07,2.33,17.56,17.75,17.14,978.0,198.0,60.0,170.0,550.0,103.0,158.0,184.0,533.0,148.0,167.0,103065.0,32.0,24.0,11.0,16.0,494.26,56.39,53.78,56.69,54.05,449.0,222.0,227.0,898.0,64.0,51.0,7.0,471.0,134.0,66.0,14.42,16.46,25.51,14.0,22.0,28.0,898.85,671.0,672.29,8.49,9.66,9.69,55.19,55.42,53.6,490.02,49.2,47.52,49.31,47.63,446.0,217.0,203.0,866.0,46.0,51.0,3.0,483.0,134.0,46.0,15.23,16.98,16.99,24.0,14.0,8.0,871.95,663.0,664.52,7.09,11.17,11.17,45.13,45.26,44.65,56.07,91.87,1272.0,1723.0,0.0,0.0,0.0,0.0,0.0,0.0,regular
8476473,2025,Connor Murphy,CHI,D,all,56,55159.0,1161.0,8.47,0.36,0.48,0.38,0.49,0.39,0.48,281.0,52.61,2.1,3.0,14.75,1.7,31.68,22.76,2.07,2.12,2.09,2.0,6.0,51.0,25.0,37.0,113.0,12.0,4.0,4.0,0.0,8.0,0.0,35.0,25.0,47.0,72.0,17.0,46.0,0.0,53.0,12.0,48.0,71.0,5.0,0.0,1.44,0.67,0.0,2.0,2.0,0.0,111.85,76.0,75.93,38.0,0.6,0.84,0.08,2.62,2.64,2.6,1161.0,52.0,241.0,165.0,703.0,157.0,128.0,160.0,716.0,0.0,0.0,149698.0,46.0,32.0,10.0,82.0,323.83,28.97,27.79,29.06,27.88,283.0,159.0,143.0,585.0,29.0,32.0,2.0,336.0,75.0,31.0,9.46,9.47,10.05,13.0,12.0,4.0,582.9,442.0,442.41,4.31,6.65,6.65,26.63,26.75,26.39,510.64,50.94,47.81,51.11,47.99,447.0,242.0,253.0,942.0,48.0,57.0,7.0,499.0,123.0,67.0,12.98,15.2,22.76,15.0,17.0,16.0,949.87,689.0,692.46,9.2,12.79,12.79,47.35,47.53,46.42,120.84,132.52,2312.0,2381.0,0.0,0.0,0.0,0.0,0.0,0.0,regular
8476952,2025,Dominic Toninato,CHI,C,all,5,2759.0,69.0,1.98,0.58,0.37,0.6,0.47,0.58,0.44,57.0,7.83,0.68,0.55,1.83,0.25,3.63,3.06,0.68,0.68,0.68,1.0,0.0,6.0,4.0,1.0,11.0,1.0,0.0,1.0,0.0,1.0,0.0,3.0,5.0,6.0,10.0,2.0,4.0,10.0,10.0,1.0,2.0,8.0,1.0,1.0,0.37,0.1,0.21,0.0,0.0,0.0,11.07,10.0,10.04,0.0,0.12,0.2,0.0,0.8,0.8,0.79,69.0,6.0,5.0,7.0,51.0,14.0,14.0,6.0,35.0,10.0,12.0,15541.0,4.0,2.0,1.0,0.0,25.77,1.65,1.59,1.64,1.58,25.0,10.0,18.0,53.0,1.0,5.0,0.0,29.0,4.0,2.0,0.88,0.36,0.41,1.0,0.0,0.0,52.53,35.0,34.73,0.35,0.47,0.47,1.53,1.53,1.52,18.2,1.18,1.16,1.17,1.15,14.0,11.0,11.0,36.0,0.0,0.0,0.0,21.0,3.0,1.0,0.56,0.34,0.28,0.0,0.0,0.0,36.75,25.0,25.33,0.2,0.0,0.0,1.38,1.37,1.34,9.42,16.01,220.0,247.0,0.0,0.0,0.0,0.0,0.0,0.0,regular
8482807,2025,Ethan Del Mastro,CHI,D,all,2,1962.0,45.0,-0.63,0.29,0.38,0.36,0.47,0.37,0.42,10.0,2.01,0.06,0.1,0.57,0.06,1.22,0.98,0.06,0.06,0.06,0.0,0.0,3.0,0.0,2.0,5.0,0.0,0.0,0.0,0.0,0.0,0.0,2.0,1.0,3.0,3.0,0.0,0.0,0.0,6.0,0.0,3.0,3.0,0.0,0.0,0.06,0.0,0.0,0.0,0.0,0.0,5.3,3.0,3.16,3.0,0.02,0.0,0.0,0.08,0.09,0.09,45.0,4.0,8.0,5.0,28.0,4.0,7.0,4.0,30.0,0.0,0.0,5238.0,0.0,0.0,0.0,3.0,13.74,0.79,0.79,0.84,0.83,13.0,6.0,6.0,25.0,0.0,0.0,0.0,17.0,2.0,0.0,0.56,0.23,0.0,0.0,0.0,0.0,26.4,19.0,20.12,0.15,0.0,0.0,0.94,0.99,0.99,23.04,1.95,1.91,1.85,1.82,20.0,12.0,13.0,45.0,1.0,1.0,0.0,22.0,9.0,1.0,0.67,1.04,0.23,0.0,1.0,0.0,42.54,32.0,30.4,0.35,0.23,0.23,2.06,1.96,1.94,2.56,4.23,73.0,81.0,0.0,0.0,0.0,0.0,0.0,0.0,regular
8483493,2025,Frank Nazar,CHI,C,all,40,44421.0,865.0,18.82,0.48,0.42,0.49,0.45,0.48,0.44,151.0,96.16,11.12,7.31,21.66,3.28,51.68,35.95,10.89,11.2,10.97,8.0,9.0,85.0,46.0,35.0,166.0,24.0,7.0,8.0,1.0,17.0,1.0,48.0,50.0,78.0,124.0,11.0,22.0,236.0,22.0,14.0,47.0,88.0,32.0,11.0,3.02,3.91,4.19,0.0,4.0,3.0,165.65,131.0,131.03,14.0,1.7,1.47,1.49,11.33,11.39,11.21,865.0,163.0,91.0,138.0,473.0,109.0,118.0,130.0,508.0,236.0,286.0,101650.0,22.0,38.0,19.0,28.0,364.15,36.79,35.25,37.15,35.58,321.0,174.0,174.0,669.0,34.0,30.0,4.0,360.0,94.0,41.0,10.87,11.31,14.61,8.0,13.0,13.0,669.23,495.0,496.58,5.96,6.91,7.28,35.46,35.68,34.8,397.61,40.63,38.29,40.65,38.33,350.0,187.0,164.0,701.0,33.0,53.0,5.0,391.0,101.0,45.0,12.16,12.76,15.7,13.0,12.0,8.0,704.38,537.0,538.32,6.42,10.23,10.23,36.8,36.85,36.15,65.44,89.31,1382.0,1707.0,0.0,0.0,0.0,0.0,0.0,0.0,regular
8481624,2025,Ilya Mikheyev,CHI,R,all,51,54212.0,1124.0,16.53,0.4,0.47,0.4,0.48,0.41,0.47,221.0,88.04,11.37,6.14,19.58,2.74,39.64,34.54,10.88,11.36,10.88,9.0,3.0,83.0,31.0,30.0,144.0,23.0,11.0,13.0,1.0,16.0,1.0,25.0,48.0,72.0,103.0,7.0,14.0,2.0,25.0,15.0,41.0,71.0,26.0,17.0,2.23,3.32,5.81,4.0,4.0,3.0,145.29,114.0,114.38,14.0,1.33,2.03,2.79,9.91,9.96,9.66,1124.0,82.0,234.0,196.0,612.0,161.0,124.0,165.0,674.0,2.0,7.0,132345.0,14.0,16.0,8.0,17.0,362.74,34.77,33.45,34.71,33.39,315.0,177.0,151.0,643.0,31.0,46.0,2.0,364.0,88.0,40.0,9.93,11.2,13.64,12.0,12.0,7.0,642.09,492.0,491.25,4.9,8.09,8.06,31.61,31.53,30.85,536.73,53.18,50.68,53.23,50.73,458.0,264.0,223.0,945.0,44.0,58.0,7.0,506.0,154.0,62.0,13.6,18.57,21.01,12.0,18.0,14.0,946.46,722.0,720.0,9.08,12.88,12.88,49.39,49.45,48.11,100.47,115.2,1972.0,2124.0,0.0,0.0,0.0,0.0,0.0,0.0,regular
8477450,2025,Jason Dickinson,CHI,C,all,42,39642.0,904.0,13.96,0.4,0.46,0.45,0.48,0.45,0.47,253.0,57.51,4.04,3.52,13.82,1.91,31.5,25.19,3.98,3.97,3.91,4.0,3.0,50.0,30.0,22.0,102.0,13.0,6.0,8.0,0.0,14.0,0.0,26.0,26.0,44.0,74.0,5.0,10.0,313.0,45.0,8.0,32.0,67.0,12.0,1.0,2.27,1.51,0.26,4.0,2.0,0.0,101.19,80.0,79.12,16.0,0.73,1.55,0.19,4.57,4.5,4.45,904.0,57.0,219.0,155.0,473.0,121.0,66.0,130.0,587.0,313.0,317.0,113966.0,10.0,4.0,2.0,33.0,279.41,22.62,21.98,22.35,21.71,245.0,135.0,124.0,504.0,26.0,35.0,1.0,297.0,56.0,27.0,8.24,6.8,7.58,14.0,7.0,5.0,498.6,380.0,375.15,3.72,6.25,5.84,20.49,20.21,19.97,348.37,33.75,32.2,33.95,32.41,278.0,192.0,145.0,615.0,41.0,40.0,2.0,320.0,114.0,36.0,8.47,13.61,11.66,15.0,17.0,9.0,620.75,470.0,472.07,6.22,7.31,7.31,32.66,32.93,31.89,86.37,100.74,1688.0,1819.0,0.0,0.0,0.0,0.0,0.0,0.0,regular
8483466,2025,Kevin Korchinski,CHI,D,all,2,1677.0,37.0,-0.45,0.17,0.58,0.31,0.5,0.34,0.48,12.0,2.21,0.12,0.13,0.53,0.07,1.23,0.91,0.12,0.13,0.13,0.0,1.0,2.0,1.0,0.0,3.0,1.0,0.0,0.0,0.0,1.0,0.0,0.0,2.0,2.0,3.0,1.0,2.0,0.0,0.0,1.0,2.0,2.0,1.0,0.0,0.04,0.08,0.0,0.0,0.0,0.0,3.17,3.0,3.16,1.0,0.03,0.0,0.0,0.15,0.16,0.16,37.0,5.0,2.0,4.0,26.0,2.0,10.0,7.0,18.0,0.0,0.0,5523.0,2.0,0.0,0.0,2.0,9.62,0.52,0.52,0.53,0.53,8.0,5.0,0.0,13.0,1.0,0.0,0.0,12.0,1.0,0.0,0.44,0.08,0.0,1.0,0.0,0.0,13.14,13.0,13.21,0.12,0.0,0.0,0.65,0.66,0.66,19.64,2.59,2.47,2.7,2.58,20.0,5.0,4.0,29.0,3.0,4.0,1.0,15.0,7.0,3.0,0.49,0.87,1.22,0.0,1.0,2.0,30.23,25.0,25.73,0.31,1.13,1.13,1.77,1.83,1.8,5.36,3.88,78.0,78.0,0.0,0.0,0.0,0.0,0.0,0.0,regular
8482172,2025,Landon Slaggert,CHI,L,all,29,19100.0,449.0,5.35,0.43,0.48,0.43,0.49,0.44,0.48,292.0,35.04,4.06,2.71,7.48,1.23,16.99,13.54,3.98,4.0,3.92,1.0,2.0,28.0,18.0,8.0,54.0,5.0,2.0,5.0,0.0,6.0,0.0,15.0,18.0,26.0,44.0,2.0,4.0,1.0,43.0,3.0,6.0,25.0,16.0,5.0,1.03,1.86,1.17,2.0,0.0,0.0,52.13,46.0,44.94,1.0,0.59,1.06,0.85,3.79,3.72,3.69,449.0,36.0,51.0,87.0,275.0,51.0,57.0,53.0,288.0,1.0,1.0,87825.0,4.0,10.0,5.0,14.0,125.26,10.75,10.34,10.53,10.13,97.0,72.0,55.0,224.0,11.0,20.0,1.0,127.0,27.0,15.0,3.63,3.1,4.03,8.0,3.0,0.0,217.53,169.0,164.45,1.75,3.57,3.6,8.9,8.69,8.57,157.95,14.08,13.18,14.42,13.51,134.0,81.0,87.0,302.0,7.0,20.0,0.0,156.0,45.0,14.0,4.27,5.6,4.22,3.0,4.0,0.0,307.69,215.0,218.5,2.78,4.43,4.43,12.43,12.67,12.24,72.7,78.03,1289.0,1356.0,0.0,0.0,0.0,0.0,0.0,0.0,regular
8481806,2025,Louis Crevier,CHI,D,all,53,51768.0,1165.0,12.65,0.42,0.46,0.44,0.48,0.44,0.47,261.0,86.39,3.55,4.51,25.44,3.01,47.33,36.16,3.49,3.51,3.46,7.0,4.0,78.0,42.0,51.0,171.0,15.0,4.0,12.0,0.0,21.0,0.0,38.0,45.0,74.0,116.0,15.0,33.0,0.0,84.0,11.0,44.0,113.0,5.0,2.0,2.37,0.62,0.55,3.0,1.0,0.0,169.39,120.0,119.31,40.0,0.93,2.04,1.04,3.44,3.41,3.39,1165.0,64.0,184.0,204.0,713.0,121.0,121.0,161.0,762.0,0.0,0.0,142289.0,33.0,7.0,2.0,57.0,391.82,34.49,33.07,34.41,32.96,348.0,185.0,174.0,707.0,38.0,57.0,5.0,413.0,79.0,41.0,11.5,10.02,12.97,18.0,11.0,9.0,701.18,533.0,528.04,5.27,8.93,8.56,31.2,30.99,30.2,507.33,47.81,45.58,48.06,45.83,430.0,255.0,222.0,907.0,46.0,69.0,9.0,500.0,138.0,47.0,14.91,17.24,15.66,19.0,14.0,13.0,909.91,685.0,685.36,8.48,13.82,13.82,42.47,42.7,41.6,107.93,125.3,2049.0,2240.0,0.0,0.0,0.0,0.0,0.0,0.0,regular
8476891,2025,Matt Grzelcyk,CHI,D,all,56,56902.0,1225.0,10.33,0.47,0.44,0.49,0.46,0.49,0.45,240.0,67.98,2.0,3.67,20.0,2.26,40.85,29.23,1.95,2.0,1.95,10.0,2.0,57.0,41.0,36.0,134.0,12.0,0.0,4.0,0.0,23.0,1.0,35.0,35.0,57.0,98.0,8.0,18.0,0.0,24.0,16.0,37.0,96.0,2.0,0.0,1.7,0.3,0.0,0.0,0.0,0.0,133.32,98.0,98.01,24.0,0.76,0.43,0.07,2.7,2.7,2.63,1225.0,158.0,107.0,171.0,789.0,141.0,182.0,174.0,728.0,0.0,0.0,147955.0,18.0,8.0,4.0,42.0,478.18,42.38,40.57,42.73,40.91,429.0,217.0,206.0,852.0,50.0,50.0,4.0,489.0,113.0,44.0,15.13,14.1,13.15,21.0,22.0,7.0,851.25,646.0,647.33,6.89,10.55,10.59,38.68,38.84,38.02,488.72,48.55,46.49,49.24,47.12,452.0,213.0,215.0,880.0,45.0,58.0,6.0,477.0,137.0,51.0,14.15,17.27,17.13,18.0,17.0,10.0,897.47,665.0,674.46,7.12,12.93,12.93,42.75,43.28,42.35,107.43,134.91,2045.0,2443.0,0.0,0.0,0.0,0.0,0.0,0.0,regular
8473422,2025,Nick Foligno,CHI,L,all,32,24789.0,569.0,6.9,0.46,0.46,0.46,0.46,0.45,0.45,277.0,27.97,2.88,2.19,7.22,0.93,12.6,9.18,2.77,2.79,2.68,4.0,4.0,26.0,9.0,9.0,44.0,10.0,2.0,4.0,0.0,1.0,0.0,16.0,12.0,24.0,33.0,7.0,23.0,144.0,76.0,2.0,19.0,23.0,9.0,3.0,0.85,1.04,0.99,1.0,1.0,0.0,43.46,35.0,34.64,5.0,0.47,1.2,1.42,1.93,1.89,1.85,569.0,57.0,96.0,87.0,329.0,78.0,60.0,72.0,359.0,144.0,149.0,92492.0,23.0,27.0,8.0,25.0,170.66,15.92,15.23,15.84,15.16,142.0,89.0,92.0,323.0,19.0,25.0,0.0,174.0,40.0,17.0,5.08,4.85,5.99,9.0,8.0,2.0,322.01,231.0,229.89,2.64,4.58,4.58,13.98,13.96,13.59,204.31,18.47,17.38,18.71,17.6,180.0,97.0,104.0,381.0,14.0,19.0,1.0,198.0,63.0,16.0,5.58,7.92,4.97,7.0,6.0,1.0,384.65,277.0,279.49,3.2,4.26,4.26,17.41,17.57,17.13,74.23,87.03,1299.0,1519.0,0.0,0.0,0.0,0.0,0.0,0.0,regular
8484185,2025,Nick Lardis,CHI,L,all,21,15942.0,359.0,7.65,0.49,0.45,0.55,0.46,0.55,0.45,191.0,40.74,3.95,2.69,9.92,1.46,22.27,14.71,3.78,3.83,3.67,1.0,1.0,32.0,23.0,16.0,71.0,7.0,5.0,2.0,0.0,12.0,0.0,21.0,15.0,27.0,50.0,3.0,6.0,1.0,33.0,5.0,9.0,38.0,13.0,4.0,1.52,1.43,1.0,1.0,3.0,1.0,69.46,55.0,53.88,0.0,0.6,0.24,0.69,3.86,3.8,3.68,359.0,62.0,17.0,49.0,231.0,55.0,54.0,45.0,205.0,1.0,1.0,61236.0,6.0,6.0,3.0,7.0,129.89,9.58,9.16,9.37,8.98,108.0,71.0,67.0,246.0,10.0,12.0,0.0,140.0,33.0,6.0,4.46,3.68,1.44,5.0,4.0,1.0,240.53,179.0,175.71,1.89,1.64,1.64,9.83,9.66,9.39,108.74,9.88,9.54,10.16,9.81,95.0,54.0,52.0,201.0,14.0,7.0,3.0,113.0,26.0,10.0,3.59,3.28,3.01,3.0,5.0,6.0,206.39,149.0,153.14,1.51,1.71,1.71,9.68,9.92,9.79,47.97,59.54,844.0,996.0,0.0,0.0,0.0,0.0,0.0,0.0,regular
8484197,2025,Oliver Moore,CHI,C,all,44,34646.0,781.0,10.45,0.46,0.45,0.48,0.47,0.49,0.45,388.0,60.24,5.78,3.99,14.59,2.3,31.53,22.81,5.52,5.89,5.62,4.0,7.0,51.0,30.0,13.0,94.0,16.0,5.0,11.0,0.0,9.0,0.0,24.0,32.0,46.0,76.0,7.0,17.0,88.0,23.0,14.0,36.0,57.0,17.0,7.0,1.92,2.15,1.72,3.0,1.0,1.0,93.77,81.0,81.32,14.0,0.86,1.72,1.63,5.0,5.04,4.95,781.0,121.0,71.0,108.0,481.0,100.0,119.0,108.0,454.0,88.0,91.0,126238.0,17.0,21.0,9.0,13.0,281.65,21.83,20.88,21.77,20.83,233.0,151.0,121.0,505.0,22.0,31.0,1.0,295.0,70.0,19.0,8.64,8.59,4.61,7.0,13.0,2.0,501.32,384.0,382.77,4.19,4.54,4.57,21.45,21.36,20.82,298.74,25.93,25.21,26.3,25.56,271.0,136.0,131.0,538.0,33.0,26.0,4.0,318.0,61.0,28.0,9.48,7.39,9.06,15.0,10.0,8.0,545.75,407.0,411.4,4.17,5.79,5.79,24.31,24.6,24.24,96.14,118.88,1787.0,2056.0,0.0,0.0,0.0,0.0,0.0,0.0,regular
8477987,2025,Ryan Donato,CHI,C,all,56,50370.0,1050.0,19.8,0.49,0.44,0.51,0.45,0.51,0.44,403.0,112.43,11.05,7.94,26.1,3.81,56.94,42.15,10.42,11.09,10.46,6.0,6.0,86.0,62.0,43.0,191.0,25.0,13.0,7.0,3.0,18.0,1.0,56.0,53.0,73.0,135.0,12.0,24.0,103.0,62.0,18.0,40.0,97.0,39.0,12.0,3.04,4.73,3.29,5.0,6.0,2.0,190.89,148.0,147.15,12.0,1.76,1.89,3.52,9.29,9.25,8.95,1050.0,123.0,100.0,166.0,661.0,185.0,159.0,150.0,556.0,103.0,103.0,154487.0,24.0,24.0,11.0,12.0,438.61,37.28,35.47,37.26,35.47,368.0,224.0,196.0,788.0,36.0,50.0,3.0,442.0,111.0,39.0,12.49,13.8,10.99,13.0,17.0,6.0,785.28,592.0,591.3,6.64,9.29,9.26,34.66,34.64,33.69,421.02,38.56,37.23,38.82,37.48,382.0,194.0,167.0,743.0,37.0,43.0,7.0,433.0,103.0,40.0,12.17,12.64,13.74,16.0,14.0,7.0,746.48,576.0,577.2,5.73,9.42,9.42,34.87,35.22,34.64,112.53,144.91,2109.0,2580.0,0.0,0.0,0.0,0.0,0.0,0.0,regular
8483450,2025,Ryan Greene,CHI,C,all,56,55400.0,1254.0,10.36,0.41,0.46,0.44,0.48,0.43,0.47,323.0,79.96,10.46,6.31,17.34,2.61,40.26,29.02,10.06,10.35,9.97,9.0,4.0,73.0,33.0,29.0,135.0,20.0,7.0,15.0,0.0,10.0,1.0,35.0,38.0,66.0,99.0,5.0,10.0,285.0,32.0,17.0,39.0,56.0,36.0,14.0,2.25,4.29,3.93,1.0,3.0,3.0,133.1,106.0,104.82,11.0,1.41,2.91,2.32,9.55,9.51,9.28,1254.0,173.0,220.0,173.0,688.0,128.0,162.0,203.0,761.0,285.0,341.0,149457.0,10.0,18.0,9.0,26.0,433.97,41.39,38.78,41.38,38.78,393.0,195.0,193.0,781.0,46.0,60.0,7.0,421.0,122.0,45.0,12.9,14.89,13.59,17.0,18.0,11.0,777.94,588.0,586.84,6.69,10.64,10.64,37.44,37.44,35.69,573.03,58.61,56.04,59.16,56.55,510.0,262.0,241.0,1013.0,53.0,59.0,5.0,561.0,146.0,65.0,17.03,18.52,23.06,25.0,15.0,13.0,1024.82,772.0,776.89,9.32,13.99,14.43,53.5,53.94,52.75,108.42,124.85,2116.0,2310.0,0.0,0.0,0.0,0.0,0.0,0.0,regular
8478043,2025,Sam Lafferty,CHI,C,all,19,10141.0,246.0,2.3,0.45,0.42,0.51,0.45,0.48,0.45,210.0,7.15,0.72,0.69,1.96,0.33,3.82,2.48,0.67,0.7,0.65,0.0,1.0,6.0,4.0,5.0,15.0,2.0,1.0,2.0,0.0,0.0,0.0,3.0,4.0,5.0,9.0,2.0,4.0,11.0,23.0,1.0,9.0,7.0,2.0,1.0,0.35,0.17,0.2,1.0,0.0,0.0,14.69,10.0,9.82,3.0,0.15,0.09,0.38,0.48,0.47,0.46,246.0,25.0,13.0,37.0,171.0,39.0,40.0,27.0,140.0,11.0,11.0,58767.0,4.0,2.0,1.0,3.0,61.67,4.05,3.97,3.98,3.9,58.0,26.0,41.0,125.0,7.0,6.0,0.0,68.0,12.0,4.0,1.85,1.31,0.89,3.0,2.0,2.0,124.61,84.0,83.67,0.84,0.51,0.51,4.37,4.31,4.27,67.29,5.03,5.0,5.11,5.08,59.0,31.0,31.0,121.0,5.0,4.0,1.0,70.0,15.0,5.0,1.76,1.96,1.31,3.0,1.0,1.0,123.57,90.0,91.76,0.88,0.9,0.9,5.01,5.08,5.06,42.08,58.3,835.0,1014.0,0.0,0.0,0.0,0.0,0.0,0.0,regular
8483506,2025,Sam Rinzel,CHI,D,all,30,30349.0,581.0,6.88,0.5,0.43,0.5,0.44,0.49,0.44,127.0,51.89,2.51,3.17,15.21,1.71,30.81,20.59,2.22,2.52,2.24,5.0,2.0,45.0,29.0,50.0,124.0,9.0,2.0,6.0,0.0,10.0,0.0,31.0,25.0,43.0,72.0,10.0,20.0,0.0,26.0,7.0,38.0,69.0,3.0,2.0,1.6,0.28,0.63,1.0,1.0,0.0,124.56,74.0,74.64,26.0,0.69,1.06,0.28,2.92,2.94,2.69,581.0,96.0,48.0,90.0,347.0,54.0,101.0,89.0,337.0,0.0,0.0,79030.0,20.0,4.0,2.0,33.0,272.1,24.46,23.35,24.65,23.54,228.0,140.0,136.0,504.0,30.0,28.0,5.0,279.0,61.0,28.0,7.93,7.31,9.21,9.0,8.0,13.0,506.15,368.0,370.42,4.1,5.08,5.08,23.47,23.61,22.96,282.53,24.65,23.9,24.54,23.78,253.0,133.0,119.0,505.0,23.0,30.0,1.0,285.0,78.0,23.0,8.19,9.3,7.16,8.0,12.0,3.0,504.9,386.0,384.24,4.06,6.45,6.45,22.26,22.18,21.93,55.33,73.91,1033.0,1325.0,0.0,0.0,0.0,0.0,0.0,0.0,regular
8476882,2025,Teuvo Teravainen,CHI,C,all,49,53286.0,1101.0,16.36,0.46,0.46,0.48,0.46,0.47,0.46,197.0,73.14,7.03,4.9,16.92,2.35,38.57,28.24,6.51,7.08,6.55,7.0,6.0,60.0,38.0,31.0,129.0,23.0,10.0,5.0,1.0,16.0,0.0,36.0,31.0,50.0,88.0,2.0,4.0,39.0,17.0,19.0,45.0,71.0,19.0,8.0,1.91,2.24,2.88,3.0,4.0,3.0,129.34,98.0,97.75,17.0,1.11,1.24,1.53,6.6,6.62,6.35,1101.0,170.0,165.0,163.0,603.0,131.0,133.0,159.0,678.0,39.0,48.0,125771.0,4.0,10.0,5.0,27.0,423.84,44.28,41.8,44.49,41.99,365.0,212.0,206.0,783.0,38.0,41.0,3.0,423.0,97.0,57.0,11.93,11.27,21.08,7.0,12.0,19.0,783.94,577.0,577.33,7.3,8.83,8.83,42.76,42.92,41.22,485.28,53.0,50.07,53.14,50.21,433.0,220.0,186.0,839.0,46.0,61.0,6.0,457.0,129.0,67.0,13.28,16.3,23.41,8.0,21.0,17.0,840.92,653.0,652.73,8.44,12.88,12.88,48.56,48.68,47.55,90.17,106.47,1797.0,2074.0,0.0,0.0,0.0,0.0,0.0,0.0,regular
8477479,2025,Tyler Bertuzzi,CHI,L,all,53,58455.0,1087.0,37.17,0.57,0.38,0.55,0.42,0.54,0.42,215.0,144.87,23.43,12.69,31.9,4.94,65.29,43.77,22.06,23.38,22.02,9.0,8.0,118.0,64.0,35.0,217.0,42.0,25.0,19.0,5.0,16.0,1.0,62.0,59.0,93.0,157.0,8.0,24.0,44.0,40.0,11.0,47.0,98.0,43.0,41.0,3.47,5.59,14.37,3.0,9.0,13.0,216.88,182.0,182.33,11.0,3.13,3.24,7.27,19.29,19.23,18.69,1087.0,222.0,102.0,184.0,579.0,142.0,179.0,187.0,579.0,44.0,47.0,135602.0,24.0,28.0,14.0,16.0,567.95,64.22,60.79,64.17,60.74,493.0,273.0,277.0,1043.0,62.0,68.0,6.0,527.0,153.0,86.0,16.02,18.61,29.58,15.0,23.0,24.0,1037.48,766.0,762.67,9.88,13.26,13.26,60.85,60.74,58.49,476.58,49.38,47.63,49.4,47.66,431.0,219.0,205.0,855.0,54.0,52.0,6.0,469.0,132.0,49.0,14.53,17.16,17.7,19.0,21.0,14.0,862.56,650.0,652.73,6.83,9.86,9.86,46.36,46.53,45.69,77.3,125.05,1701.0,2307.0,0.0,0.0,0.0,0.0,0.0,0.0,regular
8482176,2025,Wyatt Kaiser,CHI,D,all,56,65418.0,1353.0,5.55,0.41,0.47,0.42,0.48,0.41,0.48,165.0,65.81,3.09,3.55,17.26,2.15,36.9,29.05,3.04,3.09,3.05,4.0,3.0,58.0,34.0,37.0,129.0,12.0,5.0,5.0,0.0,17.0,0.0,25.0,40.0,53.0,87.0,12.0,24.0,0.0,36.0,26.0,68.0,84.0,5.0,3.0,1.85,0.55,0.7,4.0,1.0,0.0,128.2,92.0,91.3,45.0,0.73,0.92,0.46,3.35,3.36,3.32,1353.0,100.0,158.0,217.0,878.0,154.0,199.0,174.0,826.0,0.0,0.0,139439.0,24.0,24.0,12.0,47.0,454.61,39.55,38.13,39.41,38.02,398.0,217.0,203.0,818.0,38.0,53.0,4.0,461.0,107.0,47.0,12.91,12.68,13.96,16.0,12.0,10.0,813.08,615.0,612.7,6.17,9.47,9.95,35.77,35.72,35.0,642.68,57.78,55.22,58.33,55.76,560.0,311.0,242.0,1113.0,58.0,69.0,6.0,635.0,180.0,56.0,18.31,22.73,16.74,24.0,24.0,10.0,1122.62,871.0,875.56,10.46,12.86,12.86,55.37,55.99,54.48,110.26,125.68,2079.0,2210.0,0.0,0.0,0.0,0.0,0.0,0.0,regular
8479718,2025,Alex Barr-Boulet,COL,C,all,1,226.0,8.0,0.65,0.58,0.6,0.67,0.62,0.67,0.61,12.0,0.73,0.02,0.05,0.12,0.02,0.46,0.32,0.02,0.02,0.02,0.0,1.0,0.0,1.0,0.0,1.0,1.0,0.0,0.0,0.0,0.0,0.0,1.0,0.0,0.0,1.0,0.0,0.0,0.0,2.0,0.0,0.0,1.0,0.0,0.0,0.02,0.0,0.0,0.0,0.0,0.0,1.03,1.0,1.04,0.0,0.01,0.0,0.0,0.03,0.03,0.03,8.0,1.0,0.0,1.0,6.0,1.0,2.0,0.0,5.0,0.0,0.0,3374.0,0.0,0.0,0.0,0.0,2.54,0.08,0.07,0.08,0.07,0.0,4.0,2.0,6.0,0.0,0.0,0.0,4.0,0.0,0.0,0.08,0.0,0.0,0.0,0.0,0.0,6.13,4.0,4.15,0.03,0.0,0.0,0.1,0.1,0.1,1.5,0.06,0.06,0.06,0.06,2.0,0.0,1.0,3.0,0.0,0.0,0.0,2.0,0.0,0.0,0.06,0.0,0.0,0.0,0.0,0.0,3.04,2.0,2.06,0.02,0.0,0.0,0.08,0.08,0.08,4.3,2.83,88.0,53.0,0.0,0.0,0.0,0.0,0.0,0.0,regular
8477476,2025,Artturi Lehkonen,COL,L,all,53,60843.0,1224.0,52.8,0.6,0.56,0.57,0.55,0.57,0.55,195.0,143.93,22.03,10.93,31.62,5.08,69.75,52.58,20.96,22.39,21.29,17.0,6.0,127.0,65.0,46.0,238.0,40.0,17.0,17.0,5.0,17.0,0.0,75.0,66.0,110.0,175.0,6.0,12.0,3.0,39.0,11.0,35.0,103.0,59.0,30.0,4.37,7.37,10.29,6.0,4.0,7.0,242.99,192.0,195.64,7.0,2.56,3.1,7.36,17.24,17.5,16.89,1224.0,217.0,122.0,213.0,672.0,155.0,166.0,194.0,709.0,3.0,11.0,132484.0,12.0,18.0,9.0,27.0,647.76,68.49,64.67,69.57,65.72,586.0,302.0,329.0,1217.0,76.0,66.0,13.0,635.0,184.0,69.0,20.95,22.47,25.07,32.0,26.0,18.0,1242.47,888.0,903.55,10.45,14.8,14.8,64.14,65.12,62.46,499.0,46.24,43.32,45.55,42.65,459.0,218.0,231.0,908.0,33.0,62.0,4.0,508.0,119.0,50.0,14.36,15.53,16.35,12.0,11.0,10.0,887.14,677.0,663.44,7.32,11.26,11.26,42.3,41.63,40.06,126.59,98.98,2507.0,2058.0,0.0,0.0,0.0,0.0,0.0,0.0,regular
8470613,2025,Brent Burns,COL,D,all,53,62161.0,1337.0,40.25,0.54,0.59,0.51,0.58,0.51,0.57,170.0,121.45,4.53,6.53,37.65,4.17,70.9,50.23,4.39,4.59,4.45,8.0,9.0,114.0,60.0,94.0,268.0,26.0,9.0,12.0,1.0,30.0,0.0,64.0,59.0,105.0,165.0,9.0,18.0,0.0,11.0,13.0,67.0,168.0,5.0,1.0,3.51,0.73,0.3,8.0,1.0,0.0,276.93,174.0,178.08,54.0,1.35,2.78,0.48,5.41,5.48,5.34,1337.0,108.0,200.0,202.0,827.0,181.0,167.0,168.0,821.0,0.0,0.0,131166.0,18.0,6.0,3.0,59.0,583.77,57.23,55.74,58.2,56.69,553.0,253.0,313.0,1119.0,62.0,66.0,9.0,607.0,135.0,64.0,17.58,17.54,22.11,28.0,16.0,18.0,1154.01,806.0,825.35,8.0,13.01,13.01,52.22,53.06,52.23,568.68,48.31,45.88,47.66,45.26,506.0,270.0,290.0,1066.0,42.0,58.0,3.0,588.0,147.0,41.0,16.62,17.71,13.98,21.0,12.0,9.0,1043.76,776.0,763.84,9.01,11.28,11.28,46.03,45.45,44.03,137.85,96.91,2605.0,1900.0,0.0,0.0,0.0,0.0,0.0,0.0,regular
8475754,2025,Brock Nelson,COL,C,all,53,60996.0,1264.0,56.21,0.61,0.55,0.57,0.55,0.57,0.54,204.0,121.16,19.44,9.19,26.9,4.24,60.3,42.95,17.77,19.61,17.94,9.0,11.0,118.0,45.0,38.0,201.0,48.0,28.0,18.0,3.0,18.0,0.0,59.0,40.0,90.0,135.0,10.0,20.0,470.0,26.0,14.0,42.0,89.0,48.0,26.0,3.83,6.09,9.51,9.0,13.0,6.0,205.43,163.0,165.89,10.0,2.16,3.24,6.25,15.33,15.52,14.64,1264.0,206.0,213.0,183.0,662.0,161.0,150.0,203.0,750.0,470.0,479.0,132331.0,20.0,28.0,14.0,42.0,662.89,70.4,65.64,71.06,66.27,625.0,286.0,310.0,1221.0,71.0,82.0,11.0,674.0,158.0,79.0,20.65,20.14,29.61,24.0,22.0,25.0,1244.22,911.0,924.31,10.96,17.34,17.34,64.02,64.65,61.37,491.9,44.31,41.57,43.69,40.96,457.0,219.0,229.0,905.0,54.0,51.0,2.0,519.0,117.0,40.0,14.58,14.75,14.99,20.0,18.0,16.0,886.13,676.0,663.93,7.77,7.44,7.1,44.98,44.42,42.07,124.67,100.91,2503.0,2061.0,0.0,0.0,0.0,0.0,0.0,0.0,regular
8480069,2025,Cale Makar,COL,D,all,53,79786.0,1396.0,66.25,0.6,0.55,0.57,0.55,0.57,0.54,58.0,165.38,12.11,11.35,42.99,5.14,100.68,64.74,11.18,12.22,11.28,24.0,17.0,146.0,91.0,154.0,391.0,56.0,15.0,14.0,2.0,47.0,0.0,93.0,68.0,131.0,222.0,10.0,20.0,0.0,26.0,32.0,56.0,210.0,19.0,8.0,5.86,2.2,4.05,8.0,2.0,5.0,396.87,237.0,240.22,34.0,2.64,2.13,0.37,14.39,14.5,13.45,1396.0,282.0,166.0,226.0,722.0,110.0,197.0,253.0,836.0,0.0,0.0,113541.0,20.0,28.0,14.0,88.0,870.96,93.94,86.62,95.03,87.67,792.0,398.0,444.0,1634.0,100.0,92.0,15.0,877.0,213.0,100.0,28.27,26.2,39.46,42.0,26.0,32.0,1664.18,1190.0,1208.34,14.42,20.61,20.96,87.39,88.32,83.38,664.33,63.15,58.87,62.26,58.02,598.0,306.0,319.0,1223.0,55.0,79.0,4.0,678.0,151.0,75.0,19.23,19.06,24.86,22.0,14.0,19.0,1194.59,904.0,886.29,10.33,14.59,14.59,58.9,58.11,55.71,101.14,82.06,2090.0,1743.0,0.0,0.0,0.0,0.0,0.0,0.0,regular
8478038,2025,Devon Toews,COL,D,all,40,53595.0,1085.0,25.8,0.53,0.63,0.51,0.58,0.5,0.59,92.0,69.82,4.11,3.97,20.03,2.38,39.84,30.67,3.98,4.18,4.04,4.0,8.0,68.0,33.0,49.0,150.0,13.0,1.0,9.0,0.0,17.0,0.0,32.0,42.0,67.0,100.0,9.0,18.0,0.0,14.0,14.0,44.0,89.0,10.0,2.0,2.04,1.1,0.97,0.0,1.0,0.0,153.07,101.0,102.91,28.0,0.84,2.22,0.68,4.27,4.33,4.22,1085.0,148.0,148.0,187.0,602.0,112.0,142.0,168.0,663.0,0.0,0.0,92393.0,18.0,6.0,3.0,58.0,495.26,54.62,51.98,55.56,52.87,454.0,219.0,282.0,955.0,52.0,59.0,9.0,480.0,123.0,70.0,15.3,15.1,24.22,20.0,16.0,16.0,980.7,673.0,688.09,7.06,11.85,11.85,49.83,50.61,49.03,497.81,48.75,45.04,47.91,44.26,444.0,227.0,233.0,904.0,35.0,74.0,5.0,492.0,112.0,67.0,14.0,14.78,19.96,13.0,10.0,12.0,880.59,671.0,656.75,8.22,15.29,15.29,41.68,41.06,39.61,99.28,57.34,1876.0,1339.0,0.0,0.0,0.0,0.0,0.0,0.0,regular
8476455,2025,Gabriel Landeskog,COL,L,all,41,38979.0,806.0,30.39,0.67,0.56,0.6,0.54,0.61,0.54,259.0,104.08,11.61,8.47,23.5,3.52,54.05,37.84,10.58,11.85,10.8,5.0,10.0,87.0,52.0,29.0,168.0,22.0,7.0,14.0,2.0,18.0,0.0,51.0,49.0,80.0,132.0,12.0,27.0,92.0,60.0,12.0,21.0,94.0,33.0,12.0,3.07,4.11,4.42,1.0,2.0,4.0,172.25,139.0,141.84,5.0,1.92,2.58,2.78,10.74,10.94,10.15,806.0,125.0,89.0,128.0,464.0,123.0,106.0,121.0,456.0,92.0,55.0,110609.0,27.0,21.0,9.0,18.0,453.42,49.94,47.15,50.81,47.99,415.0,204.0,219.0,838.0,49.0,50.0,7.0,463.0,97.0,59.0,14.05,11.98,23.91,17.0,9.0,23.0,861.46,619.0,633.84,7.27,11.31,11.31,45.89,46.66,44.71,298.94,24.99,23.63,24.63,23.28,284.0,120.0,146.0,550.0,22.0,34.0,2.0,309.0,68.0,27.0,8.74,8.63,7.62,4.0,12.0,6.0,535.28,404.0,395.55,4.15,6.17,6.17,22.97,22.59,21.74,106.67,83.66,2054.0,1741.0,0.0,0.0,0.0,0.0,0.0,0.0,regular
8484149,2025,Gavin Brindley,COL,C,all,40,24555.0,554.0,15.1,0.5,0.58,0.55,0.56,0.55,0.56,404.0,50.59,5.27,3.72,12.17,1.78,26.9,19.15,5.12,5.27,5.11,2.0,4.0,47.0,22.0,15.0,84.0,11.0,5.0,8.0,3.0,9.0,0.0,32.0,15.0,42.0,64.0,4.0,8.0,12.0,29.0,4.0,16.0,51.0,10.0,8.0,1.89,1.21,2.18,1.0,1.0,3.0,85.95,69.0,69.67,1.0,0.82,1.13,1.61,4.48,4.44,4.37,554.0,76.0,40.0,94.0,344.0,91.0,81.0,63.0,319.0,12.0,20.0,121098.0,8.0,20.0,10.0,11.0,225.72,19.5,18.97,19.66,19.13,218.0,92.0,125.0,435.0,21.0,24.0,4.0,239.0,50.0,21.0,7.11,6.2,6.2,13.0,5.0,3.0,449.72,310.0,316.6,3.27,3.93,3.93,18.84,18.95,18.64,190.46,19.43,18.25,19.04,17.91,149.0,107.0,99.0,355.0,14.0,29.0,3.0,180.0,51.0,25.0,4.95,6.73,7.75,7.0,2.0,5.0,345.06,256.0,250.46,2.69,6.44,6.44,15.68,15.48,15.19,127.6,91.43,2388.0,1858.0,0.0,0.0,0.0,0.0,0.0,0.0,regular
8483930,2025,Ivan Ivan,COL,C,all,7,3252.0,80.0,0.87,0.43,0.57,0.46,0.58,0.52,0.58,82.0,3.52,0.15,0.26,0.99,0.17,2.58,1.85,0.15,0.15,0.15,1.0,0.0,4.0,2.0,0.0,6.0,1.0,0.0,1.0,0.0,0.0,0.0,3.0,2.0,4.0,6.0,1.0,2.0,6.0,2.0,0.0,3.0,6.0,0.0,0.0,0.15,0.0,0.0,0.0,0.0,0.0,6.2,6.0,6.05,0.0,0.05,0.04,0.0,0.2,0.2,0.2,80.0,8.0,3.0,14.0,55.0,13.0,13.0,3.0,51.0,6.0,9.0,22487.0,2.0,0.0,0.0,1.0,22.52,1.26,1.25,1.28,1.27,21.0,12.0,10.0,43.0,2.0,2.0,0.0,30.0,2.0,1.0,0.71,0.31,0.25,1.0,0.0,1.0,44.88,33.0,33.5,0.28,0.23,0.23,1.31,1.33,1.32,22.1,1.66,1.63,1.6,1.58,19.0,11.0,20.0,50.0,0.0,3.0,0.0,25.0,4.0,1.0,0.62,0.4,0.65,0.0,0.0,0.0,47.95,30.0,29.35,0.25,0.74,0.74,1.17,1.16,1.16,23.53,17.46,491.0,359.0,0.0,0.0,0.0,0.0,0.0,0.0,regular
8482072,2025,Jack Ahcan,COL,D,all,9,6180.0,140.0,3.92,0.57,0.6,0.57,0.54,0.56,0.54,54.0,5.01,0.19,0.34,1.39,0.16,2.95,1.99,0.18,0.19,0.18,1.0,1.0,5.0,2.0,7.0,14.0,2.0,0.0,1.0,0.0,3.0,0.0,2.0,1.0,5.0,7.0,0.0,0.0,0.0,6.0,0.0,5.0,7.0,0.0,0.0,0.19,0.0,0.0,0.0,0.0,0.0,14.7,7.0,7.31,1.0,0.07,0.32,0.0,0.25,0.26,0.25,140.0,6.0,12.0,27.0,95.0,28.0,13.0,16.0,83.0,0.0,0.0,26701.0,0.0,0.0,0.0,6.0,62.54,6.2,5.96,6.36,6.12,59.0,26.0,36.0,121.0,6.0,6.0,1.0,62.0,14.0,9.0,2.1,1.67,2.44,4.0,1.0,1.0,127.14,85.0,88.04,0.93,1.5,1.5,5.63,5.79,5.71,49.44,4.62,4.42,4.48,4.29,36.0,31.0,23.0,90.0,3.0,7.0,0.0,50.0,13.0,4.0,1.71,1.64,1.26,1.0,2.0,0.0,87.17,67.0,65.51,0.69,1.49,1.49,3.82,3.77,3.71,32.24,21.6,506.0,426.0,0.0,0.0,0.0,0.0,0.0,0.0,regular
8480835,2025,Jack Drury,COL,C,all,53,47006.0,1072.0,30.7,0.48,0.6,0.5,0.57,0.49,0.57,338.0,71.99,9.24,4.85,16.1,2.33,35.52,28.97,9.0,9.39,9.14,8.0,3.0,60.0,37.0,28.0,125.0,19.0,8.0,5.0,0.0,12.0,0.0,44.0,28.0,52.0,89.0,9.0,18.0,382.0,23.0,13.0,25.0,63.0,19.0,15.0,2.39,2.33,4.52,5.0,1.0,2.0,128.66,97.0,99.09,8.0,1.03,1.73,2.27,8.0,8.12,8.04,1072.0,92.0,180.0,143.0,657.0,161.0,120.0,136.0,655.0,382.0,262.0,146321.0,18.0,14.0,7.0,43.0,397.45,35.55,34.77,36.27,35.48,354.0,194.0,234.0,782.0,34.0,30.0,3.0,425.0,82.0,41.0,12.17,10.53,12.85,20.0,6.0,8.0,805.29,548.0,561.36,5.27,5.97,5.97,34.85,35.54,35.01,413.39,39.25,36.9,38.84,36.52,366.0,199.0,204.0,769.0,37.0,48.0,5.0,419.0,99.0,47.0,11.36,11.99,15.9,16.0,10.0,11.0,754.57,565.0,557.28,7.04,10.61,10.61,35.68,35.4,34.33,159.53,105.96,2942.0,2197.0,0.0,0.0,0.0,0.0,0.0,0.0,regular
8484255,2025,Jason Polin,COL,R,all,2,717.0,19.0,0.35,0.78,0.58,0.54,0.45,0.67,0.47,23.0,0.0,0.0,0.0,0.0,0.0,0.0,0.0,0.0,0.0,0.0,0.0,0.0,0.0,0.0,0.0,0.0,0.0,0.0,0.0,0.0,0.0,0.0,0.0,0.0,0.0,0.0,0.0,0.0,0.0,7.0,0.0,0.0,0.0,0.0,0.0,0.0,0.0,0.0,0.0,0.0,0.0,0.0,0.0,0.0,0.0,0.0,0.0,0.0,0.0,0.0,0.0,19.0,2.0,1.0,1.0,15.0,2.0,2.0,3.0,12.0,0.0,0.0,6483.0,0.0,0.0,0.0,2.0,6.88,0.36,0.36,0.4,0.39,6.0,4.0,3.0,13.0,1.0,1.0,1.0,8.0,2.0,0.0,0.19,0.17,0.0,0.0,1.0,0.0,14.46,10.0,10.99,0.09,0.08,0.08,0.36,0.4,0.4,3.42,0.1,0.1,0.09,0.09,2.0,3.0,6.0,11.0,0.0,0.0,0.0,5.0,0.0,0.0,0.1,0.0,0.0,0.0,0.0,0.0,10.29,5.0,4.69,0.06,0.0,0.0,0.16,0.15,0.15,6.86,4.94,92.0,113.0,0.0,0.0,0.0,0.0,0.0,0.0,regular
8481641,2025,Joel Kiviranta,COL,L,all,26,15258.0,380.0,9.08,0.56,0.55,0.51,0.56,0.51,0.56,277.0,21.21,3.0,1.55,5.1,0.77,10.29,8.3,2.9,3.04,2.94,2.0,3.0,20.0,9.0,9.0,38.0,7.0,2.0,3.0,1.0,2.0,0.0,10.0,12.0,18.0,27.0,3.0,6.0,3.0,37.0,3.0,9.0,16.0,9.0,4.0,0.57,1.26,1.17,0.0,1.0,1.0,38.85,29.0,29.52,6.0,0.33,0.42,1.25,2.08,2.12,2.07,380.0,32.0,49.0,52.0,247.0,54.0,50.0,29.0,247.0,3.0,5.0,79708.0,6.0,6.0,2.0,8.0,122.1,10.68,10.34,10.9,10.54,108.0,63.0,82.0,253.0,10.0,15.0,2.0,131.0,30.0,10.0,3.59,3.93,3.16,6.0,2.0,2.0,260.12,171.0,174.4,1.66,2.77,2.77,9.56,9.72,9.49,120.71,8.32,7.85,8.18,7.73,104.0,62.0,74.0,240.0,9.0,9.0,1.0,142.0,19.0,5.0,4.05,2.5,1.76,3.0,5.0,1.0,233.07,166.0,162.78,1.88,1.21,1.21,9.0,8.88,8.48,80.91,66.57,1594.0,1234.0,0.0,0.0,0.0,0.0,0.0,0.0,regular
8476312,2025,Josh Manson,COL,D,all,53,57909.0,1271.0,37.98,0.54,0.59,0.51,0.58,0.52,0.57,216.0,83.02,4.22,5.05,24.47,2.76,48.59,33.91,4.11,4.29,4.18,11.0,8.0,83.0,36.0,53.0,172.0,23.0,4.0,8.0,0.0,19.0,0.0,45.0,43.0,79.0,115.0,27.0,64.0,0.0,128.0,19.0,51.0,107.0,10.0,2.0,2.45,1.26,0.52,4.0,0.0,0.0,177.63,119.0,121.98,33.0,1.04,1.51,0.58,4.69,4.78,4.69,1271.0,85.0,198.0,200.0,788.0,183.0,156.0,169.0,763.0,0.0,0.0,135418.0,64.0,38.0,13.0,74.0,545.18,52.24,50.62,53.0,51.37,520.0,233.0,269.0,1022.0,66.0,57.0,10.0,580.0,121.0,52.0,17.41,16.01,18.82,30.0,14.0,22.0,1055.47,753.0,771.68,7.32,11.15,10.8,48.77,49.5,48.57,510.11,44.28,41.78,43.59,41.12,446.0,248.0,278.0,972.0,44.0,51.0,7.0,518.0,136.0,40.0,14.23,16.75,13.31,21.0,14.0,9.0,950.31,694.0,682.46,8.21,10.82,10.82,41.68,41.09,39.64,142.83,100.93,2702.0,1994.0,0.0,0.0,0.0,0.0,0.0,0.0,regular
8479387,2025,Keaton Middleton,COL,D,all,3,1936.0,38.0,0.1,0.27,0.48,0.44,0.54,0.31,0.53,18.0,0.0,0.0,0.0,0.0,0.0,0.0,0.0,0.0,0.0,0.0,0.0,1.0,0.0,0.0,4.0,4.0,1.0,0.0,0.0,0.0,0.0,0.0,0.0,0.0,0.0,0.0,2.0,4.0,0.0,6.0,0.0,1.0,0.0,0.0,0.0,0.0,0.0,0.0,0.0,0.0,0.0,4.04,0.0,0.0,1.0,0.0,0.0,0.0,0.0,0.0,0.0,38.0,1.0,5.0,6.0,26.0,1.0,4.0,3.0,30.0,0.0,0.0,8864.0,4.0,2.0,1.0,1.0,6.47,0.74,0.74,0.75,0.75,5.0,3.0,9.0,17.0,1.0,0.0,0.0,5.0,2.0,1.0,0.17,0.26,0.32,1.0,0.0,0.0,16.89,8.0,7.99,0.09,0.0,0.0,0.83,0.84,0.84,13.41,1.96,1.91,1.98,1.92,11.0,7.0,4.0,22.0,2.0,2.0,0.0,8.0,7.0,3.0,0.31,0.87,0.79,0.0,1.0,1.0,23.17,18.0,18.36,0.26,0.37,0.37,1.86,1.87,1.84,6.83,7.34,155.0,132.0,0.0,0.0,0.0,0.0,0.0,0.0,regular
8480039,2025,Martin Necas,COL,C,all,52,65454.0,1154.0,68.53,0.64,0.53,0.61,0.53,0.61,0.52,126.0,139.92,16.27,10.02,30.82,4.43,75.53,49.93,15.3,16.43,15.45,25.0,15.0,124.0,63.0,76.0,263.0,62.0,22.0,11.0,2.0,25.0,0.0,63.0,66.0,102.0,165.0,13.0,26.0,9.0,57.0,15.0,87.0,125.0,44.0,18.0,4.25,5.56,6.46,9.0,9.0,4.0,267.0,187.0,189.08,29.0,2.25,3.4,3.3,15.23,15.36,14.91,1154.0,257.0,83.0,206.0,608.0,137.0,146.0,216.0,655.0,9.0,11.0,124273.0,26.0,40.0,20.0,19.0,768.51,82.44,75.58,83.42,76.54,711.0,335.0,405.0,1451.0,97.0,74.0,15.0,765.0,198.0,83.0,25.59,24.4,32.45,45.0,24.0,28.0,1474.36,1046.0,1058.85,12.79,18.18,18.18,77.05,77.88,73.23,495.77,46.51,44.37,45.9,43.78,442.0,231.0,238.0,911.0,38.0,60.0,2.0,496.0,127.0,50.0,14.13,16.55,15.82,15.0,14.0,9.0,890.35,673.0,660.38,6.76,10.19,10.19,43.08,42.47,41.18,110.19,96.4,2212.0,1998.0,0.0,0.0,0.0,0.0,0.0,0.0,regular
8477492,2025,Nathan MacKinnon,COL,C,all,53,70280.0,1241.0,103.44,0.65,0.51,0.63,0.51,0.63,0.51,90.0,227.47,25.35,15.96,50.1,7.37,124.77,84.45,24.39,25.72,24.74,33.0,18.0,237.0,71.0,93.0,401.0,91.0,40.0,21.0,6.0,43.0,2.0,106.0,96.0,197.0,268.0,10.0,18.0,500.0,44.0,14.0,108.0,225.0,57.0,26.0,8.09,6.81,10.45,19.0,8.0,13.0,409.26,308.0,312.94,21.0,3.67,6.3,3.99,25.03,25.33,24.52,1241.0,293.0,96.0,225.0,627.0,121.0,141.0,255.0,724.0,500.0,484.0,123047.0,18.0,30.0,16.0,29.0,879.01,97.91,91.12,99.14,92.31,819.0,384.0,445.0,1648.0,114.0,92.0,16.0,867.0,234.0,102.0,28.77,28.64,40.49,49.0,30.0,35.0,1676.89,1203.0,1220.15,15.0,21.34,21.34,91.57,92.67,88.27,531.9,51.85,48.9,51.15,48.22,473.0,246.0,248.0,967.0,42.0,63.0,2.0,528.0,131.0,60.0,15.31,17.03,19.51,17.0,13.0,12.0,944.55,719.0,705.62,7.38,11.5,11.84,47.39,46.74,45.07,97.16,93.36,2076.0,1999.0,0.0,0.0,0.0,0.0,0.0,0.0,regular
8480448,2025,Parker Kelly,COL,C,all,53,39295.0,924.0,28.66,0.44,0.61,0.48,0.58,0.46,0.57,460.0,75.31,9.49,5.09,16.2,2.47,35.54,31.21,9.28,9.77,9.55,4.0,5.0,69.0,31.0,31.0,131.0,21.0,12.0,4.0,1.0,9.0,0.0,38.0,37.0,57.0,88.0,8.0,16.0,43.0,114.0,10.0,28.0,63.0,25.0,12.0,2.04,3.5,3.95,6.0,2.0,4.0,136.63,100.0,103.35,14.0,1.1,0.5,1.81,8.78,9.01,8.83,924.0,67.0,151.0,116.0,590.0,129.0,128.0,113.0,554.0,43.0,90.0,154032.0,16.0,24.0,12.0,37.0,309.24,28.19,27.5,28.6,27.89,283.0,144.0,201.0,628.0,28.0,25.0,3.0,331.0,66.0,30.0,9.55,8.65,9.99,16.0,4.0,8.0,645.41,427.0,435.47,4.12,5.06,5.06,27.25,27.6,27.13,364.43,36.3,33.92,35.87,33.53,312.0,181.0,199.0,692.0,33.0,45.0,6.0,348.0,102.0,43.0,9.61,12.47,14.24,10.0,12.0,11.0,677.23,493.0,486.36,6.54,10.07,10.07,32.78,32.5,31.67,166.89,108.91,3096.0,2274.0,0.0,0.0,0.0,0.0,0.0,0.0,regular
8479525,2025,Ross Colton,COL,C,all,50,38922.0,912.0,39.88,0.62,0.57,0.6,0.54,0.62,0.54,425.0,129.03,14.2,8.71,30.79,4.44,68.31,48.56,13.57,14.49,13.85,10.0,5.0,120.0,55.0,35.0,210.0,22.0,7.0,11.0,0.0,24.0,0.0,69.0,64.0,113.0,168.0,3.0,9.0,37.0,103.0,12.0,40.0,117.0,43.0,15.0,3.81,5.73,4.67,1.0,4.0,2.0,216.51,175.0,179.55,11.0,1.88,1.81,2.46,13.62,13.92,13.46,912.0,101.0,96.0,144.0,571.0,159.0,94.0,108.0,551.0,37.0,44.0,143605.0,9.0,29.0,12.0,21.0,449.79,38.75,37.27,39.46,37.96,418.0,199.0,218.0,835.0,40.0,49.0,4.0,477.0,99.0,41.0,14.35,12.69,11.7,17.0,15.0,8.0,861.68,617.0,632.08,6.24,8.86,8.86,36.13,36.84,35.93,282.22,24.23,22.79,23.58,22.19,239.0,147.0,164.0,550.0,25.0,27.0,3.0,291.0,72.0,23.0,7.7,8.77,7.76,11.0,9.0,5.0,531.69,386.0,375.6,3.9,5.58,5.58,22.55,22.08,21.19,146.84,109.1,2696.0,2267.0,0.0,0.0,0.0,0.0,0.0,0.0,regular
8484258,2025,Sam Malinski,COL,D,all,53,53893.0,1135.0,44.4,0.57,0.57,0.57,0.55,0.56,0.55,241.0,108.63,3.57,5.68,33.19,3.42,63.25,44.88,3.49,3.63,3.55,14.0,8.0,106.0,48.0,95.0,249.0,25.0,3.0,13.0,0.0,22.0,0.0,65.0,51.0,103.0,151.0,8.0,16.0,0.0,25.0,15.0,51.0,151.0,3.0,0.0,3.24,0.33,0.0,3.0,0.0,0.0,255.61,154.0,157.25,35.0,1.16,2.9,0.0,4.72,4.8,4.7,1135.0,102.0,123.0,167.0,743.0,175.0,151.0,137.0,672.0,0.0,0.0,139434.0,16.0,4.0,2.0,61.0,551.84,48.46,46.82,49.54,47.89,505.0,253.0,302.0,1060.0,53.0,54.0,8.0,577.0,129.0,52.0,17.41,16.33,14.71,30.0,14.0,9.0,1089.76,758.0,774.64,7.63,12.19,12.19,43.88,44.98,44.11,430.98,36.3,34.45,35.63,33.83,364.0,224.0,225.0,813.0,24.0,57.0,5.0,448.0,102.0,38.0,11.96,13.21,11.12,8.0,10.0,6.0,788.54,588.0,575.25,6.1,10.05,10.05,32.34,31.79,31.11,146.62,108.93,2664.0,2153.0,0.0,0.0,0.0,0.0,0.0,0.0,regular
8479398,2025,Samuel Girard,COL,D,all,38,40523.0,829.0,21.07,0.53,0.57,0.54,0.56,0.53,0.56,169.0,40.63,1.6,1.99,11.4,1.31,21.94,17.75,1.58,1.62,1.6,3.0,6.0,31.0,25.0,51.0,107.0,12.0,3.0,1.0,0.0,10.0,0.0,22.0,20.0,28.0,53.0,6.0,15.0,0.0,14.0,8.0,36.0,52.0,4.0,0.0,1.11,0.49,0.0,2.0,1.0,0.0,109.25,56.0,56.58,24.0,0.4,0.24,0.02,1.98,2.01,1.99,829.0,62.0,105.0,108.0,554.0,111.0,112.0,90.0,516.0,0.0,0.0,97882.0,15.0,9.0,3.0,36.0,358.02,29.71,28.78,30.02,29.08,328.0,170.0,222.0,720.0,38.0,30.0,3.0,385.0,89.0,24.0,11.75,11.28,6.69,22.0,12.0,4.0,735.97,498.0,506.01,4.85,6.01,6.01,28.55,28.86,28.38,326.04,26.2,25.06,25.73,24.64,287.0,159.0,159.0,605.0,27.0,37.0,3.0,343.0,77.0,26.0,9.24,9.38,7.58,10.0,10.0,7.0,590.51,446.0,437.11,4.8,6.53,6.53,24.47,24.18,23.81,104.94,80.7,1939.0,1533.0,0.0,0.0,0.0,0.0,0.0,0.0,regular
8476391,2025,T.J. Tynan,COL,C,all,1,493.0,12.0,-0.2,0.17,0.53,0.35,0.52,0.26,0.51,12.0,0.91,0.13,0.11,0.34,0.04,0.24,0.15,0.13,0.13,0.13,0.0,0.0,1.0,0.0,0.0,1.0,0.0,0.0,0.0,0.0,0.0,0.0,1.0,0.0,1.0,1.0,0.0,0.0,4.0,0.0,0.0,0.0,0.0,1.0,0.0,0.0,0.13,0.0,0.0,0.0,0.0,1.07,1.0,1.05,0.0,0.03,0.0,0.0,0.15,0.16,0.16,12.0,0.0,2.0,0.0,10.0,0.0,3.0,0.0,9.0,4.0,6.0,3107.0,0.0,0.0,0.0,0.0,3.75,0.2,0.2,0.2,0.2,4.0,1.0,4.0,9.0,1.0,0.0,0.0,4.0,1.0,0.0,0.07,0.13,0.0,1.0,0.0,0.0,9.79,5.0,5.17,0.05,0.0,0.0,0.25,0.25,0.25,10.67,0.97,0.82,0.95,0.81,7.0,7.0,3.0,17.0,0.0,2.0,0.0,9.0,4.0,1.0,0.2,0.48,0.28,0.0,0.0,0.0,16.02,14.0,13.37,0.16,0.36,0.36,0.77,0.76,0.66,2.23,1.99,60.0,55.0,0.0,0.0,0.0,0.0,0.0,0.0,regular
8482953,2025,Taylor Makar,COL,L,all,10,3922.0,98.0,0.61,0.44,0.56,0.52,0.57,0.5,0.56,114.0,6.72,0.73,0.55,1.63,0.24,3.37,2.48,0.72,0.73,0.72,0.0,0.0,7.0,2.0,4.0,13.0,0.0,0.0,0.0,0.0,2.0,0.0,3.0,4.0,7.0,9.0,1.0,2.0,0.0,16.0,1.0,0.0,6.0,2.0,1.0,0.26,0.23,0.24,0.0,0.0,0.0,13.47,9.0,9.1,0.0,0.12,0.0,0.14,0.7,0.71,0.7,98.0,13.0,4.0,16.0,65.0,12.0,23.0,8.0,55.0,0.0,2.0,32486.0,2.0,0.0,0.0,1.0,30.39,1.97,1.89,2.01,1.93,27.0,15.0,22.0,64.0,1.0,3.0,0.0,35.0,6.0,1.0,0.99,0.75,0.24,0.0,1.0,0.0,65.66,42.0,43.3,0.41,0.44,0.44,1.94,1.98,1.9,30.64,2.48,2.42,2.4,2.34,24.0,18.0,18.0,60.0,1.0,3.0,0.0,30.0,11.0,1.0,0.89,1.25,0.34,1.0,0.0,0.0,57.41,42.0,40.56,0.41,0.56,0.56,2.33,2.27,2.24,34.48,26.97,612.0,470.0,0.0,0.0,0.0,0.0,0.0,0.0,regular
8483039,2025,Tristen Nielsen,COL,C,all,4,1513.0,38.0,1.22,0.58,0.64,0.53,0.52,0.58,0.53,45.0,3.03,0.19,0.22,0.79,0.13,2.09,1.59,0.19,0.2,0.2,1.0,0.0,3.0,2.0,1.0,6.0,1.0,0.0,1.0,0.0,1.0,0.0,1.0,2.0,3.0,5.0,0.0,0.0,0.0,9.0,0.0,2.0,4.0,1.0,0.0,0.11,0.08,0.0,0.0,0.0,0.0,6.23,5.0,5.3,0.0,0.05,0.08,0.0,0.24,0.25,0.25,38.0,3.0,2.0,5.0,28.0,5.0,4.0,4.0,25.0,0.0,0.0,12887.0,0.0,0.0,0.0,1.0,10.38,0.46,0.46,0.5,0.49,8.0,7.0,6.0,21.0,1.0,1.0,1.0,13.0,2.0,0.0,0.3,0.17,0.0,0.0,1.0,0.0,22.12,15.0,15.91,0.11,0.08,0.08,0.49,0.53,0.53,7.94,0.34,0.34,0.34,0.34,5.0,6.0,8.0,19.0,0.0,0.0,0.0,10.0,1.0,0.0,0.23,0.11,0.0,0.0,0.0,0.0,18.25,11.0,10.67,0.1,0.0,0.0,0.45,0.44,0.44,15.61,8.75,224.0,208.0,0.0,0.0,0.0,0.0,0.0,0.0,regular
8477501,2025,Valeri Nichushkin,COL,R,all,44,47217.0,1013.0,41.19,0.59,0.55,0.58,0.55,0.57,0.54,198.0,115.61,14.05,8.7,25.68,3.9,60.24,44.43,12.66,14.13,12.74,7.0,12.0,103.0,54.0,49.0,206.0,31.0,12.0,17.0,2.0,23.0,0.0,54.0,51.0,91.0,145.0,4.0,8.0,2.0,37.0,15.0,37.0,108.0,34.0,15.0,3.51,4.41,6.12,3.0,5.0,4.0,210.64,157.0,159.26,9.0,1.97,4.31,4.24,11.77,11.89,11.45,1013.0,125.0,146.0,161.0,581.0,156.0,113.0,154.0,590.0,2.0,1.0,113410.0,8.0,20.0,10.0,14.0,510.38,55.74,51.18,56.12,51.56,487.0,220.0,259.0,966.0,53.0,69.0,8.0,514.0,129.0,64.0,15.25,16.43,24.05,21.0,15.0,17.0,986.07,707.0,718.12,8.43,14.15,14.15,50.01,50.46,47.72,385.96,39.1,36.08,38.63,35.62,353.0,174.0,177.0,704.0,38.0,44.0,3.0,394.0,85.0,48.0,11.17,10.48,17.45,20.0,5.0,13.0,688.67,527.0,517.85,5.95,9.15,9.15,35.92,35.49,33.76,103.14,83.86,2110.0,1752.0,0.0,0.0,0.0,0.0,0.0,0.0,regular
8478109,2025,Victor Olofsson,COL,L,all,53,43071.0,936.0,35.08,0.66,0.55,0.65,0.53,0.65,0.53,416.0,102.12,10.56,7.14,24.24,3.39,56.63,37.05,10.14,10.8,10.39,6.0,8.0,100.0,39.0,44.0,183.0,24.0,10.0,10.0,3.0,21.0,0.0,58.0,40.0,90.0,129.0,3.0,6.0,3.0,8.0,10.0,39.0,98.0,31.0,10.0,3.6,3.67,3.29,7.0,0.0,3.0,188.54,139.0,142.3,8.0,1.6,1.37,2.52,9.64,9.87,9.62,936.0,157.0,68.0,142.0,569.0,153.0,96.0,119.0,568.0,3.0,5.0,150256.0,6.0,10.0,5.0,14.0,485.7,45.56,42.67,46.24,43.36,460.0,209.0,252.0,921.0,35.0,42.0,5.0,513.0,111.0,45.0,15.4,13.85,16.3,17.0,9.0,9.0,943.59,669.0,682.39,7.52,9.64,9.64,43.43,44.11,42.32,267.54,23.39,22.2,23.0,21.84,240.0,128.0,135.0,503.0,24.0,29.0,3.0,285.0,58.0,25.0,7.29,7.27,8.83,11.0,8.0,5.0,489.37,368.0,360.31,3.56,5.97,5.97,20.99,20.68,20.2,149.53,121.83,2803.0,2463.0,0.0,0.0,0.0,0.0,0.0,0.0,regular
8482947,2025,Zakhar Bardakov,COL,C,all,40,17417.0,419.0,10.24,0.49,0.58,0.51,0.56,0.53,0.56,454.0,30.44,2.44,2.05,7.31,0.96,15.83,11.4,2.35,2.45,2.36,3.0,5.0,22.0,18.0,11.0,51.0,9.0,1.0,3.0,0.0,2.0,0.0,15.0,19.0,21.0,39.0,5.0,10.0,60.0,35.0,5.0,19.0,32.0,6.0,2.0,0.99,0.91,0.54,1.0,0.0,0.0,52.91,40.0,40.87,8.0,0.43,0.64,0.89,1.98,2.0,1.94,419.0,46.0,26.0,60.0,287.0,68.0,78.0,47.0,226.0,60.0,81.0,128510.0,10.0,14.0,7.0,18.0,151.44,11.55,11.15,11.76,11.36,133.0,75.0,87.0,295.0,13.0,15.0,3.0,163.0,33.0,12.0,4.21,4.31,3.03,7.0,3.0,3.0,306.92,208.0,213.41,2.04,2.93,2.93,10.65,10.84,10.58,138.43,11.83,11.28,11.6,11.07,112.0,76.0,94.0,282.0,8.0,16.0,2.0,144.0,33.0,11.0,3.76,4.1,3.96,2.0,3.0,3.0,272.64,188.0,184.14,1.9,2.92,2.92,10.81,10.68,10.46,135.17,97.36,2494.0,1936.0,0.0,0.0,0.0,0.0,0.0,0.0,regular
8477454,2025,Adam Erne,DAL,L,all,23,12906.0,310.0,1.73,0.45,0.54,0.41,0.48,0.42,0.49,254.0,26.32,2.76,1.9,5.8,0.82,13.1,9.62,2.74,2.8,2.78,0.0,1.0,18.0,16.0,7.0,41.0,4.0,3.0,3.0,0.0,1.0,0.0,13.0,14.0,15.0,31.0,3.0,6.0,2.0,81.0,2.0,8.0,18.0,13.0,3.0,0.51,1.45,0.8,1.0,2.0,0.0,40.73,34.0,33.69,1.0,0.4,0.78,0.59,2.57,2.59,2.58,310.0,21.0,27.0,47.0,215.0,49.0,40.0,36.0,185.0,2.0,4.0,71668.0,6.0,4.0,2.0,10.0,80.61,7.48,7.12,7.5,7.15,66.0,39.0,39.0,144.0,7.0,11.0,1.0,71.0,26.0,8.0,2.15,3.04,2.28,4.0,2.0,1.0,144.9,105.0,105.17,1.1,2.5,2.5,6.07,6.09,6.03,105.76,9.19,8.9,9.06,8.78,90.0,54.0,60.0,204.0,6.0,11.0,2.0,108.0,28.0,8.0,3.32,3.54,2.33,3.0,0.0,3.0,204.48,144.0,144.25,1.36,2.31,2.6,7.94,7.9,7.83,67.96,56.97,1033.0,1128.0,0.0,0.0,0.0,0.0,0.0,0.0,regular
8475755,2025,Alexander Petrovic,DAL,D,all,50,46699.0,953.0,4.95,0.47,0.53,0.43,0.48,0.43,0.49,241.0,45.57,2.25,2.31,12.97,1.53,27.16,19.78,2.18,2.3,2.23,5.0,2.0,52.0,14.0,47.0,113.0,9.0,2.0,3.0,0.0,17.0,0.0,20.0,24.0,50.0,64.0,11.0,27.0,0.0,82.0,9.0,42.0,63.0,1.0,2.0,1.43,0.1,0.72,2.0,0.0,0.0,114.71,66.0,67.61,30.0,0.46,0.55,0.3,2.41,2.46,2.38,953.0,51.0,95.0,146.0,661.0,140.0,153.0,112.0,548.0,0.0,0.0,135926.0,27.0,7.0,2.0,77.0,308.81,28.92,27.8,29.33,28.21,315.0,105.0,182.0,602.0,33.0,35.0,6.0,300.0,93.0,27.0,9.43,11.57,7.93,13.0,18.0,2.0,616.49,420.0,427.89,4.33,7.71,7.71,25.54,25.93,25.53,403.04,33.15,32.04,33.04,31.96,364.0,187.0,237.0,788.0,30.0,47.0,5.0,432.0,85.0,34.0,13.31,10.48,9.35,13.0,9.0,8.0,783.76,551.0,550.56,5.52,8.71,8.71,29.96,29.94,29.46,129.3,113.93,1962.0,2090.0,0.0,0.0,0.0,0.0,0.0,0.0,regular
8476278,2025,Colin Blackwell,DAL,C,all,46,31843.0,726.0,2.42,0.34,0.53,0.37,0.48,0.36,0.49,448.0,43.94,4.41,2.79,10.39,1.45,21.41,18.53,4.35,4.51,4.44,2.0,3.0,36.0,23.0,25.0,84.0,7.0,2.0,5.0,0.0,4.0,0.0,26.0,22.0,34.0,57.0,10.0,20.0,79.0,70.0,7.0,20.0,40.0,16.0,3.0,1.14,2.32,0.96,0.0,2.0,0.0,86.51,59.0,60.69,8.0,0.6,0.41,0.61,4.4,4.5,4.48,726.0,39.0,142.0,100.0,445.0,102.0,97.0,80.0,447.0,79.0,112.0,135821.0,20.0,16.0,8.0,23.0,161.47,14.03,13.76,14.24,13.97,140.0,80.0,101.0,321.0,14.0,15.0,2.0,161.0,48.0,11.0,4.33,6.38,3.32,5.0,8.0,1.0,327.15,220.0,223.83,2.14,2.67,2.67,13.5,13.69,13.52,283.67,27.43,25.48,27.4,25.43,247.0,137.0,158.0,542.0,28.0,38.0,6.0,291.0,63.0,30.0,9.74,8.25,9.44,12.0,8.0,8.0,538.67,384.0,382.65,4.69,7.62,7.62,24.49,24.37,23.74,129.05,113.16,2008.0,2137.0,0.0,0.0,0.0,0.0,0.0,0.0,regular
8476902,2025,Esa Lindell,DAL,D,all,56,79698.0,1381.0,25.0,0.49,0.54,0.43,0.49,0.44,0.5,123.0,60.09,5.15,3.55,17.33,2.13,31.61,25.23,4.4,5.2,4.45,7.0,9.0,58.0,27.0,55.0,140.0,21.0,5.0,5.0,1.0,14.0,0.0,34.0,27.0,53.0,80.0,7.0,14.0,0.0,23.0,24.0,83.0,73.0,8.0,4.0,1.94,0.8,2.41,3.0,2.0,0.0,142.3,85.0,86.18,64.0,0.76,1.76,1.19,4.72,4.75,4.63,1381.0,124.0,264.0,269.0,724.0,143.0,139.0,228.0,871.0,0.0,0.0,124945.0,14.0,8.0,4.0,124.0,534.49,65.46,62.28,66.42,63.17,485.0,238.0,258.0,981.0,56.0,61.0,9.0,489.0,155.0,79.0,15.73,18.94,30.79,22.0,17.0,17.0,999.75,723.0,735.28,7.69,13.15,13.15,60.0,60.64,59.45,676.75,69.39,62.56,68.96,62.14,591.0,332.0,373.0,1296.0,62.0,87.0,11.0,676.0,167.0,80.0,20.92,20.31,28.15,23.0,17.0,22.0,1282.58,923.0,915.79,11.71,17.92,17.92,63.18,62.78,59.44,113.75,96.07,1875.0,1931.0,0.0,0.0,0.0,0.0,0.0,0.0,regular
8480950,2025,Ilya Lyubushkin,DAL,D,all,39,37843.0,804.0,-1.25,0.38,0.55,0.37,0.5,0.38,0.5,173.0,23.4,1.03,1.29,6.79,0.81,13.42,9.66,0.98,1.04,0.99,3.0,3.0,24.0,9.0,16.0,49.0,7.0,1.0,5.0,0.0,8.0,0.0,10.0,9.0,23.0,32.0,14.0,36.0,0.0,54.0,7.0,37.0,32.0,0.0,1.0,0.7,0.0,0.34,1.0,0.0,0.0,49.48,33.0,32.92,32.0,0.26,0.47,0.36,0.93,0.93,0.92,804.0,36.0,102.0,137.0,529.0,110.0,110.0,101.0,483.0,0.0,0.0,104275.0,36.0,16.0,5.0,67.0,219.72,19.75,19.05,19.86,19.15,211.0,87.0,106.0,404.0,19.0,20.0,0.0,227.0,56.0,15.0,7.14,6.92,5.7,12.0,4.0,3.0,408.57,298.0,300.31,2.84,3.99,3.99,18.6,18.69,18.49,354.52,32.0,30.27,31.86,30.13,318.0,165.0,215.0,698.0,26.0,48.0,2.0,366.0,85.0,32.0,11.27,10.45,10.29,13.0,8.0,5.0,695.55,483.0,482.08,5.18,9.08,9.08,28.11,28.07,27.34,100.73,83.76,1546.0,1553.0,0.0,0.0,0.0,0.0,0.0,0.0,regular
8473994,2025,Jamie Benn,DAL,L,all,34,25577.0,601.0,12.66,0.52,0.52,0.46,0.48,0.47,0.48,313.0,42.66,6.69,3.25,9.42,1.37,19.64,13.64,6.4,6.73,6.44,6.0,6.0,44.0,10.0,9.0,63.0,19.0,7.0,5.0,0.0,5.0,0.0,19.0,18.0,37.0,47.0,9.0,21.0,33.0,45.0,5.0,21.0,21.0,27.0,6.0,0.81,3.65,2.23,1.0,5.0,1.0,64.41,54.0,54.92,5.0,0.7,1.48,1.26,6.14,6.19,6.03,601.0,66.0,72.0,100.0,363.0,52.0,79.0,70.0,400.0,33.0,32.0,98471.0,21.0,13.0,4.0,11.0,187.01,22.1,21.07,22.49,21.42,181.0,72.0,97.0,350.0,27.0,21.0,6.0,175.0,55.0,23.0,5.54,7.07,9.49,11.0,9.0,7.0,359.36,253.0,258.67,2.79,5.35,5.35,19.53,19.81,19.36,207.37,20.1,19.29,19.84,19.03,182.0,100.0,126.0,408.0,16.0,26.0,3.0,216.0,43.0,23.0,7.11,5.24,7.75,8.0,3.0,5.0,401.6,282.0,277.55,2.84,5.54,5.54,17.4,17.15,16.86,85.34,80.01,1393.0,1527.0,0.0,0.0,0.0,0.0,0.0,0.0,regular
8480027,2025,Jason Robertson,DAL,L,all,56,66796.0,1175.0,64.73,0.66,0.43,0.59,0.4,0.59,0.41,138.0,215.44,25.51,15.91,47.05,7.21,113.92,76.4,23.92,25.77,24.15,14.0,19.0,200.0,86.0,83.0,369.0,64.0,31.0,34.0,5.0,36.0,1.0,101.0,83.0,169.0,255.0,10.0,20.0,0.0,38.0,17.0,77.0,190.0,70.0,26.0,6.56,8.45,10.5,14.0,7.0,10.0,375.52,286.0,289.48,24.0,3.75,8.26,5.08,24.18,24.38,23.9,1175.0,231.0,112.0,190.0,642.0,122.0,180.0,228.0,645.0,0.0,2.0,137847.0,20.0,28.0,14.0,22.0,712.38,88.27,83.13,88.77,83.58,659.0,293.0,335.0,1287.0,100.0,93.0,16.0,639.0,208.0,105.0,20.7,25.17,42.4,34.0,29.0,37.0,1300.6,952.0,960.31,13.06,21.37,21.51,79.81,80.23,78.2,475.99,44.7,43.3,44.61,43.23,430.0,219.0,253.0,902.0,38.0,48.0,6.0,482.0,124.0,43.0,15.21,14.6,14.89,12.0,15.0,11.0,896.43,649.0,646.88,6.4,8.17,8.17,42.93,42.87,41.95,90.93,120.76,1569.0,2325.0,0.0,0.0,0.0,0.0,0.0,0.0,regular
8484829,2025,Justin Hryckowian,DAL,C,all,55,40739.0,893.0,13.72,0.5,0.53,0.43,0.48,0.44,0.48,484.0,65.56,9.11,4.97,15.29,2.14,31.66,21.84,8.69,9.28,8.86,5.0,5.0,55.0,30.0,11.0,96.0,18.0,8.0,13.0,4.0,10.0,0.0,27.0,27.0,47.0,77.0,11.0,25.0,85.0,84.0,17.0,17.0,47.0,24.0,14.0,1.66,2.99,4.46,0.0,5.0,3.0,99.23,85.0,87.33,4.0,1.09,2.99,3.76,6.44,6.54,6.44,893.0,65.0,92.0,136.0,600.0,126.0,115.0,95.0,557.0,85.0,61.0,160304.0,25.0,23.0,9.0,24.0,263.75,30.48,28.54,30.98,29.03,243.0,111.0,117.0,471.0,26.0,45.0,8.0,235.0,82.0,37.0,6.93,10.15,13.4,9.0,11.0,6.0,483.36,354.0,362.31,3.84,10.83,10.33,23.99,24.37,23.94,324.28,30.75,28.77,30.48,28.51,276.0,166.0,172.0,614.0,27.0,48.0,6.0,335.0,77.0,30.0,9.62,10.08,11.05,11.0,9.0,7.0,607.5,442.0,438.53,4.64,9.56,9.56,25.83,25.63,25.3,147.09,132.23,2347.0,2565.0,0.0,0.0,0.0,0.0,0.0,0.0,regular
8478476,2025,Kyle Capobianco,DAL,D,all,30,21801.0,488.0,5.12,0.51,0.52,0.5,0.47,0.51,0.47,173.0,20.45,0.91,1.08,6.18,0.72,11.67,8.44,0.89,0.94,0.92,1.0,2.0,17.0,12.0,32.0,61.0,5.0,2.0,0.0,0.0,2.0,0.0,9.0,16.0,15.0,27.0,4.0,8.0,0.0,11.0,9.0,17.0,25.0,4.0,0.0,0.54,0.37,0.0,2.0,0.0,0.0,62.85,29.0,29.65,8.0,0.22,0.0,0.08,1.06,1.09,1.07,488.0,45.0,28.0,61.0,354.0,66.0,75.0,59.0,288.0,0.0,0.0,88167.0,8.0,6.0,3.0,25.0,172.82,14.96,14.57,15.24,14.86,154.0,80.0,89.0,323.0,16.0,14.0,3.0,174.0,49.0,11.0,5.24,5.98,3.75,9.0,5.0,2.0,333.42,234.0,240.45,2.38,2.81,2.81,14.53,14.81,14.64,166.79,14.43,14.11,14.3,13.97,153.0,75.0,99.0,327.0,15.0,20.0,5.0,164.0,52.0,12.0,4.87,6.06,3.5,5.0,7.0,3.0,321.42,228.0,225.19,2.26,3.35,3.35,13.34,13.13,12.96,78.99,71.86,1204.0,1371.0,0.0,0.0,0.0,0.0,0.0,0.0,regular
8483425,2025,Lian Bichsel,DAL,D,all,26,24663.0,515.0,-2.33,0.39,0.55,0.39,0.49,0.38,0.5,123.0,10.71,0.6,0.66,3.28,0.36,5.89,4.21,0.58,0.61,0.59,0.0,2.0,9.0,6.0,15.0,30.0,3.0,1.0,2.0,0.0,1.0,0.0,4.0,7.0,8.0,14.0,11.0,22.0,0.0,85.0,4.0,23.0,13.0,1.0,1.0,0.28,0.1,0.21,1.0,0.0,0.0,30.22,15.0,15.2,17.0,0.13,0.5,0.08,0.65,0.66,0.64,515.0,24.0,58.0,73.0,360.0,71.0,85.0,60.0,299.0,0.0,0.0,70514.0,22.0,10.0,5.0,24.0,142.34,13.96,13.37,14.19,13.61,133.0,58.0,82.0,273.0,15.0,19.0,1.0,132.0,44.0,15.0,4.1,5.22,4.64,6.0,8.0,1.0,276.33,191.0,193.74,2.01,3.59,3.59,12.38,12.58,12.37,229.87,21.76,20.94,21.73,20.91,208.0,100.0,114.0,422.0,11.0,29.0,2.0,229.0,50.0,29.0,7.0,6.2,8.57,2.0,4.0,5.0,420.45,308.0,308.54,3.31,5.77,5.77,19.31,19.37,18.94,67.49,54.9,1015.0,1073.0,0.0,0.0,0.0,0.0,0.0,0.0,regular
8475168,2025,Matt Duchene,DAL,C,all,31,29414.0,577.0,10.64,0.56,0.51,0.46,0.47,0.46,0.48,181.0,51.38,7.64,3.65,10.05,1.6,25.06,19.0,6.94,7.62,6.92,6.0,3.0,47.0,20.0,25.0,92.0,18.0,9.0,3.0,0.0,7.0,0.0,23.0,25.0,38.0,58.0,3.0,6.0,103.0,9.0,6.0,29.0,41.0,17.0,9.0,1.8,2.11,3.73,3.0,4.0,2.0,92.97,67.0,67.3,7.0,0.82,0.65,1.94,6.52,6.51,6.41,577.0,78.0,52.0,80.0,367.0,85.0,85.0,76.0,331.0,103.0,96.0,83883.0,6.0,16.0,8.0,12.0,224.08,30.07,28.79,30.32,29.04,206.0,96.0,126.0,428.0,31.0,18.0,4.0,198.0,71.0,33.0,6.77,9.1,14.21,7.0,12.0,12.0,438.75,302.0,308.11,3.63,5.04,5.04,28.66,28.98,28.45,254.19,24.11,23.46,23.9,23.24,236.0,116.0,141.0,493.0,29.0,22.0,4.0,271.0,54.0,27.0,8.53,6.45,9.12,12.0,8.0,9.0,488.79,352.0,349.74,3.39,4.02,4.02,23.48,23.27,22.77,74.28,71.14,1185.0,1314.0,0.0,0.0,0.0,0.0,0.0,0.0,regular
8482145,2025,Mavrik Bourque,DAL,C,all,56,48240.0,1007.0,23.77,0.57,0.51,0.52,0.45,0.52,0.46,391.0,92.69,10.55,6.6,21.39,2.96,46.49,33.02,10.05,10.58,10.08,7.0,4.0,92.0,29.0,22.0,143.0,21.0,10.0,6.0,2.0,16.0,0.0,45.0,44.0,82.0,111.0,2.0,4.0,80.0,40.0,10.0,32.0,78.0,31.0,12.0,2.31,3.75,4.49,5.0,3.0,2.0,145.05,121.0,122.12,5.0,1.41,1.17,3.15,8.8,8.87,8.7,1007.0,88.0,92.0,173.0,654.0,149.0,140.0,132.0,586.0,80.0,103.0,156403.0,4.0,12.0,6.0,16.0,396.48,41.24,39.36,41.73,39.81,366.0,169.0,197.0,732.0,35.0,46.0,5.0,383.0,105.0,47.0,11.77,12.93,16.54,16.0,9.0,10.0,745.42,535.0,543.49,5.92,10.62,10.62,36.55,36.93,36.23,357.74,31.43,30.46,31.27,30.31,322.0,167.0,177.0,666.0,34.0,44.0,6.0,375.0,80.0,34.0,11.38,9.83,10.22,13.0,11.0,10.0,659.79,489.0,487.12,4.81,7.85,7.85,28.39,28.34,27.92,137.96,134.02,2124.0,2561.0,0.0,0.0,0.0,0.0,0.0,0.0,regular
8478420,2025,Mikko Rantanen,DAL,R,all,53,64453.0,1134.0,50.87,0.63,0.44,0.54,0.42,0.56,0.42,120.0,142.01,19.48,10.02,29.81,4.97,76.92,50.8,18.42,19.66,18.58,29.0,19.0,125.0,67.0,59.0,251.0,68.0,20.0,16.0,5.0,15.0,1.0,72.0,68.0,105.0,172.0,27.0,63.0,32.0,38.0,18.0,65.0,125.0,47.0,20.0,4.95,5.53,9.01,6.0,7.0,7.0,254.44,192.0,194.73,17.0,2.35,3.99,4.15,17.68,17.74,17.34,1134.0,226.0,97.0,174.0,637.0,103.0,187.0,232.0,612.0,32.0,32.0,129390.0,63.0,59.0,28.0,27.0,615.02,82.4,77.42,82.91,77.92,576.0,248.0,312.0,1136.0,90.0,81.0,16.0,527.0,200.0,97.0,17.42,24.59,40.39,26.0,29.0,35.0,1146.65,824.0,831.5,11.28,19.22,19.22,74.45,74.81,73.14,480.73,48.94,47.05,48.74,46.85,448.0,210.0,301.0,959.0,47.0,54.0,3.0,475.0,132.0,51.0,14.86,16.34,17.74,21.0,14.0,12.0,952.97,658.0,655.29,6.64,9.84,9.84,45.74,45.56,44.38,85.98,110.87,1534.0,2128.0,0.0,0.0,0.0,0.0,0.0,0.0,regular
8480036,2025,Miro Heiskanen,DAL,D,all,54,84213.0,1391.0,42.43,0.57,0.47,0.52,0.44,0.52,0.44,71.0,112.73,7.14,6.63,31.2,3.63,63.6,46.79,6.87,7.14,6.86,14.0,23.0,109.0,50.0,87.0,246.0,44.0,7.0,12.0,0.0,36.0,1.0,52.0,51.0,102.0,152.0,8.0,16.0,0.0,16.0,32.0,66.0,146.0,6.0,7.0,3.81,0.71,2.61,5.0,1.0,1.0,246.83,159.0,159.5,51.0,1.48,3.59,0.72,7.9,7.92,7.66,1391.0,237.0,232.0,234.0,688.0,76.0,156.0,268.0,891.0,0.0,0.0,113230.0,16.0,18.0,9.0,99.0,724.56,95.45,89.6,96.1,90.2,658.0,310.0,331.0,1299.0,98.0,90.0,18.0,643.0,203.0,122.0,20.46,24.63,50.36,30.0,26.0,42.0,1313.15,968.0,976.89,12.67,22.87,23.12,85.0,85.4,83.28,650.42,71.07,65.18,70.73,64.87,583.0,304.0,334.0,1221.0,74.0,91.0,14.0,628.0,176.0,83.0,19.06,21.52,30.48,24.0,27.0,23.0,1211.22,887.0,881.38,10.85,18.2,18.2,63.72,63.48,60.93,78.23,87.21,1453.0,1871.0,0.0,0.0,0.0,0.0,0.0,0.0,regular
8479414,2025,Nathan Bastian,DAL,R,all,24,12039.0,280.0,1.35,0.48,0.56,0.44,0.48,0.46,0.49,280.0,16.45,2.07,1.21,3.57,0.6,8.28,6.27,1.88,2.12,1.94,0.0,0.0,16.0,6.0,4.0,26.0,3.0,3.0,0.0,1.0,6.0,0.0,8.0,5.0,13.0,19.0,6.0,15.0,0.0,55.0,1.0,6.0,13.0,7.0,2.0,0.43,0.93,0.71,1.0,2.0,0.0,26.73,22.0,22.61,0.0,0.25,0.0,0.9,1.42,1.46,1.44,280.0,15.0,22.0,35.0,208.0,49.0,29.0,30.0,172.0,0.0,0.0,75754.0,15.0,7.0,2.0,6.0,74.56,6.24,5.92,6.41,6.1,64.0,37.0,31.0,132.0,8.0,11.0,1.0,78.0,19.0,4.0,2.5,2.44,1.31,4.0,4.0,0.0,138.24,101.0,104.15,1.03,1.91,1.91,5.36,5.54,5.45,86.97,6.76,6.69,6.65,6.57,80.0,38.0,53.0,171.0,7.0,6.0,1.0,91.0,22.0,5.0,2.78,2.74,1.24,3.0,2.0,2.0,165.56,118.0,115.01,1.1,1.01,1.01,6.86,6.73,6.68,73.67,57.12,1114.0,1187.0,0.0,0.0,0.0,0.0,0.0,0.0,regular
8480878,2025,Nils Lundkvist,DAL,D,all,29,28465.0,610.0,5.17,0.5,0.55,0.46,0.48,0.47,0.49,129.0,29.71,1.34,1.68,8.59,1.07,18.35,12.98,1.3,1.35,1.32,2.0,2.0,27.0,17.0,23.0,67.0,7.0,3.0,1.0,1.0,5.0,0.0,15.0,20.0,24.0,41.0,6.0,12.0,0.0,21.0,5.0,30.0,43.0,0.0,1.0,0.91,0.0,0.42,2.0,0.0,1.0,69.6,44.0,45.78,25.0,0.33,0.45,0.51,1.17,1.21,1.19,610.0,51.0,64.0,128.0,367.0,69.0,81.0,75.0,385.0,0.0,0.0,77632.0,12.0,2.0,1.0,29.0,202.59,18.7,18.27,19.32,18.88,178.0,97.0,107.0,382.0,23.0,17.0,4.0,199.0,60.0,16.0,6.62,7.54,4.53,13.0,6.0,4.0,398.6,275.0,285.59,2.74,3.59,3.59,17.85,18.45,18.23,224.47,18.79,18.3,18.45,17.96,200.0,105.0,137.0,442.0,16.0,14.0,1.0,235.0,51.0,19.0,7.15,6.32,5.34,9.0,5.0,2.0,430.9,305.0,299.4,3.01,3.56,3.56,18.25,17.91,17.67,83.38,67.43,1156.0,1258.0,0.0,0.0,0.0,0.0,0.0,0.0,regular
8480840,2025,Oskar Bck,DAL,C,all,46,33748.0,784.0,7.58,0.39,0.55,0.4,0.49,0.41,0.49,418.0,28.86,4.28,2.22,6.4,0.99,13.24,10.87,4.15,4.33,4.2,2.0,2.0,26.0,12.0,12.0,50.0,8.0,4.0,6.0,1.0,3.0,0.0,14.0,11.0,22.0,34.0,3.0,6.0,14.0,18.0,8.0,28.0,18.0,16.0,4.0,0.69,2.18,1.42,2.0,1.0,1.0,51.04,38.0,38.67,9.0,0.48,1.26,1.49,3.28,3.31,3.24,784.0,36.0,138.0,122.0,488.0,97.0,86.0,90.0,511.0,14.0,16.0,134402.0,6.0,10.0,5.0,24.0,183.28,16.99,16.33,17.34,16.67,174.0,74.0,94.0,342.0,17.0,23.0,3.0,178.0,51.0,19.0,4.98,6.48,5.52,8.0,6.0,3.0,352.34,248.0,254.47,2.58,5.21,5.02,14.55,14.89,14.62,259.98,26.97,24.09,26.89,24.01,218.0,139.0,151.0,508.0,24.0,43.0,5.0,263.0,61.0,33.0,7.65,7.67,11.64,10.0,9.0,5.0,501.31,357.0,354.8,4.54,9.28,9.28,22.24,22.14,21.5,128.99,105.91,2017.0,2083.0,0.0,0.0,0.0,0.0,0.0,0.0,regular
8476889,2025,Radek Faksa,DAL,C,all,55,38367.0,917.0,11.13,0.34,0.55,0.37,0.49,0.37,0.49,516.0,41.52,4.76,2.72,9.31,1.36,20.19,16.65,4.66,4.82,4.72,9.0,6.0,33.0,22.0,18.0,73.0,17.0,2.0,3.0,1.0,5.0,0.0,19.0,26.0,31.0,53.0,7.0,16.0,217.0,73.0,14.0,18.0,36.0,14.0,5.0,1.19,1.74,1.84,0.0,0.0,2.0,75.59,55.0,56.27,5.0,0.58,0.74,0.99,4.34,4.41,4.35,917.0,37.0,194.0,124.0,562.0,119.0,106.0,111.0,581.0,217.0,187.0,162376.0,16.0,14.0,7.0,40.0,181.07,17.7,17.31,18.06,17.66,165.0,82.0,117.0,364.0,17.0,14.0,2.0,177.0,55.0,15.0,4.72,6.94,6.04,6.0,8.0,3.0,374.07,247.0,253.21,2.39,2.58,2.94,17.15,17.49,17.26,314.67,34.05,30.43,33.96,30.34,283.0,144.0,196.0,623.0,32.0,39.0,5.0,307.0,76.0,44.0,10.29,9.44,14.31,10.0,9.0,13.0,615.9,427.0,423.8,5.47,8.07,8.07,31.45,31.28,29.28,157.66,128.55,2430.0,2554.0,0.0,0.0,0.0,0.0,0.0,0.0,regular
8478449,2025,Roope Hintz,DAL,C,all,51,53552.0,1103.0,43.72,0.65,0.46,0.57,0.43,0.58,0.43,225.0,129.16,19.35,10.28,27.64,4.31,64.75,42.66,18.1,19.51,18.26,18.0,10.0,120.0,49.0,30.0,199.0,43.0,15.0,19.0,2.0,17.0,1.0,52.0,65.0,105.0,154.0,8.0,16.0,423.0,55.0,4.0,39.0,99.0,43.0,27.0,3.32,5.31,10.73,4.0,3.0,8.0,202.55,169.0,171.76,8.0,2.53,3.54,5.65,16.22,16.39,16.0,1103.0,232.0,135.0,183.0,553.0,89.0,131.0,181.0,702.0,423.0,291.0,132335.0,16.0,24.0,12.0,16.0,538.89,66.89,62.06,67.48,62.6,496.0,226.0,256.0,978.0,82.0,73.0,15.0,505.0,129.0,88.0,15.61,15.5,35.78,30.0,18.0,34.0,994.49,722.0,732.92,9.85,18.55,18.55,58.18,58.64,56.98,376.88,36.24,34.82,35.92,34.53,341.0,173.0,214.0,728.0,35.0,38.0,4.0,387.0,87.0,40.0,11.76,10.35,14.13,13.0,9.0,13.0,718.77,514.0,508.68,5.33,7.37,7.37,34.2,33.99,33.06,97.2,112.93,1627.0,2195.0,0.0,0.0,0.0,0.0,0.0,0.0,regular
8479351,2025,Sam Steel,DAL,C,all,56,54643.0,1147.0,16.3,0.45,0.54,0.42,0.49,0.42,0.49,296.0,69.07,9.77,4.94,15.25,2.33,33.05,26.66,9.49,9.87,9.59,9.0,7.0,63.0,29.0,24.0,116.0,23.0,7.0,5.0,2.0,9.0,1.0,34.0,36.0,56.0,85.0,9.0,20.0,121.0,58.0,16.0,37.0,55.0,26.0,11.0,2.36,3.29,4.12,2.0,2.0,3.0,117.48,92.0,92.68,15.0,1.07,1.06,1.53,9.32,9.35,9.27,1147.0,122.0,170.0,188.0,667.0,165.0,177.0,154.0,651.0,121.0,119.0,150000.0,20.0,26.0,13.0,23.0,356.79,38.57,37.21,39.09,37.71,320.0,163.0,189.0,672.0,32.0,35.0,7.0,338.0,102.0,43.0,11.34,12.77,14.46,12.0,7.0,13.0,683.68,483.0,489.9,5.12,7.5,7.69,35.99,36.33,35.83,484.98,47.87,43.93,47.43,43.51,436.0,227.0,259.0,922.0,43.0,59.0,6.0,486.0,124.0,53.0,14.52,14.94,18.4,12.0,18.0,13.0,912.33,663.0,658.02,7.75,10.93,10.93,44.69,44.37,41.6,140.64,117.59,2184.0,2305.0,0.0,0.0,0.0,0.0,0.0,0.0,regular
8481581,2025,Thomas Harley,DAL,D,all,44,61205.0,1114.0,15.65,0.48,0.54,0.45,0.48,0.45,0.49,101.0,77.58,6.17,4.38,22.07,2.57,42.86,30.94,5.98,6.3,6.1,9.0,8.0,72.0,37.0,74.0,183.0,22.0,5.0,10.0,1.0,24.0,0.0,32.0,38.0,67.0,104.0,5.0,10.0,0.0,29.0,27.0,57.0,94.0,10.0,5.0,2.61,1.15,2.41,3.0,1.0,1.0,186.2,109.0,111.03,36.0,0.98,2.65,1.83,5.32,5.44,5.3,1114.0,112.0,131.0,194.0,677.0,128.0,152.0,182.0,652.0,0.0,0.0,99569.0,10.0,8.0,4.0,102.0,453.21,49.9,47.67,50.33,48.07,410.0,199.0,240.0,849.0,49.0,58.0,10.0,415.0,145.0,49.0,13.34,18.23,18.33,17.0,19.0,13.0,860.91,609.0,616.96,6.93,12.87,12.62,44.21,44.59,43.8,551.82,53.71,50.79,53.57,50.65,489.0,261.0,290.0,1040.0,54.0,60.0,5.0,561.0,134.0,55.0,18.16,16.42,19.13,22.0,16.0,16.0,1037.05,750.0,749.34,8.02,11.94,11.94,49.79,49.7,47.74,94.56,79.14,1414.0,1517.0,0.0,0.0,0.0,0.0,0.0,0.0,regular
8475794,2025,Tyler Seguin,DAL,C,all,27,26992.0,554.0,12.9,0.54,0.5,0.5,0.45,0.5,0.45,140.0,42.44,4.58,3.23,9.15,1.38,22.19,15.47,4.48,4.66,4.56,7.0,3.0,31.0,25.0,13.0,69.0,17.0,7.0,0.0,0.0,2.0,1.0,23.0,23.0,24.0,49.0,1.0,2.0,126.0,18.0,3.0,21.0,31.0,21.0,4.0,1.16,2.44,0.98,3.0,3.0,1.0,70.02,56.0,56.7,4.0,0.77,0.0,0.16,5.18,5.27,5.22,554.0,85.0,89.0,99.0,281.0,58.0,75.0,76.0,345.0,126.0,109.0,71854.0,2.0,6.0,3.0,6.0,221.71,22.92,22.12,23.1,22.29,204.0,94.0,108.0,406.0,29.0,19.0,5.0,211.0,66.0,21.0,6.8,7.37,8.76,14.0,6.0,9.0,409.46,298.0,300.43,3.67,4.52,4.52,22.07,22.23,21.86,218.3,19.56,18.89,19.51,18.86,188.0,114.0,104.0,406.0,11.0,22.0,1.0,223.0,60.0,19.0,6.38,6.82,6.36,5.0,4.0,2.0,405.72,302.0,303.03,3.01,4.44,4.44,18.13,18.18,17.76,60.51,60.49,934.0,1161.0,0.0,0.0,0.0,0.0,0.0,0.0,regular
8482740,2025,Wyatt Johnston,DAL,C,all,56,67554.0,1256.0,45.59,0.59,0.46,0.51,0.44,0.52,0.45,128.0,152.6,23.29,12.88,31.48,5.33,76.62,49.39,22.37,23.59,22.65,20.0,10.0,146.0,53.0,77.0,276.0,59.0,29.0,28.0,7.0,16.0,0.0,68.0,58.0,117.0,170.0,7.0,14.0,266.0,23.0,17.0,35.0,112.0,54.0,33.0,3.73,6.86,12.7,4.0,9.0,16.0,280.78,199.0,202.03,9.0,3.19,6.54,6.33,20.15,20.36,19.91,1256.0,255.0,126.0,177.0,698.0,114.0,215.0,239.0,688.0,266.0,287.0,137089.0,14.0,22.0,11.0,43.0,649.04,88.37,83.21,88.95,83.78,604.0,261.0,297.0,1162.0,90.0,91.0,19.0,550.0,213.0,102.0,17.75,26.24,44.38,21.0,31.0,38.0,1173.16,865.0,871.49,11.98,22.66,22.66,77.69,78.08,76.4,577.65,60.25,57.79,59.89,57.43,548.0,238.0,311.0,1097.0,58.0,62.0,8.0,569.0,144.0,73.0,17.75,17.34,25.15,22.0,18.0,18.0,1090.89,786.0,783.48,8.38,13.65,13.65,54.98,54.75,53.32,90.83,105.21,1694.0,2130.0,0.0,0.0,0.0,0.0,0.0,0.0,regular
8481607,2025,Albert Johansson,DET,D,all,56,54379.0,1235.0,6.05,0.42,0.54,0.43,0.51,0.44,0.53,259.0,46.75,1.76,2.7,12.88,1.56,28.67,20.43,1.72,1.74,1.7,2.0,4.0,40.0,28.0,54.0,122.0,7.0,1.0,3.0,0.0,13.0,0.0,25.0,26.0,39.0,67.0,5.0,10.0,0.0,42.0,14.0,46.0,67.0,1.0,0.0,1.68,0.09,0.0,0.0,1.0,0.0,119.9,68.0,67.2,32.0,0.55,0.48,0.03,2.28,2.25,2.2,1235.0,96.0,167.0,155.0,817.0,132.0,177.0,160.0,766.0,0.0,0.0,150062.0,10.0,22.0,11.0,78.0,408.63,35.76,34.59,35.74,34.58,347.0,210.0,224.0,781.0,28.0,44.0,3.0,419.0,100.0,38.0,12.74,12.16,10.87,8.0,12.0,8.0,776.61,557.0,554.81,5.71,7.54,7.54,33.94,33.99,33.5,526.08,48.73,46.62,48.94,46.83,473.0,243.0,300.0,1016.0,48.0,52.0,6.0,535.0,132.0,49.0,16.81,16.0,15.92,17.0,16.0,15.0,1014.82,716.0,716.45,7.99,11.43,11.43,45.29,45.4,44.28,141.86,120.1,2558.0,2418.0,0.0,0.0,0.0,0.0,0.0,0.0,regular
8479337,2025,Alex DeBrincat,DET,R,all,56,60814.0,1181.0,58.12,0.63,0.45,0.59,0.45,0.62,0.45,181.0,228.45,25.88,16.51,52.2,7.43,123.83,81.15,24.18,25.88,24.17,12.0,15.0,202.0,105.0,90.0,397.0,57.0,30.0,30.0,3.0,32.0,0.0,113.0,102.0,172.0,277.0,5.0,10.0,16.0,27.0,26.0,55.0,210.0,71.0,26.0,7.1,8.83,9.94,8.0,12.0,10.0,394.16,307.0,305.13,13.0,3.87,6.84,4.96,24.79,24.77,23.71,1181.0,238.0,127.0,164.0,652.0,131.0,176.0,221.0,653.0,16.0,24.0,143627.0,10.0,18.0,9.0,25.0,706.89,77.16,71.49,77.14,71.47,646.0,311.0,287.0,1244.0,80.0,93.0,10.0,667.0,198.0,92.0,19.22,24.56,33.38,25.0,28.0,27.0,1239.84,957.0,954.33,12.59,20.4,20.41,69.34,69.36,66.29,437.53,44.68,43.13,45.21,43.65,410.0,184.0,265.0,859.0,48.0,38.0,4.0,425.0,122.0,47.0,12.75,14.4,17.53,11.0,24.0,13.0,862.48,594.0,599.08,6.02,7.73,7.73,42.97,43.41,42.67,100.46,124.15,2095.0,2575.0,0.0,0.0,0.0,0.0,0.0,0.0,regular
8477429,2025,Andrew Copp,DET,C,all,56,53947.0,1217.0,30.93,0.52,0.51,0.49,0.5,0.5,0.5,299.0,93.53,13.68,7.45,20.34,3.43,47.15,33.93,13.15,13.66,13.12,13.0,12.0,81.0,45.0,20.0,146.0,33.0,8.0,11.0,1.0,16.0,2.0,48.0,41.0,73.0,118.0,8.0,16.0,349.0,32.0,15.0,51.0,68.0,37.0,21.0,2.21,4.24,7.23,2.0,2.0,4.0,146.28,126.0,125.92,16.0,1.68,2.95,3.39,11.99,11.98,11.67,1217.0,142.0,218.0,188.0,669.0,167.0,188.0,181.0,681.0,349.0,293.0,150494.0,16.0,20.0,9.0,42.0,467.15,48.01,45.16,48.13,45.29,429.0,209.0,229.0,867.0,51.0,48.0,3.0,459.0,122.0,57.0,12.57,14.89,20.55,20.0,15.0,16.0,866.41,638.0,638.34,7.35,10.45,10.46,44.9,44.98,43.84,458.33,43.98,42.39,44.25,42.67,396.0,230.0,287.0,913.0,48.0,37.0,5.0,460.0,127.0,39.0,14.2,15.89,13.9,15.0,19.0,14.0,914.32,626.0,628.32,7.09,6.82,6.83,44.24,44.52,43.37,129.62,124.85,2472.0,2521.0,0.0,0.0,0.0,0.0,0.0,0.0,regular
8484223,2025,Axel Sandin-Pellikka,DET,D,all,56,56169.0,1178.0,13.2,0.5,0.52,0.51,0.49,0.52,0.5,243.0,67.33,2.76,4.3,18.72,2.27,41.58,29.36,2.69,2.75,2.68,6.0,6.0,58.0,41.0,69.0,168.0,18.0,6.0,8.0,0.0,14.0,0.0,34.0,37.0,52.0,93.0,9.0,16.0,0.0,13.0,8.0,53.0,96.0,1.0,2.0,2.1,0.09,0.57,6.0,0.0,0.0,166.43,99.0,98.06,37.0,0.96,1.37,0.26,3.47,3.43,3.34,1178.0,154.0,137.0,165.0,722.0,134.0,198.0,131.0,715.0,0.0,0.0,148272.0,16.0,8.0,4.0,51.0,502.19,45.17,42.53,45.01,42.38,439.0,247.0,248.0,934.0,38.0,57.0,5.0,518.0,124.0,44.0,14.19,15.5,15.47,11.0,15.0,12.0,925.64,686.0,680.14,7.85,11.69,11.69,41.32,41.17,40.03,474.25,46.03,44.32,46.3,44.57,398.0,247.0,240.0,885.0,48.0,43.0,6.0,471.0,125.0,49.0,14.77,15.71,15.54,21.0,14.0,13.0,891.21,645.0,646.7,6.96,9.08,9.08,43.91,44.15,43.24,132.46,122.81,2405.0,2549.0,0.0,0.0,0.0,0.0,0.0,0.0,regular
8475279,2025,Ben Chiarot,DET,D,all,56,70668.0,1459.0,7.5,0.41,0.56,0.41,0.54,0.41,0.55,162.0,76.66,3.21,3.93,23.12,2.57,41.74,31.43,3.11,3.2,3.09,5.0,2.0,68.0,38.0,66.0,172.0,12.0,5.0,4.0,0.0,20.0,0.0,39.0,38.0,63.0,101.0,19.0,40.0,0.0,112.0,20.0,57.0,95.0,10.0,1.0,1.65,1.26,0.31,4.0,1.0,0.0,170.63,106.0,104.77,38.0,0.81,0.68,0.51,3.52,3.5,3.46,1459.0,124.0,241.0,219.0,875.0,159.0,232.0,210.0,858.0,0.0,0.0,133773.0,40.0,14.0,7.0,116.0,513.03,47.81,46.21,47.75,46.15,469.0,236.0,276.0,981.0,48.0,48.0,4.0,534.0,123.0,48.0,15.64,15.5,16.68,15.0,18.0,15.0,977.6,705.0,702.02,6.89,9.28,9.29,45.41,45.3,44.6,729.06,67.6,65.05,67.75,65.23,631.0,371.0,389.0,1391.0,64.0,63.0,4.0,731.0,212.0,59.0,22.6,25.76,19.23,26.0,15.0,23.0,1387.73,1002.0,999.97,11.56,11.84,11.84,67.31,67.48,65.79,129.81,101.24,2358.0,2043.0,0.0,0.0,0.0,0.0,0.0,0.0,regular
8477946,2025,Dylan Larkin,DET,C,all,56,68157.0,1350.0,50.49,0.57,0.47,0.55,0.46,0.55,0.48,93.0,197.31,25.59,15.28,41.92,6.49,103.92,71.81,23.98,25.51,23.9,12.0,11.0,167.0,98.0,82.0,347.0,48.0,25.0,25.0,3.0,29.0,0.0,92.0,94.0,142.0,240.0,12.0,24.0,603.0,27.0,13.0,51.0,170.0,62.0,33.0,4.94,7.71,12.94,5.0,9.0,11.0,346.22,265.0,264.02,17.0,3.63,5.9,7.07,22.15,22.11,21.55,1350.0,235.0,256.0,235.0,624.0,166.0,178.0,230.0,776.0,603.0,536.0,136284.0,24.0,38.0,19.0,28.0,700.63,79.88,72.57,79.84,72.54,613.0,333.0,334.0,1280.0,81.0,82.0,11.0,645.0,207.0,94.0,19.14,25.82,34.92,21.0,32.0,28.0,1277.66,946.0,944.08,12.68,19.51,19.51,73.05,73.0,68.68,556.99,59.56,57.18,59.83,57.42,482.0,277.0,303.0,1062.0,55.0,51.0,8.0,537.0,160.0,62.0,16.44,19.35,23.77,17.0,14.0,24.0,1062.12,759.0,758.77,8.76,11.16,11.16,57.16,57.24,55.51,97.74,109.27,2059.0,2372.0,0.0,0.0,0.0,0.0,0.0,0.0,regular
8481725,2025,Elmer Soderblom,DET,L,all,36,23458.0,523.0,4.37,0.5,0.5,0.48,0.49,0.49,0.51,404.0,49.5,4.68,3.37,11.97,1.65,24.58,18.75,4.5,4.85,4.66,0.0,1.0,41.0,24.0,29.0,94.0,3.0,2.0,6.0,0.0,5.0,0.0,22.0,30.0,39.0,63.0,6.0,12.0,2.0,62.0,6.0,28.0,46.0,13.0,6.0,1.61,1.49,1.58,1.0,1.0,0.0,96.14,65.0,66.49,9.0,0.71,1.31,1.99,3.4,3.5,3.47,523.0,58.0,56.0,80.0,329.0,66.0,84.0,53.0,320.0,2.0,3.0,108610.0,12.0,14.0,7.0,11.0,188.29,15.78,14.9,16.3,15.37,149.0,102.0,96.0,347.0,6.0,27.0,0.0,189.0,47.0,15.0,5.55,5.85,4.38,2.0,4.0,0.0,350.95,251.0,252.84,2.56,5.27,5.27,13.06,13.34,13.07,191.03,15.51,14.66,15.29,14.47,169.0,95.0,111.0,375.0,10.0,21.0,0.0,207.0,43.0,14.0,6.46,5.1,3.95,7.0,3.0,0.0,373.24,264.0,261.74,2.72,4.02,4.02,14.21,14.05,13.76,96.77,97.02,1822.0,1870.0,0.0,0.0,0.0,0.0,0.0,0.0,regular
8484471,2025,Emmitt Finnie,DET,C,all,56,52499.0,1121.0,20.52,0.55,0.5,0.51,0.49,0.51,0.5,358.0,94.8,13.35,7.35,20.31,3.06,44.68,32.25,11.81,13.36,11.82,5.0,7.0,85.0,36.0,24.0,145.0,21.0,9.0,8.0,3.0,11.0,1.0,46.0,46.0,76.0,112.0,3.0,6.0,13.0,81.0,15.0,51.0,60.0,43.0,18.0,2.22,5.51,5.61,1.0,4.0,4.0,144.67,121.0,120.45,17.0,1.7,2.26,3.59,11.46,11.4,10.3,1121.0,158.0,138.0,199.0,626.0,187.0,159.0,167.0,608.0,13.0,23.0,151942.0,6.0,34.0,17.0,31.0,454.52,47.14,43.06,47.12,43.03,384.0,236.0,230.0,850.0,42.0,42.0,6.0,458.0,110.0,52.0,13.06,14.01,20.07,15.0,12.0,15.0,849.29,620.0,618.1,7.25,10.27,10.27,44.12,44.03,41.82,431.6,39.32,37.89,39.52,38.07,370.0,221.0,238.0,829.0,41.0,41.0,7.0,439.0,113.0,39.0,13.04,13.7,12.58,16.0,10.0,15.0,829.6,591.0,591.25,6.11,8.06,8.06,37.36,37.48,36.75,130.48,129.51,2489.0,2605.0,0.0,0.0,0.0,0.0,0.0,0.0,regular
8476979,2025,Erik Gustafsson,DET,D,all,2,2249.0,45.0,-0.42,0.42,0.44,0.51,0.46,0.52,0.49,7.0,2.24,0.06,0.11,0.79,0.07,1.21,0.76,0.06,0.06,0.06,0.0,0.0,3.0,0.0,5.0,8.0,0.0,0.0,0.0,0.0,0.0,0.0,2.0,1.0,3.0,3.0,1.0,2.0,0.0,2.0,1.0,3.0,3.0,0.0,0.0,0.06,0.0,0.0,0.0,0.0,0.0,7.34,3.0,2.94,1.0,0.03,0.0,0.0,0.08,0.08,0.08,45.0,8.0,6.0,6.0,25.0,3.0,5.0,8.0,29.0,0.0,0.0,4951.0,2.0,0.0,0.0,1.0,19.45,1.52,1.47,1.4,1.35,15.0,11.0,8.0,34.0,0.0,1.0,0.0,18.0,8.0,0.0,0.63,0.89,0.0,0.0,0.0,0.0,31.34,26.0,24.39,0.27,0.17,0.17,1.61,1.49,1.45,19.33,2.07,1.99,2.25,2.16,13.0,11.0,9.0,33.0,2.0,3.0,2.0,18.0,2.0,4.0,0.48,0.27,1.32,1.0,0.0,1.0,36.66,24.0,26.36,0.24,0.86,0.86,1.46,1.58,1.58,3.55,4.57,78.0,92.0,0.0,0.0,0.0,0.0,0.0,0.0,regular
8477456,2025,J.T. Compher,DET,L,all,56,51026.0,1162.0,13.55,0.4,0.55,0.42,0.52,0.42,0.53,346.0,72.16,7.47,5.27,16.34,2.43,36.72,28.77,7.32,7.49,7.33,9.0,2.0,67.0,30.0,28.0,125.0,19.0,8.0,7.0,0.0,21.0,0.0,24.0,37.0,59.0,89.0,10.0,23.0,337.0,19.0,8.0,27.0,65.0,24.0,8.0,2.58,2.91,1.98,1.0,5.0,2.0,125.65,97.0,97.48,9.0,1.15,1.26,1.03,7.6,7.63,7.54,1162.0,125.0,192.0,194.0,651.0,175.0,187.0,158.0,642.0,337.0,324.0,153415.0,23.0,35.0,16.0,35.0,368.02,32.25,31.01,32.2,30.96,324.0,180.0,212.0,716.0,33.0,34.0,4.0,383.0,91.0,30.0,11.13,11.46,9.67,10.0,14.0,9.0,711.02,504.0,500.82,5.24,6.44,6.44,31.06,31.01,30.49,506.25,47.47,45.8,47.66,45.99,435.0,262.0,302.0,999.0,49.0,40.0,4.0,514.0,139.0,44.0,15.77,16.99,14.71,19.0,18.0,12.0,999.76,697.0,697.36,7.95,8.7,8.7,46.72,46.89,45.88,145.37,121.36,2623.0,2435.0,0.0,0.0,0.0,0.0,0.0,0.0,regular
8480879,2025,Jacob Bernard-Docker,DET,D,all,40,35512.0,792.0,4.33,0.41,0.55,0.42,0.5,0.43,0.52,206.0,28.34,1.14,1.58,8.49,0.94,17.78,12.07,1.1,1.15,1.11,2.0,2.0,27.0,15.0,31.0,73.0,4.0,0.0,3.0,0.0,5.0,0.0,22.0,12.0,27.0,42.0,7.0,14.0,0.0,49.0,7.0,30.0,40.0,1.0,1.0,0.83,0.11,0.21,0.0,0.0,0.0,72.58,42.0,41.82,22.0,0.32,0.45,0.21,1.25,1.25,1.23,792.0,57.0,133.0,120.0,482.0,91.0,123.0,85.0,493.0,0.0,0.0,110153.0,14.0,4.0,2.0,59.0,265.18,21.75,21.12,21.95,21.32,229.0,132.0,147.0,508.0,21.0,23.0,2.0,277.0,63.0,21.0,8.3,7.79,5.66,7.0,11.0,3.0,509.23,361.0,362.62,3.57,4.1,4.1,21.21,21.45,21.14,353.65,31.81,30.73,31.89,30.8,319.0,169.0,211.0,699.0,23.0,29.0,2.0,379.0,80.0,29.0,11.71,9.82,10.28,7.0,8.0,8.0,694.76,488.0,485.81,5.37,6.01,6.01,31.17,31.19,30.48,105.8,87.58,1840.0,1821.0,0.0,0.0,0.0,0.0,0.0,0.0,regular
8474037,2025,James van Riemsdyk,DET,L,all,47,35333.0,785.0,21.13,0.6,0.48,0.55,0.47,0.56,0.48,436.0,95.8,14.57,8.34,20.15,3.25,46.19,29.48,12.65,14.81,12.87,5.0,5.0,78.0,44.0,25.0,147.0,24.0,14.0,19.0,6.0,11.0,0.0,42.0,36.0,64.0,108.0,6.0,12.0,3.0,8.0,7.0,27.0,58.0,47.0,17.0,1.75,6.09,6.75,0.0,7.0,7.0,148.78,122.0,123.1,7.0,2.05,4.31,5.85,10.77,10.9,10.28,785.0,128.0,80.0,100.0,477.0,124.0,119.0,105.0,437.0,3.0,5.0,136237.0,12.0,14.0,7.0,23.0,386.44,41.74,38.08,42.03,38.34,320.0,199.0,177.0,696.0,37.0,49.0,7.0,358.0,112.0,49.0,10.22,13.94,17.58,3.0,19.0,15.0,699.09,519.0,520.1,6.83,11.71,11.71,36.86,37.09,35.38,292.74,27.79,26.97,27.89,27.05,270.0,132.0,164.0,566.0,27.0,22.0,3.0,307.0,67.0,28.0,9.29,8.77,9.73,13.0,5.0,9.0,563.97,402.0,401.15,4.06,3.99,3.98,27.87,27.86,27.38,106.61,113.21,2078.0,2376.0,0.0,0.0,0.0,0.0,0.0,0.0,regular
8481077,2025,John Leonard,DET,L,all,9,6491.0,153.0,3.28,0.54,0.48,0.51,0.45,0.52,0.46,85.0,14.22,1.4,0.94,3.42,0.54,7.59,6.11,1.37,1.45,1.42,2.0,0.0,9.0,11.0,6.0,26.0,4.0,2.0,1.0,1.0,2.0,0.0,6.0,9.0,7.0,18.0,0.0,0.0,0.0,8.0,2.0,10.0,14.0,4.0,2.0,0.37,0.52,0.5,1.0,0.0,1.0,26.08,20.0,20.16,2.0,0.2,0.24,0.7,0.89,0.91,0.9,153.0,21.0,18.0,18.0,96.0,16.0,21.0,21.0,95.0,0.0,0.0,26325.0,0.0,0.0,0.0,6.0,60.42,5.23,5.08,5.29,5.14,49.0,34.0,29.0,112.0,4.0,6.0,1.0,59.0,19.0,5.0,1.51,2.34,1.39,1.0,1.0,2.0,112.3,83.0,83.45,0.86,0.92,0.92,5.17,5.21,5.12,55.5,4.39,4.29,4.44,4.34,42.0,35.0,30.0,107.0,4.0,3.0,0.0,61.0,13.0,3.0,1.82,1.42,1.15,0.0,4.0,0.0,106.66,77.0,77.5,0.75,0.41,0.41,4.73,4.79,4.74,21.53,23.48,392.0,474.0,0.0,0.0,0.0,0.0,0.0,0.0,regular
8482078,2025,Lucas Raymond,DET,L,all,54,60189.0,1196.0,54.46,0.63,0.45,0.6,0.45,0.61,0.46,163.0,128.15,12.08,8.35,30.12,4.07,70.59,48.78,10.69,12.21,10.82,27.0,13.0,114.0,60.0,67.0,241.0,58.0,18.0,14.0,0.0,21.0,0.0,65.0,56.0,96.0,156.0,6.0,12.0,1.0,27.0,24.0,54.0,132.0,31.0,11.0,4.46,3.9,3.71,10.0,6.0,2.0,242.7,174.0,175.21,5.0,1.94,3.01,2.04,11.98,12.11,11.34,1196.0,232.0,145.0,224.0,595.0,156.0,155.0,215.0,670.0,1.0,0.0,136836.0,12.0,32.0,16.0,24.0,641.71,71.76,65.06,71.83,65.13,560.0,305.0,304.0,1169.0,78.0,72.0,10.0,596.0,191.0,78.0,17.62,24.04,30.11,22.0,29.0,27.0,1168.35,865.0,864.27,11.68,17.14,16.86,66.58,66.6,62.4,407.33,42.17,41.14,42.35,41.3,368.0,191.0,228.0,787.0,41.0,31.0,7.0,404.0,112.0,43.0,12.67,13.57,15.95,15.0,8.0,18.0,786.62,559.0,559.95,5.51,6.02,6.02,41.66,41.72,41.13,99.28,121.24,2055.0,2510.0,0.0,0.0,0.0,0.0,0.0,0.0,regular
8483464,2025,Marco Kasper,DET,C,all,55,44705.0,995.0,15.3,0.47,0.53,0.5,0.49,0.51,0.5,436.0,98.44,9.9,7.0,23.73,3.35,51.84,37.18,9.56,9.8,9.46,6.0,1.0,86.0,47.0,24.0,157.0,12.0,5.0,9.0,0.0,17.0,0.0,49.0,53.0,81.0,128.0,8.0,19.0,149.0,124.0,7.0,35.0,95.0,29.0,9.0,3.19,3.65,3.06,1.0,2.0,2.0,156.29,133.0,132.84,6.0,1.51,1.99,2.61,8.8,8.78,8.61,995.0,117.0,108.0,140.0,630.0,143.0,150.0,144.0,558.0,149.0,149.0,155860.0,19.0,15.0,6.0,33.0,396.99,31.61,30.21,31.52,30.11,345.0,203.0,193.0,741.0,23.0,38.0,0.0,432.0,88.0,28.0,12.37,10.57,8.67,8.0,9.0,6.0,735.76,548.0,544.31,5.67,6.91,6.91,30.36,30.28,29.58,379.84,36.2,34.76,36.47,35.04,351.0,166.0,220.0,737.0,40.0,44.0,4.0,387.0,87.0,43.0,11.44,10.46,14.31,16.0,12.0,12.0,740.79,517.0,518.84,5.59,9.55,9.55,32.24,32.41,31.9,143.73,129.08,2543.0,2622.0,0.0,0.0,0.0,0.0,0.0,0.0,regular
8478891,2025,Mason Appleton,DET,C,all,46,37659.0,846.0,9.91,0.38,0.54,0.43,0.52,0.41,0.54,378.0,47.26,4.32,2.94,11.73,1.77,25.24,21.0,4.18,4.29,4.16,5.0,1.0,46.0,21.0,18.0,85.0,11.0,5.0,4.0,0.0,10.0,0.0,25.0,23.0,41.0,62.0,4.0,8.0,5.0,57.0,0.0,20.0,51.0,12.0,4.0,1.54,1.42,1.36,1.0,3.0,1.0,83.49,67.0,65.47,7.0,0.62,0.58,0.52,4.41,4.36,4.29,846.0,93.0,116.0,133.0,504.0,110.0,128.0,122.0,486.0,5.0,14.0,130482.0,8.0,20.0,10.0,20.0,252.01,21.03,20.34,20.9,20.23,225.0,120.0,164.0,509.0,20.0,27.0,1.0,267.0,58.0,20.0,7.73,7.24,6.05,9.0,8.0,3.0,500.75,345.0,340.55,3.36,4.35,4.35,20.04,19.91,19.69,359.78,34.91,33.43,35.41,33.9,321.0,170.0,196.0,687.0,31.0,37.0,3.0,363.0,87.0,41.0,11.16,10.41,13.33,10.0,7.0,14.0,694.88,491.0,495.01,5.68,8.07,8.07,32.52,32.94,31.97,123.94,105.52,2257.0,2064.0,0.0,0.0,0.0,0.0,0.0,0.0,regular
8484794,2025,Michael Brandsegg-Nygrd,DET,R,all,9,6723.0,158.0,3.05,0.64,0.51,0.63,0.48,0.66,0.48,84.0,15.9,1.39,1.14,4.13,0.58,8.83,5.94,1.23,1.33,1.18,0.0,1.0,14.0,8.0,13.0,35.0,1.0,0.0,2.0,0.0,1.0,0.0,5.0,14.0,14.0,22.0,1.0,2.0,0.0,28.0,2.0,10.0,16.0,5.0,1.0,0.59,0.49,0.31,0.0,0.0,0.0,34.68,22.0,21.5,5.0,0.25,0.25,0.34,1.3,1.24,1.18,158.0,18.0,18.0,31.0,91.0,29.0,20.0,22.0,87.0,0.0,0.0,25893.0,2.0,2.0,1.0,3.0,72.31,6.18,5.82,6.05,5.7,62.0,37.0,46.0,145.0,2.0,9.0,0.0,73.0,23.0,3.0,2.06,2.91,1.21,0.0,2.0,0.0,141.61,99.0,97.46,1.09,1.61,1.6,5.67,5.55,5.4,36.22,3.47,3.35,3.51,3.39,30.0,20.0,37.0,87.0,6.0,2.0,0.0,34.0,13.0,3.0,1.01,1.65,0.81,1.0,5.0,0.0,89.11,50.0,50.35,0.55,0.48,0.48,3.54,3.59,3.55,22.68,22.17,405.0,442.0,0.0,0.0,0.0,0.0,0.0,0.0,regular
8479992,2025,Michael Rasmussen,DET,C,all,51,39178.0,943.0,12.18,0.45,0.53,0.42,0.5,0.43,0.51,461.0,73.41,9.04,5.64,16.17,2.45,35.06,27.65,8.62,9.05,8.64,6.0,2.0,58.0,38.0,23.0,119.0,14.0,6.0,8.0,1.0,11.0,0.0,32.0,39.0,52.0,90.0,4.0,8.0,114.0,52.0,7.0,27.0,61.0,25.0,10.0,2.05,3.39,3.6,1.0,2.0,3.0,119.61,96.0,96.19,3.0,1.27,1.85,2.51,7.8,7.86,7.78,943.0,109.0,160.0,146.0,528.0,113.0,147.0,107.0,576.0,114.0,111.0,147153.0,8.0,8.0,4.0,43.0,283.47,26.93,25.83,27.2,26.08,233.0,150.0,151.0,534.0,18.0,34.0,2.0,273.0,85.0,25.0,7.88,10.79,8.26,5.0,8.0,5.0,535.32,383.0,383.81,4.19,6.73,6.73,24.39,24.58,24.3,362.79,33.58,32.54,33.59,32.55,317.0,184.0,226.0,727.0,29.0,24.0,2.0,384.0,91.0,26.0,12.14,11.05,10.39,11.0,7.0,11.0,723.34,501.0,498.84,5.71,5.04,5.04,34.24,34.2,33.41,132.21,117.66,2459.0,2419.0,0.0,0.0,0.0,0.0,0.0,0.0,regular
8481542,2025,Moritz Seider,DET,D,all,56,85815.0,1632.0,46.63,0.59,0.45,0.55,0.45,0.57,0.46,69.0,128.15,4.32,7.32,36.45,4.29,76.82,54.81,4.21,4.28,4.17,16.0,14.0,119.0,65.0,81.0,265.0,37.0,7.0,14.0,0.0,26.0,2.0,57.0,78.0,112.0,177.0,20.0,43.0,0.0,81.0,20.0,67.0,178.0,5.0,1.0,3.64,0.47,0.2,6.0,1.0,0.0,262.35,184.0,182.67,44.0,1.62,2.87,0.26,5.68,5.65,5.51,1632.0,194.0,251.0,267.0,920.0,172.0,206.0,245.0,1009.0,0.0,0.0,118626.0,43.0,27.0,12.0,124.0,857.38,89.84,82.55,90.3,82.96,774.0,386.0,387.0,1547.0,93.0,97.0,11.0,816.0,245.0,99.0,23.33,30.42,36.09,33.0,32.0,28.0,1547.76,1160.0,1159.72,14.27,21.83,21.84,82.28,82.49,78.43,633.4,62.99,60.82,63.45,61.29,575.0,291.0,410.0,1276.0,66.0,53.0,8.0,639.0,160.0,67.0,18.57,19.1,25.32,19.0,19.0,28.0,1277.31,866.0,869.52,9.32,10.98,10.98,61.33,61.69,60.36,87.78,105.84,1792.0,2158.0,0.0,0.0,0.0,0.0,0.0,0.0,regular
8484160,2025,Nate Danielson,DET,C,all,28,18569.0,436.0,5.17,0.61,0.5,0.53,0.48,0.55,0.5,298.0,37.66,4.11,2.56,8.82,1.35,18.8,13.37,3.76,4.15,3.79,3.0,2.0,31.0,18.0,10.0,59.0,7.0,2.0,6.0,0.0,3.0,0.0,14.0,24.0,29.0,47.0,2.0,4.0,55.0,8.0,8.0,17.0,34.0,11.0,4.0,1.18,1.54,1.38,0.0,2.0,0.0,59.99,49.0,49.41,9.0,0.58,0.75,0.7,3.99,4.01,3.83,436.0,56.0,45.0,73.0,262.0,71.0,50.0,63.0,252.0,55.0,91.0,83480.0,4.0,4.0,2.0,9.0,179.52,21.31,18.05,21.32,18.04,146.0,93.0,77.0,316.0,14.0,22.0,2.0,165.0,46.0,28.0,4.61,5.64,11.06,2.0,7.0,5.0,315.25,239.0,237.37,2.94,5.41,5.41,18.84,18.76,17.0,146.72,13.67,12.79,13.81,12.94,134.0,65.0,79.0,278.0,13.0,14.0,3.0,152.0,29.0,18.0,4.5,3.59,5.57,6.0,3.0,4.0,280.01,199.0,200.69,2.01,3.5,3.5,12.17,12.37,12.14,70.3,70.13,1328.0,1451.0,0.0,0.0,0.0,0.0,0.0,0.0,regular
8474141,2025,Patrick Kane,DET,R,all,41,42141.0,838.0,27.98,0.6,0.49,0.58,0.46,0.6,0.46,188.0,109.72,9.51,7.6,27.33,3.97,61.13,41.47,9.08,9.47,9.05,12.0,12.0,101.0,50.0,38.0,189.0,32.0,8.0,6.0,0.0,24.0,0.0,51.0,62.0,93.0,143.0,5.0,10.0,1.0,9.0,3.0,42.0,117.0,25.0,9.0,3.46,2.88,3.17,4.0,2.0,2.0,189.48,151.0,151.4,11.0,1.78,0.36,1.51,9.79,9.75,9.43,838.0,177.0,83.0,134.0,444.0,115.0,134.0,144.0,445.0,1.0,1.0,107390.0,10.0,10.0,4.0,18.0,481.53,49.45,45.79,49.3,45.65,445.0,214.0,183.0,842.0,52.0,58.0,5.0,471.0,129.0,59.0,13.78,15.78,19.88,20.0,18.0,14.0,838.21,659.0,655.84,8.6,12.73,13.02,45.03,44.89,42.95,319.95,32.55,31.47,32.92,31.84,302.0,133.0,185.0,620.0,32.0,28.0,2.0,320.0,78.0,37.0,9.69,9.43,13.42,11.0,11.0,10.0,619.98,435.0,436.75,4.34,5.89,5.89,31.0,31.29,30.87,83.09,87.47,1594.0,1893.0,0.0,0.0,0.0,0.0,0.0,0.0,regular
8482762,2025,Simon Edvinsson,DET,D,all,48,65024.0,1315.0,22.48,0.5,0.51,0.48,0.49,0.5,0.5,112.0,63.1,4.23,3.57,17.45,2.22,35.2,26.35,4.14,4.2,4.11,6.0,5.0,57.0,32.0,50.0,139.0,17.0,6.0,6.0,0.0,12.0,0.0,32.0,33.0,51.0,83.0,23.0,44.0,0.0,63.0,18.0,56.0,74.0,12.0,3.0,1.39,1.58,1.25,1.0,3.0,2.0,137.31,89.0,87.39,38.0,0.75,0.85,0.5,4.48,4.42,4.36,1315.0,85.0,197.0,220.0,813.0,160.0,191.0,189.0,775.0,0.0,0.0,110162.0,44.0,18.0,9.0,104.0,538.53,50.13,48.44,50.49,48.77,474.0,262.0,261.0,997.0,47.0,55.0,3.0,548.0,133.0,55.0,15.68,16.39,18.07,19.0,17.0,11.0,998.89,736.0,735.93,7.34,10.47,10.46,47.01,47.13,46.48,535.45,50.07,47.81,50.5,48.23,462.0,263.0,338.0,1063.0,50.0,52.0,9.0,530.0,141.0,54.0,15.9,17.27,16.89,14.0,22.0,14.0,1065.35,725.0,727.24,8.25,12.18,12.18,46.14,46.4,45.4,102.39,96.48,1822.0,1889.0,0.0,0.0,0.0,0.0,0.0,0.0,regular
8474612,2025,Travis Hamonic,DET,D,all,23,20019.0,470.0,-0.55,0.4,0.54,0.41,0.56,0.41,0.57,125.0,15.85,0.69,0.8,4.63,0.55,8.28,7.06,0.68,0.68,0.67,1.0,1.0,18.0,4.0,14.0,36.0,2.0,0.0,0.0,0.0,4.0,0.0,6.0,12.0,18.0,22.0,8.0,22.0,0.0,24.0,5.0,19.0,21.0,0.0,1.0,0.47,0.0,0.21,0.0,0.0,0.0,35.3,22.0,21.41,14.0,0.17,0.0,0.04,0.81,0.81,0.8,470.0,27.0,63.0,65.0,315.0,44.0,63.0,52.0,311.0,0.0,0.0,64412.0,22.0,12.0,3.0,37.0,149.14,10.94,10.78,10.82,10.66,128.0,76.0,82.0,286.0,8.0,10.0,0.0,163.0,34.0,7.0,5.07,4.13,1.74,2.0,5.0,1.0,282.26,204.0,201.1,1.98,1.54,1.56,11.36,11.22,11.13,209.96,16.59,15.96,16.89,16.23,187.0,102.0,129.0,418.0,20.0,17.0,2.0,220.0,56.0,13.0,6.5,6.51,3.57,8.0,10.0,2.0,424.97,289.0,293.69,3.23,3.18,3.18,16.63,16.84,16.45,61.89,52.82,1170.0,917.0,0.0,0.0,0.0,0.0,0.0,0.0,regular
8474641,2025,Adam Henrique,EDM,C,all,43,35689.0,801.0,10.29,0.44,0.51,0.44,0.51,0.46,0.52,307.0,65.2,7.21,5.04,15.64,2.42,32.54,26.17,7.01,7.19,7.0,7.0,1.0,63.0,26.0,25.0,114.0,10.0,2.0,10.0,0.0,9.0,0.0,29.0,39.0,61.0,87.0,6.0,12.0,235.0,24.0,10.0,29.0,61.0,20.0,8.0,1.89,2.44,2.88,1.0,0.0,1.0,114.55,89.0,89.53,9.0,1.1,2.76,1.6,6.71,6.72,6.62,801.0,76.0,181.0,117.0,427.0,94.0,81.0,110.0,516.0,235.0,194.0,120580.0,12.0,2.0,1.0,57.0,245.76,23.1,22.26,23.32,22.49,210.0,128.0,141.0,479.0,17.0,34.0,4.0,261.0,50.0,27.0,7.4,6.32,9.37,5.0,3.0,9.0,481.74,338.0,340.11,3.78,6.35,6.35,20.52,20.73,20.3,294.99,29.0,26.85,28.83,26.71,248.0,155.0,207.0,610.0,30.0,26.0,5.0,296.0,79.0,28.0,9.22,9.32,10.46,13.0,10.0,7.0,607.0,403.0,400.92,4.87,6.71,6.71,27.15,27.09,26.15,117.52,111.38,2023.0,1906.0,0.0,0.0,0.0,0.0,0.0,0.0,regular
8480831,2025,Alec Regula,EDM,D,all,29,25176.0,527.0,-0.5,0.48,0.52,0.45,0.52,0.48,0.53,153.0,22.93,0.67,1.14,7.38,0.8,12.82,9.19,0.65,0.69,0.67,1.0,2.0,18.0,14.0,19.0,51.0,3.0,0.0,1.0,0.0,9.0,0.0,13.0,9.0,18.0,32.0,11.0,25.0,0.0,15.0,7.0,28.0,32.0,0.0,0.0,0.67,0.0,0.0,0.0,0.0,0.0,52.08,32.0,33.09,18.0,0.24,0.31,0.02,0.89,0.91,0.88,527.0,38.0,49.0,77.0,363.0,65.0,84.0,61.0,317.0,0.0,0.0,80279.0,25.0,9.0,3.0,44.0,205.21,18.58,17.69,18.83,17.93,185.0,92.0,83.0,360.0,9.0,26.0,1.0,200.0,56.0,21.0,5.7,6.85,6.03,2.0,5.0,2.0,369.17,277.0,282.65,2.82,5.12,5.12,16.29,16.55,16.23,221.72,20.48,20.06,20.56,20.13,198.0,105.0,134.0,437.0,30.0,17.0,7.0,239.0,42.0,22.0,7.67,5.14,7.67,11.0,8.0,11.0,437.03,303.0,303.2,3.22,3.33,3.33,20.38,20.43,20.23,84.09,76.3,1364.0,1267.0,0.0,0.0,0.0,0.0,0.0,0.0,regular
8478233,2025,Andrew Mangiapane,EDM,L,all,47,36387.0,783.0,10.18,0.44,0.52,0.5,0.51,0.49,0.52,369.0,54.66,6.44,4.04,11.81,1.71,26.59,20.41,6.33,6.41,6.3,3.0,3.0,44.0,27.0,28.0,99.0,12.0,6.0,3.0,2.0,7.0,1.0,26.0,28.0,38.0,65.0,7.0,14.0,2.0,46.0,7.0,31.0,47.0,16.0,8.0,2.2,2.02,2.22,3.0,1.0,2.0,99.49,71.0,70.99,8.0,0.87,0.5,1.48,5.84,5.87,5.82,783.0,103.0,65.0,122.0,493.0,107.0,93.0,131.0,452.0,2.0,4.0,134552.0,14.0,20.0,10.0,18.0,281.35,23.83,23.14,24.18,23.48,251.0,134.0,161.0,546.0,22.0,24.0,4.0,292.0,73.0,20.0,8.89,9.04,5.91,10.0,5.0,7.0,556.19,385.0,392.11,4.21,4.28,4.28,23.77,24.21,23.69,291.0,30.45,29.17,30.54,29.27,266.0,133.0,157.0,556.0,44.0,30.0,7.0,286.0,82.0,31.0,9.0,10.2,11.25,14.0,17.0,13.0,552.37,399.0,399.75,4.24,6.99,6.99,27.7,27.81,27.25,131.78,119.65,2200.0,2156.0,0.0,0.0,0.0,0.0,0.0,0.0,regular
8484529,2025,Connor Clattenburg,EDM,C,all,5,2162.0,50.0,0.88,0.67,0.47,0.48,0.47,0.51,0.48,57.0,4.53,0.87,0.41,1.39,0.15,1.33,0.85,0.83,0.91,0.87,0.0,0.0,3.0,2.0,2.0,7.0,1.0,1.0,1.0,1.0,1.0,0.0,0.0,2.0,2.0,4.0,5.0,13.0,0.0,17.0,0.0,4.0,1.0,2.0,2.0,0.05,0.36,0.46,0.0,0.0,1.0,7.49,5.0,5.42,2.0,0.09,0.19,0.82,0.14,0.15,0.15,50.0,1.0,0.0,9.0,40.0,6.0,10.0,5.0,29.0,0.0,0.0,15838.0,13.0,13.0,4.0,3.0,19.62,1.82,1.77,1.88,1.82,18.0,8.0,7.0,33.0,1.0,5.0,1.0,19.0,4.0,3.0,0.44,0.63,0.75,0.0,0.0,1.0,34.34,26.0,27.0,0.29,1.11,1.11,0.99,1.01,1.0,18.0,0.91,0.9,0.93,0.92,17.0,8.0,11.0,36.0,0.0,1.0,0.0,23.0,2.0,0.0,0.63,0.28,0.0,0.0,0.0,0.0,35.33,25.0,24.82,0.22,0.04,0.04,1.08,1.1,1.09,15.63,17.28,256.0,288.0,0.0,0.0,0.0,0.0,0.0,0.0,regular
8478402,2025,Connor McDavid,EDM,C,all,56,77526.0,1236.0,94.07,0.64,0.4,0.61,0.44,0.61,0.44,72.0,228.97,31.73,18.57,47.59,8.03,115.26,81.83,29.88,31.58,29.78,36.0,25.0,209.0,94.0,55.0,358.0,95.0,34.0,32.0,5.0,38.0,1.0,94.0,104.0,175.0,269.0,11.0,22.0,303.0,25.0,19.0,87.0,180.0,84.0,39.0,6.53,10.05,15.15,11.0,7.0,16.0,358.17,303.0,302.36,21.0,4.3,6.73,8.19,27.83,27.78,27.19,1236.0,220.0,121.0,208.0,687.0,140.0,172.0,273.0,651.0,303.0,338.0,126179.0,22.0,56.0,30.0,22.0,912.95,111.32,105.14,111.19,105.01,810.0,416.0,370.0,1596.0,120.0,114.0,15.0,792.0,301.0,133.0,26.12,36.83,48.37,44.0,27.0,49.0,1595.52,1226.0,1223.75,16.62,25.94,26.04,101.9,101.9,98.55,569.59,63.5,60.0,63.52,60.06,517.0,260.0,257.0,1034.0,66.0,67.0,12.0,553.0,150.0,74.0,17.39,18.43,27.68,24.0,19.0,23.0,1035.96,777.0,779.92,8.34,14.28,14.28,57.56,57.69,55.57,78.63,118.27,1710.0,2202.0,0.0,0.0,0.0,0.0,0.0,0.0,regular
8477508,2025,Curtis Lazar,EDM,C,all,33,17864.0,483.0,3.56,0.4,0.54,0.4,0.52,0.41,0.53,358.0,29.13,3.63,2.27,6.98,1.06,14.09,9.98,3.36,3.66,3.38,2.0,0.0,22.0,16.0,14.0,52.0,5.0,3.0,5.0,1.0,5.0,0.0,14.0,11.0,19.0,35.0,4.0,10.0,121.0,68.0,3.0,4.0,20.0,14.0,4.0,0.65,1.8,1.18,1.0,2.0,0.0,52.71,38.0,38.57,1.0,0.48,1.5,0.96,3.16,3.12,3.02,483.0,26.0,128.0,65.0,264.0,56.0,57.0,69.0,301.0,121.0,85.0,101802.0,10.0,4.0,2.0,16.0,118.18,10.98,10.48,11.25,10.73,103.0,55.0,53.0,211.0,7.0,15.0,2.0,113.0,32.0,13.0,3.02,4.25,3.7,1.0,3.0,3.0,216.22,158.0,161.29,1.68,2.97,2.97,9.69,9.85,9.67,163.0,16.33,15.56,16.27,15.5,146.0,79.0,89.0,314.0,15.0,14.0,4.0,175.0,31.0,19.0,5.51,3.46,7.35,6.0,2.0,7.0,311.87,225.0,224.24,2.53,4.2,4.2,14.65,14.68,14.1,103.01,88.32,1755.0,1590.0,0.0,0.0,0.0,0.0,0.0,0.0,regular
8477498,2025,Darnell Nurse,EDM,D,all,56,70007.0,1381.0,21.65,0.46,0.53,0.46,0.53,0.47,0.54,152.0,118.64,4.34,6.07,33.99,3.85,67.13,52.62,4.16,4.4,4.22,7.0,4.0,116.0,52.0,81.0,249.0,18.0,7.0,12.0,0.0,30.0,0.0,55.0,64.0,109.0,161.0,16.0,41.0,0.0,77.0,15.0,59.0,163.0,4.0,1.0,3.64,0.36,0.34,7.0,0.0,0.0,251.42,168.0,169.09,38.0,1.27,2.39,0.41,5.19,5.26,5.09,1381.0,119.0,141.0,229.0,892.0,156.0,192.0,198.0,835.0,0.0,0.0,133698.0,41.0,31.0,10.0,125.0,586.42,53.94,51.91,54.18,52.17,528.0,267.0,277.0,1072.0,45.0,61.0,4.0,590.0,142.0,63.0,17.89,17.12,18.94,22.0,12.0,11.0,1080.79,795.0,798.52,8.27,12.3,12.3,49.92,50.29,49.36,652.64,63.48,60.56,63.83,60.9,584.0,306.0,358.0,1248.0,62.0,67.0,14.0,664.0,158.0,68.0,21.11,19.41,22.97,18.0,23.0,21.0,1253.42,890.0,895.1,9.74,12.97,12.97,60.25,60.56,58.64,136.01,118.29,2234.0,1988.0,0.0,0.0,0.0,0.0,0.0,0.0,regular
8485493,2025,David Tomasek,EDM,R,all,22,14201.0,298.0,3.86,0.61,0.46,0.55,0.5,0.57,0.5,212.0,34.59,3.68,2.89,8.07,1.09,17.19,12.07,3.56,3.71,3.59,1.0,1.0,30.0,15.0,7.0,52.0,5.0,3.0,5.0,0.0,9.0,0.0,14.0,14.0,27.0,42.0,5.0,10.0,30.0,17.0,3.0,12.0,26.0,13.0,6.0,0.68,1.63,1.38,1.0,1.0,1.0,52.8,45.0,45.28,4.0,0.68,0.54,0.27,4.09,4.13,4.04,298.0,54.0,22.0,48.0,174.0,56.0,43.0,45.0,154.0,30.0,34.0,66151.0,10.0,4.0,2.0,6.0,135.8,14.23,13.73,14.33,13.83,125.0,57.0,61.0,243.0,14.0,14.0,1.0,123.0,41.0,18.0,3.59,5.07,5.56,2.0,5.0,7.0,245.93,182.0,183.09,2.48,2.19,2.19,14.52,14.67,14.34,102.66,8.97,8.75,9.06,8.84,82.0,56.0,59.0,197.0,12.0,11.0,3.0,99.0,31.0,8.0,2.72,4.12,2.14,4.0,4.0,4.0,198.53,138.0,138.49,1.38,2.47,2.47,7.88,7.96,7.88,55.82,65.2,1045.0,1056.0,0.0,0.0,0.0,0.0,0.0,0.0,regular
8480803,2025,Evan Bouchard,EDM,D,all,56,83020.0,1411.0,67.18,0.58,0.44,0.58,0.45,0.58,0.46,74.0,148.11,10.45,10.2,36.24,4.85,94.85,62.41,10.09,10.43,10.08,25.0,20.0,157.0,62.0,100.0,319.0,60.0,15.0,18.0,1.0,32.0,0.0,84.0,70.0,142.0,204.0,11.0,22.0,0.0,23.0,28.0,83.0,194.0,18.0,7.0,5.74,1.98,2.73,9.0,0.0,6.0,317.35,219.0,216.85,53.0,2.34,4.89,0.46,12.33,12.3,11.89,1411.0,215.0,190.0,227.0,779.0,112.0,147.0,252.0,900.0,0.0,0.0,120685.0,22.0,26.0,13.0,75.0,920.97,107.97,102.19,107.97,102.18,849.0,385.0,374.0,1608.0,119.0,101.0,11.0,815.0,290.0,129.0,26.93,35.17,45.86,45.0,32.0,42.0,1607.04,1234.0,1231.01,16.49,23.15,23.15,101.31,101.41,98.28,646.0,79.4,73.96,79.56,74.17,590.0,289.0,287.0,1166.0,77.0,77.0,13.0,599.0,183.0,97.0,18.22,22.18,38.99,24.0,22.0,31.0,1167.17,879.0,881.11,10.22,20.1,20.1,69.52,69.86,67.23,81.99,102.37,1698.0,2070.0,0.0,0.0,0.0,0.0,0.0,0.0,regular
8483455,2025,Isaac Howard,EDM,L,all,28,17345.0,375.0,2.02,0.45,0.53,0.46,0.52,0.47,0.53,286.0,38.48,3.71,2.54,8.78,1.22,20.5,15.25,3.6,3.71,3.6,2.0,1.0,33.0,19.0,18.0,70.0,5.0,2.0,1.0,0.0,11.0,0.0,15.0,23.0,31.0,50.0,6.0,12.0,0.0,7.0,2.0,17.0,37.0,10.0,5.0,1.14,1.2,1.38,0.0,2.0,0.0,69.52,52.0,51.84,6.0,0.53,0.12,1.15,3.1,3.1,3.07,375.0,46.0,20.0,50.0,259.0,73.0,64.0,46.0,192.0,0.0,0.0,85339.0,12.0,6.0,3.0,4.0,127.04,9.61,9.42,9.58,9.4,116.0,61.0,65.0,242.0,9.0,8.0,1.0,142.0,25.0,10.0,3.8,2.94,2.86,4.0,4.0,1.0,241.63,177.0,176.7,1.61,1.67,1.67,9.54,9.52,9.42,144.15,11.64,11.35,11.84,11.57,110.0,89.0,88.0,287.0,15.0,10.0,0.0,155.0,33.0,11.0,4.78,4.02,2.82,12.0,2.0,1.0,293.29,199.0,202.85,1.98,1.94,1.94,11.67,11.97,11.89,81.67,72.86,1384.0,1292.0,0.0,0.0,0.0,0.0,0.0,0.0,regular
8478458,2025,Jack Roslovic,EDM,C,all,43,41550.0,796.0,26.71,0.5,0.5,0.54,0.49,0.54,0.5,230.0,107.67,12.33,7.14,23.64,3.41,55.3,40.18,11.57,12.39,11.6,4.0,4.0,92.0,50.0,25.0,167.0,23.0,15.0,7.0,2.0,18.0,0.0,52.0,50.0,77.0,127.0,7.0,14.0,81.0,20.0,9.0,43.0,97.0,30.0,15.0,3.59,3.5,5.23,5.0,5.0,5.0,166.06,142.0,141.27,11.0,1.58,2.11,3.24,10.66,10.72,10.39,796.0,114.0,84.0,145.0,453.0,130.0,111.0,127.0,428.0,81.0,75.0,115022.0,14.0,20.0,10.0,15.0,406.48,36.34,34.47,36.53,34.6,372.0,177.0,192.0,741.0,34.0,38.0,4.0,416.0,95.0,38.0,13.14,10.96,12.24,17.0,10.0,7.0,739.74,549.0,546.45,5.67,9.24,9.24,32.76,32.82,31.97,347.37,36.11,34.42,36.15,34.51,294.0,179.0,157.0,630.0,34.0,36.0,7.0,338.0,94.0,41.0,10.98,11.43,13.7,15.0,8.0,11.0,634.64,473.0,476.31,4.9,8.34,8.34,32.67,32.91,32.13,105.92,106.62,1803.0,1868.0,0.0,0.0,0.0,0.0,0.0,0.0,regular
8478013,2025,Jake Walman,EDM,D,all,27,32123.0,629.0,13.1,0.42,0.53,0.5,0.53,0.48,0.54,89.0,47.7,2.51,2.82,12.38,1.55,27.91,20.82,2.48,2.55,2.51,5.0,5.0,50.0,18.0,49.0,117.0,14.0,4.0,7.0,0.0,12.0,0.0,15.0,30.0,46.0,64.0,4.0,8.0,0.0,7.0,10.0,32.0,62.0,5.0,1.0,1.52,0.58,0.43,3.0,0.0,1.0,116.29,68.0,67.92,17.0,0.6,1.26,0.14,2.98,3.01,2.98,629.0,75.0,70.0,106.0,378.0,68.0,76.0,97.0,388.0,0.0,0.0,66549.0,8.0,2.0,1.0,45.0,288.53,24.62,24.03,24.52,23.94,266.0,122.0,155.0,543.0,27.0,29.0,4.0,296.0,68.0,24.0,9.53,8.07,7.02,13.0,8.0,6.0,537.8,388.0,384.1,4.26,4.64,4.64,24.25,24.13,23.7,304.49,33.91,31.85,34.27,32.2,259.0,153.0,141.0,553.0,33.0,39.0,4.0,290.0,83.0,39.0,10.22,10.57,13.13,14.0,11.0,8.0,559.6,412.0,418.12,4.62,7.74,7.74,30.79,31.16,29.89,63.06,55.59,1090.0,955.0,0.0,0.0,0.0,0.0,0.0,0.0,regular
8484509,2025,Josh Samanski,EDM,C,all,3,1649.0,42.0,1.84,0.63,0.46,0.69,0.53,0.65,0.52,33.0,0.71,0.04,0.05,0.13,0.02,0.46,0.3,0.04,0.03,0.03,0.0,1.0,0.0,1.0,1.0,2.0,1.0,0.0,1.0,0.0,0.0,0.0,0.0,0.0,0.0,1.0,0.0,0.0,11.0,2.0,1.0,0.0,1.0,0.0,0.0,0.04,0.0,0.0,0.0,0.0,0.0,1.98,1.0,0.88,0.0,0.01,0.02,0.0,0.04,0.04,0.04,42.0,6.0,1.0,7.0,28.0,6.0,5.0,2.0,29.0,11.0,7.0,9217.0,0.0,0.0,0.0,0.0,17.51,1.43,1.33,1.32,1.23,18.0,6.0,11.0,35.0,3.0,3.0,0.0,18.0,4.0,2.0,0.47,0.48,0.48,1.0,2.0,0.0,32.6,24.0,21.98,0.23,0.5,0.5,1.16,1.08,1.05,10.0,0.85,0.81,0.88,0.84,7.0,6.0,3.0,16.0,1.0,2.0,0.0,9.0,3.0,1.0,0.23,0.35,0.27,0.0,1.0,0.0,17.03,13.0,13.57,0.14,0.37,0.37,0.61,0.65,0.65,9.91,11.49,175.0,153.0,0.0,0.0,0.0,0.0,0.0,0.0,regular
8477953,2025,Kasperi Kapanen,EDM,R,all,17,14278.0,279.0,10.69,0.49,0.54,0.5,0.53,0.52,0.54,109.0,31.48,2.2,1.93,7.15,0.91,15.75,13.05,2.19,2.24,2.23,6.0,1.0,32.0,9.0,10.0,51.0,10.0,3.0,0.0,0.0,4.0,0.0,14.0,20.0,29.0,38.0,1.0,2.0,0.0,34.0,1.0,13.0,32.0,8.0,1.0,0.89,1.08,0.23,0.0,3.0,0.0,51.61,41.0,41.18,0.0,0.4,0.0,0.23,2.37,2.44,2.43,279.0,41.0,25.0,65.0,148.0,45.0,31.0,31.0,172.0,0.0,1.0,47811.0,2.0,2.0,1.0,8.0,122.05,9.62,9.41,9.72,9.52,116.0,48.0,55.0,219.0,15.0,8.0,1.0,124.0,32.0,8.0,3.62,4.08,1.93,4.0,10.0,1.0,221.14,164.0,164.97,1.66,1.84,1.84,9.44,9.58,9.45,110.01,10.2,10.05,10.23,10.08,97.0,54.0,71.0,222.0,10.0,11.0,3.0,111.0,29.0,11.0,3.46,3.55,3.19,3.0,4.0,3.0,221.54,151.0,150.56,1.54,1.96,1.96,9.78,9.79,9.71,50.78,42.92,817.0,739.0,0.0,0.0,0.0,0.0,0.0,0.0,regular
8477934,2025,Leon Draisaitl,EDM,C,all,53,70116.0,1181.0,72.74,0.62,0.42,0.6,0.45,0.61,0.45,106.0,182.02,19.02,13.22,38.06,5.83,102.56,66.31,18.15,18.97,18.11,32.0,19.0,152.0,93.0,65.0,310.0,78.0,27.0,16.0,3.0,17.0,0.0,90.0,95.0,125.0,218.0,12.0,24.0,501.0,26.0,22.0,88.0,158.0,73.0,14.0,5.39,8.68,4.95,7.0,13.0,7.0,308.51,245.0,243.45,24.0,3.09,4.42,2.32,19.79,19.83,19.13,1181.0,247.0,134.0,225.0,575.0,116.0,146.0,227.0,692.0,501.0,392.0,122789.0,24.0,20.0,10.0,13.0,804.38,93.12,88.87,93.02,88.81,736.0,346.0,327.0,1409.0,111.0,78.0,14.0,723.0,252.0,107.0,23.37,30.09,39.67,38.0,32.0,41.0,1408.84,1082.0,1079.38,14.07,18.61,18.61,88.58,88.69,85.86,508.77,56.44,54.06,56.74,54.37,453.0,243.0,248.0,944.0,56.0,48.0,9.0,491.0,142.0,63.0,15.82,17.91,22.71,16.0,22.0,18.0,947.31,696.0,699.11,7.28,9.24,9.24,54.47,54.71,53.05,85.99,116.81,1732.0,2128.0,0.0,0.0,0.0,0.0,0.0,0.0,regular
8483512,2025,Matt Savoie,EDM,C,all,56,46725.0,1043.0,16.82,0.43,0.53,0.46,0.52,0.46,0.53,394.0,86.39,11.58,5.79,19.75,3.04,40.71,33.12,10.8,11.72,10.92,3.0,6.0,76.0,38.0,21.0,135.0,18.0,9.0,11.0,3.0,15.0,0.0,32.0,47.0,67.0,105.0,4.0,8.0,24.0,10.0,19.0,43.0,68.0,24.0,22.0,2.39,2.98,6.21,4.0,1.0,4.0,136.21,114.0,114.66,12.0,1.28,1.91,4.59,8.28,8.28,8.13,1043.0,124.0,144.0,156.0,619.0,139.0,136.0,135.0,633.0,24.0,27.0,156980.0,8.0,18.0,9.0,26.0,373.12,34.54,32.75,34.76,32.91,340.0,171.0,166.0,677.0,34.0,44.0,6.0,377.0,95.0,39.0,11.32,11.41,11.81,15.0,11.0,8.0,680.62,511.0,513.04,5.33,8.43,8.43,31.45,31.57,30.74,436.72,45.96,42.83,45.9,42.79,360.0,232.0,215.0,807.0,43.0,47.0,8.0,418.0,119.0,55.0,13.16,14.07,18.73,19.0,10.0,14.0,806.16,592.0,592.53,7.13,11.14,11.14,41.95,42.03,40.7,155.41,135.81,2629.0,2429.0,0.0,0.0,0.0,0.0,0.0,0.0,regular
8475218,2025,Mattias Ekholm,EDM,D,all,56,70267.0,1371.0,41.32,0.51,0.51,0.53,0.49,0.53,0.5,165.0,108.78,5.83,6.5,27.76,3.64,60.56,48.71,5.63,5.87,5.66,10.0,11.0,99.0,54.0,74.0,227.0,27.0,6.0,9.0,0.0,27.0,0.0,51.0,60.0,93.0,147.0,11.0,22.0,0.0,52.0,21.0,72.0,134.0,17.0,2.0,3.13,2.26,0.44,3.0,2.0,1.0,226.42,153.0,152.42,40.0,1.37,1.47,0.94,6.27,6.28,6.09,1371.0,143.0,204.0,213.0,811.0,177.0,142.0,210.0,842.0,0.0,0.0,133438.0,22.0,14.0,7.0,89.0,680.33,71.5,67.77,71.52,67.79,617.0,307.0,302.0,1226.0,75.0,75.0,6.0,637.0,204.0,83.0,20.71,24.95,25.84,32.0,21.0,22.0,1225.41,924.0,921.4,10.48,16.5,16.49,65.5,65.6,64.1,598.64,69.85,64.48,69.94,64.63,531.0,284.0,268.0,1083.0,67.0,78.0,15.0,566.0,164.0,85.0,17.25,19.61,32.98,21.0,21.0,25.0,1084.61,815.0,816.78,9.68,20.9,20.9,58.62,58.88,56.39,118.45,111.93,2080.0,2153.0,0.0,0.0,0.0,0.0,0.0,0.0,regular
8477406,2025,Mattias Janmark,EDM,C,all,40,29481.0,662.0,2.75,0.38,0.55,0.39,0.53,0.39,0.54,330.0,29.92,3.69,2.17,7.04,1.04,12.89,11.17,3.49,3.88,3.67,3.0,4.0,24.0,14.0,14.0,52.0,8.0,1.0,4.0,1.0,4.0,0.0,14.0,15.0,23.0,37.0,4.0,8.0,7.0,10.0,5.0,12.0,22.0,10.0,6.0,0.67,1.39,1.62,0.0,0.0,1.0,54.41,38.0,39.44,2.0,0.47,0.6,1.37,2.78,2.95,2.91,662.0,39.0,97.0,117.0,409.0,89.0,90.0,95.0,388.0,7.0,12.0,115445.0,8.0,10.0,5.0,13.0,183.59,17.98,17.14,18.16,17.31,164.0,79.0,100.0,343.0,10.0,25.0,5.0,175.0,43.0,25.0,4.85,5.63,7.5,2.0,2.0,6.0,348.85,243.0,245.66,2.51,5.56,5.56,14.93,15.09,14.86,279.07,29.83,27.95,29.78,27.91,241.0,139.0,155.0,535.0,25.0,30.0,5.0,280.0,65.0,35.0,8.7,7.7,13.43,8.0,5.0,12.0,533.41,380.0,380.15,4.84,7.71,7.71,26.96,27.04,26.07,124.7,102.54,2043.0,1801.0,0.0,0.0,0.0,0.0,0.0,0.0,regular
8479368,2025,Max Jones,EDM,L,all,8,3634.0,90.0,2.7,0.54,0.54,0.51,0.5,0.48,0.5,94.0,9.84,1.11,0.82,2.2,0.3,5.01,3.56,1.1,1.16,1.15,1.0,0.0,12.0,1.0,2.0,15.0,2.0,1.0,2.0,0.0,4.0,0.0,3.0,3.0,11.0,12.0,1.0,5.0,0.0,20.0,2.0,4.0,8.0,4.0,1.0,0.34,0.57,0.2,0.0,0.0,1.0,15.36,13.0,13.39,1.0,0.17,0.34,0.34,0.94,0.98,0.98,90.0,11.0,7.0,20.0,52.0,13.0,10.0,9.0,58.0,0.0,0.0,25166.0,5.0,7.0,2.0,2.0,19.64,1.99,1.96,2.06,2.02,19.0,8.0,20.0,47.0,2.0,3.0,1.0,17.0,9.0,1.0,0.51,1.27,0.2,0.0,1.0,1.0,47.75,27.0,27.91,0.33,0.52,0.52,1.8,1.84,1.82,21.16,1.72,1.7,1.67,1.65,21.0,8.0,16.0,45.0,2.0,0.0,0.0,20.0,8.0,1.0,0.6,0.88,0.23,0.0,1.0,1.0,43.57,29.0,28.47,0.29,0.0,0.0,2.01,1.95,1.93,28.68,24.74,419.0,427.0,0.0,0.0,0.0,0.0,0.0,0.0,regular
8485511,2025,Quinn Hutson,EDM,R,all,4,1919.0,49.0,0.02,0.28,0.49,0.38,0.49,0.32,0.5,44.0,2.63,0.22,0.21,0.7,0.13,1.6,1.14,0.21,0.24,0.23,0.0,0.0,3.0,1.0,2.0,6.0,1.0,1.0,1.0,1.0,2.0,0.0,0.0,0.0,2.0,3.0,0.0,0.0,0.0,0.0,0.0,3.0,3.0,1.0,0.0,0.05,0.17,0.0,0.0,1.0,0.0,6.38,4.0,4.36,1.0,0.04,0.18,0.17,0.09,0.09,0.09,49.0,7.0,1.0,6.0,35.0,7.0,12.0,8.0,22.0,0.0,1.0,12481.0,0.0,0.0,0.0,1.0,9.64,0.83,0.81,0.89,0.87,9.0,5.0,14.0,28.0,1.0,2.0,1.0,10.0,4.0,0.0,0.29,0.55,0.0,0.0,1.0,0.0,28.61,14.0,14.55,0.16,0.35,0.35,0.64,0.68,0.66,22.06,2.13,2.03,2.06,1.97,20.0,10.0,15.0,45.0,2.0,3.0,0.0,21.0,6.0,3.0,0.58,0.76,0.79,1.0,1.0,0.0,45.16,30.0,30.67,0.3,0.61,0.61,1.82,1.8,1.78,12.39,12.92,191.0,195.0,0.0,0.0,0.0,0.0,0.0,0.0,regular
8479388,2025,Riley Stillman,EDM,D,all,4,2888.0,73.0,-0.28,0.4,0.53,0.41,0.49,0.38,0.49,24.0,2.12,0.31,0.17,0.63,0.09,1.05,0.75,0.29,0.34,0.32,0.0,0.0,1.0,2.0,1.0,4.0,0.0,0.0,0.0,0.0,0.0,0.0,3.0,0.0,1.0,3.0,0.0,0.0,0.0,7.0,0.0,2.0,1.0,2.0,0.0,0.02,0.29,0.0,0.0,0.0,0.0,4.14,3.0,3.14,2.0,0.04,0.0,0.19,0.15,0.16,0.16,73.0,3.0,12.0,11.0,47.0,7.0,6.0,10.0,50.0,0.0,0.0,11512.0,0.0,0.0,0.0,4.0,17.3,1.79,1.76,1.91,1.87,17.0,6.0,8.0,31.0,2.0,2.0,0.0,15.0,6.0,2.0,0.55,0.78,0.46,0.0,1.0,1.0,31.63,23.0,23.81,0.24,0.45,0.45,1.58,1.67,1.66,27.62,2.7,2.55,2.63,2.49,24.0,14.0,7.0,45.0,1.0,4.0,0.0,28.0,7.0,3.0,0.85,0.93,0.92,1.0,0.0,0.0,44.68,38.0,37.85,0.38,0.93,0.93,2.14,2.08,2.05,11.67,10.52,180.0,185.0,0.0,0.0,0.0,0.0,0.0,0.0,regular
8476454,2025,Ryan Nugent-Hopkins,EDM,C,all,47,54016.0,1010.0,36.66,0.59,0.48,0.56,0.48,0.56,0.49,172.0,94.29,10.98,7.46,19.03,2.96,48.93,34.64,10.66,10.96,10.64,17.0,14.0,80.0,44.0,43.0,167.0,44.0,13.0,10.0,2.0,12.0,0.0,45.0,44.0,67.0,111.0,7.0,17.0,97.0,16.0,7.0,26.0,82.0,28.0,14.0,3.56,3.28,4.13,5.0,3.0,5.0,167.02,124.0,124.39,6.0,1.74,2.4,1.63,11.09,11.07,10.82,1010.0,191.0,132.0,161.0,526.0,105.0,119.0,185.0,601.0,97.0,111.0,117032.0,17.0,11.0,4.0,19.0,592.67,73.25,69.23,73.24,69.26,542.0,249.0,272.0,1063.0,76.0,76.0,7.0,512.0,183.0,96.0,16.17,22.31,34.78,21.0,23.0,32.0,1066.22,791.0,792.8,11.32,17.76,17.58,67.0,67.08,64.83,445.27,51.12,48.09,51.32,48.31,412.0,201.0,210.0,823.0,52.0,41.0,7.0,453.0,103.0,57.0,14.06,12.93,24.13,15.0,17.0,20.0,822.8,613.0,614.69,7.02,9.26,9.26,48.88,49.14,47.0,90.35,96.81,1709.0,1876.0,0.0,0.0,0.0,0.0,0.0,0.0,regular
8481056,2025,Spencer Stastney,EDM,D,all,55,51007.0,1178.0,15.68,0.43,0.53,0.48,0.53,0.47,0.52,290.0,53.03,1.98,2.85,15.04,1.74,32.92,22.47,1.92,2.01,1.94,6.0,2.0,53.0,24.0,38.0,115.0,10.0,2.0,13.0,0.0,10.0,0.0,33.0,19.0,51.0,75.0,7.0,14.0,0.0,13.0,17.0,56.0,73.0,3.0,1.0,1.45,0.3,0.23,2.0,0.0,0.0,115.18,77.0,77.77,40.0,0.57,2.46,0.23,2.32,2.35,2.28,1178.0,89.0,119.0,175.0,795.0,120.0,147.0,124.0,787.0,0.0,0.0,149505.0,14.0,18.0,9.0,56.0,375.44,32.92,31.79,32.79,31.67,332.0,183.0,207.0,722.0,24.0,43.0,4.0,391.0,84.0,40.0,11.06,10.67,11.19,8.0,9.0,7.0,717.95,515.0,512.7,5.31,8.69,8.71,29.51,29.45,28.97,423.9,44.45,41.77,44.89,42.21,383.0,188.0,216.0,787.0,42.0,45.0,5.0,401.0,118.0,52.0,12.47,14.49,17.49,14.0,20.0,8.0,795.29,571.0,577.42,6.96,10.48,10.48,40.94,41.37,39.79,150.32,132.06,2567.0,2289.0,0.0,0.0,0.0,0.0,0.0,0.0,regular
8479365,2025,Trent Frederic,EDM,C,all,54,34898.0,776.0,0.6,0.49,0.51,0.46,0.51,0.47,0.52,525.0,57.3,7.07,4.23,13.19,1.84,26.96,19.71,6.79,7.21,6.93,1.0,0.0,49.0,24.0,25.0,98.0,3.0,2.0,8.0,0.0,9.0,0.0,27.0,27.0,47.0,71.0,9.0,27.0,82.0,130.0,6.0,24.0,44.0,19.0,10.0,1.54,2.69,2.84,0.0,1.0,1.0,100.3,73.0,73.88,8.0,0.9,1.49,2.82,5.14,5.2,5.12,776.0,91.0,89.0,140.0,456.0,126.0,97.0,95.0,458.0,82.0,59.0,161607.0,27.0,27.0,9.0,14.0,247.72,21.97,21.11,22.3,21.41,218.0,117.0,132.0,467.0,10.0,33.0,0.0,251.0,58.0,26.0,6.84,7.83,7.31,5.0,4.0,1.0,473.75,335.0,339.06,3.58,6.47,6.65,18.89,19.05,18.72,269.52,23.18,22.41,23.25,22.5,221.0,150.0,170.0,541.0,22.0,26.0,5.0,289.0,59.0,23.0,9.35,7.31,6.51,10.0,6.0,6.0,541.88,371.0,372.5,3.8,5.65,5.65,21.33,21.42,21.13,160.88,152.94,2713.0,2572.0,0.0,0.0,0.0,0.0,0.0,0.0,regular
8480834,2025,Ty Emberson,EDM,D,all,51,49026.0,1046.0,7.15,0.42,0.55,0.41,0.54,0.43,0.54,262.0,29.33,0.89,1.58,8.09,1.0,18.54,13.9,0.88,0.91,0.9,3.0,6.0,30.0,14.0,35.0,79.0,10.0,1.0,4.0,0.0,9.0,0.0,9.0,21.0,29.0,43.0,6.0,14.0,0.0,77.0,11.0,39.0,44.0,0.0,0.0,0.89,0.0,0.0,1.0,0.0,0.0,80.96,44.0,44.89,25.0,0.31,1.01,0.07,1.13,1.16,1.15,1046.0,48.0,152.0,169.0,677.0,113.0,123.0,120.0,690.0,0.0,0.0,136360.0,14.0,4.0,2.0,88.0,314.06,27.43,26.54,27.82,26.93,275.0,153.0,155.0,583.0,27.0,40.0,7.0,328.0,71.0,29.0,9.53,9.68,8.22,8.0,11.0,8.0,593.78,428.0,433.99,4.16,8.16,8.16,23.42,23.77,23.47,412.13,38.25,36.51,38.15,36.43,338.0,230.0,261.0,829.0,35.0,34.0,9.0,422.0,109.0,37.0,12.88,13.02,12.34,18.0,7.0,10.0,823.96,568.0,566.29,6.86,7.08,7.08,38.03,38.05,36.96,149.34,121.43,2439.0,2100.0,0.0,0.0,0.0,0.0,0.0,0.0,regular
8481617,2025,Vasily Podkolzin,EDM,R,all,56,51537.0,1058.0,28.01,0.46,0.53,0.49,0.51,0.49,0.52,341.0,88.97,10.51,6.28,18.89,2.86,43.95,34.52,10.22,10.61,10.32,5.0,6.0,85.0,32.0,24.0,141.0,23.0,12.0,6.0,1.0,22.0,1.0,37.0,39.0,73.0,105.0,9.0,24.0,14.0,163.0,9.0,35.0,69.0,35.0,13.0,2.55,4.04,3.92,4.0,6.0,2.0,142.6,117.0,118.04,13.0,1.33,0.97,2.09,9.76,9.9,9.83,1058.0,132.0,80.0,220.0,626.0,152.0,151.0,140.0,615.0,14.0,36.0,152168.0,24.0,22.0,9.0,29.0,434.16,38.4,37.34,38.73,37.67,416.0,174.0,198.0,788.0,47.0,35.0,4.0,447.0,102.0,41.0,14.49,12.24,11.67,19.0,19.0,9.0,794.65,590.0,592.71,5.96,7.45,7.57,36.79,37.19,36.73,442.38,45.63,44.07,45.8,44.26,394.0,208.0,206.0,808.0,42.0,49.0,13.0,437.0,121.0,44.0,14.51,15.37,15.75,14.0,14.0,14.0,808.47,602.0,603.24,6.91,10.07,10.07,42.48,42.63,41.88,151.55,136.15,2518.0,2428.0,0.0,0.0,0.0,0.0,0.0,0.0,regular
8475786,2025,Zach Hyman,EDM,L,all,37,44715.0,746.0,40.74,0.65,0.43,0.61,0.44,0.62,0.45,118.0,137.59,26.11,12.75,28.71,4.52,57.89,40.01,24.51,25.99,24.4,8.0,6.0,116.0,54.0,31.0,201.0,36.0,22.0,19.0,2.0,19.0,0.0,60.0,50.0,94.0,148.0,7.0,14.0,0.0,36.0,6.0,17.0,62.0,69.0,39.0,2.39,9.02,14.71,4.0,8.0,10.0,202.85,170.0,170.23,3.0,3.09,3.78,8.85,20.35,20.37,19.47,746.0,150.0,50.0,128.0,418.0,85.0,115.0,163.0,383.0,0.0,1.0,89276.0,14.0,16.0,8.0,13.0,563.51,72.64,68.15,72.41,67.98,502.0,253.0,222.0,977.0,76.0,85.0,9.0,479.0,188.0,88.0,15.53,23.67,33.44,26.0,19.0,31.0,978.07,755.0,753.79,10.59,20.06,20.06,63.17,63.16,60.9,334.65,38.93,36.34,38.93,36.38,311.0,147.0,157.0,615.0,34.0,41.0,6.0,336.0,76.0,46.0,10.83,9.71,18.39,13.0,13.0,8.0,616.69,458.0,459.48,4.8,8.76,8.76,34.97,35.14,33.49,62.75,83.46,1239.0,1553.0,0.0,0.0,0.0,0.0,0.0,0.0,regular
8478421,2025,A.J. Greer,FLA,L,all,55,38710.0,918.0,26.83,0.5,0.51,0.54,0.53,0.53,0.53,507.0,83.49,9.87,6.17,20.57,3.01,42.48,29.9,9.18,9.79,9.11,5.0,5.0,71.0,41.0,20.0,132.0,21.0,11.0,14.0,4.0,14.0,0.0,37.0,36.0,60.0,101.0,29.0,73.0,3.0,140.0,6.0,37.0,70.0,31.0,11.0,2.73,3.89,3.25,5.0,2.0,4.0,131.61,112.0,111.53,11.0,1.31,2.44,3.58,7.61,7.51,7.39,918.0,121.0,75.0,133.0,589.0,159.0,130.0,153.0,476.0,3.0,8.0,161413.0,73.0,59.0,22.0,20.0,334.08,30.05,28.68,30.05,28.68,300.0,155.0,186.0,641.0,35.0,42.0,5.0,335.0,94.0,26.0,10.13,12.13,7.79,18.0,10.0,7.0,640.23,455.0,456.76,4.65,7.69,7.69,27.02,26.86,26.28,299.83,29.54,28.33,29.85,28.65,248.0,157.0,143.0,548.0,28.0,34.0,4.0,290.0,88.0,27.0,8.63,11.62,9.29,6.0,15.0,7.0,551.04,405.0,406.61,4.43,6.74,6.74,27.22,27.48,26.86,148.5,140.01,2756.0,2410.0,0.0,0.0,0.0,0.0,0.0,0.0,regular
8477932,2025,Aaron Ekblad,FLA,D,all,54,72630.0,1504.0,24.09,0.45,0.55,0.5,0.56,0.49,0.55,131.0,82.02,4.17,4.69,23.41,2.65,46.96,33.13,4.08,4.12,4.04,9.0,9.0,74.0,41.0,67.0,182.0,21.0,3.0,7.0,0.0,21.0,0.0,45.0,39.0,71.0,112.0,20.0,41.0,0.0,66.0,15.0,51.0,102.0,11.0,2.0,2.3,1.32,0.55,3.0,0.0,0.0,180.31,115.0,114.08,39.0,1.03,1.11,0.56,4.64,4.58,4.53,1504.0,172.0,232.0,229.0,871.0,172.0,160.0,252.0,920.0,0.0,1.0,123893.0,41.0,23.0,10.0,84.0,614.66,59.12,56.94,59.18,56.99,546.0,289.0,321.0,1156.0,56.0,64.0,9.0,603.0,172.0,60.0,18.42,21.08,19.61,17.0,20.0,19.0,1150.3,835.0,833.35,9.17,11.63,11.82,56.47,56.42,55.43,646.83,72.11,67.78,72.29,67.96,586.0,291.0,300.0,1177.0,79.0,76.0,10.0,610.0,183.0,84.0,18.4,22.12,31.59,29.0,25.0,25.0,1181.73,877.0,878.69,10.83,15.55,15.55,67.39,67.7,65.41,114.48,92.59,2159.0,1719.0,0.0,0.0,0.0,0.0,0.0,0.0,regular
8482113,2025,Anton Lundell,FLA,C,all,52,59824.0,1259.0,37.13,0.5,0.51,0.55,0.52,0.53,0.52,174.0,136.49,15.01,9.78,30.49,4.45,70.0,52.27,14.38,14.9,14.27,10.0,11.0,119.0,63.0,54.0,236.0,36.0,15.0,14.0,3.0,25.0,0.0,60.0,68.0,104.0,167.0,13.0,28.0,489.0,63.0,9.0,55.0,119.0,46.0,17.0,4.03,5.76,5.21,6.0,5.0,4.0,232.27,182.0,179.57,20.0,2.2,3.97,3.02,14.19,14.06,13.72,1259.0,196.0,235.0,222.0,606.0,159.0,116.0,196.0,788.0,489.0,443.0,129499.0,28.0,32.0,15.0,31.0,568.39,60.97,56.64,60.76,56.43,490.0,287.0,281.0,1058.0,61.0,53.0,7.0,564.0,142.0,71.0,17.78,17.02,26.17,19.0,25.0,17.0,1051.69,777.0,774.2,9.64,12.35,12.56,58.05,57.94,55.26,502.24,61.16,57.52,61.51,57.83,434.0,253.0,194.0,881.0,64.0,57.0,7.0,494.0,119.0,74.0,14.0,14.71,32.46,20.0,20.0,24.0,887.64,687.0,691.46,8.04,13.4,13.4,55.79,56.07,54.34,105.03,101.59,2143.0,1945.0,0.0,0.0,0.0,0.0,0.0,0.0,regular
8473419,2025,Brad Marchand,FLA,L,all,45,49560.0,1007.0,46.19,0.54,0.49,0.59,0.5,0.57,0.5,175.0,149.68,16.95,10.88,34.11,4.84,77.54,53.68,16.4,16.76,16.22,13.0,12.0,126.0,72.0,51.0,249.0,50.0,25.0,23.0,1.0,35.0,0.0,50.0,65.0,101.0,173.0,17.0,34.0,1.0,34.0,13.0,50.0,128.0,48.0,22.0,4.02,5.88,7.05,6.0,12.0,7.0,247.23,198.0,196.32,16.0,2.48,3.46,3.37,16.06,15.99,15.63,1007.0,191.0,98.0,173.0,545.0,115.0,142.0,185.0,565.0,1.0,7.0,113963.0,34.0,48.0,24.0,16.0,562.19,62.77,59.78,62.38,59.41,488.0,267.0,281.0,1036.0,66.0,59.0,11.0,513.0,170.0,72.0,16.54,21.4,24.84,15.0,30.0,21.0,1030.52,755.0,750.19,10.24,11.51,11.51,61.49,61.19,58.97,417.78,53.23,50.11,53.7,50.54,381.0,187.0,149.0,717.0,56.0,51.0,5.0,387.0,118.0,63.0,11.18,14.93,27.12,19.0,18.0,19.0,726.9,568.0,574.47,6.13,10.76,10.76,48.6,49.06,47.86,83.09,86.64,1751.0,1729.0,0.0,0.0,0.0,0.0,0.0,0.0,regular
8477409,2025,Carter Verhaeghe,FLA,C,all,54,57433.0,1155.0,46.19,0.58,0.48,0.62,0.5,0.6,0.5,264.0,140.83,15.22,10.13,32.72,4.67,75.72,50.54,14.15,15.24,14.17,14.0,12.0,131.0,58.0,77.0,266.0,42.0,16.0,16.0,0.0,33.0,0.0,68.0,56.0,115.0,173.0,9.0,18.0,24.0,49.0,21.0,44.0,130.0,49.0,10.0,4.9,6.57,3.75,5.0,9.0,2.0,266.16,189.0,189.31,15.0,2.28,3.4,2.47,15.03,15.06,14.39,1155.0,235.0,92.0,190.0,638.0,192.0,148.0,228.0,587.0,24.0,38.0,139090.0,18.0,18.0,9.0,17.0,647.41,66.96,62.06,66.84,61.96,586.0,296.0,354.0,1236.0,67.0,64.0,11.0,638.0,180.0,64.0,20.77,22.59,23.61,20.0,28.0,19.0,1230.74,882.0,879.79,11.06,12.43,12.8,65.22,65.07,61.85,439.45,49.19,47.16,49.34,47.33,384.0,215.0,169.0,768.0,51.0,50.0,7.0,422.0,125.0,52.0,12.33,15.48,21.38,17.0,17.0,17.0,774.42,599.0,602.91,6.08,9.72,9.72,45.54,45.84,45.09,109.45,116.67,2098.0,2130.0,0.0,0.0,0.0,0.0,0.0,0.0,regular
8481655,2025,Cole Schwindt,FLA,R,all,19,9847.0,244.0,4.45,0.58,0.52,0.48,0.55,0.49,0.55,206.0,16.37,2.19,1.28,3.88,0.66,8.1,5.89,2.09,2.18,2.08,1.0,0.0,12.0,10.0,3.0,25.0,4.0,3.0,1.0,0.0,4.0,0.0,5.0,9.0,9.0,19.0,1.0,2.0,51.0,22.0,2.0,6.0,10.0,9.0,3.0,0.33,1.07,0.79,2.0,1.0,0.0,25.12,22.0,21.96,4.0,0.28,0.3,0.62,1.85,1.83,1.75,244.0,38.0,18.0,39.0,149.0,29.0,39.0,33.0,143.0,51.0,66.0,59453.0,2.0,2.0,1.0,7.0,65.47,6.63,6.34,6.54,6.26,53.0,35.0,33.0,121.0,8.0,9.0,0.0,55.0,25.0,8.0,1.59,3.05,1.99,4.0,4.0,0.0,120.24,88.0,87.36,1.01,1.67,1.67,5.96,5.89,5.74,65.4,4.77,4.7,4.84,4.76,56.0,36.0,37.0,129.0,9.0,3.0,1.0,73.0,16.0,3.0,1.79,1.91,1.07,3.0,4.0,2.0,128.03,92.0,91.72,0.88,0.53,0.53,5.12,5.16,5.1,54.57,50.86,1030.0,842.0,0.0,0.0,0.0,0.0,0.0,0.0,regular
8475179,2025,Dmitry Kulikov,FLA,D,all,2,1293.0,34.0,-0.08,0.57,0.68,0.49,0.62,0.48,0.64,12.0,0.65,0.02,0.04,0.18,0.02,0.43,0.3,0.02,0.02,0.02,0.0,0.0,1.0,0.0,0.0,1.0,0.0,0.0,0.0,0.0,0.0,0.0,0.0,1.0,1.0,1.0,0.0,0.0,0.0,1.0,0.0,2.0,1.0,0.0,0.0,0.02,0.0,0.0,0.0,0.0,0.0,0.97,1.0,0.97,0.0,0.01,0.0,0.0,0.03,0.02,0.02,34.0,4.0,4.0,5.0,21.0,4.0,8.0,6.0,16.0,0.0,0.0,5907.0,0.0,0.0,0.0,0.0,10.52,0.88,0.88,0.86,0.86,10.0,4.0,3.0,17.0,0.0,0.0,0.0,10.0,3.0,1.0,0.26,0.39,0.22,0.0,0.0,0.0,16.58,14.0,13.71,0.15,0.0,0.0,1.03,1.01,1.01,10.8,0.66,0.66,0.68,0.67,11.0,4.0,3.0,18.0,1.0,1.0,0.0,13.0,1.0,1.0,0.3,0.13,0.23,1.0,0.0,0.0,18.23,15.0,15.16,0.12,0.23,0.23,0.55,0.56,0.56,6.12,2.92,115.0,70.0,0.0,0.0,0.0,0.0,0.0,0.0,regular
8482131,2025,Donovan Sebrango,FLA,D,all,18,13727.0,320.0,1.1,0.51,0.48,0.49,0.53,0.49,0.52,104.0,15.27,0.4,0.74,4.83,0.51,8.99,6.54,0.39,0.41,0.4,1.0,1.0,10.0,12.0,16.0,38.0,2.0,0.0,2.0,0.0,5.0,0.0,4.0,11.0,10.0,22.0,11.0,34.0,0.0,29.0,2.0,15.0,22.0,0.0,0.0,0.4,0.0,0.0,0.0,0.0,0.0,37.49,22.0,22.02,10.0,0.15,0.35,0.04,0.52,0.53,0.51,320.0,26.0,21.0,54.0,219.0,47.0,49.0,33.0,191.0,0.0,0.0,51912.0,34.0,26.0,7.0,12.0,113.28,9.08,8.78,9.06,8.77,90.0,64.0,64.0,218.0,8.0,15.0,2.0,122.0,20.0,12.0,3.54,2.49,3.05,4.0,1.0,3.0,215.06,154.0,152.57,1.53,2.89,2.68,7.93,7.92,7.83,116.23,8.84,8.6,8.83,8.61,107.0,51.0,66.0,224.0,13.0,10.0,0.0,121.0,29.0,8.0,3.22,3.52,2.1,4.0,7.0,2.0,225.7,158.0,158.79,1.55,1.67,1.67,8.71,8.76,8.63,44.44,48.95,860.0,759.0,0.0,0.0,0.0,0.0,0.0,0.0,regular
8480185,2025,Eetu Luostarinen,FLA,C,all,47,47388.0,1054.0,27.78,0.51,0.51,0.51,0.55,0.51,0.53,262.0,77.43,9.31,6.48,17.88,2.92,39.39,30.01,9.0,9.33,9.02,11.0,6.0,74.0,32.0,24.0,130.0,23.0,6.0,11.0,1.0,14.0,0.0,46.0,29.0,68.0,100.0,8.0,16.0,23.0,95.0,18.0,29.0,69.0,28.0,9.0,2.46,3.45,3.39,2.0,1.0,3.0,129.76,106.0,106.03,7.0,1.46,1.59,2.03,8.74,8.76,8.61,1054.0,125.0,155.0,198.0,576.0,171.0,107.0,148.0,628.0,23.0,25.0,123692.0,16.0,38.0,18.0,38.0,397.24,39.79,38.15,39.69,38.06,353.0,188.0,198.0,739.0,37.0,44.0,3.0,388.0,107.0,46.0,11.68,13.13,14.98,17.0,11.0,9.0,733.58,541.0,539.05,6.27,8.43,8.43,37.62,37.61,36.71,382.23,37.71,35.79,37.85,35.91,329.0,193.0,188.0,710.0,42.0,43.0,4.0,382.0,99.0,41.0,11.26,11.94,14.5,17.0,18.0,7.0,713.82,522.0,523.8,6.09,9.61,9.61,34.19,34.31,33.46,109.74,104.91,2132.0,1779.0,0.0,0.0,0.0,0.0,0.0,0.0,regular
8478542,2025,Evan Rodrigues,FLA,C,all,55,56975.0,1214.0,33.97,0.52,0.51,0.57,0.52,0.57,0.51,284.0,140.24,11.63,8.87,34.35,4.76,73.68,56.7,10.91,11.65,10.92,9.0,6.0,127.0,63.0,62.0,252.0,25.0,10.0,18.0,3.0,27.0,0.0,66.0,69.0,117.0,180.0,16.0,32.0,304.0,55.0,25.0,36.0,151.0,26.0,13.0,4.55,3.23,3.85,4.0,3.0,3.0,251.75,190.0,189.78,17.0,1.96,3.57,2.87,10.73,10.66,10.32,1214.0,167.0,135.0,187.0,725.0,201.0,155.0,211.0,647.0,304.0,355.0,143148.0,32.0,44.0,20.0,21.0,559.72,50.91,47.94,50.98,48.01,502.0,259.0,291.0,1052.0,44.0,77.0,11.0,566.0,142.0,53.0,17.78,17.73,15.4,15.0,19.0,10.0,1053.11,761.0,762.63,8.68,13.49,13.07,46.52,46.56,45.21,422.59,46.56,43.94,47.13,44.44,356.0,220.0,214.0,790.0,50.0,49.0,6.0,417.0,101.0,58.0,11.75,12.35,22.47,12.0,21.0,17.0,797.57,576.0,580.46,6.25,11.18,11.18,41.63,41.96,40.98,127.65,122.98,2345.0,2168.0,0.0,0.0,0.0,0.0,0.0,0.0,regular
8478055,2025,Gustav Forsling,FLA,D,all,55,74595.0,1494.0,25.93,0.46,0.55,0.48,0.56,0.48,0.56,127.0,66.09,2.82,3.51,18.75,2.24,38.22,29.46,2.72,2.84,2.74,9.0,10.0,65.0,30.0,74.0,169.0,21.0,2.0,8.0,0.0,22.0,1.0,31.0,31.0,63.0,93.0,12.0,24.0,0.0,38.0,23.0,40.0,89.0,6.0,0.0,2.13,0.69,0.0,2.0,0.0,0.0,167.53,95.0,95.49,28.0,0.74,1.75,0.44,3.12,3.13,3.02,1494.0,135.0,234.0,225.0,900.0,197.0,153.0,255.0,889.0,0.0,0.0,125528.0,24.0,12.0,6.0,61.0,611.74,61.09,58.06,61.0,57.96,555.0,275.0,301.0,1131.0,59.0,68.0,9.0,599.0,165.0,66.0,18.46,20.18,22.45,19.0,20.0,20.0,1123.2,830.0,827.36,8.45,14.79,14.57,54.97,54.85,53.76,673.2,71.83,67.65,72.18,68.01,593.0,321.0,295.0,1209.0,83.0,74.0,10.0,640.0,194.0,80.0,19.04,23.44,29.35,32.0,29.0,22.0,1217.67,914.0,918.18,11.39,14.66,14.66,68.56,69.04,66.47,117.47,97.71,2266.0,1749.0,0.0,0.0,0.0,0.0,0.0,0.0,regular
8483433,2025,Jack Devine,FLA,R,all,6,3038.0,75.0,0.15,0.48,0.52,0.53,0.53,0.53,0.52,66.0,8.38,0.58,0.59,1.84,0.26,4.35,3.37,0.57,0.54,0.53,0.0,0.0,6.0,5.0,3.0,14.0,0.0,0.0,1.0,0.0,0.0,0.0,5.0,5.0,6.0,11.0,1.0,2.0,0.0,4.0,0.0,2.0,10.0,0.0,1.0,0.34,0.0,0.24,0.0,0.0,0.0,13.34,11.0,10.47,1.0,0.13,0.07,0.32,0.39,0.37,0.36,75.0,14.0,2.0,19.0,40.0,14.0,11.0,6.0,44.0,0.0,0.0,18562.0,2.0,2.0,1.0,0.0,26.06,1.36,1.34,1.3,1.28,21.0,15.0,14.0,50.0,0.0,3.0,0.0,33.0,2.0,1.0,0.92,0.2,0.24,0.0,0.0,0.0,47.43,36.0,34.6,0.35,0.34,0.34,1.38,1.33,1.3,23.61,1.48,1.44,1.51,1.47,20.0,12.0,13.0,45.0,3.0,2.0,1.0,28.0,2.0,2.0,0.74,0.25,0.49,2.0,0.0,1.0,47.13,32.0,33.32,0.31,0.49,0.49,1.29,1.33,1.31,19.29,17.66,349.0,311.0,0.0,0.0,0.0,0.0,0.0,0.0,regular
8480021,2025,Jack Studnicka,FLA,C,all,18,7637.0,207.0,-0.39,0.32,0.52,0.46,0.53,0.43,0.51,204.0,14.57,0.85,0.78,3.95,0.55,7.67,6.19,0.85,0.81,0.81,0.0,0.0,16.0,4.0,6.0,26.0,0.0,0.0,1.0,0.0,4.0,0.0,7.0,8.0,16.0,20.0,2.0,4.0,22.0,19.0,2.0,3.0,17.0,2.0,1.0,0.35,0.26,0.25,0.0,0.0,0.0,24.55,20.0,19.09,2.0,0.16,0.03,0.0,1.02,0.97,0.97,207.0,28.0,14.0,45.0,120.0,23.0,33.0,28.0,123.0,22.0,36.0,57906.0,4.0,4.0,2.0,6.0,47.16,2.93,2.83,2.86,2.77,43.0,22.0,36.0,101.0,2.0,3.0,1.0,54.0,7.0,4.0,1.16,0.78,0.98,0.0,1.0,1.0,98.19,65.0,63.52,0.57,0.56,0.59,2.91,2.82,2.8,62.42,6.35,5.98,6.29,5.93,54.0,32.0,34.0,120.0,8.0,9.0,3.0,58.0,19.0,9.0,1.56,2.29,2.51,4.0,1.0,3.0,121.33,86.0,85.95,0.94,2.16,2.16,5.13,5.1,4.93,55.51,51.82,989.0,864.0,0.0,0.0,0.0,0.0,0.0,0.0,regular
8473507,2025,Jeff Petry,FLA,D,all,53,46835.0,1050.0,10.03,0.49,0.52,0.52,0.54,0.52,0.53,274.0,49.46,2.02,2.91,13.63,1.75,29.47,21.22,1.98,1.98,1.94,6.0,2.0,41.0,30.0,52.0,123.0,8.0,0.0,4.0,0.0,15.0,0.0,23.0,29.0,41.0,71.0,11.0,22.0,0.0,51.0,1.0,41.0,67.0,3.0,1.0,1.48,0.32,0.22,0.0,0.0,0.0,121.68,71.0,70.47,28.0,0.61,0.7,0.37,2.26,2.23,2.19,1050.0,114.0,73.0,165.0,698.0,150.0,169.0,128.0,603.0,0.0,0.0,145549.0,22.0,0.0,0.0,53.0,388.56,31.44,30.46,31.38,30.4,323.0,207.0,220.0,750.0,31.0,41.0,4.0,402.0,100.0,28.0,12.01,12.27,7.17,16.0,12.0,3.0,745.47,530.0,527.67,5.61,6.82,7.26,29.82,29.68,29.3,362.43,33.02,31.65,33.04,31.7,311.0,184.0,190.0,685.0,36.0,39.0,5.0,379.0,74.0,42.0,10.37,9.35,13.29,13.0,14.0,9.0,685.72,495.0,495.12,5.1,9.08,9.08,29.04,29.03,28.6,139.41,130.59,2519.0,2167.0,0.0,0.0,0.0,0.0,0.0,0.0,regular
8480003,2025,Jesper Boqvist,FLA,C,all,50,32575.0,814.0,5.57,0.48,0.51,0.47,0.55,0.48,0.53,465.0,48.33,3.97,3.22,11.71,1.64,24.98,18.47,3.88,4.01,3.92,1.0,3.0,41.0,23.0,17.0,81.0,7.0,3.0,6.0,0.0,9.0,0.0,26.0,20.0,38.0,61.0,7.0,14.0,24.0,98.0,4.0,32.0,48.0,13.0,3.0,1.51,1.67,0.79,1.0,2.0,0.0,81.45,64.0,63.95,12.0,0.68,0.84,0.98,3.67,3.67,3.62,814.0,104.0,63.0,146.0,501.0,121.0,113.0,98.0,482.0,24.0,50.0,149068.0,14.0,26.0,13.0,24.0,241.26,19.98,18.89,19.97,18.88,204.0,122.0,131.0,457.0,13.0,33.0,4.0,251.0,54.0,21.0,7.43,6.92,5.63,5.0,6.0,2.0,455.21,326.0,325.23,3.3,5.68,5.68,17.61,17.56,17.29,254.85,22.0,20.84,22.28,21.08,216.0,135.0,157.0,508.0,20.0,25.0,2.0,263.0,66.0,22.0,7.02,8.28,6.7,11.0,7.0,2.0,511.72,351.0,354.21,3.53,5.4,5.4,20.14,20.29,19.82,142.36,134.96,2670.0,2229.0,0.0,0.0,0.0,0.0,0.0,0.0,regular
8479981,2025,Jonah Gadjovich,FLA,L,all,10,4766.0,112.0,2.4,0.55,0.53,0.46,0.55,0.42,0.54,116.0,5.92,0.47,0.37,1.71,0.19,3.15,2.12,0.46,0.45,0.44,3.0,0.0,8.0,0.0,4.0,12.0,3.0,0.0,0.0,0.0,7.0,0.0,0.0,1.0,8.0,8.0,2.0,7.0,0.0,30.0,3.0,3.0,5.0,3.0,0.0,0.14,0.33,0.0,0.0,0.0,0.0,12.19,8.0,7.96,0.0,0.08,0.0,0.0,0.55,0.53,0.52,112.0,13.0,14.0,18.0,67.0,20.0,16.0,15.0,61.0,0.0,0.0,31234.0,7.0,5.0,1.0,3.0,27.48,2.37,2.24,2.36,2.23,23.0,14.0,30.0,67.0,3.0,1.0,0.0,26.0,9.0,2.0,0.76,1.17,0.45,1.0,1.0,1.0,68.06,37.0,37.49,0.42,0.19,0.19,2.6,2.59,2.48,35.63,1.96,1.95,1.94,1.93,31.0,21.0,28.0,80.0,1.0,3.0,0.0,49.0,3.0,0.0,1.5,0.45,0.0,0.0,1.0,0.0,79.79,52.0,51.78,0.46,0.21,0.21,2.21,2.2,2.19,28.81,25.66,561.0,455.0,0.0,0.0,0.0,0.0,0.0,0.0,regular
8479316,2025,Luke Kunin,FLA,C,all,42,21556.0,531.0,3.27,0.41,0.53,0.4,0.56,0.41,0.54,440.0,33.59,3.71,2.32,8.49,1.14,16.63,12.71,3.6,3.71,3.6,2.0,0.0,31.0,14.0,20.0,65.0,4.0,2.0,3.0,1.0,9.0,0.0,12.0,19.0,29.0,43.0,5.0,13.0,129.0,77.0,2.0,14.0,29.0,10.0,6.0,0.88,1.33,1.51,0.0,0.0,2.0,64.02,45.0,44.96,5.0,0.5,0.72,1.07,3.13,3.13,3.1,531.0,62.0,67.0,87.0,315.0,89.0,76.0,65.0,301.0,129.0,124.0,131467.0,13.0,13.0,5.0,31.0,134.42,9.86,9.64,9.8,9.59,113.0,71.0,75.0,259.0,6.0,15.0,2.0,146.0,27.0,11.0,3.97,3.22,2.67,2.0,0.0,4.0,256.17,184.0,183.25,1.77,2.28,2.28,9.34,9.28,9.18,191.35,14.4,13.94,14.54,14.08,179.0,88.0,120.0,387.0,20.0,18.0,3.0,208.0,49.0,10.0,5.84,5.77,2.79,9.0,7.0,4.0,390.56,267.0,269.08,2.93,2.68,2.68,14.65,14.8,14.39,130.68,116.77,2367.0,1897.0,0.0,0.0,0.0,0.0,0.0,0.0,regular
8482713,2025,Mackie Samoskevich,FLA,R,all,53,45639.0,1017.0,32.87,0.59,0.49,0.62,0.51,0.61,0.5,396.0,132.22,15.13,9.29,30.1,4.33,68.74,47.41,13.84,15.21,13.92,13.0,2.0,112.0,63.0,57.0,232.0,20.0,5.0,12.0,0.0,15.0,1.0,68.0,74.0,107.0,170.0,9.0,18.0,0.0,99.0,8.0,34.0,127.0,31.0,17.0,4.93,3.87,6.33,2.0,2.0,1.0,232.63,175.0,175.79,12.0,2.07,3.51,3.38,13.82,13.88,13.43,1017.0,145.0,79.0,156.0,637.0,200.0,132.0,153.0,532.0,0.0,3.0,147284.0,18.0,46.0,23.0,21.0,489.88,46.83,43.33,46.81,43.31,409.0,254.0,252.0,915.0,33.0,58.0,3.0,497.0,115.0,51.0,15.08,13.96,17.78,14.0,12.0,7.0,912.91,663.0,662.39,7.6,11.52,11.52,42.91,42.86,41.38,315.0,31.95,30.69,32.24,30.96,285.0,144.0,138.0,567.0,28.0,34.0,6.0,321.0,68.0,40.0,9.62,8.91,13.42,6.0,11.0,11.0,568.97,429.0,429.92,4.29,7.73,7.73,28.51,28.66,28.4,126.0,131.2,2374.0,2281.0,0.0,0.0,0.0,0.0,0.0,0.0,regular
8479314,2025,Matthew Tkachuk,FLA,L,all,8,9308.0,175.0,4.88,0.65,0.48,0.63,0.54,0.6,0.55,34.0,24.1,3.59,2.02,4.79,0.79,13.24,7.57,3.44,3.6,3.45,3.0,1.0,22.0,10.0,11.0,43.0,6.0,2.0,1.0,0.0,6.0,0.0,15.0,8.0,20.0,30.0,5.0,10.0,1.0,9.0,1.0,9.0,20.0,8.0,4.0,0.56,1.06,1.97,1.0,0.0,1.0,42.95,32.0,32.02,1.0,0.52,0.86,0.84,3.27,3.28,3.13,175.0,27.0,12.0,37.0,99.0,23.0,18.0,32.0,102.0,1.0,3.0,19972.0,10.0,10.0,5.0,2.0,100.36,13.15,11.73,13.14,11.72,103.0,33.0,49.0,185.0,7.0,7.0,1.0,95.0,27.0,14.0,2.73,3.45,6.97,2.0,1.0,4.0,183.24,136.0,135.24,1.81,2.91,2.91,12.05,12.03,11.21,66.37,7.2,7.06,7.27,7.13,68.0,22.0,20.0,110.0,9.0,8.0,1.0,64.0,19.0,7.0,2.13,2.54,2.53,3.0,3.0,3.0,111.05,90.0,90.63,0.95,1.36,1.36,6.79,6.89,6.79,12.46,13.51,290.0,248.0,0.0,0.0,0.0,0.0,0.0,0.0,regular
8478859,2025,Niko Mikkola,FLA,D,all,55,66772.0,1460.0,15.57,0.47,0.53,0.49,0.55,0.49,0.54,183.0,70.79,3.03,3.87,20.48,2.33,39.25,29.04,2.93,3.01,2.92,3.0,5.0,53.0,45.0,36.0,134.0,9.0,1.0,5.0,0.0,14.0,0.0,40.0,38.0,52.0,97.0,19.0,41.0,0.0,95.0,15.0,55.0,91.0,5.0,2.0,2.04,0.51,0.48,1.0,0.0,0.0,135.13,98.0,98.67,39.0,0.8,0.98,0.51,3.32,3.33,3.25,1460.0,128.0,200.0,250.0,882.0,195.0,158.0,203.0,904.0,0.0,0.0,133351.0,41.0,31.0,14.0,61.0,542.1,45.81,44.19,45.76,44.16,471.0,267.0,251.0,989.0,44.0,54.0,7.0,579.0,114.0,45.0,18.18,14.29,13.34,18.0,16.0,10.0,990.44,738.0,739.79,7.33,9.66,9.93,43.21,43.26,42.61,557.89,51.45,48.76,52.23,49.45,476.0,285.0,261.0,1022.0,48.0,65.0,10.0,567.0,141.0,53.0,15.9,17.58,17.97,13.0,21.0,14.0,1033.19,761.0,769.73,8.3,14.81,14.81,44.94,45.46,44.39,132.75,118.09,2408.0,1936.0,0.0,0.0,0.0,0.0,0.0,0.0,regular
8479393,2025,Noah Gregor,FLA,L,all,24,11632.0,288.0,1.46,0.43,0.51,0.46,0.54,0.47,0.54,271.0,22.53,1.33,1.44,5.54,0.78,12.91,10.0,1.32,1.29,1.29,2.0,0.0,20.0,12.0,9.0,41.0,3.0,1.0,4.0,0.0,2.0,0.0,8.0,17.0,19.0,31.0,4.0,11.0,12.0,27.0,1.0,8.0,27.0,4.0,1.0,0.66,0.4,0.27,0.0,1.0,0.0,40.33,32.0,31.58,3.0,0.3,0.36,0.0,1.62,1.58,1.58,288.0,40.0,19.0,53.0,176.0,39.0,50.0,28.0,171.0,12.0,21.0,75911.0,11.0,7.0,2.0,7.0,78.33,5.96,5.83,5.87,5.73,72.0,37.0,43.0,152.0,4.0,11.0,1.0,88.0,13.0,8.0,2.49,1.39,2.08,1.0,1.0,2.0,149.34,109.0,108.1,1.08,1.78,1.78,5.26,5.17,5.11,91.07,7.88,7.48,7.83,7.45,86.0,37.0,57.0,180.0,11.0,12.0,4.0,95.0,17.0,11.0,2.71,2.04,3.13,5.0,2.0,4.0,182.0,123.0,123.4,1.31,2.93,2.93,6.26,6.25,6.1,73.13,69.95,1350.0,1165.0,0.0,0.0,0.0,0.0,0.0,0.0,regular
8477935,2025,Sam Bennett,FLA,C,all,55,60879.0,1246.0,42.91,0.56,0.49,0.59,0.51,0.57,0.51,219.0,162.9,19.93,12.08,35.65,5.46,83.57,59.3,19.05,20.05,19.17,14.0,9.0,143.0,73.0,88.0,304.0,42.0,19.0,14.0,6.0,32.0,0.0,80.0,71.0,124.0,197.0,24.0,50.0,374.0,101.0,18.0,51.0,135.0,56.0,25.0,4.67,6.88,8.39,7.0,5.0,7.0,304.66,216.0,216.44,13.0,2.76,2.0,4.61,18.09,18.14,17.72,1246.0,217.0,115.0,212.0,702.0,168.0,162.0,225.0,691.0,374.0,415.0,139244.0,50.0,20.0,10.0,22.0,638.73,67.11,63.13,67.19,63.21,567.0,298.0,346.0,1211.0,64.0,68.0,10.0,610.0,190.0,65.0,19.23,23.82,24.06,23.0,18.0,23.0,1207.94,865.0,863.73,10.99,12.7,12.83,65.26,65.23,62.62,475.52,53.81,52.02,54.0,52.23,424.0,222.0,190.0,836.0,58.0,46.0,7.0,452.0,136.0,58.0,13.85,16.96,23.0,17.0,21.0,20.0,841.73,646.0,650.36,6.84,9.34,9.34,51.32,51.6,50.89,111.45,115.74,2186.0,2122.0,0.0,0.0,0.0,0.0,0.0,0.0,regular
8477933,2025,Sam Reinhart,FLA,C,all,55,70624.0,1339.0,51.45,0.56,0.48,0.58,0.51,0.57,0.5,95.0,176.79,25.59,14.52,35.67,6.17,92.55,64.5,23.25,25.6,23.27,17.0,10.0,143.0,96.0,78.0,317.0,54.0,27.0,17.0,6.0,23.0,1.0,85.0,86.0,116.0,212.0,4.0,8.0,52.0,55.0,15.0,43.0,145.0,58.0,36.0,5.09,7.04,13.46,7.0,11.0,9.0,316.65,239.0,239.49,12.0,3.65,3.58,7.39,21.86,21.94,20.77,1339.0,264.0,213.0,241.0,621.0,144.0,140.0,241.0,814.0,52.0,84.0,129499.0,8.0,14.0,7.0,37.0,698.39,83.1,76.29,82.99,76.2,607.0,346.0,378.0,1331.0,71.0,79.0,13.0,667.0,181.0,105.0,21.81,22.18,39.12,21.0,26.0,24.0,1326.16,953.0,950.61,12.75,18.88,18.93,76.92,76.84,72.69,513.17,65.78,61.25,66.29,61.68,452.0,253.0,253.0,958.0,69.0,54.0,9.0,506.0,119.0,80.0,14.65,14.01,37.12,19.0,20.0,30.0,966.21,705.0,711.6,7.65,13.79,13.79,59.65,60.11,58.35,95.46,103.76,2066.0,2000.0,0.0,0.0,0.0,0.0,0.0,0.0,regular
8483771,2025,Sandis Vilmanis,FLA,L,all,12,7732.0,178.0,4.67,0.54,0.53,0.53,0.54,0.52,0.53,112.0,11.32,0.98,0.73,2.79,0.41,6.29,4.79,0.96,0.98,0.95,0.0,2.0,10.0,6.0,1.0,17.0,4.0,2.0,2.0,0.0,0.0,0.0,10.0,2.0,8.0,14.0,1.0,2.0,3.0,26.0,4.0,8.0,12.0,4.0,0.0,0.43,0.55,0.0,0.0,2.0,0.0,17.2,16.0,16.27,5.0,0.15,0.35,0.06,1.08,1.07,1.04,178.0,30.0,8.0,31.0,109.0,32.0,27.0,27.0,92.0,3.0,1.0,35948.0,2.0,6.0,3.0,3.0,63.09,5.05,4.95,5.15,5.05,51.0,35.0,30.0,116.0,6.0,5.0,1.0,65.0,17.0,4.0,2.18,1.93,0.95,2.0,3.0,1.0,116.68,86.0,87.24,0.86,0.75,0.75,5.17,5.26,5.18,55.97,4.36,4.3,4.36,4.3,39.0,39.0,23.0,101.0,5.0,7.0,2.0,59.0,14.0,5.0,1.52,1.64,1.21,0.0,4.0,1.0,100.53,78.0,77.69,0.78,0.88,0.88,4.26,4.23,4.22,33.73,30.51,580.0,486.0,0.0,0.0,0.0,0.0,0.0,0.0,regular
8477495,2025,Seth Jones,FLA,D,all,40,56376.0,1087.0,27.0,0.56,0.48,0.58,0.5,0.57,0.49,69.0,90.11,5.68,6.53,23.38,2.9,56.67,34.85,4.97,5.62,4.92,6.0,12.0,78.0,52.0,64.0,194.0,24.0,6.0,9.0,1.0,13.0,0.0,62.0,40.0,72.0,124.0,6.0,16.0,0.0,38.0,10.0,52.0,118.0,8.0,4.0,3.3,0.85,1.52,1.0,3.0,2.0,192.28,130.0,128.61,31.0,1.52,1.97,0.17,7.02,6.96,6.16,1087.0,171.0,153.0,202.0,561.0,115.0,124.0,171.0,677.0,0.0,0.0,89267.0,16.0,14.0,7.0,47.0,576.19,60.16,55.46,59.93,55.25,504.0,276.0,295.0,1075.0,53.0,76.0,10.0,562.0,147.0,71.0,18.13,18.01,24.01,17.0,23.0,13.0,1073.25,780.0,778.62,10.23,14.11,13.96,56.44,56.26,53.53,421.22,46.77,44.03,47.48,44.65,364.0,215.0,197.0,776.0,43.0,44.0,7.0,423.0,107.0,49.0,11.73,13.28,21.75,9.0,17.0,17.0,786.17,579.0,587.1,5.95,10.47,10.47,42.24,42.77,42.0,71.01,78.31,1440.0,1441.0,0.0,0.0,0.0,0.0,0.0,0.0,regular
8481600,2025,Tobias Bjornfot,FLA,D,all,9,6290.0,143.0,5.75,0.65,0.55,0.62,0.56,0.6,0.55,52.0,7.0,0.57,0.45,1.46,0.19,3.63,2.7,0.56,0.58,0.57,0.0,1.0,8.0,1.0,4.0,13.0,3.0,2.0,1.0,0.0,1.0,0.0,3.0,2.0,6.0,7.0,0.0,0.0,0.0,7.0,1.0,5.0,6.0,3.0,0.0,0.27,0.3,0.0,1.0,1.0,0.0,13.13,9.0,9.2,2.0,0.09,0.2,0.0,0.66,0.68,0.67,143.0,8.0,8.0,27.0,100.0,19.0,16.0,16.0,92.0,0.0,0.0,26590.0,0.0,0.0,0.0,7.0,55.98,4.45,4.35,4.42,4.32,45.0,33.0,33.0,111.0,7.0,5.0,0.0,59.0,16.0,3.0,1.85,1.76,0.85,4.0,2.0,1.0,109.95,78.0,77.35,0.76,0.81,0.81,4.4,4.37,4.3,37.01,2.41,2.34,2.44,2.37,34.0,17.0,17.0,68.0,3.0,3.0,1.0,42.0,6.0,3.0,1.09,0.55,0.77,2.0,0.0,1.0,69.23,51.0,51.2,0.49,0.62,0.62,2.27,2.26,2.24,26.19,21.59,433.0,345.0,0.0,0.0,0.0,0.0,0.0,0.0,regular
8484304,2025,Uvis Balinskis,FLA,D,all,46,44438.0,960.0,12.97,0.52,0.51,0.53,0.53,0.52,0.53,214.0,45.85,3.58,2.81,12.47,1.5,25.81,17.83,3.47,3.55,3.45,5.0,3.0,51.0,13.0,42.0,106.0,12.0,4.0,6.0,0.0,12.0,0.0,21.0,21.0,47.0,60.0,14.0,28.0,0.0,58.0,21.0,26.0,52.0,9.0,3.0,1.46,1.06,1.06,2.0,1.0,1.0,104.64,64.0,64.06,14.0,0.63,0.86,0.35,3.86,3.85,3.75,960.0,135.0,69.0,163.0,593.0,124.0,147.0,109.0,580.0,0.0,0.0,122985.0,28.0,20.0,10.0,34.0,383.12,35.19,33.65,34.96,33.44,345.0,177.0,211.0,733.0,32.0,37.0,5.0,404.0,85.0,33.0,12.4,11.17,11.62,15.0,9.0,8.0,726.22,522.0,519.14,5.77,7.23,6.82,34.13,33.93,32.77,350.5,32.27,31.12,32.38,31.25,285.0,195.0,165.0,645.0,36.0,41.0,7.0,359.0,86.0,35.0,10.55,11.11,10.6,13.0,14.0,9.0,649.91,480.0,483.02,4.95,8.86,8.86,28.35,28.4,27.91,117.44,112.08,2117.0,1841.0,0.0,0.0,0.0,0.0,0.0,0.0,regular
8477960,2025,Adrian Kempe,LAK,R,all,54,62161.0,1159.0,45.2,0.54,0.49,0.57,0.5,0.56,0.49,169.0,170.4,17.87,10.62,41.07,5.46,89.59,67.39,17.33,17.94,17.39,18.0,7.0,149.0,83.0,123.0,355.0,45.0,20.0,17.0,2.0,32.0,0.0,78.0,85.0,129.0,212.0,23.0,46.0,47.0,97.0,13.0,42.0,173.0,39.0,20.0,4.54,4.61,8.72,5.0,7.0,8.0,355.79,232.0,233.12,11.0,2.53,2.87,1.41,18.99,19.04,18.64,1159.0,221.0,121.0,179.0,638.0,97.0,169.0,183.0,710.0,47.0,75.0,136766.0,46.0,20.0,10.0,32.0,582.2,62.12,57.48,62.3,57.64,505.0,297.0,348.0,1150.0,64.0,53.0,6.0,596.0,138.0,68.0,16.7,16.62,28.78,20.0,17.0,27.0,1149.68,802.0,801.31,10.11,10.62,10.62,61.61,61.7,57.96,472.62,53.3,50.68,53.36,50.74,433.0,208.0,237.0,878.0,43.0,59.0,4.0,428.0,156.0,57.0,13.39,19.12,20.8,7.0,21.0,15.0,882.16,641.0,643.87,7.22,11.41,11.41,49.12,49.23,47.66,100.42,106.05,2176.0,2175.0,0.0,0.0,0.0,0.0,0.0,0.0,regular
8482155,2025,Alex Laferriere,LAK,R,all,54,56465.0,1148.0,35.87,0.46,0.52,0.51,0.52,0.49,0.52,259.0,143.14,12.94,9.71,33.88,4.86,76.12,59.49,12.45,12.92,12.43,6.0,7.0,126.0,71.0,75.0,272.0,26.0,13.0,15.0,1.0,27.0,0.0,77.0,65.0,113.0,184.0,6.0,12.0,130.0,151.0,12.0,59.0,145.0,41.0,11.0,4.79,4.6,3.55,7.0,6.0,0.0,272.28,197.0,196.92,14.0,2.1,2.52,2.59,12.44,12.45,12.27,1148.0,127.0,157.0,191.0,673.0,144.0,160.0,169.0,675.0,130.0,183.0,142462.0,12.0,14.0,7.0,32.0,472.22,40.01,38.47,40.01,38.46,429.0,223.0,284.0,936.0,35.0,46.0,3.0,514.0,95.0,43.0,14.9,10.8,14.31,14.0,12.0,9.0,932.16,652.0,649.33,6.93,7.3,7.3,39.64,39.65,38.7,492.62,46.58,43.17,46.77,43.35,447.0,219.0,218.0,884.0,38.0,53.0,5.0,492.0,130.0,44.0,15.58,15.61,15.39,15.0,13.0,10.0,885.24,666.0,668.09,8.04,10.21,10.21,44.42,44.58,42.95,122.52,112.77,2390.0,2169.0,0.0,0.0,0.0,0.0,0.0,0.0,regular
8481532,2025,Alex Turcotte,LAK,C,all,49,32170.0,718.0,21.38,0.61,0.49,0.58,0.51,0.57,0.5,500.0,67.22,10.61,5.38,14.45,2.35,33.78,23.43,9.23,10.53,9.15,4.0,5.0,56.0,34.0,25.0,115.0,12.0,3.0,16.0,1.0,7.0,0.0,31.0,33.0,53.0,87.0,8.0,19.0,235.0,29.0,11.0,22.0,51.0,26.0,13.0,2.21,3.32,5.08,1.0,2.0,0.0,113.94,90.0,89.41,7.0,1.17,4.51,5.04,6.74,6.7,6.63,718.0,89.0,46.0,99.0,484.0,103.0,105.0,67.0,443.0,235.0,187.0,148504.0,19.0,20.0,10.0,25.0,315.33,29.84,27.59,29.59,27.37,282.0,147.0,189.0,618.0,18.0,42.0,3.0,316.0,82.0,31.0,9.36,10.48,10.0,6.0,10.0,2.0,611.52,429.0,425.77,4.72,9.13,9.1,25.46,25.25,24.68,236.11,19.24,18.77,19.45,18.98,204.0,118.0,121.0,443.0,22.0,26.0,2.0,241.0,64.0,17.0,6.96,8.12,4.16,10.0,8.0,4.0,444.09,322.0,324.01,3.41,4.6,4.6,18.05,18.23,18.03,118.77,125.11,2442.0,2307.0,0.0,0.0,0.0,0.0,0.0,0.0,regular
8481732,2025,Andre Lee,LAK,L,all,7,4319.0,93.0,2.38,0.53,0.51,0.56,0.54,0.51,0.52,72.0,6.53,0.48,0.5,1.32,0.21,3.77,2.71,0.48,0.47,0.47,1.0,0.0,5.0,4.0,5.0,14.0,2.0,1.0,0.0,0.0,1.0,0.0,3.0,4.0,4.0,8.0,0.0,0.0,0.0,17.0,3.0,2.0,9.0,0.0,0.0,0.48,0.0,0.0,1.0,0.0,0.0,13.62,9.0,8.84,0.0,0.1,0.0,0.0,0.59,0.58,0.57,93.0,9.0,9.0,12.0,63.0,14.0,7.0,13.0,59.0,0.0,0.0,21936.0,0.0,0.0,0.0,3.0,29.3,2.49,2.47,2.46,2.44,24.0,16.0,26.0,66.0,2.0,0.0,0.0,30.0,8.0,2.0,1.12,0.95,0.42,1.0,1.0,0.0,63.48,40.0,39.3,0.46,0.0,0.0,2.95,2.91,2.88,27.2,2.2,2.18,2.29,2.27,24.0,14.0,14.0,52.0,4.0,4.0,1.0,29.0,8.0,1.0,0.93,0.99,0.28,2.0,2.0,0.0,53.62,38.0,38.92,0.4,0.73,0.73,1.87,1.92,1.91,17.58,16.9,371.0,310.0,0.0,0.0,0.0,0.0,0.0,0.0,regular
8483808,2025,Andrei Kuzmenko,LAK,L,all,49,44142.0,769.0,23.85,0.61,0.46,0.61,0.49,0.6,0.48,352.0,82.89,9.43,6.86,18.64,2.74,43.85,29.48,8.26,9.43,8.26,2.0,8.0,64.0,47.0,49.0,160.0,21.0,11.0,7.0,1.0,11.0,0.0,42.0,40.0,53.0,100.0,8.0,16.0,0.0,18.0,9.0,48.0,76.0,26.0,9.0,2.5,3.15,3.79,3.0,3.0,5.0,158.36,111.0,110.21,9.0,1.56,1.02,0.74,10.26,10.27,9.08,769.0,152.0,64.0,111.0,442.0,102.0,102.0,113.0,452.0,0.0,0.0,136603.0,16.0,24.0,12.0,14.0,429.4,46.09,41.73,46.05,41.7,391.0,201.0,257.0,849.0,39.0,48.0,6.0,424.0,119.0,49.0,11.76,14.44,19.89,8.0,14.0,17.0,843.94,592.0,590.35,7.76,11.78,11.78,42.07,42.04,39.69,295.35,29.18,28.31,29.34,28.47,243.0,158.0,153.0,554.0,26.0,30.0,2.0,291.0,83.0,27.0,8.94,10.16,10.08,8.0,11.0,7.0,557.87,401.0,404.81,4.02,5.85,5.85,27.35,27.48,27.1,100.5,117.0,2164.0,2223.0,0.0,0.0,0.0,0.0,0.0,0.0,regular
8471685,2025,Anze Kopitar,LAK,C,all,39,43137.0,831.0,22.53,0.55,0.49,0.56,0.5,0.55,0.49,147.0,63.48,8.03,5.33,14.73,2.18,32.76,21.95,7.5,8.11,7.58,7.0,8.0,50.0,35.0,26.0,111.0,21.0,6.0,5.0,0.0,10.0,0.0,33.0,31.0,44.0,79.0,4.0,8.0,420.0,22.0,11.0,35.0,47.0,28.0,10.0,1.53,3.44,3.07,0.0,3.0,3.0,111.19,85.0,85.08,11.0,1.31,0.87,1.92,7.43,7.46,7.08,831.0,140.0,161.0,102.0,428.0,80.0,116.0,127.0,508.0,420.0,312.0,100183.0,8.0,8.0,4.0,36.0,412.24,42.0,37.75,42.24,37.98,350.0,213.0,238.0,801.0,41.0,36.0,2.0,414.0,104.0,45.0,11.18,12.4,18.41,10.0,15.0,16.0,802.18,563.0,563.32,7.37,7.04,7.06,42.3,42.46,39.64,332.92,33.72,32.39,33.81,32.47,306.0,147.0,179.0,632.0,28.0,26.0,0.0,317.0,109.0,27.0,9.35,13.02,11.36,6.0,14.0,8.0,632.43,453.0,454.62,5.08,5.36,5.36,33.44,33.53,32.38,76.61,79.99,1612.0,1586.0,0.0,0.0,0.0,0.0,0.0,0.0,regular
8482730,2025,Brandt Clarke,LAK,D,all,54,62152.0,1199.0,42.2,0.59,0.47,0.58,0.49,0.58,0.48,189.0,104.34,6.27,6.72,26.93,3.35,59.85,42.89,5.58,6.24,5.54,15.0,5.0,108.0,38.0,60.0,206.0,26.0,6.0,11.0,1.0,30.0,0.0,39.0,60.0,102.0,140.0,17.0,34.0,0.0,24.0,18.0,63.0,129.0,12.0,5.0,2.98,1.5,1.79,3.0,1.0,2.0,205.12,146.0,144.78,36.0,1.49,3.94,1.07,6.69,6.66,6.11,1199.0,187.0,103.0,174.0,735.0,148.0,177.0,161.0,713.0,0.0,0.0,136775.0,34.0,24.0,12.0,105.0,611.83,53.97,51.33,53.82,51.2,544.0,302.0,350.0,1196.0,53.0,59.0,7.0,650.0,136.0,60.0,18.41,15.79,19.77,19.0,19.0,15.0,1188.04,846.0,841.53,9.56,12.43,12.43,51.1,51.07,49.58,441.03,38.13,37.07,38.49,37.41,387.0,217.0,271.0,875.0,31.0,45.0,2.0,460.0,114.0,30.0,13.78,13.76,10.6,15.0,11.0,5.0,882.4,604.0,610.94,5.88,8.24,8.24,35.77,36.18,35.75,108.56,121.22,2130.0,2178.0,0.0,0.0,0.0,0.0,0.0,0.0,regular
8475208,2025,Brian Dumoulin,LAK,D,all,54,59810.0,1168.0,16.78,0.44,0.53,0.49,0.53,0.48,0.52,204.0,55.25,2.15,3.0,16.1,1.84,31.41,24.5,2.09,2.16,2.1,5.0,6.0,51.0,28.0,50.0,129.0,12.0,1.0,0.0,0.0,18.0,0.0,26.0,34.0,50.0,78.0,7.0,14.0,0.0,25.0,15.0,62.0,75.0,4.0,0.0,1.7,0.44,0.0,1.0,0.0,0.0,129.47,79.0,79.33,45.0,0.62,0.0,0.07,2.7,2.72,2.64,1168.0,87.0,168.0,161.0,752.0,143.0,179.0,130.0,716.0,0.0,0.0,139117.0,14.0,8.0,4.0,66.0,453.46,36.16,35.05,36.19,35.1,399.0,223.0,283.0,905.0,31.0,37.0,2.0,477.0,115.0,30.0,13.99,14.12,8.04,14.0,12.0,5.0,905.0,622.0,623.0,6.3,7.7,7.81,34.65,34.79,34.11,498.2,46.83,43.75,46.84,43.76,437.0,237.0,264.0,938.0,34.0,63.0,5.0,475.0,154.0,45.0,13.77,18.74,14.32,12.0,12.0,10.0,940.32,674.0,678.38,7.69,14.5,14.5,40.02,40.16,39.27,126.38,112.52,2421.0,2115.0,0.0,0.0,0.0,0.0,0.0,0.0,regular
8476879,2025,Cody Ceci,LAK,D,all,54,56645.0,1126.0,13.1,0.44,0.53,0.48,0.54,0.45,0.53,253.0,49.15,2.57,2.66,13.74,1.78,28.35,21.91,2.49,2.64,2.55,1.0,6.0,42.0,29.0,57.0,128.0,8.0,1.0,6.0,0.0,5.0,0.0,26.0,33.0,41.0,70.0,5.0,10.0,0.0,23.0,12.0,43.0,63.0,5.0,3.0,1.06,0.51,1.0,0.0,1.0,0.0,128.59,71.0,72.02,31.0,0.54,1.35,0.49,2.61,2.67,2.61,1126.0,64.0,174.0,143.0,745.0,156.0,166.0,149.0,655.0,0.0,0.0,142282.0,10.0,0.0,0.0,70.0,422.05,38.92,37.57,39.01,37.66,356.0,222.0,285.0,863.0,29.0,40.0,2.0,430.0,109.0,39.0,12.53,13.35,13.04,12.0,12.0,5.0,861.96,578.0,579.09,5.86,8.08,7.97,36.81,36.85,36.17,515.2,48.94,45.26,48.92,45.24,464.0,235.0,252.0,951.0,43.0,60.0,6.0,504.0,149.0,46.0,15.44,18.22,15.27,17.0,14.0,12.0,951.13,699.0,700.7,9.03,12.28,12.28,45.68,45.72,44.07,123.61,110.42,2463.0,2102.0,0.0,0.0,0.0,0.0,0.0,0.0,regular
8470621,2025,Corey Perry,LAK,R,all,43,36552.0,706.0,28.34,0.59,0.47,0.58,0.5,0.58,0.49,338.0,87.15,13.73,7.1,19.04,3.05,42.39,28.69,12.82,13.68,12.78,10.0,7.0,76.0,38.0,31.0,145.0,28.0,11.0,16.0,3.0,9.0,0.0,42.0,36.0,65.0,103.0,13.0,32.0,6.0,18.0,5.0,35.0,65.0,32.0,17.0,1.93,3.81,7.98,2.0,2.0,7.0,145.56,114.0,114.1,10.0,1.75,2.42,5.63,9.85,9.88,9.45,706.0,143.0,33.0,87.0,443.0,79.0,111.0,123.0,393.0,6.0,17.0,121315.0,32.0,30.0,10.0,13.0,378.29,43.29,39.33,43.43,39.45,324.0,198.0,217.0,739.0,43.0,55.0,5.0,374.0,94.0,54.0,10.55,11.16,21.58,15.0,12.0,16.0,742.92,522.0,523.67,6.83,12.26,12.26,37.85,37.98,35.08,275.63,29.81,28.67,29.65,28.52,244.0,139.0,145.0,528.0,21.0,36.0,2.0,283.0,60.0,40.0,7.78,7.21,14.82,7.0,4.0,10.0,525.78,383.0,381.76,3.93,6.82,6.82,26.92,26.84,26.41,88.46,97.83,1894.0,1908.0,0.0,0.0,0.0,0.0,0.0,0.0,regular
8474563,2025,Drew Doughty,LAK,D,all,46,63465.0,1173.0,22.68,0.53,0.49,0.55,0.5,0.53,0.5,63.0,69.8,4.75,4.29,19.34,2.25,41.64,28.72,3.73,4.73,3.71,4.0,7.0,67.0,34.0,66.0,167.0,14.0,3.0,5.0,0.0,17.0,0.0,36.0,40.0,64.0,98.0,14.0,28.0,0.0,24.0,13.0,56.0,95.0,2.0,4.0,2.26,0.28,2.22,1.0,1.0,1.0,164.8,101.0,100.06,39.0,0.98,1.63,0.92,4.81,4.79,3.98,1173.0,121.0,136.0,216.0,700.0,138.0,151.0,178.0,706.0,0.0,0.0,105677.0,28.0,8.0,4.0,52.0,560.78,57.07,52.47,57.15,52.55,498.0,265.0,324.0,1087.0,47.0,60.0,5.0,568.0,132.0,63.0,16.77,16.5,23.81,15.0,18.0,14.0,1081.86,763.0,760.17,8.55,13.87,13.87,51.76,51.88,49.7,493.52,50.44,46.36,50.29,46.23,449.0,224.0,228.0,901.0,51.0,48.0,4.0,480.0,145.0,48.0,14.78,17.86,17.79,18.0,20.0,13.0,901.17,673.0,673.55,7.35,9.62,9.62,48.16,48.05,45.3,82.32,86.47,1713.0,1702.0,0.0,0.0,0.0,0.0,0.0,0.0,regular
8479421,2025,Jacob Moverare,LAK,D,all,12,6071.0,133.0,2.4,0.62,0.51,0.6,0.54,0.57,0.52,76.0,4.78,0.07,0.19,1.43,0.16,2.98,2.18,0.06,0.06,0.06,0.0,0.0,4.0,3.0,9.0,16.0,0.0,0.0,0.0,0.0,1.0,0.0,5.0,1.0,4.0,7.0,0.0,0.0,0.0,3.0,1.0,3.0,7.0,0.0,0.0,0.07,0.0,0.0,0.0,0.0,0.0,15.84,7.0,6.85,2.0,0.04,0.0,0.0,0.1,0.1,0.09,133.0,12.0,7.0,16.0,98.0,13.0,17.0,10.0,93.0,0.0,0.0,38627.0,0.0,0.0,0.0,7.0,66.15,5.6,5.31,5.49,5.2,50.0,39.0,56.0,145.0,2.0,9.0,0.0,61.0,25.0,3.0,1.73,3.2,0.67,1.0,1.0,0.0,142.39,89.0,87.53,0.97,1.56,1.56,5.01,4.92,4.82,47.73,3.47,3.41,3.51,3.45,40.0,27.0,31.0,98.0,6.0,6.0,0.0,54.0,12.0,1.0,1.65,1.49,0.33,3.0,3.0,0.0,99.35,67.0,67.55,0.67,0.64,0.64,3.5,3.55,3.51,33.4,31.76,665.0,559.0,0.0,0.0,0.0,0.0,0.0,0.0,regular
8482408,2025,Jeff Malott,LAK,L,all,38,20440.0,462.0,12.37,0.57,0.48,0.55,0.51,0.56,0.5,424.0,47.78,6.57,3.8,11.47,1.76,22.64,16.76,6.02,6.45,5.93,4.0,1.0,36.0,27.0,20.0,83.0,8.0,3.0,8.0,0.0,9.0,0.0,23.0,20.0,33.0,60.0,9.0,27.0,2.0,115.0,6.0,14.0,32.0,21.0,10.0,1.21,2.74,2.62,1.0,2.0,0.0,80.93,63.0,62.2,2.0,0.83,1.74,2.88,4.52,4.47,4.32,462.0,41.0,26.0,72.0,323.0,62.0,67.0,55.0,278.0,2.0,5.0,120140.0,27.0,21.0,6.0,17.0,197.5,17.4,16.47,17.19,16.29,163.0,105.0,126.0,394.0,14.0,32.0,0.0,195.0,55.0,18.0,5.64,6.81,4.95,7.0,6.0,1.0,388.92,268.0,266.13,2.84,5.78,5.78,14.45,14.36,14.04,152.21,13.0,12.59,13.13,12.72,136.0,74.0,107.0,317.0,18.0,15.0,2.0,158.0,43.0,9.0,5.02,5.37,2.61,10.0,5.0,3.0,320.18,210.0,212.05,2.1,3.21,3.21,11.9,11.99,11.85,95.75,102.84,1935.0,1852.0,0.0,0.0,0.0,0.0,0.0,0.0,regular
8476469,2025,Joel Armia,LAK,R,all,49,42865.0,931.0,17.63,0.49,0.51,0.49,0.53,0.48,0.51,388.0,72.56,8.3,4.88,16.76,2.34,35.53,29.19,7.93,8.36,8.0,7.0,2.0,63.0,34.0,41.0,138.0,19.0,10.0,5.0,1.0,11.0,0.0,39.0,32.0,53.0,87.0,11.0,22.0,26.0,49.0,25.0,38.0,68.0,19.0,10.0,2.09,2.27,3.94,2.0,3.0,5.0,139.3,97.0,98.39,13.0,1.07,1.22,1.7,7.67,7.76,7.51,931.0,110.0,101.0,147.0,573.0,127.0,139.0,129.0,536.0,26.0,41.0,137549.0,22.0,6.0,3.0,27.0,334.34,30.86,29.08,30.92,29.14,303.0,160.0,176.0,639.0,25.0,25.0,3.0,356.0,77.0,30.0,10.3,9.14,11.42,6.0,11.0,8.0,640.15,463.0,464.14,4.96,4.8,4.8,31.01,31.16,29.66,362.68,32.05,30.72,32.06,30.72,328.0,168.0,179.0,675.0,28.0,41.0,4.0,365.0,107.0,24.0,10.78,12.53,8.74,12.0,6.0,10.0,674.81,496.0,497.61,5.97,6.29,6.29,31.73,31.78,30.72,116.5,113.75,2375.0,2131.0,0.0,0.0,0.0,0.0,0.0,0.0,regular
8476441,2025,Joel Edmundson,LAK,D,all,54,59679.0,1258.0,20.3,0.42,0.54,0.44,0.56,0.43,0.54,223.0,73.24,3.24,4.23,21.72,2.58,42.34,30.9,3.11,3.23,3.1,3.0,11.0,72.0,33.0,59.0,164.0,16.0,2.0,5.0,0.0,14.0,1.0,43.0,40.0,70.0,103.0,9.0,21.0,0.0,64.0,7.0,52.0,99.0,4.0,2.0,2.15,0.59,0.49,2.0,0.0,0.0,163.21,105.0,104.77,42.0,0.87,1.03,0.73,3.39,3.4,3.33,1258.0,130.0,215.0,160.0,753.0,106.0,146.0,166.0,840.0,0.0,0.0,139248.0,21.0,19.0,8.0,61.0,444.36,40.14,38.86,40.05,38.79,388.0,227.0,252.0,867.0,38.0,36.0,5.0,485.0,89.0,41.0,14.0,10.38,15.77,16.0,15.0,7.0,864.6,615.0,613.44,6.14,6.0,6.3,39.99,40.03,39.19,587.08,56.06,51.13,56.55,51.61,525.0,275.0,296.0,1096.0,50.0,67.0,2.0,584.0,168.0,48.0,17.15,20.29,18.63,21.0,18.0,11.0,1102.33,800.0,806.35,10.33,11.74,11.74,54.66,55.07,51.49,122.39,103.3,2459.0,1957.0,0.0,0.0,0.0,0.0,0.0,0.0,regular
8477942,2025,Kevin Fiala,LAK,L,all,54,61887.0,1085.0,43.43,0.62,0.44,0.6,0.48,0.6,0.47,172.0,165.49,16.45,12.81,38.25,5.72,95.46,60.3,15.63,16.4,15.59,12.0,8.0,142.0,87.0,81.0,310.0,38.0,18.0,16.0,3.0,33.0,2.0,89.0,71.0,124.0,211.0,17.0,34.0,6.0,37.0,18.0,74.0,164.0,50.0,15.0,5.26,5.98,5.21,6.0,8.0,4.0,307.07,229.0,226.86,17.0,2.99,3.31,2.28,17.16,17.11,16.41,1085.0,206.0,101.0,168.0,610.0,128.0,163.0,164.0,630.0,6.0,18.0,137040.0,34.0,32.0,16.0,22.0,622.56,68.58,63.17,68.26,62.87,539.0,316.0,348.0,1203.0,52.0,68.0,9.0,618.0,159.0,78.0,18.38,19.29,30.91,10.0,19.0,23.0,1195.57,855.0,849.72,11.35,16.23,16.23,63.7,63.55,60.43,416.39,41.75,40.56,41.66,40.47,362.0,209.0,216.0,787.0,40.0,31.0,1.0,417.0,120.0,34.0,13.29,14.95,13.51,11.0,18.0,11.0,786.44,571.0,570.8,5.86,4.62,4.66,42.96,42.89,41.98,93.95,117.6,2123.0,2266.0,0.0,0.0,0.0,0.0,0.0,0.0,regular
8479998,2025,Mikey Anderson,LAK,D,all,54,64829.0,1249.0,14.58,0.43,0.54,0.45,0.56,0.43,0.55,154.0,49.57,2.88,2.71,13.65,1.74,28.14,21.87,2.64,2.91,2.66,4.0,3.0,45.0,26.0,45.0,116.0,9.0,2.0,4.0,0.0,13.0,0.0,21.0,31.0,43.0,69.0,6.0,14.0,0.0,59.0,9.0,40.0,63.0,6.0,2.0,1.39,0.74,0.75,2.0,0.0,0.0,114.6,71.0,69.97,27.0,0.55,0.54,1.12,2.32,2.3,2.25,1249.0,71.0,203.0,206.0,769.0,156.0,149.0,165.0,779.0,0.0,0.0,134098.0,14.0,20.0,10.0,77.0,466.18,44.51,41.93,44.62,42.03,409.0,225.0,255.0,889.0,35.0,52.0,3.0,477.0,112.0,45.0,13.81,13.7,16.99,11.0,17.0,7.0,887.72,634.0,632.63,6.29,10.15,9.84,40.96,40.96,39.49,605.53,58.53,55.52,58.41,55.42,548.0,277.0,274.0,1099.0,60.0,61.0,5.0,598.0,168.0,59.0,17.11,20.4,21.03,19.0,22.0,19.0,1096.13,825.0,822.97,10.57,10.99,10.99,58.1,57.97,55.37,118.03,100.82,2437.0,1954.0,0.0,0.0,0.0,0.0,0.0,0.0,regular
8482124,2025,Quinton Byfield,LAK,R,all,53,63687.0,1223.0,34.6,0.51,0.49,0.53,0.52,0.52,0.5,110.0,130.04,13.84,9.43,28.74,4.52,70.01,51.46,13.52,13.8,13.47,13.0,6.0,111.0,67.0,53.0,231.0,30.0,11.0,10.0,0.0,17.0,0.0,68.0,72.0,100.0,167.0,13.0,26.0,328.0,39.0,24.0,55.0,130.0,30.0,18.0,4.3,3.72,5.82,4.0,4.0,3.0,229.14,178.0,177.12,15.0,2.17,1.6,1.98,14.03,14.04,13.86,1223.0,141.0,238.0,178.0,666.0,147.0,127.0,185.0,764.0,328.0,450.0,131640.0,26.0,52.0,25.0,29.0,571.44,57.9,55.14,57.78,55.03,491.0,294.0,309.0,1094.0,52.0,63.0,7.0,592.0,127.0,66.0,18.25,14.98,24.67,17.0,15.0,20.0,1090.27,785.0,782.81,9.67,12.39,12.39,55.19,55.22,53.65,529.12,54.6,49.77,54.6,49.77,486.0,233.0,245.0,964.0,58.0,58.0,3.0,520.0,150.0,49.0,16.08,18.48,20.04,25.0,16.0,17.0,967.56,719.0,720.84,8.82,9.95,9.95,53.47,53.49,50.18,98.9,100.95,2170.0,2037.0,0.0,0.0,0.0,0.0,0.0,0.0,regular
8482726,2025,Samuel Helenius,LAK,C,all,27,12643.0,283.0,4.33,0.48,0.49,0.47,0.51,0.49,0.5,304.0,17.88,1.52,1.28,3.75,0.51,9.24,6.69,1.51,1.53,1.52,0.0,2.0,17.0,6.0,13.0,36.0,5.0,3.0,0.0,0.0,3.0,0.0,11.0,6.0,14.0,20.0,5.0,19.0,60.0,66.0,3.0,7.0,15.0,7.0,1.0,0.39,0.86,0.26,1.0,2.0,0.0,36.5,23.0,23.4,0.0,0.27,0.0,0.26,1.52,1.55,1.55,283.0,16.0,15.0,43.0,209.0,43.0,44.0,34.0,162.0,60.0,74.0,86636.0,19.0,21.0,6.0,9.0,86.98,6.33,6.12,6.38,6.17,78.0,40.0,58.0,176.0,7.0,8.0,0.0,88.0,27.0,3.0,2.37,3.25,0.7,2.0,5.0,0.0,176.37,118.0,118.16,1.23,1.52,1.52,6.03,6.08,5.99,89.9,6.99,6.82,7.04,6.86,81.0,43.0,71.0,195.0,7.0,7.0,1.0,95.0,25.0,4.0,2.73,3.04,1.22,3.0,4.0,0.0,196.59,124.0,124.98,1.25,1.51,1.51,6.73,6.8,6.74,75.55,78.16,1456.0,1388.0,0.0,0.0,0.0,0.0,0.0,0.0,regular
8483406,2025,Taylor Ward,LAK,R,all,13,8725.0,196.0,5.79,0.56,0.48,0.57,0.51,0.56,0.49,128.0,16.57,1.67,1.13,3.96,0.58,8.78,6.88,1.65,1.66,1.64,1.0,1.0,11.0,12.0,15.0,38.0,4.0,2.0,3.0,0.0,4.0,0.0,6.0,8.0,9.0,21.0,0.0,0.0,2.0,11.0,1.0,12.0,18.0,3.0,2.0,0.66,0.36,0.65,1.0,1.0,0.0,37.94,23.0,22.84,1.0,0.26,0.32,0.31,1.62,1.62,1.6,196.0,16.0,14.0,28.0,138.0,35.0,25.0,20.0,116.0,2.0,5.0,39683.0,0.0,2.0,1.0,4.0,76.26,5.37,5.3,5.4,5.33,62.0,42.0,61.0,165.0,7.0,6.0,0.0,85.0,16.0,3.0,2.58,1.89,0.91,4.0,3.0,0.0,163.43,104.0,103.91,1.1,0.63,0.63,5.85,5.9,5.84,57.28,4.27,4.16,4.34,4.22,53.0,28.0,41.0,122.0,3.0,6.0,1.0,62.0,16.0,3.0,1.52,2.01,0.74,1.0,2.0,0.0,123.61,81.0,81.93,0.82,1.01,1.01,4.08,4.12,4.09,32.43,34.77,625.0,612.0,0.0,0.0,0.0,0.0,0.0,0.0,regular
8479675,2025,Trevor Moore,LAK,L,all,42,40056.0,839.0,20.13,0.47,0.52,0.51,0.52,0.49,0.51,280.0,85.29,7.02,5.55,19.12,2.74,44.26,37.31,6.92,7.12,7.02,5.0,3.0,77.0,39.0,36.0,152.0,14.0,6.0,8.0,2.0,12.0,1.0,37.0,52.0,71.0,110.0,3.0,6.0,3.0,30.0,17.0,32.0,88.0,20.0,8.0,2.2,2.46,2.36,1.0,4.0,1.0,151.45,116.0,115.66,8.0,1.17,1.91,1.68,6.52,6.5,6.44,839.0,82.0,123.0,135.0,499.0,116.0,104.0,97.0,522.0,3.0,13.0,114016.0,6.0,6.0,3.0,22.0,329.95,28.64,27.92,28.73,28.02,286.0,162.0,204.0,652.0,19.0,31.0,4.0,340.0,77.0,31.0,8.95,9.58,10.11,8.0,7.0,4.0,649.42,448.0,446.54,4.7,6.47,6.47,26.87,26.92,26.61,336.98,32.94,30.24,32.95,30.26,298.0,159.0,166.0,623.0,29.0,37.0,3.0,332.0,92.0,33.0,9.55,11.28,12.11,12.0,9.0,8.0,623.91,457.0,459.97,5.26,9.44,9.44,28.75,28.83,27.73,93.95,88.33,1884.0,1748.0,0.0,0.0,0.0,0.0,0.0,0.0,regular
8477998,2025,Warren Foegele,LAK,L,all,43,37931.0,809.0,13.09,0.46,0.53,0.49,0.53,0.49,0.52,337.0,89.3,8.39,6.36,22.09,2.99,45.68,34.49,8.21,8.39,8.2,1.0,1.0,72.0,48.0,32.0,152.0,8.0,6.0,10.0,0.0,22.0,1.0,46.0,35.0,66.0,114.0,7.0,14.0,9.0,45.0,11.0,49.0,89.0,24.0,7.0,3.19,2.89,2.32,3.0,2.0,1.0,151.31,120.0,119.37,14.0,1.34,1.88,1.6,8.13,8.08,8.0,809.0,78.0,123.0,122.0,486.0,107.0,105.0,98.0,499.0,9.0,15.0,120005.0,14.0,16.0,8.0,9.0,310.74,24.87,24.01,24.64,23.82,261.0,163.0,178.0,602.0,15.0,28.0,1.0,335.0,67.0,22.0,9.42,8.3,7.16,5.0,6.0,4.0,597.95,424.0,421.66,4.26,4.97,4.97,24.16,24.03,23.67,326.31,29.51,26.34,29.54,26.38,293.0,155.0,171.0,619.0,27.0,34.0,1.0,340.0,84.0,24.0,9.2,10.62,9.7,18.0,3.0,6.0,620.49,448.0,451.03,5.22,7.06,7.06,27.68,27.79,25.85,108.38,95.17,2063.0,1795.0,0.0,0.0,0.0,0.0,0.0,0.0,regular
8480259,2025,Ben Jones,MIN,C,all,26,13428.0,295.0,-1.84,0.42,0.54,0.4,0.49,0.4,0.5,285.0,25.65,2.64,1.79,6.36,0.9,13.9,9.41,2.59,2.64,2.58,0.0,1.0,25.0,10.0,9.0,44.0,2.0,1.0,4.0,0.0,7.0,0.0,10.0,13.0,24.0,34.0,0.0,0.0,68.0,53.0,1.0,8.0,20.0,13.0,2.0,0.37,1.4,0.88,0.0,1.0,0.0,44.91,35.0,35.69,3.0,0.37,0.68,1.16,1.85,1.9,1.88,295.0,11.0,45.0,39.0,200.0,44.0,41.0,30.0,180.0,68.0,59.0,81805.0,0.0,8.0,4.0,11.0,98.08,7.76,7.59,7.85,7.67,88.0,46.0,49.0,183.0,4.0,12.0,1.0,102.0,26.0,6.0,2.71,3.01,2.05,1.0,2.0,1.0,187.7,134.0,136.9,1.36,2.21,2.21,6.91,7.03,6.92,143.95,10.82,10.03,10.9,10.09,126.0,72.0,82.0,280.0,14.0,17.0,0.0,158.0,32.0,8.0,4.29,4.3,2.23,7.0,7.0,0.0,278.54,198.0,197.88,1.99,3.27,3.27,9.53,9.56,9.17,74.4,63.52,1334.0,1375.0,0.0,0.0,0.0,0.0,0.0,0.0,regular
8482122,2025,Brock Faber,MIN,D,all,57,85365.0,1519.0,37.32,0.49,0.53,0.47,0.5,0.47,0.51,90.0,125.3,6.12,7.37,35.1,4.02,73.78,54.61,6.02,6.18,6.09,12.0,11.0,121.0,60.0,74.0,255.0,36.0,13.0,13.0,1.0,32.0,0.0,61.0,62.0,108.0,168.0,7.0,14.0,0.0,18.0,31.0,70.0,168.0,10.0,3.0,3.86,1.23,1.03,12.0,1.0,0.0,259.19,181.0,183.67,45.0,1.56,1.98,0.47,7.21,7.27,7.16,1519.0,133.0,270.0,266.0,850.0,170.0,156.0,206.0,987.0,0.0,0.0,123996.0,14.0,12.0,6.0,119.0,718.88,70.34,67.5,70.93,68.04,672.0,320.0,351.0,1343.0,85.0,72.0,9.0,737.0,179.0,76.0,21.09,21.48,27.77,33.0,28.0,24.0,1363.4,992.0,1003.75,10.82,14.35,14.47,66.69,67.12,65.67,804.18,72.5,68.92,72.53,68.99,743.0,361.0,435.0,1539.0,73.0,90.0,11.0,857.0,176.0,71.0,24.9,22.71,24.89,23.0,28.0,22.0,1534.06,1104.0,1100.18,13.31,19.06,19.94,65.86,65.97,64.25,106.4,95.16,2042.0,2043.0,0.0,0.0,0.0,0.0,0.0,0.0,regular
8482781,2025,Carson Lambos,MIN,D,all,1,616.0,17.0,0.47,0.69,0.6,0.55,0.47,0.69,0.49,5.0,1.47,0.06,0.07,0.37,0.04,0.83,0.63,0.06,0.06,0.06,0.0,0.0,1.0,1.0,0.0,2.0,0.0,0.0,0.0,0.0,1.0,0.0,0.0,1.0,1.0,2.0,0.0,0.0,0.0,0.0,0.0,2.0,2.0,0.0,0.0,0.06,0.0,0.0,0.0,0.0,0.0,2.01,2.0,2.0,2.0,0.01,0.0,0.0,0.07,0.07,0.07,17.0,0.0,2.0,2.0,13.0,1.0,5.0,3.0,8.0,0.0,0.0,2984.0,0.0,0.0,0.0,1.0,6.61,0.41,0.41,0.43,0.43,6.0,3.0,2.0,11.0,1.0,0.0,0.0,7.0,2.0,0.0,0.21,0.2,0.0,0.0,1.0,0.0,11.32,9.0,9.28,0.09,0.0,0.0,0.5,0.53,0.52,2.87,0.18,0.18,0.18,0.18,4.0,0.0,5.0,9.0,0.0,0.0,0.0,4.0,0.0,0.0,0.18,0.0,0.0,0.0,0.0,0.0,9.13,4.0,4.12,0.05,0.0,0.0,0.23,0.23,0.23,3.48,2.34,48.0,55.0,0.0,0.0,0.0,0.0,0.0,0.0,regular
8482094,2025,Daemon Hunt,MIN,D,all,25,17768.0,395.0,-1.45,0.36,0.58,0.34,0.51,0.36,0.51,138.0,13.54,0.5,0.76,3.58,0.46,7.78,5.92,0.5,0.51,0.5,2.0,3.0,12.0,7.0,14.0,33.0,5.0,0.0,2.0,0.0,2.0,0.0,8.0,7.0,12.0,19.0,2.0,4.0,0.0,15.0,1.0,12.0,19.0,0.0,0.0,0.5,0.0,0.0,0.0,0.0,0.0,34.62,19.0,19.44,10.0,0.15,0.42,0.02,0.64,0.65,0.64,395.0,30.0,43.0,49.0,273.0,45.0,72.0,38.0,240.0,0.0,0.0,74055.0,4.0,8.0,3.0,35.0,105.78,8.47,8.21,8.64,8.36,90.0,53.0,49.0,192.0,8.0,10.0,0.0,108.0,30.0,5.0,3.32,3.89,1.26,5.0,3.0,0.0,198.38,143.0,146.37,1.45,1.61,1.61,8.31,8.4,8.28,183.05,14.8,14.25,14.63,14.1,160.0,98.0,115.0,373.0,14.0,21.0,4.0,215.0,27.0,16.0,5.65,3.38,5.78,6.0,1.0,7.0,368.42,258.0,253.9,2.69,4.93,4.93,12.56,12.5,12.3,70.71,51.92,1243.0,1189.0,0.0,0.0,0.0,0.0,0.0,0.0,regular
8483525,2025,Danila Yurov,MIN,R,all,50,39575.0,781.0,14.42,0.52,0.51,0.49,0.49,0.5,0.49,400.0,66.55,8.25,5.4,14.12,2.17,35.16,24.91,7.95,8.38,8.06,4.0,9.0,57.0,33.0,30.0,120.0,21.0,8.0,6.0,1.0,8.0,0.0,35.0,33.0,49.0,82.0,9.0,18.0,207.0,32.0,12.0,31.0,47.0,33.0,10.0,1.46,4.09,2.69,1.0,6.0,1.0,121.59,90.0,90.83,16.0,1.17,0.53,1.86,7.56,7.59,7.45,781.0,101.0,72.0,118.0,490.0,97.0,133.0,88.0,463.0,207.0,318.0,144368.0,18.0,24.0,11.0,32.0,323.39,28.34,27.07,28.74,27.44,297.0,152.0,157.0,606.0,33.0,26.0,1.0,328.0,95.0,26.0,9.18,11.51,7.65,17.0,12.0,4.0,618.21,449.0,456.06,4.94,4.08,4.28,28.99,29.27,28.44,328.15,25.99,25.28,25.93,25.22,325.0,126.0,192.0,643.0,32.0,32.0,4.0,362.0,67.0,22.0,10.75,8.69,6.55,15.0,10.0,7.0,637.72,451.0,447.75,4.4,6.43,6.43,23.96,23.89,23.51,127.98,120.62,2374.0,2465.0,0.0,0.0,0.0,0.0,0.0,0.0,regular
8483460,2025,David Jiricek,MIN,D,all,25,17567.0,374.0,-1.13,0.39,0.56,0.45,0.5,0.44,0.5,144.0,14.68,0.47,0.8,4.23,0.47,8.96,6.07,0.45,0.45,0.44,0.0,0.0,15.0,6.0,19.0,40.0,0.0,0.0,1.0,0.0,2.0,0.0,7.0,11.0,15.0,21.0,7.0,14.0,0.0,8.0,3.0,24.0,20.0,1.0,0.0,0.38,0.09,0.0,0.0,0.0,0.0,39.85,21.0,20.74,20.0,0.17,0.23,0.04,0.59,0.58,0.57,374.0,27.0,42.0,42.0,263.0,43.0,69.0,52.0,210.0,0.0,0.0,73873.0,14.0,2.0,1.0,19.0,149.57,12.2,11.74,12.22,11.77,131.0,72.0,78.0,281.0,12.0,20.0,0.0,152.0,37.0,14.0,4.42,4.46,3.32,7.0,3.0,2.0,284.1,203.0,204.85,2.15,3.2,3.2,11.15,11.23,10.98,188.54,19.12,17.92,19.18,17.96,168.0,89.0,90.0,347.0,14.0,33.0,3.0,191.0,43.0,23.0,5.58,5.6,7.94,5.0,4.0,5.0,344.38,257.0,255.17,2.99,7.18,7.18,14.93,15.03,14.73,70.91,56.76,1235.0,1252.0,0.0,0.0,0.0,0.0,0.0,0.0,regular
8483766,2025,David Spacek,MIN,D,all,2,1290.0,29.0,-1.65,0.25,0.52,0.19,0.54,0.27,0.53,11.0,0.0,0.0,0.0,0.0,0.0,0.0,0.0,0.0,0.0,0.0,0.0,0.0,0.0,0.0,0.0,0.0,0.0,0.0,0.0,0.0,0.0,0.0,0.0,0.0,0.0,0.0,0.0,0.0,0.0,1.0,0.0,1.0,0.0,0.0,0.0,0.0,0.0,0.0,0.0,0.0,0.0,0.0,0.0,0.0,1.0,0.0,0.0,0.0,0.0,0.0,0.0,29.0,2.0,5.0,4.0,18.0,3.0,7.0,3.0,16.0,0.0,0.0,5910.0,0.0,0.0,0.0,2.0,7.3,0.37,0.37,0.34,0.34,6.0,4.0,0.0,10.0,1.0,0.0,0.0,9.0,1.0,0.0,0.23,0.14,0.0,0.0,1.0,0.0,9.18,10.0,9.34,0.09,0.0,0.0,0.46,0.42,0.42,18.73,1.11,1.08,1.15,1.11,16.0,11.0,15.0,42.0,2.0,1.0,1.0,24.0,2.0,1.0,0.66,0.17,0.28,1.0,0.0,1.0,44.33,27.0,28.46,0.23,0.28,0.28,1.06,1.12,1.1,5.11,4.78,96.0,82.0,0.0,0.0,0.0,0.0,0.0,0.0,regular
8483452,2025,Hunter Haight,MIN,C,all,5,2903.0,63.0,-1.06,0.43,0.63,0.43,0.54,0.43,0.55,52.0,3.85,0.43,0.3,1.03,0.13,1.83,1.27,0.29,0.48,0.33,0.0,0.0,4.0,1.0,1.0,6.0,0.0,0.0,2.0,0.0,1.0,0.0,2.0,0.0,4.0,5.0,0.0,0.0,18.0,6.0,1.0,3.0,3.0,1.0,1.0,0.07,0.1,0.26,0.0,0.0,0.0,6.75,5.0,5.55,2.0,0.06,0.39,0.36,0.14,0.15,0.13,63.0,7.0,3.0,9.0,44.0,11.0,10.0,6.0,36.0,18.0,19.0,15203.0,0.0,0.0,0.0,1.0,25.73,2.53,2.26,2.73,2.44,25.0,9.0,13.0,47.0,0.0,6.0,0.0,24.0,7.0,3.0,0.65,0.9,0.98,0.0,0.0,0.0,50.5,34.0,35.57,0.34,1.38,1.38,1.49,1.56,1.48,32.25,3.32,3.1,3.13,2.94,25.0,20.0,18.0,63.0,4.0,5.0,1.0,32.0,8.0,5.0,0.88,1.03,1.41,2.0,0.0,2.0,60.75,45.0,43.7,0.46,1.37,1.37,2.4,2.34,2.27,16.66,9.91,277.0,240.0,0.0,0.0,0.0,0.0,0.0,0.0,regular
8478136,2025,Jake Middleton,MIN,D,all,50,53490.0,1079.0,6.97,0.46,0.52,0.43,0.51,0.43,0.52,215.0,45.89,2.43,2.6,13.28,1.51,26.01,19.16,2.37,2.43,2.38,6.0,5.0,41.0,24.0,34.0,99.0,12.0,1.0,5.0,0.0,8.0,0.0,31.0,20.0,40.0,64.0,20.0,57.0,0.0,66.0,5.0,33.0,59.0,4.0,2.0,1.47,0.46,0.5,1.0,0.0,0.0,100.73,65.0,65.86,21.0,0.54,0.91,0.77,2.19,2.22,2.18,1079.0,73.0,164.0,141.0,701.0,112.0,151.0,125.0,691.0,0.0,0.0,130510.0,57.0,37.0,10.0,72.0,394.46,38.22,36.68,38.64,37.1,337.0,207.0,200.0,744.0,31.0,43.0,2.0,401.0,95.0,48.0,11.6,11.51,15.12,16.0,7.0,8.0,758.05,544.0,553.17,5.66,8.64,8.67,35.2,35.55,34.88,530.55,44.57,42.23,44.48,42.16,472.0,259.0,275.0,1006.0,46.0,55.0,8.0,583.0,111.0,37.0,16.9,13.61,14.06,11.0,20.0,15.0,1000.26,731.0,726.51,8.25,11.67,11.67,41.16,41.11,39.99,114.66,105.85,2249.0,2125.0,0.0,0.0,0.0,0.0,0.0,0.0,regular
8474716,2025,Jared Spurgeon,MIN,D,all,57,68595.0,1397.0,15.2,0.5,0.52,0.47,0.49,0.47,0.5,189.0,72.05,4.2,4.45,19.31,2.42,40.41,29.2,4.04,4.2,4.04,6.0,5.0,68.0,32.0,62.0,162.0,16.0,5.0,8.0,1.0,14.0,0.0,34.0,39.0,63.0,95.0,6.0,14.0,0.0,66.0,12.0,44.0,88.0,7.0,5.0,2.15,0.8,1.25,4.0,0.0,1.0,163.37,100.0,100.92,33.0,0.95,1.37,0.68,4.47,4.47,4.38,1397.0,128.0,185.0,179.0,905.0,139.0,184.0,157.0,917.0,0.0,0.0,140766.0,14.0,10.0,5.0,107.0,570.0,53.62,50.75,53.83,50.93,487.0,300.0,279.0,1066.0,44.0,61.0,2.0,580.0,147.0,60.0,16.97,17.69,18.96,19.0,12.0,13.0,1077.22,787.0,794.05,9.1,11.46,11.31,51.4,51.57,49.77,635.02,53.63,51.26,53.51,51.15,558.0,318.0,330.0,1206.0,49.0,70.0,8.0,699.0,130.0,47.0,20.52,15.56,17.56,21.0,12.0,16.0,1199.99,876.0,871.78,10.44,13.01,13.01,51.06,50.94,49.55,123.12,114.03,2319.0,2376.0,0.0,0.0,0.0,0.0,0.0,0.0,regular
8478493,2025,Joel Eriksson Ek,MIN,C,all,51,59448.0,1068.0,41.45,0.57,0.47,0.54,0.45,0.55,0.46,174.0,150.68,16.6,12.09,34.96,5.49,78.4,55.45,15.31,16.64,15.32,13.0,11.0,143.0,60.0,41.0,244.0,39.0,15.0,22.0,5.0,21.0,0.0,75.0,70.0,128.0,188.0,11.0,22.0,519.0,77.0,12.0,36.0,148.0,35.0,20.0,4.23,4.4,7.98,4.0,3.0,8.0,245.32,203.0,203.41,12.0,2.94,3.55,7.09,12.46,12.42,11.94,1068.0,199.0,222.0,207.0,440.0,131.0,125.0,183.0,629.0,519.0,537.0,128113.0,22.0,24.0,12.0,21.0,601.12,63.15,59.85,63.36,60.06,543.0,286.0,260.0,1089.0,73.0,82.0,11.0,611.0,150.0,68.0,17.82,18.15,27.18,20.0,24.0,29.0,1098.9,829.0,834.75,11.07,16.82,16.82,57.4,57.55,55.88,493.38,48.35,45.98,48.32,45.95,445.0,240.0,245.0,930.0,41.0,42.0,3.0,538.0,100.0,47.0,15.83,12.93,19.59,11.0,12.0,18.0,924.54,685.0,680.24,8.22,7.65,8.53,48.04,47.92,46.23,91.5,103.62,1921.0,2309.0,0.0,0.0,0.0,0.0,0.0,0.0,regular
8476463,2025,Jonas Brodin,MIN,D,all,42,53759.0,1023.0,17.68,0.47,0.52,0.45,0.51,0.46,0.51,107.0,47.75,1.86,2.56,13.93,1.65,26.51,20.47,1.77,1.9,1.82,9.0,3.0,43.0,24.0,44.0,111.0,15.0,3.0,7.0,0.0,14.0,0.0,22.0,21.0,40.0,64.0,4.0,8.0,0.0,8.0,9.0,30.0,64.0,2.0,1.0,1.35,0.31,0.21,3.0,0.0,0.0,113.01,67.0,68.84,19.0,0.52,1.2,0.4,1.98,2.03,1.97,1023.0,63.0,160.0,155.0,645.0,110.0,111.0,147.0,655.0,0.0,0.0,100753.0,8.0,18.0,9.0,91.0,431.19,37.71,36.21,37.87,36.36,403.0,192.0,199.0,794.0,43.0,45.0,6.0,456.0,97.0,42.0,12.27,11.4,14.04,19.0,13.0,11.0,802.32,595.0,600.95,6.02,8.61,8.4,35.32,35.53,34.9,496.87,42.08,40.31,42.16,40.39,451.0,237.0,298.0,986.0,39.0,48.0,4.0,554.0,94.0,40.0,16.13,11.71,14.24,17.0,10.0,12.0,986.76,688.0,687.23,7.93,9.21,10.09,39.92,40.02,38.95,90.42,82.81,1723.0,1653.0,0.0,0.0,0.0,0.0,0.0,0.0,regular
8478864,2025,Kirill Kaprizov,MIN,L,all,57,76368.0,1205.0,65.86,0.62,0.44,0.58,0.43,0.59,0.43,80.0,219.18,26.53,17.5,48.21,7.81,122.18,81.76,25.29,26.75,25.51,25.0,12.0,201.0,103.0,85.0,389.0,69.0,32.0,31.0,1.0,34.0,1.0,116.0,90.0,169.0,272.0,9.0,18.0,0.0,34.0,18.0,82.0,215.0,61.0,28.0,7.12,7.32,12.09,11.0,11.0,10.0,394.28,304.0,307.68,21.0,4.15,6.47,5.06,25.61,25.78,24.85,1205.0,276.0,96.0,224.0,609.0,141.0,179.0,233.0,652.0,0.0,2.0,132993.0,18.0,26.0,13.0,19.0,803.01,88.11,82.75,88.65,83.27,718.0,390.0,344.0,1452.0,98.0,94.0,9.0,799.0,214.0,95.0,24.7,25.97,37.44,33.0,30.0,35.0,1468.17,1108.0,1119.0,14.71,17.73,17.73,85.09,85.56,81.56,560.9,53.99,51.72,53.74,51.49,516.0,250.0,273.0,1039.0,53.0,53.0,5.0,590.0,123.0,53.0,17.82,15.87,20.31,18.0,18.0,17.0,1030.87,766.0,760.75,7.85,11.35,11.34,50.51,50.33,48.97,88.63,113.66,1933.0,2543.0,0.0,0.0,0.0,0.0,0.0,0.0,regular
8475220,2025,Marcus Foligno,MIN,L,all,46,35953.0,722.0,10.29,0.46,0.52,0.45,0.49,0.45,0.5,380.0,61.07,7.31,4.44,13.11,1.97,29.27,23.91,7.06,7.38,7.14,2.0,3.0,54.0,26.0,12.0,92.0,11.0,6.0,5.0,1.0,5.0,0.0,27.0,37.0,48.0,74.0,16.0,44.0,9.0,145.0,7.0,23.0,47.0,23.0,10.0,1.31,2.88,3.13,2.0,1.0,3.0,94.67,80.0,81.64,4.0,0.98,1.24,1.43,6.86,6.98,6.8,722.0,53.0,131.0,112.0,426.0,106.0,98.0,82.0,436.0,9.0,10.0,132763.0,44.0,36.0,12.0,38.0,286.81,24.94,24.14,25.41,24.57,248.0,140.0,154.0,542.0,16.0,29.0,1.0,291.0,67.0,30.0,8.09,8.16,8.7,8.0,4.0,4.0,553.5,388.0,394.0,4.0,5.57,5.77,23.16,23.44,23.03,339.93,29.52,28.06,29.36,27.92,299.0,172.0,196.0,667.0,30.0,41.0,3.0,361.0,78.0,32.0,10.22,9.48,9.82,9.0,14.0,7.0,663.53,471.0,467.88,5.5,7.37,8.1,26.92,26.9,26.3,117.73,109.55,2184.0,2242.0,0.0,0.0,0.0,0.0,0.0,0.0,regular
8475149,2025,Marcus Johansson,MIN,L,all,52,49507.0,994.0,34.42,0.55,0.49,0.52,0.47,0.51,0.48,318.0,83.1,8.47,6.06,18.12,2.61,43.82,32.92,8.14,8.5,8.17,15.0,9.0,79.0,33.0,36.0,148.0,37.0,13.0,7.0,1.0,15.0,0.0,39.0,38.0,66.0,99.0,4.0,8.0,6.0,23.0,16.0,40.0,70.0,35.0,7.0,2.47,4.02,1.98,5.0,5.0,3.0,149.26,112.0,112.86,9.0,1.35,1.48,1.17,8.64,8.68,8.4,994.0,125.0,126.0,168.0,575.0,146.0,141.0,154.0,553.0,6.0,7.0,141748.0,8.0,18.0,8.0,12.0,452.44,41.4,39.81,41.36,39.75,412.0,212.0,228.0,852.0,55.0,51.0,7.0,467.0,109.0,48.0,13.4,12.93,15.08,22.0,19.0,14.0,858.62,624.0,628.4,7.19,9.24,9.04,39.55,39.53,38.7,426.7,34.01,32.67,34.04,32.73,380.0,213.0,205.0,798.0,31.0,30.0,2.0,474.0,93.0,26.0,13.89,11.86,8.27,15.0,11.0,5.0,798.73,593.0,590.72,6.43,5.49,5.63,34.82,34.87,34.1,116.27,120.74,2227.0,2477.0,0.0,0.0,0.0,0.0,0.0,0.0,regular
8475692,2025,Mats Zuccarello,MIN,R,all,37,41785.0,692.0,27.61,0.62,0.46,0.59,0.44,0.6,0.44,141.0,86.66,7.73,6.33,18.88,3.04,47.75,34.27,7.46,7.88,7.61,12.0,11.0,71.0,47.0,39.0,157.0,32.0,9.0,9.0,1.0,18.0,0.0,32.0,50.0,62.0,109.0,4.0,8.0,18.0,11.0,8.0,38.0,86.0,28.0,4.0,2.45,3.38,1.89,2.0,4.0,3.0,159.84,118.0,119.95,6.0,1.49,2.15,0.91,8.31,8.44,8.19,692.0,165.0,57.0,116.0,354.0,73.0,114.0,124.0,381.0,18.0,20.0,94628.0,8.0,20.0,10.0,18.0,441.36,43.33,41.52,43.88,42.03,400.0,215.0,190.0,805.0,48.0,53.0,4.0,451.0,129.0,35.0,13.35,15.37,14.62,20.0,13.0,15.0,819.99,615.0,625.53,8.2,7.84,7.84,43.69,44.19,42.8,297.89,26.38,25.38,26.3,25.3,284.0,129.0,157.0,570.0,31.0,25.0,3.0,332.0,56.0,25.0,9.84,7.23,9.32,11.0,8.0,12.0,563.82,413.0,408.29,4.08,4.66,4.66,25.8,25.73,25.0,67.9,78.54,1354.0,1751.0,0.0,0.0,0.0,0.0,0.0,0.0,regular
8481557,2025,Matt Boldy,MIN,L,all,53,66390.0,1110.0,59.86,0.58,0.46,0.56,0.44,0.57,0.45,119.0,199.64,22.12,15.48,42.92,6.64,107.86,76.98,20.28,22.18,20.34,14.0,15.0,167.0,105.0,78.0,350.0,58.0,29.0,16.0,2.0,28.0,0.0,107.0,92.0,138.0,243.0,13.0,26.0,42.0,40.0,23.0,60.0,189.0,58.0,25.0,5.99,6.71,9.42,6.0,13.0,10.0,351.58,272.0,273.12,15.0,3.54,4.01,4.6,21.06,21.13,19.68,1110.0,204.0,197.0,182.0,527.0,152.0,154.0,221.0,583.0,42.0,49.0,128420.0,26.0,38.0,19.0,33.0,703.39,76.29,71.28,76.42,71.4,625.0,348.0,291.0,1264.0,86.0,95.0,10.0,712.0,175.0,86.0,21.46,20.84,33.99,20.0,33.0,33.0,1270.52,973.0,977.23,13.01,19.69,19.5,69.8,69.92,66.64,544.03,55.68,53.15,55.55,53.05,481.0,267.0,257.0,1005.0,56.0,50.0,4.0,576.0,115.0,57.0,17.01,14.79,23.88,16.0,17.0,23.0,999.99,748.0,743.33,8.78,10.28,10.28,54.18,54.02,52.28,85.36,101.73,1860.0,2331.0,0.0,0.0,0.0,0.0,0.0,0.0,regular
8482641,2025,Matt Kiersted,MIN,D,all,4,3288.0,70.0,0.15,0.35,0.5,0.41,0.47,0.44,0.5,20.0,2.87,0.04,0.15,0.75,0.08,1.78,1.2,0.04,0.04,0.04,1.0,0.0,4.0,0.0,1.0,5.0,1.0,0.0,1.0,0.0,1.0,0.0,0.0,2.0,4.0,4.0,0.0,0.0,0.0,0.0,0.0,5.0,4.0,0.0,0.0,0.04,0.0,0.0,0.0,0.0,0.0,5.14,4.0,4.15,2.0,0.03,0.08,0.0,0.07,0.07,0.07,70.0,9.0,11.0,5.0,45.0,8.0,7.0,6.0,49.0,0.0,0.0,11112.0,0.0,0.0,0.0,5.0,22.23,1.84,1.83,1.87,1.86,21.0,10.0,12.0,43.0,1.0,1.0,0.0,26.0,4.0,1.0,0.74,0.55,0.55,0.0,0.0,1.0,44.14,31.0,31.83,0.29,0.08,0.08,2.04,2.09,2.08,30.36,3.44,3.24,3.39,3.2,24.0,16.0,22.0,62.0,2.0,3.0,0.0,29.0,6.0,5.0,1.11,0.98,1.35,0.0,1.0,1.0,60.91,40.0,39.23,0.46,0.69,0.69,3.2,3.16,3.02,11.4,11.52,187.0,208.0,0.0,0.0,0.0,0.0,0.0,0.0,regular
8481477,2025,Nico Sturm,MIN,C,all,34,22884.0,510.0,3.88,0.41,0.55,0.37,0.51,0.38,0.52,327.0,31.07,4.88,2.24,7.24,1.11,15.39,12.14,4.75,4.96,4.83,2.0,4.0,29.0,14.0,10.0,53.0,9.0,3.0,3.0,0.0,6.0,0.0,19.0,12.0,26.0,40.0,4.0,8.0,171.0,34.0,7.0,14.0,26.0,7.0,10.0,0.82,0.67,3.39,1.0,1.0,1.0,54.36,43.0,43.77,5.0,0.49,0.52,1.64,3.72,3.78,3.75,510.0,21.0,124.0,56.0,309.0,47.0,66.0,64.0,333.0,171.0,140.0,101978.0,8.0,2.0,1.0,14.0,156.17,16.52,15.83,16.87,16.18,133.0,79.0,72.0,284.0,13.0,22.0,0.0,157.0,32.0,23.0,4.45,3.77,8.3,7.0,2.0,4.0,293.45,212.0,218.68,2.16,4.56,4.36,14.32,14.6,14.09,248.44,23.93,22.37,23.61,22.08,215.0,129.0,143.0,487.0,21.0,36.0,6.0,267.0,50.0,27.0,7.49,5.72,10.72,7.0,7.0,7.0,480.38,344.0,339.31,4.63,8.64,8.64,19.93,19.71,19.12,90.26,74.49,1745.0,1650.0,0.0,0.0,0.0,0.0,0.0,0.0,regular
8477979,2025,Nicolas Aube-Kubel,MIN,R,all,4,2912.0,60.0,0.5,0.52,0.51,0.51,0.43,0.53,0.46,35.0,6.68,0.64,0.47,1.5,0.24,3.49,2.66,0.62,0.64,0.62,0.0,1.0,4.0,5.0,1.0,10.0,1.0,0.0,0.0,0.0,1.0,0.0,2.0,6.0,4.0,9.0,3.0,6.0,0.0,4.0,1.0,1.0,6.0,3.0,0.0,0.35,0.3,0.0,0.0,0.0,0.0,10.17,9.0,9.12,1.0,0.1,0.0,0.16,0.58,0.58,0.58,60.0,6.0,9.0,8.0,37.0,10.0,15.0,10.0,25.0,0.0,5.0,11488.0,6.0,2.0,1.0,4.0,29.7,2.03,1.99,2.05,2.01,29.0,11.0,16.0,56.0,2.0,3.0,0.0,33.0,6.0,1.0,1.17,0.61,0.24,2.0,0.0,0.0,58.72,40.0,41.29,0.41,0.4,0.4,2.04,2.07,2.05,25.52,1.91,1.87,1.94,1.9,25.0,11.0,17.0,53.0,1.0,5.0,0.0,30.0,5.0,1.0,0.85,0.66,0.4,1.0,0.0,0.0,51.98,36.0,35.72,0.34,0.84,0.84,1.4,1.41,1.39,10.39,9.88,164.0,217.0,0.0,0.0,0.0,0.0,0.0,0.0,regular
8480800,2025,Quinn Hughes,MIN,D,all,51,85188.0,1234.0,56.5,0.59,0.41,0.6,0.41,0.59,0.42,57.0,145.62,8.05,10.09,36.11,4.79,92.62,60.35,7.75,8.01,7.72,23.0,27.0,142.0,70.0,132.0,344.0,55.0,5.0,15.0,1.0,51.0,0.0,75.0,66.0,137.0,207.0,11.0,22.0,0.0,5.0,21.0,76.0,196.0,10.0,6.0,5.17,1.21,1.67,2.0,1.0,2.0,342.84,212.0,210.37,35.0,2.27,2.31,0.32,10.0,9.95,9.59,1234.0,214.0,149.0,231.0,640.0,117.0,185.0,220.0,712.0,0.0,0.0,101080.0,22.0,38.0,19.0,58.0,952.87,96.59,90.36,96.61,90.37,819.0,489.0,461.0,1769.0,101.0,126.0,15.0,980.0,220.0,108.0,30.2,26.68,39.71,36.0,28.0,37.0,1772.2,1308.0,1308.82,17.08,24.31,24.56,89.11,89.3,86.2,651.76,68.23,64.64,68.29,64.73,584.0,307.0,307.0,1198.0,70.0,68.0,7.0,627.0,197.0,67.0,18.4,25.41,24.41,23.0,31.0,16.0,1196.88,891.0,891.99,9.32,12.31,12.31,65.25,65.39,63.34,68.76,97.0,1355.0,1927.0,0.0,0.0,0.0,0.0,0.0,0.0,regular
8477451,2025,Ryan Hartman,MIN,R,all,53,52933.0,947.0,26.02,0.57,0.5,0.53,0.48,0.53,0.49,285.0,132.23,13.16,9.96,29.72,4.35,72.08,51.73,12.48,13.09,12.4,9.0,3.0,106.0,75.0,48.0,229.0,26.0,14.0,15.0,1.0,21.0,0.0,59.0,72.0,92.0,167.0,12.0,27.0,305.0,44.0,17.0,41.0,131.0,35.0,15.0,4.07,4.25,4.84,3.0,5.0,6.0,231.45,181.0,182.0,12.0,2.23,3.09,2.41,12.97,13.01,12.53,947.0,121.0,116.0,128.0,582.0,134.0,151.0,132.0,530.0,305.0,403.0,141630.0,27.0,33.0,15.0,74.0,506.25,47.02,45.52,47.0,45.49,448.0,245.0,266.0,959.0,45.0,49.0,3.0,517.0,125.0,51.0,15.41,14.92,16.69,20.0,12.0,13.0,968.62,693.0,697.92,8.17,9.02,9.02,46.17,46.25,45.24,439.77,35.79,34.16,35.88,34.28,393.0,214.0,251.0,858.0,26.0,47.0,4.0,473.0,101.0,33.0,13.38,12.62,9.79,8.0,11.0,7.0,860.96,607.0,606.5,6.26,8.45,8.45,33.61,33.8,33.09,121.28,120.21,2242.0,2447.0,0.0,0.0,0.0,0.0,0.0,0.0,regular
8475752,2025,Tyler Pitlick,MIN,C,all,30,14001.0,302.0,-1.23,0.48,0.52,0.41,0.49,0.42,0.5,350.0,29.56,2.49,2.04,6.71,0.95,15.91,11.9,2.46,2.51,2.49,0.0,0.0,26.0,14.0,7.0,47.0,2.0,2.0,5.0,0.0,2.0,0.0,17.0,14.0,24.0,38.0,4.0,14.0,0.0,72.0,5.0,7.0,30.0,9.0,1.0,1.05,1.17,0.27,1.0,1.0,0.0,48.83,40.0,41.13,6.0,0.43,0.6,0.51,2.41,2.43,2.43,302.0,14.0,40.0,42.0,206.0,37.0,47.0,25.0,193.0,0.0,3.0,96014.0,14.0,9.0,3.0,17.0,104.75,8.71,8.39,8.76,8.45,89.0,52.0,51.0,192.0,5.0,15.0,0.0,105.0,26.0,10.0,2.88,3.13,2.7,3.0,2.0,0.0,197.14,141.0,144.49,1.46,2.89,3.08,7.09,7.23,7.14,138.3,9.5,9.01,9.48,8.98,117.0,75.0,86.0,278.0,9.0,10.0,0.0,161.0,26.0,5.0,4.47,3.66,1.38,4.0,5.0,0.0,274.12,192.0,189.46,1.81,1.9,1.9,9.4,9.35,9.04,83.93,76.44,1577.0,1634.0,0.0,0.0,0.0,0.0,0.0,0.0,regular
8476994,2025,Vinnie Hinostroza,MIN,C,all,43,27157.0,538.0,7.25,0.44,0.52,0.48,0.49,0.46,0.5,439.0,54.74,5.21,3.9,12.64,1.7,28.11,20.44,5.02,5.41,5.22,2.0,5.0,41.0,31.0,21.0,93.0,10.0,3.0,7.0,0.0,3.0,0.0,31.0,28.0,38.0,69.0,3.0,6.0,19.0,26.0,14.0,35.0,47.0,21.0,4.0,1.48,2.54,1.19,2.0,1.0,0.0,95.39,72.0,73.99,9.0,0.83,1.06,1.5,4.54,4.64,4.59,538.0,50.0,57.0,80.0,351.0,96.0,80.0,62.0,300.0,19.0,17.0,131106.0,6.0,22.0,10.0,19.0,213.59,16.86,16.29,17.21,16.61,180.0,112.0,147.0,439.0,18.0,20.0,1.0,226.0,51.0,15.0,6.28,5.97,4.61,11.0,4.0,3.0,449.41,292.0,297.41,3.01,3.68,3.42,16.46,16.69,16.43,245.65,21.23,19.87,21.06,19.75,221.0,120.0,135.0,476.0,19.0,38.0,5.0,258.0,64.0,19.0,7.76,7.72,5.75,7.0,7.0,5.0,472.69,341.0,339.02,3.67,6.72,6.72,18.19,18.24,17.85,118.11,106.89,2153.0,2214.0,0.0,0.0,0.0,0.0,0.0,0.0,regular
8475765,2025,Vladimir Tarasenko,MIN,R,all,50,44904.0,850.0,21.31,0.56,0.5,0.52,0.48,0.54,0.49,341.0,105.73,14.09,7.48,24.44,3.72,55.84,37.43,13.24,14.21,13.34,8.0,8.0,98.0,45.0,48.0,191.0,30.0,14.0,13.0,1.0,21.0,1.0,56.0,38.0,84.0,129.0,4.0,8.0,5.0,37.0,9.0,40.0,99.0,24.0,20.0,3.32,3.06,7.71,7.0,2.0,5.0,194.84,143.0,144.93,6.0,1.71,2.27,3.82,11.98,12.05,11.63,850.0,157.0,107.0,138.0,448.0,79.0,123.0,114.0,534.0,5.0,4.0,138269.0,8.0,18.0,9.0,24.0,428.93,45.82,42.07,46.07,42.28,379.0,209.0,219.0,807.0,39.0,51.0,5.0,433.0,99.0,56.0,12.74,12.04,21.04,13.0,10.0,16.0,816.63,588.0,591.71,7.58,11.63,11.89,41.51,41.65,39.11,365.27,35.73,33.98,35.63,33.93,335.0,171.0,234.0,740.0,29.0,39.0,3.0,392.0,78.0,36.0,11.04,9.9,14.79,9.0,10.0,10.0,738.53,506.0,504.34,5.05,7.75,7.75,33.03,33.1,32.23,113.63,113.03,2217.0,2380.0,0.0,0.0,0.0,0.0,0.0,0.0,regular
8478508,2025,Yakov Trenin,MIN,C,all,57,45283.0,874.0,7.65,0.44,0.53,0.4,0.51,0.41,0.51,452.0,79.16,8.72,5.92,18.19,2.79,39.25,31.14,8.46,8.8,8.54,9.0,3.0,59.0,47.0,23.0,129.0,16.0,4.0,9.0,0.0,11.0,0.0,36.0,46.0,55.0,102.0,11.0,25.0,40.0,282.0,17.0,39.0,69.0,23.0,14.0,2.45,2.68,3.59,3.0,1.0,0.0,131.28,106.0,107.81,17.0,1.27,2.18,2.23,7.75,7.79,7.72,874.0,57.0,128.0,118.0,571.0,138.0,156.0,104.0,476.0,40.0,62.0,164078.0,25.0,19.0,8.0,30.0,318.75,30.39,29.35,30.87,29.82,283.0,149.0,158.0,590.0,33.0,36.0,3.0,311.0,79.0,42.0,9.2,9.36,11.81,17.0,12.0,4.0,601.96,432.0,439.57,4.54,8.63,8.63,26.29,26.7,26.38,445.65,38.51,36.98,38.33,36.81,404.0,206.0,274.0,884.0,31.0,59.0,5.0,481.0,93.0,36.0,13.56,11.89,13.06,12.0,8.0,11.0,875.0,610.0,603.08,6.75,11.69,11.7,33.56,33.36,32.71,146.36,129.15,2795.0,2698.0,0.0,0.0,0.0,0.0,0.0,0.0,regular
8474567,2025,Zach Bogosian,MIN,D,all,24,21505.0,426.0,3.94,0.47,0.52,0.45,0.5,0.44,0.51,133.0,19.55,0.73,1.07,5.74,0.7,11.32,8.44,0.71,0.75,0.73,2.0,1.0,20.0,8.0,15.0,43.0,4.0,1.0,4.0,0.0,3.0,0.0,10.0,10.0,19.0,27.0,3.0,6.0,0.0,20.0,5.0,12.0,27.0,1.0,0.0,0.54,0.18,0.0,1.0,0.0,0.0,44.32,28.0,28.79,12.0,0.22,1.15,0.03,0.91,0.94,0.93,426.0,26.0,32.0,48.0,320.0,43.0,83.0,45.0,255.0,0.0,1.0,66803.0,6.0,4.0,2.0,23.0,163.08,15.33,14.64,15.79,15.09,144.0,78.0,88.0,310.0,17.0,17.0,0.0,164.0,41.0,17.0,4.82,4.74,5.78,9.0,5.0,3.0,323.25,222.0,230.04,2.21,3.52,3.52,14.03,14.44,13.91,203.81,17.6,16.62,17.05,16.13,184.0,99.0,100.0,383.0,12.0,25.0,1.0,224.0,40.0,19.0,6.46,5.11,6.03,3.0,5.0,4.0,374.05,283.0,275.27,3.11,4.75,4.75,15.97,15.54,15.25,55.45,50.69,1098.0,1113.0,0.0,0.0,0.0,0.0,0.0,0.0,regular
8483686,2025,Adam Engstrom,MTL,D,all,11,8276.0,182.0,1.32,0.42,0.49,0.5,0.44,0.49,0.45,62.0,8.33,0.32,0.42,2.39,0.27,4.8,3.8,0.31,0.32,0.31,0.0,0.0,7.0,5.0,7.0,19.0,0.0,0.0,0.0,0.0,2.0,0.0,6.0,4.0,7.0,12.0,3.0,6.0,0.0,4.0,2.0,6.0,12.0,0.0,0.0,0.32,0.0,0.0,0.0,0.0,0.0,19.62,12.0,12.21,5.0,0.09,0.0,0.05,0.36,0.35,0.35,182.0,24.0,7.0,16.0,135.0,19.0,32.0,7.0,124.0,0.0,0.0,32004.0,6.0,2.0,1.0,5.0,59.13,4.54,4.43,4.59,4.49,47.0,36.0,32.0,115.0,6.0,4.0,0.0,72.0,6.0,5.0,2.61,0.75,1.17,6.0,0.0,0.0,117.87,83.0,84.25,0.78,0.36,0.36,4.96,5.02,4.97,62.91,6.31,6.09,6.17,5.96,55.0,30.0,29.0,114.0,3.0,9.0,0.0,61.0,14.0,10.0,1.8,1.63,2.86,2.0,0.0,1.0,112.25,85.0,83.64,0.91,1.57,1.57,5.64,5.52,5.49,30.29,31.87,469.0,588.0,0.0,0.0,0.0,0.0,0.0,0.0,regular
8481618,2025,Alex Newhook,MTL,C,all,17,14934.0,316.0,9.75,0.38,0.53,0.41,0.49,0.41,0.51,109.0,24.7,3.16,1.52,4.94,0.73,11.43,10.22,3.08,3.22,3.13,4.0,2.0,24.0,8.0,9.0,41.0,12.0,6.0,2.0,1.0,3.0,0.0,8.0,13.0,18.0,26.0,4.0,8.0,37.0,26.0,1.0,4.0,18.0,12.0,2.0,0.71,1.6,0.85,0.0,4.0,2.0,41.37,32.0,32.55,2.0,0.34,0.67,0.74,2.76,2.78,2.75,316.0,37.0,29.0,45.0,205.0,33.0,44.0,50.0,189.0,37.0,52.0,47365.0,8.0,12.0,6.0,5.0,98.05,8.78,8.53,8.86,8.61,93.0,41.0,50.0,184.0,19.0,9.0,3.0,93.0,36.0,5.0,2.69,4.31,1.79,3.0,12.0,4.0,185.34,134.0,135.02,1.29,1.62,1.62,8.45,8.51,8.37,142.95,14.18,13.42,14.21,13.46,127.0,67.0,66.0,260.0,16.0,21.0,1.0,140.0,40.0,14.0,3.73,4.96,5.48,5.0,6.0,5.0,259.04,194.0,193.21,2.31,3.86,3.86,12.63,12.7,12.21,39.38,34.46,711.0,727.0,0.0,0.0,0.0,0.0,0.0,0.0,regular
8478851,2025,Alexandre Carrier,MTL,D,all,56,65884.0,1316.0,17.68,0.38,0.55,0.4,0.52,0.41,0.54,216.0,53.81,2.51,3.01,15.14,1.85,30.92,23.57,2.44,2.46,2.4,6.0,6.0,47.0,30.0,35.0,112.0,18.0,6.0,4.0,0.0,15.0,0.0,23.0,29.0,41.0,71.0,11.0,22.0,0.0,26.0,23.0,43.0,70.0,5.0,2.0,1.47,0.52,0.51,4.0,1.0,1.0,110.95,77.0,76.09,29.0,0.61,1.2,0.35,2.77,2.74,2.68,1316.0,75.0,235.0,188.0,818.0,161.0,130.0,170.0,855.0,0.0,0.0,139665.0,22.0,16.0,8.0,124.0,443.19,43.94,41.73,44.04,41.83,401.0,213.0,239.0,853.0,49.0,40.0,4.0,466.0,99.0,49.0,14.91,12.33,16.71,18.0,17.0,14.0,853.19,614.0,614.02,5.96,7.49,7.55,42.35,42.53,41.06,664.93,71.83,66.89,71.92,66.96,582.0,307.0,381.0,1270.0,82.0,89.0,9.0,602.0,205.0,82.0,18.3,24.4,29.12,27.0,33.0,22.0,1269.6,889.0,888.03,11.22,17.33,17.33,65.72,65.73,62.19,129.19,105.86,2273.0,2058.0,0.0,0.0,0.0,0.0,0.0,0.0,regular
8480074,2025,Alexandre Texier,MTL,L,all,38,31542.0,656.0,19.6,0.5,0.49,0.53,0.48,0.53,0.49,293.0,62.4,5.63,3.89,14.78,2.1,33.56,25.04,5.42,5.65,5.43,5.0,6.0,58.0,27.0,26.0,111.0,18.0,7.0,2.0,1.0,11.0,0.0,33.0,32.0,51.0,78.0,5.0,10.0,3.0,40.0,5.0,17.0,62.0,17.0,6.0,1.73,2.12,1.78,1.0,5.0,1.0,110.88,85.0,84.32,6.0,0.81,0.24,1.37,5.07,5.07,4.92,656.0,81.0,60.0,124.0,391.0,113.0,98.0,74.0,371.0,3.0,13.0,107700.0,10.0,14.0,6.0,13.0,272.36,23.25,22.43,23.29,22.47,237.0,139.0,157.0,533.0,26.0,28.0,3.0,280.0,73.0,23.0,8.17,8.73,6.34,8.0,15.0,3.0,533.22,376.0,374.99,3.93,4.69,4.69,22.49,22.46,21.99,246.54,22.99,22.06,22.97,22.03,206.0,126.0,133.0,465.0,16.0,31.0,1.0,236.0,73.0,23.0,7.57,9.08,6.34,8.0,3.0,5.0,465.28,332.0,331.36,3.56,5.45,5.45,21.1,20.98,20.58,92.73,95.97,1599.0,1762.0,0.0,0.0,0.0,0.0,0.0,0.0,regular
8482964,2025,Arber Xhekaj,MTL,D,all,50,34004.0,718.0,0.5,0.41,0.51,0.46,0.49,0.47,0.5,291.0,33.12,1.28,1.76,9.99,1.07,19.61,14.29,1.27,1.26,1.26,1.0,0.0,32.0,16.0,44.0,92.0,2.0,1.0,1.0,0.0,12.0,0.0,18.0,16.0,31.0,47.0,25.0,74.0,0.0,135.0,2.0,27.0,47.0,1.0,0.0,1.1,0.18,0.0,1.0,0.0,0.0,90.91,48.0,47.83,16.0,0.35,0.05,0.0,1.63,1.61,1.6,718.0,48.0,34.0,101.0,535.0,98.0,119.0,86.0,415.0,0.0,0.0,149648.0,74.0,54.0,15.0,33.0,230.65,18.4,17.95,18.35,17.92,196.0,128.0,131.0,455.0,17.0,19.0,1.0,256.0,55.0,13.0,7.97,6.76,3.66,8.0,8.0,1.0,454.69,324.0,323.05,3.01,3.04,2.99,18.42,18.39,18.19,270.05,26.54,25.09,26.74,25.27,235.0,125.0,164.0,524.0,27.0,39.0,4.0,256.0,72.0,32.0,7.73,9.03,9.78,8.0,12.0,7.0,523.26,360.0,361.83,3.71,7.16,7.16,23.09,23.18,22.6,136.56,129.65,2324.0,2450.0,0.0,0.0,0.0,0.0,0.0,0.0,regular
8475848,2025,Brendan Gallagher,MTL,R,all,56,43104.0,937.0,18.07,0.54,0.48,0.53,0.47,0.53,0.49,517.0,102.99,11.77,6.81,24.48,3.54,50.74,37.65,10.91,11.64,10.77,4.0,7.0,94.0,41.0,40.0,175.0,16.0,5.0,14.0,1.0,11.0,2.0,50.0,53.0,89.0,130.0,12.0,24.0,6.0,66.0,9.0,25.0,92.0,26.0,17.0,3.13,3.23,5.4,2.0,1.0,2.0,174.97,135.0,134.35,6.0,1.49,3.52,4.34,8.91,8.82,8.6,937.0,123.0,87.0,143.0,584.0,146.0,135.0,151.0,505.0,6.0,4.0,162445.0,24.0,22.0,11.0,12.0,384.66,36.7,34.49,36.59,34.38,365.0,166.0,215.0,746.0,34.0,37.0,5.0,407.0,80.0,44.0,12.11,9.45,15.13,14.0,12.0,8.0,745.54,531.0,530.54,5.53,9.16,9.53,32.7,32.67,31.56,344.12,31.63,29.94,31.73,30.0,294.0,171.0,194.0,659.0,31.0,44.0,4.0,346.0,84.0,35.0,11.19,10.21,10.22,12.0,12.0,7.0,657.95,465.0,464.87,4.73,8.34,8.34,28.02,28.06,27.29,136.43,146.06,2380.0,2669.0,0.0,0.0,0.0,0.0,0.0,0.0,regular
8481540,2025,Cole Caufield,MTL,R,all,56,61352.0,1163.0,59.91,0.64,0.42,0.6,0.43,0.63,0.44,186.0,196.93,23.1,13.99,41.8,6.63,102.39,73.09,22.18,23.17,22.24,15.0,10.0,166.0,95.0,49.0,310.0,57.0,32.0,22.0,5.0,32.0,1.0,94.0,80.0,134.0,229.0,7.0,14.0,6.0,41.0,19.0,36.0,170.0,72.0,19.0,6.33,8.7,8.07,12.0,12.0,8.0,311.06,261.0,261.17,8.0,3.29,5.41,5.16,21.23,21.23,20.8,1163.0,246.0,92.0,259.0,566.0,153.0,142.0,188.0,680.0,6.0,10.0,144197.0,14.0,18.0,9.0,14.0,654.69,74.28,69.77,74.71,70.15,553.0,331.0,282.0,1166.0,86.0,80.0,13.0,601.0,207.0,76.0,19.21,24.63,30.45,22.0,36.0,28.0,1171.17,884.0,887.34,11.04,18.18,18.92,66.41,66.65,64.35,388.57,41.73,40.06,41.98,40.29,335.0,188.0,240.0,763.0,34.0,29.0,2.0,365.0,114.0,44.0,11.49,13.41,16.83,12.0,10.0,12.0,768.39,523.0,525.73,5.07,5.91,6.06,40.74,40.96,39.81,98.85,135.96,1960.0,2565.0,0.0,0.0,0.0,0.0,0.0,0.0,regular
8484403,2025,Florian Xhekaj,MTL,L,all,5,2879.0,63.0,-0.05,0.42,0.47,0.38,0.42,0.36,0.42,59.0,3.61,0.28,0.24,0.95,0.12,1.98,1.43,0.28,0.29,0.29,1.0,0.0,4.0,1.0,3.0,8.0,1.0,0.0,0.0,0.0,0.0,0.0,3.0,2.0,4.0,5.0,2.0,7.0,0.0,9.0,0.0,4.0,3.0,2.0,0.0,0.07,0.21,0.0,0.0,0.0,0.0,8.49,5.0,5.17,1.0,0.05,0.0,0.0,0.33,0.35,0.35,63.0,8.0,6.0,17.0,32.0,9.0,7.0,10.0,37.0,0.0,0.0,15121.0,7.0,5.0,1.0,4.0,12.84,0.92,0.9,0.97,0.95,13.0,5.0,11.0,29.0,1.0,0.0,0.0,13.0,5.0,0.0,0.38,0.54,0.0,1.0,0.0,0.0,30.11,18.0,18.61,0.18,0.0,0.0,1.09,1.15,1.13,22.72,1.28,1.27,1.3,1.28,19.0,13.0,16.0,48.0,2.0,2.0,1.0,29.0,3.0,0.0,0.96,0.31,0.0,0.0,2.0,0.0,46.95,32.0,32.11,0.31,0.15,0.15,1.44,1.45,1.44,13.76,15.66,206.0,290.0,0.0,0.0,0.0,0.0,0.0,0.0,regular
8484984,2025,Ivan Demidov,MTL,R,all,56,51823.0,1010.0,33.47,0.59,0.46,0.55,0.46,0.57,0.47,347.0,96.86,8.8,6.65,21.3,3.14,52.64,37.45,8.5,8.78,8.47,20.0,14.0,81.0,49.0,55.0,185.0,46.0,12.0,7.0,0.0,16.0,1.0,43.0,51.0,69.0,118.0,12.0,24.0,0.0,23.0,17.0,52.0,88.0,37.0,5.0,3.3,3.89,1.61,4.0,6.0,2.0,184.32,130.0,129.27,16.0,1.52,1.64,0.92,9.41,9.39,9.16,1010.0,203.0,50.0,126.0,631.0,115.0,148.0,171.0,576.0,0.0,0.0,153726.0,24.0,16.0,8.0,21.0,484.16,52.77,50.53,52.8,50.56,406.0,246.0,219.0,871.0,76.0,39.0,11.0,445.0,161.0,46.0,14.69,18.9,19.18,26.0,24.0,26.0,870.4,652.0,651.45,8.04,9.62,9.98,50.84,50.88,49.42,368.96,37.24,35.43,37.37,35.55,339.0,161.0,211.0,711.0,43.0,40.0,3.0,356.0,106.0,38.0,10.12,12.91,14.21,17.0,17.0,9.0,710.26,500.0,499.77,4.8,6.57,6.57,35.47,35.54,34.33,120.36,140.44,2255.0,2617.0,0.0,0.0,0.0,0.0,0.0,0.0,regular
8478133,2025,Jake Evans,MTL,C,all,42,38333.0,811.0,10.79,0.35,0.54,0.39,0.51,0.38,0.52,245.0,51.16,6.99,3.52,10.37,1.83,25.07,23.22,6.65,6.99,6.65,1.0,5.0,45.0,26.0,24.0,95.0,13.0,7.0,3.0,0.0,6.0,0.0,27.0,28.0,38.0,64.0,4.0,8.0,294.0,48.0,9.0,34.0,43.0,18.0,10.0,1.58,2.18,3.23,3.0,1.0,3.0,95.12,71.0,70.96,17.0,0.75,0.45,1.49,6.25,6.31,6.2,811.0,39.0,207.0,137.0,428.0,112.0,75.0,120.0,504.0,294.0,237.0,115531.0,8.0,14.0,7.0,32.0,227.51,22.52,21.63,22.49,21.61,208.0,112.0,142.0,462.0,16.0,21.0,0.0,244.0,52.0,24.0,7.53,6.36,8.63,7.0,4.0,5.0,464.49,320.0,321.61,2.94,2.98,2.98,22.47,22.48,21.92,392.2,41.97,39.28,42.26,39.54,339.0,191.0,204.0,734.0,49.0,53.0,7.0,368.0,112.0,50.0,10.34,13.63,18.01,15.0,17.0,17.0,737.19,530.0,532.21,6.99,11.01,11.01,37.95,38.15,36.58,107.48,89.96,1835.0,1761.0,0.0,0.0,0.0,0.0,0.0,0.0,regular
8483728,2025,Jared Davidson,MTL,C,all,10,5230.0,118.0,-0.34,0.47,0.49,0.47,0.5,0.46,0.51,117.0,9.68,1.13,0.61,2.22,0.36,4.88,3.79,1.07,1.1,1.04,0.0,1.0,9.0,4.0,6.0,19.0,1.0,0.0,0.0,0.0,3.0,0.0,8.0,2.0,9.0,13.0,5.0,10.0,0.0,18.0,1.0,5.0,9.0,2.0,2.0,0.33,0.21,0.6,0.0,0.0,0.0,18.16,13.0,12.38,1.0,0.13,0.0,0.6,0.66,0.65,0.64,118.0,12.0,8.0,17.0,81.0,22.0,28.0,16.0,52.0,0.0,1.0,31670.0,10.0,4.0,2.0,1.0,36.16,2.88,2.8,2.78,2.7,33.0,18.0,25.0,76.0,2.0,4.0,0.0,43.0,5.0,3.0,1.4,0.68,0.8,1.0,0.0,1.0,74.08,51.0,49.36,0.46,0.76,0.76,2.59,2.51,2.48,43.33,3.19,3.15,3.24,3.2,32.0,28.0,27.0,87.0,6.0,3.0,1.0,49.0,10.0,1.0,1.52,1.26,0.41,1.0,5.0,0.0,88.64,60.0,61.12,0.53,0.37,0.37,3.35,3.42,3.39,30.22,31.34,515.0,519.0,0.0,0.0,0.0,0.0,0.0,0.0,regular
8481593,2025,Jayden Struble,MTL,D,all,38,32181.0,646.0,4.25,0.47,0.5,0.49,0.49,0.49,0.51,193.0,20.97,0.94,1.07,6.1,0.67,12.21,9.02,0.91,0.93,0.9,3.0,4.0,12.0,18.0,29.0,59.0,7.0,0.0,1.0,0.0,1.0,0.0,12.0,16.0,12.0,30.0,10.0,26.0,0.0,71.0,6.0,38.0,28.0,2.0,0.0,0.73,0.21,0.0,0.0,0.0,0.0,58.81,30.0,30.07,28.0,0.22,0.27,0.07,1.08,1.07,1.04,646.0,68.0,35.0,92.0,451.0,76.0,107.0,85.0,378.0,0.0,0.0,107194.0,26.0,14.0,4.0,17.0,236.01,19.85,19.26,19.84,19.24,192.0,134.0,127.0,453.0,19.0,22.0,1.0,248.0,61.0,17.0,8.12,7.22,4.52,8.0,9.0,2.0,454.39,326.0,326.04,3.14,3.85,3.85,19.14,19.07,18.8,247.88,22.67,21.6,23.1,22.0,227.0,108.0,133.0,468.0,22.0,35.0,3.0,240.0,71.0,24.0,7.13,8.87,6.68,6.0,13.0,3.0,474.58,335.0,338.23,3.35,6.41,6.41,19.6,19.98,19.62,96.18,95.91,1686.0,1730.0,0.0,0.0,0.0,0.0,0.0,0.0,regular
8480813,2025,Joe Veleno,MTL,C,all,48,35236.0,760.0,4.11,0.44,0.5,0.43,0.49,0.42,0.51,438.0,45.41,4.72,3.18,10.75,1.66,23.91,18.78,4.66,4.7,4.64,0.0,2.0,44.0,19.0,17.0,80.0,4.0,2.0,7.0,0.0,12.0,0.0,18.0,24.0,42.0,61.0,6.0,15.0,148.0,114.0,7.0,14.0,46.0,13.0,4.0,1.79,1.38,1.55,1.0,1.0,0.0,79.7,63.0,62.65,3.0,0.67,0.77,0.47,4.92,4.9,4.85,760.0,92.0,115.0,102.0,451.0,98.0,126.0,95.0,441.0,148.0,142.0,140773.0,15.0,15.0,6.0,24.0,218.49,21.49,20.3,21.42,20.24,196.0,108.0,140.0,444.0,16.0,19.0,1.0,235.0,46.0,23.0,7.45,5.39,8.65,8.0,3.0,5.0,440.04,304.0,301.63,2.89,3.77,3.77,20.61,20.6,19.67,304.42,27.84,26.66,27.78,26.6,269.0,145.0,181.0,595.0,28.0,39.0,7.0,306.0,77.0,31.0,8.76,9.27,9.82,6.0,15.0,7.0,594.57,414.0,413.36,4.8,7.0,7.0,25.65,25.69,25.08,127.56,127.55,2232.0,2293.0,0.0,0.0,0.0,0.0,0.0,0.0,regular
8476981,2025,Josh Anderson,MTL,R,all,50,43157.0,928.0,14.11,0.36,0.53,0.41,0.5,0.39,0.52,364.0,63.73,8.36,4.02,13.25,2.2,33.19,27.97,8.31,8.35,8.3,3.0,3.0,60.0,29.0,26.0,115.0,17.0,11.0,8.0,0.0,13.0,0.0,25.0,32.0,49.0,78.0,18.0,42.0,20.0,94.0,6.0,32.0,57.0,22.0,10.0,2.11,2.66,3.59,4.0,4.0,3.0,115.59,89.0,88.99,6.0,0.86,1.47,0.72,8.5,8.48,8.46,928.0,54.0,198.0,149.0,527.0,140.0,117.0,135.0,536.0,20.0,9.0,140572.0,42.0,40.0,17.0,30.0,268.47,26.2,25.5,26.34,25.65,243.0,134.0,179.0,556.0,24.0,19.0,1.0,283.0,65.0,29.0,8.35,7.75,10.1,8.0,9.0,7.0,558.38,377.0,378.69,3.51,3.32,3.32,26.39,26.56,26.24,433.02,46.92,43.64,47.14,43.82,367.0,220.0,226.0,813.0,54.0,59.0,6.0,401.0,127.0,59.0,11.91,15.17,19.84,18.0,20.0,16.0,812.55,587.0,587.8,7.29,11.71,11.71,42.5,42.65,40.35,127.39,114.89,2203.0,2183.0,0.0,0.0,0.0,0.0,0.0,0.0,regular
8482749,2025,Joshua Roy,MTL,R,all,3,1762.0,37.0,0.35,0.48,0.42,0.56,0.44,0.55,0.46,33.0,2.77,0.1,0.15,0.7,0.12,1.68,1.26,0.1,0.1,0.1,0.0,0.0,2.0,2.0,2.0,6.0,0.0,0.0,0.0,0.0,1.0,0.0,3.0,0.0,2.0,4.0,1.0,2.0,0.0,6.0,0.0,3.0,4.0,0.0,0.0,0.1,0.0,0.0,0.0,0.0,0.0,5.77,4.0,3.94,1.0,0.03,0.0,0.0,0.13,0.13,0.13,37.0,4.0,5.0,9.0,19.0,8.0,2.0,6.0,21.0,0.0,0.0,9398.0,2.0,0.0,0.0,0.0,13.47,1.0,0.92,1.02,0.93,15.0,3.0,10.0,28.0,1.0,1.0,0.0,15.0,2.0,1.0,0.41,0.32,0.27,0.0,1.0,0.0,27.61,18.0,17.81,0.18,0.27,0.27,0.91,0.93,0.91,10.94,1.09,1.07,1.09,1.07,12.0,3.0,7.0,22.0,1.0,3.0,0.0,11.0,2.0,2.0,0.22,0.33,0.54,0.0,1.0,0.0,22.55,15.0,15.39,0.14,0.49,0.49,0.74,0.77,0.77,7.21,9.97,135.0,170.0,0.0,0.0,0.0,0.0,0.0,0.0,regular
8483515,2025,Juraj Slafkovsk,MTL,L,all,56,60762.0,1122.0,40.63,0.6,0.44,0.56,0.45,0.58,0.46,187.0,142.86,20.41,10.01,31.04,4.87,73.65,52.02,19.08,20.49,19.15,15.0,8.0,117.0,75.0,58.0,250.0,44.0,21.0,13.0,1.0,21.0,0.0,62.0,75.0,96.0,171.0,16.0,32.0,15.0,83.0,8.0,44.0,118.0,52.0,22.0,4.18,6.24,10.0,4.0,8.0,9.0,251.38,192.0,192.93,8.0,2.38,2.58,3.13,19.67,19.73,18.59,1122.0,236.0,94.0,179.0,613.0,150.0,159.0,190.0,623.0,15.0,30.0,144787.0,32.0,24.0,12.0,51.0,612.98,72.46,68.18,72.67,68.37,519.0,312.0,271.0,1102.0,81.0,66.0,8.0,587.0,168.0,76.0,19.06,19.55,33.85,30.0,19.0,32.0,1107.53,831.0,834.86,10.28,14.37,14.0,68.74,68.93,66.34,443.85,48.2,45.89,48.28,45.98,399.0,197.0,270.0,866.0,42.0,45.0,2.0,416.0,125.0,55.0,12.82,15.37,20.01,16.0,13.0,13.0,865.83,596.0,597.1,5.99,9.89,9.89,44.29,44.38,42.98,100.66,129.48,2024.0,2462.0,0.0,0.0,0.0,0.0,0.0,0.0,regular
8482087,2025,Kaiden Guhle,MTL,D,all,16,17882.0,339.0,1.63,0.41,0.54,0.42,0.53,0.43,0.55,66.0,16.61,0.55,0.9,4.63,0.52,10.08,7.32,0.54,0.55,0.55,1.0,2.0,15.0,9.0,17.0,41.0,4.0,1.0,0.0,0.0,2.0,0.0,8.0,13.0,14.0,23.0,5.0,13.0,0.0,34.0,10.0,17.0,23.0,1.0,0.0,0.4,0.15,0.0,1.0,0.0,0.0,41.15,24.0,24.22,12.0,0.18,0.0,0.0,0.72,0.73,0.73,339.0,16.0,41.0,40.0,242.0,45.0,48.0,41.0,205.0,0.0,0.0,40709.0,13.0,13.0,5.0,21.0,115.52,10.41,10.2,10.44,10.22,104.0,53.0,64.0,221.0,9.0,9.0,2.0,116.0,32.0,9.0,3.65,3.84,2.93,2.0,2.0,5.0,223.3,157.0,157.18,1.47,2.04,1.68,10.21,10.28,10.21,155.24,15.3,14.62,15.11,14.44,140.0,70.0,93.0,303.0,15.0,15.0,2.0,152.0,40.0,18.0,4.53,4.73,6.04,8.0,2.0,5.0,299.51,210.0,207.26,2.19,3.74,3.74,13.76,13.61,13.42,38.62,33.46,696.0,619.0,0.0,0.0,0.0,0.0,0.0,0.0,regular
8481523,2025,Kirby Dach,MTL,C,all,22,18539.0,391.0,10.09,0.5,0.49,0.51,0.49,0.53,0.49,164.0,38.24,3.79,3.02,8.82,1.38,20.36,14.63,3.66,3.81,3.69,1.0,3.0,32.0,20.0,11.0,63.0,11.0,7.0,5.0,1.0,7.0,0.0,19.0,14.0,25.0,45.0,10.0,23.0,47.0,28.0,10.0,11.0,38.0,9.0,5.0,1.19,1.12,1.48,3.0,3.0,1.0,62.61,52.0,51.79,4.0,0.65,0.77,0.63,3.8,3.86,3.76,391.0,45.0,31.0,74.0,241.0,65.0,55.0,74.0,197.0,47.0,63.0,62156.0,23.0,21.0,9.0,21.0,148.32,12.42,12.04,12.41,12.04,141.0,64.0,80.0,285.0,17.0,11.0,2.0,160.0,33.0,12.0,4.87,4.0,3.55,8.0,6.0,3.0,284.8,205.0,204.49,2.12,2.05,2.05,12.48,12.51,12.23,133.16,12.26,11.77,12.37,11.89,110.0,69.0,92.0,271.0,16.0,12.0,1.0,129.0,38.0,12.0,4.22,4.55,3.5,8.0,6.0,2.0,272.79,179.0,180.85,1.79,2.56,2.56,11.49,11.67,11.43,51.81,54.18,934.0,989.0,0.0,0.0,0.0,0.0,0.0,0.0,regular
8483457,2025,Lane Hutson,MTL,D,all,56,79813.0,1387.0,54.85,0.6,0.43,0.57,0.43,0.58,0.45,118.0,86.68,6.65,5.51,22.46,3.02,47.77,33.59,6.21,6.66,6.22,24.0,24.0,90.0,29.0,90.0,209.0,57.0,9.0,7.0,0.0,27.0,1.0,31.0,44.0,81.0,110.0,12.0,24.0,0.0,23.0,26.0,58.0,99.0,15.0,5.0,3.11,1.87,1.66,4.0,3.0,2.0,208.11,119.0,118.44,34.0,1.26,1.78,0.89,7.02,7.04,6.73,1387.0,224.0,86.0,200.0,877.0,117.0,187.0,217.0,866.0,0.0,0.0,125736.0,24.0,22.0,12.0,88.0,737.59,81.19,77.06,81.61,77.45,636.0,365.0,374.0,1375.0,103.0,78.0,11.0,705.0,209.0,87.0,23.26,24.39,33.55,33.0,37.0,33.0,1380.59,1001.0,1004.45,11.92,15.65,15.57,77.55,77.92,75.76,536.84,55.04,52.58,55.54,53.05,470.0,256.0,312.0,1038.0,54.0,57.0,6.0,514.0,152.0,60.0,15.89,18.12,21.03,21.0,18.0,15.0,1043.7,726.0,729.53,7.16,10.38,10.38,51.81,52.24,50.77,91.93,122.64,1751.0,2290.0,0.0,0.0,0.0,0.0,0.0,0.0,regular
8476875,2025,Mike Matheson,MTL,D,all,53,78988.0,1379.0,26.1,0.42,0.54,0.41,0.54,0.42,0.55,85.0,81.93,5.41,4.6,22.74,2.74,46.47,36.03,4.9,5.4,4.89,10.0,13.0,76.0,42.0,76.0,194.0,28.0,5.0,8.0,0.0,15.0,0.0,41.0,49.0,71.0,113.0,11.0,22.0,0.0,34.0,20.0,61.0,107.0,7.0,4.0,2.48,0.94,1.99,4.0,1.0,0.0,194.61,118.0,118.79,46.0,0.97,1.74,0.42,5.96,5.96,5.45,1379.0,102.0,268.0,263.0,746.0,169.0,103.0,218.0,889.0,0.0,0.0,115761.0,22.0,20.0,10.0,112.0,586.92,59.89,56.72,60.2,57.0,538.0,262.0,284.0,1084.0,63.0,55.0,5.0,567.0,175.0,58.0,17.74,21.04,21.1,27.0,25.0,11.0,1087.78,800.0,803.46,7.78,10.67,10.67,57.0,57.2,55.01,818.01,82.52,77.66,82.37,77.51,714.0,390.0,455.0,1559.0,85.0,93.0,10.0,775.0,236.0,93.0,23.04,28.49,30.98,26.0,35.0,24.0,1556.83,1104.0,1102.24,13.88,18.16,18.16,78.24,78.18,74.62,104.65,88.82,1875.0,1629.0,0.0,0.0,0.0,0.0,0.0,0.0,regular
8480018,2025,Nick Suzuki,MTL,C,all,56,69838.0,1257.0,62.23,0.62,0.41,0.57,0.44,0.6,0.44,67.0,154.43,20.44,10.99,33.33,5.24,80.17,57.83,19.15,20.7,19.41,30.0,17.0,118.0,90.0,50.0,258.0,65.0,18.0,20.0,5.0,33.0,0.0,70.0,67.0,100.0,190.0,5.0,10.0,486.0,44.0,19.0,49.0,136.0,44.0,28.0,4.4,4.87,11.16,2.0,7.0,9.0,260.96,208.0,210.15,11.0,2.62,2.71,6.09,16.97,17.15,16.36,1257.0,211.0,169.0,264.0,613.0,162.0,150.0,206.0,739.0,486.0,498.0,135711.0,10.0,16.0,8.0,47.0,718.7,87.75,82.1,88.34,82.63,605.0,366.0,312.0,1283.0,98.0,88.0,13.0,654.0,218.0,99.0,20.56,25.7,41.49,24.0,40.0,34.0,1290.09,971.0,975.72,11.94,20.24,20.24,79.46,79.86,76.52,479.22,53.34,50.23,53.45,50.34,414.0,231.0,316.0,961.0,44.0,47.0,2.0,444.0,138.0,63.0,13.92,16.11,23.31,15.0,15.0,14.0,963.67,645.0,645.86,7.0,8.86,9.0,51.34,51.42,49.03,85.37,124.34,1843.0,2367.0,0.0,0.0,0.0,0.0,0.0,0.0,regular
8480865,2025,Noah Dobson,MTL,D,all,56,76452.0,1477.0,36.18,0.5,0.49,0.48,0.48,0.51,0.49,145.0,121.0,6.8,7.38,32.34,4.09,73.27,49.12,6.61,6.76,6.56,13.0,13.0,113.0,60.0,79.0,252.0,36.0,10.0,13.0,0.0,18.0,0.0,81.0,51.0,103.0,163.0,15.0,28.0,0.0,37.0,23.0,66.0,156.0,13.0,4.0,3.7,1.46,1.64,8.0,2.0,0.0,251.52,173.0,173.16,48.0,1.67,4.25,0.45,8.02,7.99,7.78,1477.0,160.0,189.0,261.0,867.0,156.0,167.0,205.0,949.0,0.0,0.0,129097.0,28.0,20.0,9.0,138.0,663.75,68.95,65.02,69.37,65.4,594.0,315.0,329.0,1238.0,72.0,65.0,10.0,656.0,183.0,70.0,20.71,21.7,26.55,31.0,26.0,15.0,1242.79,909.0,912.91,9.74,16.06,16.87,61.82,62.11,59.9,654.55,68.59,65.11,68.43,64.97,578.0,308.0,431.0,1317.0,67.0,66.0,3.0,618.0,194.0,74.0,18.5,23.73,26.36,23.0,26.0,18.0,1312.35,886.0,885.19,10.22,13.62,13.62,65.19,65.16,62.89,104.17,109.09,1888.0,2011.0,0.0,0.0,0.0,0.0,0.0,0.0,regular
8482775,2025,Oliver Kapanen,MTL,C,all,56,50568.0,1079.0,23.88,0.46,0.5,0.42,0.5,0.45,0.51,373.0,105.46,12.8,7.28,23.15,3.57,53.28,40.92,12.4,12.85,12.45,8.0,5.0,98.0,43.0,24.0,165.0,30.0,17.0,11.0,4.0,19.0,0.0,41.0,53.0,81.0,124.0,9.0,18.0,251.0,20.0,11.0,23.0,90.0,40.0,11.0,3.63,4.93,4.24,7.0,5.0,5.0,166.65,141.0,141.81,9.0,1.6,1.71,2.75,11.65,11.73,11.55,1079.0,153.0,112.0,128.0,686.0,121.0,163.0,151.0,644.0,251.0,273.0,154981.0,18.0,12.0,6.0,55.0,376.02,39.85,37.79,39.88,37.81,325.0,188.0,164.0,677.0,47.0,32.0,6.0,366.0,109.0,38.0,12.47,12.71,14.67,21.0,12.0,14.0,677.95,513.0,512.83,5.24,6.58,6.95,38.14,38.2,37.01,473.13,46.52,44.41,46.56,44.45,434.0,202.0,280.0,916.0,50.0,58.0,3.0,439.0,149.0,48.0,12.58,18.36,15.58,19.0,19.0,12.0,913.48,636.0,634.48,7.36,10.96,10.81,43.07,43.12,41.9,133.28,131.16,2449.0,2412.0,0.0,0.0,0.0,0.0,0.0,0.0,regular
8483424,2025,Owen Beck,MTL,C,all,15,8270.0,186.0,3.21,0.49,0.52,0.52,0.49,0.54,0.5,174.0,14.22,1.63,1.01,3.46,0.44,7.33,5.13,1.54,1.69,1.6,0.0,0.0,11.0,8.0,6.0,25.0,1.0,1.0,1.0,0.0,2.0,0.0,8.0,7.0,10.0,18.0,3.0,6.0,44.0,24.0,2.0,10.0,13.0,3.0,3.0,0.42,0.31,0.9,1.0,0.0,0.0,25.94,19.0,19.61,3.0,0.22,0.32,0.56,1.28,1.3,1.28,186.0,26.0,10.0,28.0,122.0,27.0,28.0,22.0,109.0,44.0,31.0,46426.0,6.0,6.0,3.0,8.0,62.32,4.96,4.79,5.01,4.83,57.0,30.0,35.0,122.0,5.0,5.0,0.0,69.0,14.0,4.0,2.11,1.66,1.19,3.0,2.0,0.0,124.72,87.0,88.74,0.82,0.91,0.91,4.87,4.88,4.8,55.57,5.26,5.11,5.22,5.08,50.0,23.0,39.0,112.0,1.0,3.0,0.0,56.0,7.0,10.0,1.9,0.76,2.6,0.0,1.0,0.0,110.23,73.0,72.03,0.69,0.57,0.57,5.38,5.34,5.21,45.81,42.37,747.0,789.0,0.0,0.0,0.0,0.0,0.0,0.0,regular
8479339,2025,Patrik Laine,MTL,L,all,5,3782.0,73.0,-0.34,0.33,0.56,0.49,0.52,0.45,0.53,55.0,8.53,0.43,0.52,2.05,0.29,5.6,3.11,0.42,0.43,0.42,1.0,0.0,6.0,6.0,8.0,20.0,1.0,0.0,0.0,0.0,3.0,0.0,4.0,5.0,6.0,12.0,1.0,2.0,2.0,2.0,0.0,2.0,11.0,1.0,0.0,0.35,0.08,0.0,0.0,0.0,0.0,20.53,12.0,11.99,0.0,0.12,0.0,0.0,0.56,0.55,0.54,73.0,5.0,6.0,7.0,55.0,13.0,7.0,9.0,44.0,2.0,1.0,14720.0,2.0,2.0,1.0,0.0,21.42,1.6,1.58,1.57,1.56,15.0,15.0,26.0,56.0,1.0,0.0,0.0,23.0,7.0,0.0,0.67,0.92,0.0,0.0,1.0,0.0,57.36,30.0,30.09,0.38,0.0,0.0,1.97,1.95,1.93,28.09,3.22,3.2,3.19,3.17,25.0,12.0,21.0,58.0,4.0,3.0,0.0,30.0,4.0,3.0,0.92,0.36,1.93,1.0,1.0,2.0,56.86,37.0,36.28,0.32,0.31,0.31,3.22,3.21,3.21,13.05,10.39,222.0,206.0,0.0,0.0,0.0,0.0,0.0,0.0,regular
8476479,2025,Phillip Danault,MTL,C,all,50,48479.0,1015.0,17.56,0.4,0.54,0.48,0.54,0.47,0.54,299.0,71.71,6.04,5.35,17.29,2.53,37.62,28.18,5.83,6.0,5.8,9.0,2.0,70.0,27.0,35.0,132.0,13.0,2.0,6.0,1.0,18.0,0.0,42.0,29.0,68.0,95.0,10.0,20.0,393.0,39.0,7.0,40.0,71.0,19.0,7.0,1.87,2.23,1.93,1.0,0.0,1.0,132.82,97.0,97.15,20.0,1.19,0.7,1.55,5.67,5.7,5.65,1015.0,118.0,204.0,160.0,533.0,134.0,111.0,145.0,625.0,393.0,322.0,135548.0,20.0,28.0,14.0,29.0,372.3,30.54,29.46,30.64,29.57,346.0,169.0,242.0,757.0,31.0,26.0,2.0,408.0,76.0,31.0,11.13,9.28,10.14,15.0,12.0,4.0,755.52,515.0,514.04,5.44,4.94,4.94,31.04,31.14,30.34,435.89,45.11,42.79,45.03,42.7,376.0,212.0,242.0,830.0,48.0,56.0,8.0,406.0,125.0,57.0,12.32,15.06,17.73,16.0,17.0,15.0,827.09,588.0,588.25,6.98,10.45,10.45,41.64,41.57,40.3,120.11,101.61,2281.0,1979.0,0.0,0.0,0.0,0.0,0.0,0.0,regular
8478104,2025,Sammy Blais,MTL,L,all,21,10616.0,244.0,7.04,0.5,0.47,0.47,0.47,0.52,0.48,245.0,16.78,2.17,1.34,3.86,0.59,8.75,6.28,2.07,2.21,2.11,3.0,2.0,18.0,5.0,5.0,28.0,8.0,3.0,5.0,1.0,5.0,0.0,4.0,6.0,15.0,20.0,5.0,10.0,1.0,78.0,4.0,2.0,12.0,10.0,1.0,0.55,1.29,0.33,1.0,2.0,0.0,28.08,23.0,23.15,2.0,0.29,1.07,0.71,1.75,1.76,1.74,244.0,23.0,19.0,43.0,159.0,33.0,34.0,40.0,137.0,1.0,2.0,66550.0,10.0,8.0,4.0,12.0,78.84,7.11,6.89,7.2,6.97,77.0,30.0,31.0,138.0,8.0,9.0,2.0,78.0,22.0,7.0,2.42,2.62,2.07,3.0,4.0,1.0,138.69,107.0,107.54,1.09,1.77,2.06,6.15,6.22,6.12,73.63,7.03,6.72,7.05,6.74,69.0,30.0,54.0,153.0,6.0,5.0,1.0,74.0,14.0,11.0,2.36,1.53,3.14,3.0,1.0,2.0,155.12,99.0,99.16,0.99,0.76,1.37,6.65,6.64,6.42,54.59,62.17,1030.0,1183.0,0.0,0.0,0.0,0.0,0.0,0.0,regular
8482737,2025,Zachary Bolduc,MTL,R,all,56,45592.0,914.0,21.88,0.58,0.47,0.55,0.47,0.56,0.48,456.0,96.63,11.9,6.93,22.13,3.45,52.82,37.76,10.75,12.14,10.98,7.0,5.0,77.0,58.0,39.0,174.0,22.0,10.0,9.0,2.0,23.0,0.0,40.0,53.0,67.0,125.0,11.0,22.0,18.0,113.0,11.0,44.0,90.0,31.0,14.0,3.2,3.85,4.86,1.0,4.0,5.0,177.04,135.0,137.22,16.0,1.58,1.79,2.31,11.18,11.38,11.03,914.0,152.0,84.0,151.0,527.0,138.0,133.0,157.0,486.0,18.0,17.0,159957.0,22.0,32.0,16.0,30.0,412.33,42.1,39.78,42.31,39.98,352.0,214.0,209.0,775.0,38.0,43.0,6.0,414.0,108.0,44.0,12.95,13.11,16.04,12.0,13.0,13.0,776.53,566.0,567.22,6.54,9.18,9.18,39.46,39.69,38.56,325.18,30.67,29.52,30.8,29.64,289.0,149.0,209.0,647.0,38.0,40.0,2.0,314.0,84.0,40.0,9.37,10.62,10.67,15.0,16.0,7.0,649.4,438.0,440.02,4.35,7.15,7.15,27.86,28.01,27.53,131.03,147.01,2351.0,2681.0,0.0,0.0,0.0,0.0,0.0,0.0,regular
8481065,2025,Angus Crookshank,NJD,C,all,8,4131.0,90.0,-0.21,0.26,0.51,0.39,0.53,0.39,0.51,91.0,4.78,0.32,0.4,1.23,0.14,2.38,1.52,0.32,0.31,0.31,0.0,0.0,4.0,2.0,3.0,9.0,1.0,1.0,0.0,0.0,0.0,0.0,1.0,4.0,3.0,5.0,2.0,4.0,1.0,5.0,0.0,2.0,5.0,0.0,1.0,0.12,0.0,0.2,0.0,0.0,1.0,8.67,6.0,5.81,1.0,0.09,0.0,0.0,0.42,0.4,0.4,90.0,11.0,10.0,6.0,63.0,10.0,14.0,11.0,55.0,1.0,2.0,24969.0,4.0,2.0,1.0,7.0,26.68,1.27,1.25,1.24,1.22,18.0,16.0,16.0,50.0,2.0,1.0,0.0,31.0,2.0,1.0,0.84,0.23,0.2,1.0,0.0,1.0,48.94,34.0,33.25,0.33,0.04,0.04,1.55,1.52,1.51,41.2,3.57,3.36,3.62,3.41,36.0,18.0,24.0,78.0,1.0,6.0,0.0,38.0,12.0,4.0,0.91,1.5,1.15,0.0,1.0,0.0,79.07,54.0,55.62,0.54,1.17,1.17,2.94,3.0,2.94,23.34,22.65,440.0,397.0,0.0,0.0,0.0,0.0,0.0,0.0,regular
8481721,2025,Arseny Gritsyuk,NJD,R,all,51,46282.0,968.0,36.96,0.55,0.47,0.61,0.48,0.61,0.48,330.0,118.18,8.75,7.59,31.39,4.12,65.33,46.81,8.16,8.72,8.13,10.0,4.0,114.0,50.0,47.0,211.0,23.0,9.0,12.0,0.0,23.0,0.0,62.0,58.0,105.0,155.0,9.0,18.0,4.0,49.0,15.0,35.0,136.0,22.0,6.0,3.73,2.82,2.19,2.0,5.0,2.0,208.2,164.0,163.11,7.0,1.65,2.26,1.46,8.94,8.93,8.77,968.0,119.0,94.0,157.0,598.0,165.0,123.0,135.0,545.0,4.0,8.0,139175.0,18.0,16.0,8.0,15.0,494.4,42.19,39.89,42.28,39.99,450.0,232.0,256.0,938.0,39.0,51.0,2.0,535.0,108.0,39.0,16.08,13.18,12.93,18.0,13.0,8.0,932.74,682.0,681.29,7.39,9.25,9.14,40.43,40.57,39.15,319.42,34.13,32.67,34.21,32.75,293.0,145.0,166.0,604.0,35.0,43.0,9.0,328.0,64.0,46.0,9.8,8.15,16.18,15.0,8.0,12.0,611.29,438.0,441.68,4.57,8.74,8.74,29.97,30.18,29.43,108.39,121.49,2187.0,2359.0,0.0,0.0,0.0,0.0,0.0,0.0,regular
8475455,2025,Brenden Dillon,NJD,D,all,55,59363.0,1217.0,12.08,0.42,0.52,0.44,0.54,0.44,0.54,243.0,41.07,1.06,2.02,11.63,1.38,24.24,18.67,1.04,1.09,1.06,3.0,6.0,39.0,20.0,32.0,91.0,12.0,3.0,4.0,0.0,9.0,0.0,15.0,28.0,36.0,56.0,16.0,41.0,0.0,140.0,9.0,31.0,59.0,0.0,0.0,1.06,0.0,0.0,3.0,0.0,0.0,91.15,59.0,59.46,17.0,0.4,0.72,0.04,1.41,1.44,1.41,1217.0,95.0,233.0,155.0,734.0,145.0,160.0,170.0,742.0,0.0,0.0,140794.0,41.0,27.0,9.0,73.0,436.62,38.3,37.0,38.57,37.29,403.0,196.0,237.0,836.0,35.0,44.0,1.0,453.0,106.0,40.0,12.27,13.48,12.55,13.0,14.0,8.0,837.01,599.0,601.69,5.85,8.73,8.73,35.41,35.61,35.15,559.94,53.65,50.5,53.45,50.33,508.0,260.0,304.0,1072.0,66.0,67.0,13.0,577.0,135.0,56.0,17.66,16.4,19.59,36.0,15.0,15.0,1075.1,768.0,769.16,9.76,15.16,15.16,48.24,48.14,46.63,125.87,114.5,2527.0,2133.0,0.0,0.0,0.0,0.0,0.0,0.0,regular
8477488,2025,Brett Pesce,NJD,D,all,31,37946.0,730.0,11.22,0.43,0.53,0.45,0.54,0.45,0.54,87.0,39.47,2.02,2.29,11.78,1.39,22.4,16.12,1.98,2.03,1.98,3.0,2.0,39.0,17.0,21.0,77.0,6.0,1.0,5.0,0.0,11.0,0.0,21.0,18.0,38.0,55.0,3.0,6.0,0.0,11.0,12.0,16.0,49.0,7.0,0.0,1.1,0.93,0.0,1.0,0.0,0.0,77.82,56.0,56.68,14.0,0.47,0.92,0.61,1.88,1.89,1.86,730.0,91.0,130.0,116.0,393.0,79.0,92.0,91.0,468.0,0.0,0.0,74655.0,6.0,8.0,4.0,69.0,289.6,26.15,25.35,26.47,25.65,265.0,134.0,150.0,549.0,17.0,32.0,1.0,304.0,68.0,27.0,9.43,8.89,7.84,9.0,5.0,3.0,556.33,399.0,404.18,4.07,5.35,5.25,24.97,25.23,24.78,358.57,35.19,33.07,35.14,33.01,321.0,169.0,187.0,677.0,31.0,53.0,8.0,352.0,92.0,46.0,9.93,11.26,14.01,7.0,15.0,9.0,677.15,490.0,490.32,6.3,12.01,12.01,29.48,29.44,28.59,66.22,59.13,1340.0,1132.0,0.0,0.0,0.0,0.0,0.0,0.0,regular
8483531,2025,Brian Halonen,NJD,L,all,9,4051.0,96.0,-0.1,0.34,0.55,0.4,0.49,0.46,0.51,105.0,5.82,0.44,0.43,1.5,0.21,3.3,2.12,0.44,0.45,0.44,0.0,0.0,4.0,4.0,3.0,11.0,1.0,1.0,0.0,0.0,1.0,0.0,3.0,3.0,3.0,7.0,1.0,5.0,0.0,18.0,2.0,2.0,6.0,2.0,0.0,0.21,0.23,0.0,1.0,0.0,0.0,11.12,8.0,8.25,0.0,0.09,0.0,0.04,0.49,0.5,0.5,96.0,18.0,8.0,15.0,55.0,13.0,15.0,10.0,58.0,0.0,0.0,28462.0,5.0,5.0,1.0,2.0,22.12,1.26,1.25,1.26,1.25,23.0,7.0,12.0,42.0,2.0,1.0,0.0,26.0,4.0,0.0,0.72,0.54,0.0,2.0,0.0,0.0,43.37,30.0,31.18,0.29,0.04,0.04,1.51,1.52,1.51,26.47,2.46,2.42,2.48,2.43,20.0,15.0,29.0,64.0,3.0,2.0,0.0,24.0,8.0,3.0,0.69,1.07,0.71,2.0,0.0,1.0,63.61,35.0,34.56,0.36,0.43,0.43,2.39,2.39,2.35,27.8,22.84,512.0,525.0,0.0,0.0,0.0,0.0,0.0,0.0,regular
8479996,2025,Cody Glass,NJD,C,all,43,35184.0,816.0,23.29,0.51,0.48,0.52,0.52,0.51,0.51,335.0,73.8,9.4,5.3,16.18,2.37,37.87,26.87,9.1,9.49,9.2,4.0,2.0,75.0,23.0,22.0,120.0,19.0,13.0,7.0,2.0,19.0,0.0,31.0,28.0,62.0,85.0,10.0,23.0,285.0,30.0,2.0,22.0,56.0,31.0,11.0,2.16,3.43,3.81,4.0,7.0,2.0,120.97,98.0,99.1,8.0,1.15,1.41,3.16,7.39,7.5,7.45,816.0,100.0,108.0,142.0,466.0,116.0,90.0,102.0,508.0,285.0,254.0,121318.0,23.0,29.0,13.0,26.0,288.56,25.61,24.81,25.86,25.07,274.0,120.0,160.0,554.0,30.0,24.0,2.0,300.0,71.0,23.0,8.6,8.55,8.46,13.0,12.0,5.0,556.41,394.0,397.75,4.05,5.8,5.8,23.86,24.13,23.77,273.0,24.78,24.01,24.88,24.11,253.0,121.0,144.0,518.0,26.0,28.0,4.0,278.0,70.0,26.0,8.62,8.83,7.33,11.0,10.0,5.0,522.5,374.0,375.52,4.17,5.35,5.35,23.59,23.76,23.33,101.48,107.87,2047.0,1926.0,0.0,0.0,0.0,0.0,0.0,0.0,regular
8478841,2025,Colton White,NJD,D,all,23,16913.0,391.0,3.15,0.48,0.49,0.47,0.52,0.48,0.51,137.0,12.53,0.42,0.82,4.08,0.41,7.37,4.89,0.41,0.42,0.4,1.0,3.0,14.0,4.0,14.0,32.0,4.0,0.0,2.0,0.0,5.0,0.0,8.0,3.0,14.0,18.0,1.0,2.0,0.0,23.0,4.0,21.0,18.0,0.0,0.0,0.42,0.0,0.0,0.0,0.0,0.0,31.33,18.0,17.65,17.0,0.17,0.57,0.0,0.59,0.58,0.56,391.0,29.0,36.0,55.0,271.0,44.0,58.0,33.0,256.0,0.0,0.0,67496.0,2.0,4.0,2.0,16.0,119.81,9.42,9.15,9.58,9.31,120.0,43.0,60.0,223.0,10.0,10.0,0.0,121.0,35.0,7.0,3.36,4.18,1.89,2.0,7.0,1.0,222.1,163.0,163.22,1.63,2.03,2.13,8.93,8.99,8.89,128.1,10.04,9.78,10.04,9.79,120.0,58.0,72.0,250.0,8.0,11.0,1.0,141.0,29.0,8.0,3.75,3.58,2.72,5.0,2.0,1.0,252.96,178.0,179.91,1.69,2.43,2.43,9.3,9.31,9.2,62.05,63.35,1198.0,1112.0,0.0,0.0,0.0,0.0,0.0,0.0,regular
8477015,2025,Connor Brown,NJD,R,all,48,47688.0,947.0,18.89,0.42,0.51,0.45,0.54,0.45,0.53,245.0,77.63,10.26,5.55,17.53,2.65,37.75,29.26,9.96,10.39,10.08,6.0,6.0,67.0,36.0,13.0,116.0,22.0,10.0,6.0,0.0,13.0,1.0,32.0,41.0,57.0,93.0,5.0,10.0,5.0,17.0,13.0,32.0,66.0,24.0,13.0,2.06,3.24,4.97,3.0,4.0,3.0,116.63,103.0,103.57,12.0,1.23,1.2,1.85,9.64,9.76,9.55,947.0,91.0,174.0,134.0,548.0,144.0,126.0,133.0,544.0,5.0,14.0,126291.0,10.0,6.0,3.0,26.0,357.48,32.72,31.74,32.74,31.77,321.0,170.0,183.0,674.0,31.0,32.0,2.0,367.0,92.0,32.0,9.74,11.2,11.77,10.0,12.0,9.0,671.06,491.0,490.41,5.27,6.61,6.41,31.58,31.66,31.09,438.88,44.91,42.66,45.03,42.77,404.0,197.0,236.0,837.0,41.0,52.0,10.0,433.0,119.0,49.0,13.32,14.43,17.16,15.0,11.0,15.0,845.55,601.0,605.05,7.67,11.34,11.34,41.23,41.5,40.31,109.33,103.17,2250.0,1945.0,0.0,0.0,0.0,0.0,0.0,0.0,regular
8482110,2025,Dawson Mercer,NJD,C,all,55,60552.0,1218.0,30.79,0.48,0.5,0.52,0.51,0.52,0.5,225.0,123.94,14.28,9.5,27.69,4.21,63.1,46.21,13.68,14.27,13.67,11.0,6.0,105.0,60.0,50.0,215.0,30.0,13.0,12.0,0.0,12.0,1.0,62.0,65.0,92.0,152.0,9.0,21.0,106.0,23.0,20.0,47.0,106.0,43.0,16.0,3.37,5.37,5.55,4.0,2.0,7.0,215.02,165.0,164.49,11.0,2.22,1.92,2.58,13.92,13.89,13.47,1218.0,173.0,160.0,189.0,696.0,150.0,181.0,191.0,696.0,106.0,164.0,139605.0,21.0,21.0,9.0,34.0,546.88,49.32,46.92,49.32,46.92,495.0,254.0,302.0,1051.0,52.0,63.0,4.0,564.0,138.0,47.0,16.91,17.02,15.38,18.0,20.0,14.0,1048.57,749.0,747.41,8.82,9.75,9.75,48.39,48.45,46.73,498.61,53.7,50.82,53.51,50.66,447.0,239.0,277.0,963.0,49.0,47.0,7.0,500.0,121.0,65.0,15.45,15.28,22.98,17.0,13.0,19.0,967.83,686.0,687.37,8.01,11.43,11.43,50.3,50.27,48.58,114.85,114.44,2312.0,2242.0,0.0,0.0,0.0,0.0,0.0,0.0,regular
8479395,2025,Dennis Cholowski,NJD,D,all,15,13016.0,276.0,-0.5,0.46,0.55,0.47,0.55,0.48,0.55,80.0,10.62,0.43,0.57,2.73,0.36,6.07,4.85,0.43,0.43,0.43,0.0,1.0,10.0,5.0,7.0,22.0,1.0,0.0,0.0,0.0,3.0,0.0,8.0,4.0,10.0,15.0,1.0,2.0,0.0,3.0,4.0,15.0,14.0,1.0,0.0,0.31,0.12,0.0,0.0,0.0,0.0,22.13,15.0,15.01,13.0,0.11,0.0,0.0,0.54,0.54,0.54,276.0,21.0,26.0,31.0,198.0,29.0,46.0,24.0,177.0,0.0,0.0,41962.0,2.0,0.0,0.0,15.0,101.72,6.94,6.66,6.92,6.65,90.0,52.0,42.0,184.0,5.0,11.0,0.0,120.0,16.0,6.0,3.38,2.06,1.5,4.0,1.0,0.0,181.27,142.0,140.66,1.36,1.63,1.63,6.66,6.63,6.5,108.78,8.16,8.01,8.27,8.11,95.0,56.0,58.0,209.0,10.0,7.0,2.0,122.0,23.0,6.0,3.82,2.93,1.42,5.0,3.0,2.0,212.92,151.0,153.4,1.47,1.07,1.07,8.56,8.66,8.52,40.68,33.72,759.0,618.0,0.0,0.0,0.0,0.0,0.0,0.0,regular
8476462,2025,Dougie Hamilton,NJD,D,all,50,64895.0,1302.0,32.52,0.55,0.45,0.56,0.48,0.56,0.47,124.0,137.78,7.06,7.9,37.84,4.72,81.87,56.6,6.8,7.01,6.75,8.0,6.0,137.0,59.0,111.0,307.0,21.0,7.0,13.0,0.0,28.0,0.0,80.0,68.0,130.0,189.0,18.0,38.0,0.0,52.0,8.0,74.0,186.0,4.0,6.0,4.46,0.52,2.08,4.0,2.0,1.0,304.38,196.0,194.38,46.0,1.71,2.76,1.13,7.65,7.61,7.4,1302.0,155.0,163.0,243.0,741.0,160.0,203.0,200.0,739.0,0.0,0.0,116377.0,38.0,6.0,3.0,47.0,659.23,61.52,58.78,60.95,58.26,607.0,290.0,345.0,1242.0,49.0,74.0,3.0,672.0,161.0,64.0,20.06,19.71,21.75,20.0,12.0,17.0,1225.75,897.0,888.58,10.48,12.98,12.98,59.01,58.66,57.28,517.22,49.85,47.42,50.11,47.68,463.0,244.0,264.0,971.0,46.0,57.0,5.0,529.0,123.0,55.0,16.22,15.08,18.56,24.0,6.0,16.0,976.74,707.0,711.14,7.91,10.37,10.37,47.39,47.64,46.47,84.84,104.01,1796.0,1962.0,0.0,0.0,0.0,0.0,0.0,0.0,regular
8474149,2025,Evgenii Dadonov,NJD,L,all,16,10446.0,240.0,-0.99,0.38,0.48,0.47,0.51,0.46,0.5,159.0,15.47,1.27,1.15,3.79,0.65,7.34,5.81,1.24,1.25,1.22,0.0,0.0,15.0,5.0,11.0,31.0,0.0,0.0,1.0,0.0,4.0,0.0,7.0,8.0,15.0,20.0,1.0,2.0,0.0,6.0,2.0,10.0,15.0,3.0,2.0,0.36,0.4,0.51,0.0,0.0,0.0,30.69,20.0,19.62,1.0,0.26,0.24,0.2,1.33,1.31,1.28,240.0,32.0,15.0,25.0,168.0,37.0,40.0,23.0,140.0,0.0,1.0,47496.0,2.0,4.0,2.0,11.0,82.02,5.13,5.06,5.05,4.99,71.0,43.0,51.0,165.0,3.0,8.0,0.0,97.0,13.0,4.0,2.56,1.6,0.96,2.0,1.0,0.0,163.56,114.0,112.55,1.21,0.89,0.89,5.44,5.38,5.32,98.36,8.49,8.27,8.35,8.15,84.0,49.0,50.0,183.0,5.0,9.0,3.0,101.0,22.0,10.0,3.26,2.51,2.73,1.0,2.0,2.0,182.57,133.0,133.03,1.3,2.19,2.19,7.6,7.56,7.46,39.02,42.99,760.0,736.0,0.0,0.0,0.0,0.0,0.0,0.0,regular
8481559,2025,Jack Hughes,NJD,C,all,36,45261.0,783.0,42.19,0.6,0.44,0.62,0.46,0.62,0.46,71.0,125.55,12.83,9.39,26.33,4.33,70.51,51.61,12.41,12.98,12.55,15.0,9.0,128.0,47.0,68.0,243.0,36.0,12.0,14.0,0.0,15.0,0.0,69.0,65.0,116.0,163.0,0.0,0.0,56.0,3.0,27.0,66.0,124.0,41.0,10.0,4.79,4.99,3.05,8.0,2.0,2.0,245.6,175.0,177.0,16.0,2.13,2.49,1.48,13.48,13.56,13.24,783.0,138.0,35.0,93.0,517.0,117.0,108.0,146.0,412.0,56.0,107.0,85718.0,0.0,16.0,8.0,17.0,492.79,52.78,48.83,53.18,49.2,462.0,213.0,268.0,943.0,47.0,60.0,1.0,475.0,139.0,61.0,15.63,16.98,20.17,23.0,9.0,15.0,946.04,675.0,678.45,8.86,12.23,12.23,49.41,49.7,47.79,301.96,34.47,33.26,34.53,33.31,269.0,141.0,157.0,567.0,37.0,42.0,9.0,287.0,79.0,44.0,8.63,9.66,16.18,14.0,8.0,15.0,567.51,410.0,410.9,4.43,6.97,6.97,31.93,31.9,31.26,56.32,72.49,1271.0,1518.0,0.0,0.0,0.0,0.0,0.0,0.0,regular
8479407,2025,Jesper Bratt,NJD,L,all,55,62452.0,1231.0,46.58,0.61,0.42,0.62,0.46,0.61,0.46,200.0,134.13,13.67,9.81,31.24,4.7,71.65,50.93,12.94,13.73,13.0,16.0,11.0,120.0,62.0,64.0,246.0,40.0,13.0,19.0,1.0,18.0,0.0,69.0,63.0,107.0,169.0,5.0,10.0,3.0,52.0,18.0,52.0,129.0,36.0,17.0,4.22,4.45,5.0,5.0,3.0,5.0,245.35,182.0,182.12,12.0,2.2,3.56,2.65,13.22,13.28,12.9,1231.0,215.0,113.0,184.0,719.0,134.0,153.0,199.0,745.0,3.0,5.0,137705.0,10.0,18.0,9.0,20.0,709.07,78.76,72.82,78.8,72.86,668.0,300.0,405.0,1373.0,58.0,92.0,5.0,675.0,190.0,103.0,21.68,23.09,33.99,21.0,14.0,23.0,1366.0,968.0,965.13,13.06,19.5,19.7,72.12,72.09,69.02,452.99,50.21,48.11,50.26,48.16,403.0,216.0,205.0,824.0,56.0,52.0,7.0,442.0,123.0,54.0,13.36,15.04,21.81,24.0,11.0,21.0,826.51,619.0,620.6,6.73,9.21,9.21,47.73,47.8,46.54,85.41,117.93,1990.0,2381.0,0.0,0.0,0.0,0.0,0.0,0.0,regular
8480192,2025,Johnathan Kovacevic,NJD,D,all,9,9138.0,185.0,0.5,0.4,0.49,0.43,0.55,0.45,0.53,42.0,8.86,0.58,0.54,2.91,0.33,5.15,3.49,0.5,0.61,0.52,0.0,2.0,10.0,3.0,6.0,19.0,2.0,0.0,1.0,0.0,4.0,0.0,6.0,2.0,10.0,13.0,3.0,9.0,0.0,16.0,1.0,9.0,12.0,0.0,1.0,0.28,0.0,0.3,0.0,0.0,0.0,19.27,13.0,13.36,6.0,0.11,0.03,0.37,0.32,0.34,0.32,185.0,13.0,26.0,21.0,125.0,30.0,27.0,24.0,104.0,0.0,0.0,23304.0,9.0,5.0,1.0,11.0,70.39,5.91,5.7,6.0,5.8,61.0,36.0,32.0,129.0,4.0,10.0,0.0,75.0,15.0,7.0,2.25,1.79,1.86,1.0,3.0,0.0,130.84,97.0,98.0,1.02,1.66,1.66,5.26,5.39,5.31,89.11,8.7,8.34,8.67,8.3,77.0,42.0,52.0,171.0,7.0,13.0,3.0,89.0,17.0,13.0,2.78,2.29,3.63,2.0,1.0,4.0,170.7,119.0,118.99,1.4,3.21,3.21,6.89,6.85,6.68,20.29,21.03,408.0,336.0,0.0,0.0,0.0,0.0,0.0,0.0,regular
8478399,2025,Jonas Siegenthaler,NJD,D,all,55,65561.0,1351.0,9.0,0.44,0.52,0.46,0.54,0.46,0.53,187.0,45.72,2.11,2.4,13.52,1.63,25.24,18.09,2.08,2.11,2.08,2.0,5.0,44.0,19.0,48.0,111.0,7.0,0.0,3.0,0.0,11.0,0.0,24.0,25.0,44.0,63.0,12.0,27.0,0.0,76.0,19.0,72.0,59.0,2.0,2.0,1.22,0.33,0.57,0.0,0.0,0.0,108.57,63.0,62.17,54.0,0.5,0.66,0.58,2.03,2.04,2.01,1351.0,102.0,209.0,255.0,785.0,174.0,206.0,199.0,772.0,0.0,0.0,134596.0,27.0,11.0,4.0,93.0,515.81,44.67,42.84,44.29,42.51,464.0,238.0,262.0,964.0,30.0,59.0,1.0,539.0,117.0,46.0,15.78,14.3,14.59,16.0,8.0,6.0,956.54,702.0,698.67,6.96,10.5,10.5,41.14,41.01,40.36,599.03,56.72,53.3,56.76,53.35,543.0,273.0,328.0,1144.0,54.0,75.0,9.0,601.0,146.0,69.0,18.25,18.32,20.16,23.0,15.0,16.0,1147.42,816.0,816.8,9.53,15.63,15.63,50.62,50.76,48.97,119.49,111.42,2399.0,2061.0,0.0,0.0,0.0,0.0,0.0,0.0,regular
8477996,2025,Juho Lammikko,NJD,C,all,23,13787.0,320.0,-1.04,0.41,0.51,0.42,0.52,0.41,0.52,249.0,16.55,2.36,1.38,3.98,0.69,7.93,5.66,2.32,2.32,2.27,2.0,0.0,15.0,7.0,3.0,25.0,2.0,0.0,2.0,0.0,4.0,0.0,10.0,6.0,15.0,22.0,2.0,4.0,54.0,38.0,2.0,4.0,14.0,4.0,4.0,0.59,0.52,1.26,0.0,0.0,0.0,24.38,22.0,21.55,4.0,0.3,0.64,1.26,1.4,1.33,1.31,320.0,29.0,32.0,50.0,209.0,41.0,57.0,34.0,188.0,54.0,56.0,70184.0,4.0,0.0,0.0,14.0,88.45,6.85,6.59,6.72,6.48,85.0,37.0,50.0,172.0,5.0,10.0,0.0,100.0,13.0,9.0,2.54,1.62,2.69,2.0,2.0,1.0,166.97,122.0,120.1,1.21,2.54,2.54,5.52,5.4,5.35,125.78,10.03,9.67,10.23,9.84,114.0,59.0,65.0,238.0,9.0,14.0,3.0,136.0,28.0,9.0,4.0,3.44,2.59,4.0,5.0,0.0,243.48,173.0,176.4,1.7,3.01,3.01,8.72,8.79,8.67,62.35,59.65,1214.0,1114.0,0.0,0.0,0.0,0.0,0.0,0.0,regular
8484177,2025,Lenni Hameenaho,NJD,R,all,7,5388.0,127.0,4.74,0.54,0.5,0.53,0.53,0.56,0.51,62.0,12.11,0.69,0.65,3.06,0.37,6.2,5.04,0.69,0.72,0.72,2.0,0.0,10.0,6.0,2.0,18.0,4.0,2.0,1.0,0.0,1.0,0.0,8.0,4.0,8.0,14.0,0.0,0.0,0.0,3.0,2.0,6.0,14.0,2.0,0.0,0.45,0.24,0.0,1.0,1.0,0.0,18.6,16.0,16.56,3.0,0.14,0.07,0.0,0.83,0.87,0.87,127.0,12.0,12.0,24.0,79.0,20.0,16.0,17.0,74.0,0.0,1.0,19932.0,0.0,2.0,1.0,5.0,47.94,3.39,3.35,3.5,3.46,46.0,19.0,26.0,91.0,6.0,4.0,0.0,51.0,14.0,0.0,1.62,1.78,0.0,2.0,4.0,0.0,91.44,65.0,65.84,0.67,0.45,0.45,3.61,3.73,3.69,36.74,2.87,2.82,2.88,2.84,37.0,15.0,30.0,82.0,5.0,1.0,1.0,45.0,4.0,3.0,1.44,0.53,0.9,2.0,2.0,1.0,82.24,52.0,52.39,0.48,0.35,0.35,2.99,3.0,2.96,16.0,15.96,328.0,289.0,0.0,0.0,0.0,0.0,0.0,0.0,regular
8476822,2025,Luke Glendening,NJD,C,all,51,30408.0,786.0,-2.53,0.28,0.53,0.33,0.55,0.33,0.54,535.0,31.43,3.33,2.2,7.09,1.0,15.64,11.75,3.23,3.22,3.12,4.0,0.0,30.0,11.0,11.0,52.0,4.0,0.0,2.0,0.0,5.0,0.0,13.0,21.0,30.0,41.0,2.0,4.0,262.0,65.0,6.0,8.0,25.0,13.0,3.0,0.71,1.71,0.9,0.0,0.0,0.0,50.48,41.0,40.16,2.0,0.47,0.34,1.35,2.44,2.38,2.37,786.0,84.0,188.0,94.0,420.0,77.0,116.0,94.0,499.0,262.0,245.0,155271.0,4.0,4.0,2.0,45.0,178.4,12.92,12.47,12.77,12.32,161.0,81.0,95.0,337.0,9.0,17.0,0.0,201.0,28.0,13.0,5.25,3.69,3.97,4.0,3.0,2.0,332.29,242.0,240.21,2.38,3.66,3.65,11.65,11.52,11.38,353.86,33.44,31.29,33.72,31.55,330.0,153.0,189.0,672.0,31.0,52.0,7.0,367.0,73.0,43.0,10.1,8.94,14.39,15.0,8.0,8.0,675.38,483.0,485.3,6.11,12.18,12.18,27.37,27.51,26.47,139.58,124.41,2801.0,2334.0,0.0,0.0,0.0,0.0,0.0,0.0,regular
8482684,2025,Luke Hughes,NJD,D,all,49,67793.0,1264.0,28.25,0.52,0.48,0.55,0.49,0.53,0.5,90.0,106.74,6.16,6.83,29.92,3.5,61.17,42.41,5.92,6.15,5.91,8.0,13.0,104.0,46.0,131.0,281.0,26.0,5.0,9.0,0.0,29.0,1.0,54.0,52.0,99.0,145.0,12.0,24.0,0.0,13.0,18.0,81.0,135.0,11.0,4.0,3.75,1.36,1.05,3.0,1.0,1.0,280.17,150.0,150.23,56.0,1.53,1.52,0.69,7.0,6.99,6.73,1264.0,199.0,191.0,216.0,658.0,141.0,181.0,186.0,756.0,0.0,0.0,110722.0,24.0,16.0,8.0,39.0,631.89,63.21,58.83,63.41,59.02,574.0,280.0,381.0,1235.0,51.0,76.0,4.0,632.0,146.0,76.0,19.14,18.57,25.5,20.0,13.0,18.0,1230.46,854.0,854.48,10.38,16.45,16.45,57.14,57.2,55.13,560.92,59.51,56.91,59.75,57.16,508.0,254.0,261.0,1023.0,57.0,75.0,13.0,534.0,156.0,72.0,15.39,19.69,24.43,17.0,22.0,18.0,1032.96,762.0,765.95,8.98,17.54,17.55,50.94,51.22,49.93,84.1,91.14,1763.0,1857.0,0.0,0.0,0.0,0.0,0.0,0.0,regular
8484958,2025,Maxim Tsyplakov,NJD,R,all,29,16603.0,379.0,1.89,0.49,0.47,0.5,0.49,0.53,0.5,321.0,27.97,1.94,1.82,7.06,1.03,15.04,12.11,1.91,1.98,1.95,1.0,0.0,22.0,17.0,14.0,53.0,2.0,1.0,4.0,0.0,3.0,0.0,12.0,19.0,21.0,38.0,3.0,6.0,9.0,55.0,3.0,16.0,32.0,6.0,1.0,0.89,0.81,0.23,0.0,1.0,0.0,53.92,39.0,39.0,8.0,0.38,0.21,0.24,2.07,2.12,2.1,379.0,40.0,32.0,67.0,240.0,62.0,54.0,50.0,213.0,9.0,10.0,89469.0,6.0,4.0,2.0,4.0,134.61,10.84,10.6,10.98,10.73,113.0,72.0,68.0,253.0,7.0,20.0,0.0,144.0,32.0,9.0,4.13,3.93,2.77,3.0,4.0,0.0,254.5,185.0,184.98,1.9,3.44,3.44,9.3,9.41,9.29,121.41,11.13,10.84,11.18,10.88,100.0,66.0,83.0,249.0,17.0,12.0,3.0,123.0,31.0,12.0,4.1,3.76,3.27,7.0,8.0,2.0,252.04,166.0,167.89,1.81,2.17,2.17,10.76,10.85,10.66,76.1,87.25,1456.0,1490.0,0.0,0.0,0.0,0.0,0.0,0.0,regular
8481594,2025,Nathan Lgar,NJD,R,all,1,495.0,10.0,-0.46,0.11,0.57,0.22,0.53,0.22,0.54,10.0,0.0,0.0,0.0,0.0,0.0,0.0,0.0,0.0,0.0,0.0,0.0,0.0,0.0,0.0,0.0,0.0,0.0,0.0,0.0,0.0,0.0,0.0,0.0,0.0,0.0,0.0,0.0,0.0,0.0,2.0,0.0,0.0,0.0,0.0,0.0,0.0,0.0,0.0,0.0,0.0,0.0,0.0,0.0,0.0,0.0,0.0,0.0,0.0,0.0,0.0,0.0,10.0,2.0,0.0,2.0,6.0,0.0,4.0,2.0,4.0,0.0,1.0,3405.0,0.0,0.0,0.0,1.0,1.55,0.06,0.06,0.06,0.06,1.0,1.0,2.0,4.0,0.0,0.0,0.0,2.0,0.0,0.0,0.06,0.0,0.0,0.0,0.0,0.0,4.41,2.0,2.2,0.01,0.0,0.0,0.07,0.08,0.08,5.33,0.46,0.45,0.42,0.41,7.0,0.0,7.0,14.0,0.0,0.0,0.0,6.0,0.0,1.0,0.16,0.0,0.3,0.0,0.0,0.0,12.64,7.0,6.33,0.06,0.0,0.0,0.52,0.48,0.46,3.32,2.5,62.0,55.0,0.0,0.0,0.0,0.0,0.0,0.0,regular
8480002,2025,Nico Hischier,NJD,C,all,55,69014.0,1329.0,47.83,0.56,0.45,0.57,0.48,0.56,0.48,101.0,153.37,19.51,12.74,32.58,5.25,78.95,54.98,18.58,19.53,18.6,14.0,9.0,144.0,60.0,72.0,276.0,41.0,18.0,30.0,1.0,26.0,0.0,77.0,53.0,126.0,186.0,9.0,21.0,656.0,41.0,21.0,48.0,123.0,55.0,26.0,4.42,6.67,8.42,8.0,2.0,8.0,272.86,204.0,202.78,9.0,3.0,4.75,3.91,18.6,18.6,18.06,1329.0,242.0,219.0,259.0,609.0,136.0,134.0,205.0,854.0,656.0,533.0,131143.0,21.0,33.0,14.0,46.0,711.46,77.72,71.6,77.61,71.51,662.0,300.0,385.0,1347.0,63.0,100.0,6.0,668.0,193.0,101.0,20.05,23.78,33.88,23.0,14.0,26.0,1336.43,962.0,957.83,12.92,19.02,19.03,71.6,71.54,68.4,561.22,61.68,57.88,61.77,58.01,505.0,259.0,268.0,1032.0,59.0,64.0,8.0,540.0,156.0,68.0,16.35,19.91,25.41,24.0,14.0,21.0,1036.64,764.0,766.49,9.19,14.7,14.7,56.17,56.32,54.2,86.45,106.47,2016.0,2173.0,0.0,0.0,0.0,0.0,0.0,0.0,regular
8481032,2025,Paul Cotter,NJD,L,all,52,36043.0,792.0,2.12,0.43,0.5,0.44,0.52,0.44,0.52,473.0,60.96,6.14,4.32,14.09,2.02,30.2,23.23,5.82,6.09,5.78,1.0,4.0,46.0,34.0,24.0,104.0,10.0,5.0,8.0,0.0,6.0,0.0,30.0,31.0,41.0,75.0,7.0,17.0,36.0,138.0,7.0,21.0,52.0,21.0,7.0,1.77,2.57,1.8,0.0,3.0,2.0,103.11,80.0,80.0,5.0,0.94,1.51,1.38,5.69,5.71,5.64,792.0,102.0,70.0,109.0,511.0,111.0,128.0,90.0,463.0,36.0,34.0,153314.0,17.0,27.0,12.0,17.0,253.97,20.68,19.84,20.43,19.61,227.0,118.0,146.0,491.0,14.0,27.0,0.0,268.0,52.0,25.0,6.75,6.61,7.32,4.0,6.0,4.0,486.34,345.0,342.09,3.6,5.4,5.4,18.88,18.73,18.5,317.86,27.53,26.55,27.53,26.53,287.0,147.0,179.0,613.0,27.0,36.0,2.0,327.0,76.0,31.0,9.64,9.09,8.8,15.0,9.0,3.0,618.4,434.0,435.12,4.49,7.91,7.91,24.12,24.04,23.68,133.92,132.89,2681.0,2445.0,0.0,0.0,0.0,0.0,0.0,0.0,regular
8483429,2025,Seamus Casey,NJD,D,all,2,2161.0,48.0,0.1,0.35,0.45,0.53,0.52,0.43,0.5,10.0,4.37,0.14,0.24,1.49,0.15,2.42,1.56,0.13,0.13,0.13,0.0,0.0,4.0,2.0,2.0,8.0,0.0,0.0,0.0,0.0,1.0,0.0,4.0,1.0,4.0,6.0,0.0,0.0,0.0,0.0,2.0,3.0,6.0,0.0,0.0,0.14,0.0,0.0,0.0,0.0,0.0,7.53,6.0,5.75,3.0,0.05,0.0,0.03,0.15,0.15,0.15,48.0,10.0,4.0,7.0,27.0,6.0,7.0,9.0,26.0,0.0,0.0,5039.0,0.0,0.0,0.0,1.0,14.54,0.68,0.67,0.67,0.65,12.0,8.0,14.0,34.0,0.0,1.0,0.0,19.0,1.0,0.0,0.52,0.16,0.0,0.0,0.0,0.0,31.53,20.0,19.13,0.17,0.03,0.03,0.81,0.8,0.78,18.64,1.27,1.26,1.3,1.29,20.0,6.0,4.0,30.0,3.0,1.0,0.0,21.0,4.0,1.0,0.56,0.48,0.23,2.0,0.0,1.0,32.8,26.0,27.26,0.22,0.12,0.12,1.38,1.41,1.39,4.4,5.33,94.0,86.0,0.0,0.0,0.0,0.0,0.0,0.0,regular
8482941,2025,Shane Lachance,NJD,L,all,1,445.0,10.0,-0.39,0.42,0.54,0.25,0.52,0.36,0.53,12.0,0.0,0.0,0.0,0.0,0.0,0.0,0.0,0.0,0.0,0.0,0.0,0.0,0.0,0.0,0.0,0.0,0.0,0.0,0.0,0.0,0.0,0.0,0.0,0.0,0.0,0.0,0.0,0.0,1.0,1.0,0.0,0.0,0.0,0.0,0.0,0.0,0.0,0.0,0.0,0.0,0.0,0.0,0.0,0.0,0.0,0.0,0.0,0.0,0.0,0.0,0.0,10.0,2.0,0.0,2.0,6.0,1.0,3.0,1.0,5.0,1.0,0.0,3455.0,0.0,0.0,0.0,0.0,2.83,0.21,0.21,0.23,0.23,2.0,2.0,0.0,4.0,0.0,0.0,0.0,3.0,1.0,0.0,0.08,0.13,0.0,0.0,0.0,0.0,4.51,4.0,4.49,0.03,0.0,0.0,0.24,0.26,0.26,5.39,0.29,0.28,0.27,0.26,6.0,1.0,5.0,12.0,0.0,1.0,0.0,5.0,2.0,0.0,0.12,0.17,0.0,0.0,0.0,0.0,10.98,7.0,6.44,0.06,0.09,0.09,0.26,0.24,0.24,3.17,2.67,62.0,57.0,0.0,0.0,0.0,0.0,0.0,0.0,regular
8483495,2025,Simon Nemec,NJD,D,all,41,48434.0,920.0,17.68,0.46,0.51,0.51,0.51,0.5,0.52,155.0,66.49,3.4,4.14,17.1,2.23,41.22,28.91,3.3,3.38,3.28,7.0,5.0,65.0,32.0,74.0,171.0,20.0,8.0,3.0,0.0,17.0,0.0,34.0,35.0,57.0,89.0,9.0,18.0,0.0,11.0,16.0,46.0,90.0,5.0,2.0,1.99,0.55,0.86,5.0,3.0,0.0,169.07,97.0,95.68,36.0,0.91,0.25,0.42,3.89,3.87,3.77,920.0,107.0,101.0,112.0,600.0,127.0,134.0,145.0,514.0,0.0,0.0,100777.0,18.0,10.0,5.0,60.0,403.72,33.54,32.4,33.56,32.41,381.0,186.0,256.0,823.0,44.0,34.0,1.0,442.0,93.0,32.0,12.59,11.14,9.8,19.0,18.0,7.0,817.66,567.0,564.61,6.21,5.05,5.05,34.7,34.73,33.91,411.55,39.5,37.96,39.63,38.11,390.0,172.0,239.0,801.0,45.0,45.0,7.0,408.0,113.0,41.0,12.78,14.22,12.5,21.0,15.0,9.0,805.52,562.0,564.01,6.02,8.3,8.3,37.21,37.4,36.29,86.74,82.64,1675.0,1585.0,0.0,0.0,0.0,0.0,0.0,0.0,regular
8476474,2025,Stefan Noesen,NJD,R,all,38,26800.0,623.0,4.89,0.57,0.48,0.55,0.51,0.54,0.5,355.0,55.55,7.97,4.75,13.72,2.39,26.82,18.35,7.33,7.95,7.33,2.0,2.0,52.0,22.0,19.0,93.0,7.0,3.0,13.0,1.0,8.0,0.0,34.0,16.0,49.0,71.0,12.0,33.0,16.0,33.0,3.0,23.0,46.0,16.0,12.0,1.0,2.2,4.77,0.0,2.0,1.0,90.82,74.0,73.02,5.0,1.13,3.02,3.88,5.21,5.16,5.06,623.0,84.0,54.0,104.0,381.0,87.0,77.0,79.0,380.0,16.0,17.0,111815.0,33.0,23.0,7.0,15.0,243.69,25.93,24.04,25.65,23.82,245.0,88.0,131.0,464.0,13.0,40.0,1.0,249.0,48.0,36.0,6.41,6.06,13.46,3.0,4.0,6.0,455.23,333.0,328.9,4.43,9.2,9.2,21.15,20.91,20.41,204.43,19.24,18.52,19.44,18.72,195.0,86.0,100.0,381.0,18.0,27.0,3.0,215.0,41.0,25.0,5.82,5.18,8.25,8.0,6.0,4.0,387.71,281.0,283.81,2.77,5.92,5.92,16.1,16.25,16.02,89.34,98.6,1902.0,1853.0,0.0,0.0,0.0,0.0,0.0,0.0,regular
8478414,2025,Timo Meier,NJD,R,all,50,55876.0,1075.0,36.53,0.54,0.46,0.58,0.48,0.57,0.48,190.0,202.6,21.88,14.76,47.21,7.0,107.51,73.64,19.39,21.8,19.32,8.0,6.0,169.0,103.0,80.0,352.0,28.0,14.0,26.0,3.0,31.0,0.0,100.0,101.0,155.0,258.0,6.0,12.0,46.0,89.0,15.0,45.0,190.0,52.0,30.0,6.07,6.28,9.53,5.0,4.0,5.0,351.24,272.0,271.38,13.0,3.37,5.64,6.58,18.67,18.6,17.51,1075.0,174.0,119.0,198.0,584.0,156.0,136.0,180.0,603.0,46.0,56.0,125981.0,12.0,22.0,11.0,32.0,597.05,58.74,54.22,58.75,54.23,540.0,274.0,330.0,1144.0,46.0,71.0,5.0,597.0,150.0,67.0,17.9,18.62,22.22,18.0,13.0,15.0,1142.81,814.0,814.08,10.07,13.97,14.08,54.72,54.8,52.35,443.25,49.95,47.87,49.95,47.9,399.0,204.0,224.0,827.0,51.0,46.0,6.0,439.0,102.0,62.0,13.73,12.84,23.37,20.0,12.0,19.0,829.23,603.0,603.56,6.45,9.49,9.49,46.91,46.96,45.81,87.72,102.59,1917.0,2081.0,0.0,0.0,0.0,0.0,0.0,0.0,regular
8483841,2025,Xavier Parent,NJD,C,all,5,2572.0,57.0,-1.25,0.27,0.57,0.4,0.52,0.39,0.51,57.0,4.71,0.22,0.3,1.12,0.14,2.4,1.83,0.21,0.22,0.22,0.0,0.0,2.0,4.0,0.0,6.0,0.0,0.0,0.0,0.0,0.0,0.0,1.0,5.0,2.0,6.0,1.0,2.0,0.0,7.0,1.0,1.0,6.0,0.0,0.0,0.22,0.0,0.0,0.0,0.0,0.0,5.86,6.0,5.88,0.0,0.06,0.0,0.0,0.28,0.28,0.28,57.0,5.0,6.0,3.0,43.0,8.0,11.0,8.0,30.0,0.0,0.0,15728.0,2.0,0.0,0.0,1.0,20.06,1.03,1.02,1.01,1.0,14.0,12.0,11.0,37.0,1.0,1.0,0.0,24.0,1.0,1.0,0.71,0.12,0.2,0.0,0.0,1.0,36.23,26.0,25.31,0.27,0.04,0.04,1.26,1.25,1.23,30.51,2.84,2.64,2.9,2.7,27.0,13.0,16.0,56.0,2.0,6.0,0.0,27.0,9.0,4.0,0.6,1.15,1.09,0.0,2.0,0.0,56.19,40.0,40.96,0.43,1.17,1.17,2.1,2.17,2.12,16.68,12.77,265.0,241.0,0.0,0.0,0.0,0.0,0.0,0.0,regular
8479772,2025,Zack MacEwen,NJD,R,all,3,1140.0,26.0,1.03,0.86,0.59,0.77,0.59,0.81,0.62,35.0,5.46,0.57,0.36,1.12,0.18,2.69,2.07,0.55,0.57,0.55,0.0,0.0,4.0,3.0,0.0,7.0,0.0,0.0,0.0,0.0,0.0,0.0,4.0,3.0,4.0,7.0,0.0,0.0,0.0,6.0,1.0,2.0,6.0,0.0,1.0,0.24,0.0,0.33,0.0,0.0,0.0,7.55,7.0,7.45,0.0,0.08,0.0,0.33,0.32,0.33,0.32,26.0,3.0,0.0,0.0,23.0,3.0,5.0,2.0,16.0,0.0,2.0,9945.0,0.0,0.0,0.0,1.0,12.67,0.89,0.86,0.89,0.87,8.0,9.0,6.0,23.0,0.0,2.0,0.0,16.0,0.0,1.0,0.56,0.0,0.33,0.0,0.0,0.0,24.18,17.0,17.63,0.17,0.4,0.4,0.66,0.66,0.66,2.98,0.14,0.14,0.14,0.14,3.0,1.0,3.0,7.0,0.0,0.0,0.0,4.0,0.0,0.0,0.14,0.0,0.0,0.0,0.0,0.0,6.75,4.0,3.93,0.02,0.0,0.0,0.16,0.16,0.16,10.24,7.12,188.0,129.0,0.0,0.0,0.0,0.0,0.0,0.0,regular
8482482,2025,Adam Wilsby,NSH,D,all,41,41907.0,925.0,10.5,0.43,0.51,0.5,0.52,0.48,0.51,194.0,44.21,2.78,2.82,11.81,1.37,25.14,18.09,2.63,2.71,2.57,7.0,2.0,44.0,18.0,32.0,94.0,10.0,1.0,5.0,0.0,15.0,0.0,25.0,16.0,43.0,61.0,12.0,22.0,0.0,16.0,10.0,36.0,52.0,7.0,3.0,1.21,0.9,0.68,1.0,0.0,0.0,91.74,62.0,60.32,27.0,0.58,1.12,0.61,2.75,2.69,2.57,925.0,67.0,98.0,151.0,609.0,112.0,117.0,114.0,582.0,0.0,0.0,107686.0,22.0,4.0,2.0,32.0,324.04,27.94,26.94,27.52,26.54,297.0,144.0,180.0,621.0,24.0,41.0,4.0,342.0,69.0,30.0,9.9,9.22,8.81,13.0,7.0,4.0,610.9,441.0,434.82,4.56,7.7,7.7,24.81,24.51,24.06,357.08,36.47,34.84,36.98,35.31,321.0,164.0,148.0,633.0,34.0,41.0,5.0,350.0,92.0,43.0,10.73,11.36,14.38,15.0,12.0,7.0,642.87,485.0,491.29,5.51,8.77,8.77,33.21,33.6,32.76,99.51,96.57,1802.0,1675.0,0.0,0.0,0.0,0.0,0.0,0.0,regular
8477971,2025,Andreas Englund,NSH,D,all,3,1588.0,38.0,1.1,0.66,0.58,0.7,0.54,0.71,0.54,20.0,1.44,0.07,0.09,0.54,0.05,0.77,0.47,0.07,0.07,0.07,0.0,0.0,2.0,0.0,1.0,3.0,0.0,0.0,0.0,0.0,2.0,0.0,0.0,0.0,2.0,2.0,1.0,2.0,0.0,4.0,0.0,2.0,2.0,0.0,0.0,0.07,0.0,0.0,0.0,0.0,0.0,2.67,2.0,1.84,1.0,0.02,0.0,0.0,0.09,0.09,0.08,38.0,2.0,4.0,8.0,24.0,10.0,2.0,2.0,24.0,0.0,0.0,9227.0,2.0,2.0,1.0,1.0,17.5,1.61,1.58,1.62,1.6,10.0,14.0,7.0,31.0,0.0,2.0,0.0,18.0,3.0,3.0,0.55,0.37,0.69,0.0,0.0,0.0,29.91,24.0,23.17,0.24,0.49,0.49,1.36,1.35,1.34,7.52,0.83,0.81,0.83,0.81,7.0,3.0,3.0,13.0,0.0,2.0,0.0,7.0,1.0,2.0,0.27,0.09,0.47,0.0,0.0,0.0,13.55,10.0,10.12,0.08,0.47,0.47,0.44,0.44,0.44,10.77,7.88,165.0,138.0,0.0,0.0,0.0,0.0,0.0,0.0,regular
8485405,2025,Brady Martin,NSH,C,all,3,2055.0,39.0,0.54,0.59,0.44,0.52,0.49,0.52,0.48,33.0,2.05,0.09,0.11,0.58,0.06,1.29,0.87,0.09,0.08,0.08,1.0,0.0,2.0,1.0,0.0,3.0,1.0,0.0,0.0,0.0,0.0,0.0,2.0,1.0,2.0,3.0,0.0,0.0,5.0,0.0,0.0,4.0,3.0,0.0,0.0,0.09,0.0,0.0,0.0,0.0,0.0,2.68,3.0,2.69,2.0,0.02,0.0,0.0,0.11,0.1,0.1,39.0,11.0,0.0,8.0,20.0,2.0,6.0,6.0,25.0,5.0,11.0,8921.0,0.0,0.0,0.0,2.0,15.93,1.32,1.29,1.28,1.26,11.0,11.0,8.0,30.0,2.0,2.0,0.0,16.0,6.0,0.0,0.59,0.73,0.0,1.0,1.0,0.0,29.42,22.0,21.64,0.25,0.21,0.21,1.36,1.33,1.31,14.74,0.93,0.92,0.99,0.98,18.0,2.0,8.0,28.0,2.0,2.0,1.0,18.0,2.0,0.0,0.59,0.34,0.0,0.0,2.0,0.0,29.29,20.0,20.85,0.18,0.23,0.23,0.88,0.93,0.92,6.59,8.34,145.0,152.0,0.0,0.0,0.0,0.0,0.0,0.0,regular
8476869,2025,Brady Skjei,NSH,D,all,55,74000.0,1483.0,19.6,0.43,0.54,0.47,0.55,0.46,0.53,115.0,88.52,5.3,5.35,23.75,2.98,51.36,38.26,5.05,5.24,5.01,9.0,7.0,84.0,43.0,77.0,204.0,17.0,1.0,12.0,0.0,20.0,0.0,46.0,48.0,83.0,126.0,10.0,22.0,0.0,44.0,16.0,76.0,113.0,9.0,5.0,2.5,1.09,1.71,1.0,0.0,0.0,200.92,127.0,125.12,48.0,1.18,1.76,1.32,5.16,5.1,4.98,1483.0,122.0,252.0,254.0,855.0,166.0,122.0,194.0,1001.0,0.0,0.0,126509.0,22.0,12.0,6.0,51.0,607.04,59.75,56.22,59.44,55.93,554.0,269.0,291.0,1114.0,54.0,74.0,10.0,617.0,133.0,73.0,18.06,16.94,24.76,16.0,18.0,20.0,1098.58,823.0,813.85,9.31,15.58,15.58,53.49,53.21,51.08,710.31,79.31,75.21,80.19,76.03,655.0,309.0,270.0,1234.0,74.0,67.0,13.0,690.0,181.0,93.0,20.27,22.66,36.38,17.0,30.0,27.0,1251.82,964.0,975.41,12.12,16.12,16.12,75.25,75.9,73.53,112.28,96.16,2194.0,1822.0,0.0,0.0,0.0,0.0,0.0,0.0,regular
8482062,2025,Cole Smith,NSH,R,all,36,31278.0,718.0,8.79,0.42,0.51,0.45,0.53,0.45,0.51,253.0,63.42,8.89,5.01,13.35,2.27,30.25,24.22,8.66,8.74,8.51,2.0,1.0,51.0,33.0,18.0,102.0,9.0,6.0,5.0,0.0,9.0,1.0,38.0,25.0,45.0,78.0,14.0,31.0,3.0,107.0,10.0,13.0,47.0,24.0,13.0,1.6,2.8,4.49,1.0,2.0,3.0,100.22,84.0,82.46,3.0,1.09,0.93,1.76,8.23,8.1,7.97,718.0,30.0,159.0,129.0,400.0,103.0,68.0,103.0,444.0,3.0,11.0,99728.0,31.0,13.0,6.0,9.0,225.89,21.07,20.27,20.77,20.01,202.0,106.0,110.0,418.0,16.0,25.0,2.0,228.0,54.0,26.0,6.18,6.43,8.46,5.0,6.0,5.0,410.07,308.0,303.13,3.26,5.06,5.06,19.27,19.01,18.73,276.73,29.28,27.58,29.41,27.71,245.0,127.0,137.0,509.0,31.0,25.0,5.0,264.0,82.0,26.0,7.58,10.45,11.25,9.0,15.0,7.0,515.67,372.0,376.19,4.76,7.03,7.03,27.0,27.12,25.81,93.17,87.89,1764.0,1539.0,0.0,0.0,0.0,0.0,0.0,0.0,regular
8475287,2025,Erik Haula,NSH,L,all,55,54417.0,1210.0,22.34,0.46,0.51,0.49,0.53,0.48,0.52,277.0,105.99,11.05,7.86,24.61,3.71,54.71,42.06,10.51,11.0,10.48,6.0,13.0,86.0,58.0,31.0,175.0,27.0,8.0,13.0,1.0,14.0,0.0,51.0,58.0,78.0,136.0,16.0,32.0,317.0,68.0,12.0,38.0,100.0,30.0,14.0,2.87,3.7,4.47,1.0,5.0,2.0,173.52,144.0,143.34,15.0,1.72,1.97,2.86,9.91,9.91,9.71,1210.0,151.0,146.0,167.0,746.0,109.0,157.0,173.0,771.0,317.0,313.0,146092.0,32.0,10.0,5.0,34.0,469.76,46.25,44.24,45.85,43.87,409.0,231.0,247.0,887.0,39.0,60.0,3.0,489.0,94.0,57.0,14.44,11.8,20.02,18.0,11.0,10.0,875.14,640.0,632.98,7.25,12.05,12.06,41.44,41.13,39.98,518.17,53.59,50.77,54.33,51.48,477.0,225.0,226.0,928.0,54.0,47.0,8.0,507.0,136.0,59.0,15.2,16.51,21.88,18.0,21.0,15.0,946.65,702.0,712.76,8.28,10.93,10.93,50.94,51.62,50.21,125.79,121.88,2421.0,2128.0,0.0,0.0,0.0,0.0,0.0,0.0,regular
8482768,2025,Fedor Svechkov,NSH,C,all,49,35405.0,744.0,13.49,0.51,0.5,0.53,0.52,0.51,0.51,470.0,56.87,6.45,4.15,13.02,1.9,29.65,21.83,6.06,6.34,5.97,3.0,4.0,55.0,22.0,29.0,106.0,9.0,2.0,5.0,1.0,9.0,0.0,33.0,28.0,53.0,75.0,7.0,14.0,159.0,41.0,9.0,28.0,50.0,21.0,6.0,2.06,2.65,1.74,1.0,0.0,1.0,103.51,77.0,75.86,9.0,0.9,1.29,2.08,5.26,5.2,5.11,744.0,83.0,27.0,98.0,536.0,96.0,111.0,103.0,434.0,159.0,197.0,143462.0,14.0,24.0,12.0,20.0,298.22,26.49,25.43,26.4,25.35,268.0,137.0,168.0,573.0,20.0,34.0,5.0,297.0,81.0,27.0,9.03,10.06,7.41,7.0,7.0,6.0,563.22,405.0,398.8,4.39,7.2,7.18,23.7,23.56,23.06,287.95,25.28,24.17,25.67,24.55,271.0,120.0,118.0,509.0,29.0,23.0,6.0,289.0,82.0,20.0,8.73,10.53,6.03,14.0,11.0,4.0,521.47,391.0,399.02,4.18,5.17,5.17,24.3,24.68,24.34,125.86,126.82,2376.0,2210.0,0.0,0.0,0.0,0.0,0.0,0.0,regular
8476887,2025,Filip Forsberg,NSH,L,all,55,62209.0,1222.0,54.62,0.56,0.46,0.6,0.48,0.59,0.46,140.0,191.64,17.23,12.77,46.66,6.44,105.07,71.82,16.42,17.01,16.21,14.0,8.0,166.0,94.0,96.0,356.0,45.0,23.0,17.0,3.0,48.0,1.0,90.0,81.0,143.0,237.0,13.0,26.0,10.0,103.0,37.0,73.0,201.0,37.0,22.0,5.59,4.55,7.1,10.0,4.0,9.0,349.57,260.0,256.46,15.0,2.95,3.08,2.72,17.46,17.29,16.69,1222.0,218.0,103.0,248.0,653.0,145.0,135.0,186.0,756.0,10.0,18.0,138300.0,26.0,36.0,18.0,18.0,674.43,68.83,64.68,68.27,64.14,606.0,318.0,338.0,1262.0,64.0,78.0,8.0,682.0,162.0,80.0,19.95,20.68,28.19,21.0,21.0,22.0,1242.18,924.0,912.89,11.63,15.58,15.58,64.89,64.5,61.93,463.79,53.28,51.27,54.06,52.02,432.0,203.0,191.0,826.0,46.0,44.0,3.0,472.0,98.0,65.0,15.34,12.08,25.86,15.0,15.0,16.0,844.34,635.0,646.73,6.58,10.35,10.1,49.69,50.29,49.17,103.19,122.19,2046.0,2230.0,0.0,0.0,0.0,0.0,0.0,0.0,regular
8483465,2025,Joakim Kemell,NSH,R,all,2,1328.0,28.0,-0.09,0.39,0.53,0.51,0.45,0.47,0.45,23.0,1.5,0.04,0.05,0.38,0.04,0.59,0.9,0.04,0.04,0.04,0.0,0.0,1.0,1.0,3.0,5.0,0.0,0.0,0.0,0.0,0.0,0.0,1.0,1.0,1.0,2.0,0.0,0.0,0.0,4.0,0.0,0.0,2.0,0.0,0.0,0.04,0.0,0.0,0.0,0.0,0.0,5.11,2.0,2.04,0.0,0.01,0.0,0.0,0.05,0.05,0.05,28.0,6.0,4.0,2.0,16.0,4.0,6.0,0.0,18.0,0.0,1.0,5872.0,0.0,0.0,0.0,1.0,9.94,0.42,0.42,0.43,0.43,8.0,6.0,6.0,20.0,0.0,0.0,0.0,14.0,0.0,0.0,0.42,0.0,0.0,0.0,0.0,0.0,20.62,14.0,14.44,0.12,0.0,0.0,0.54,0.56,0.55,11.94,0.66,0.65,0.66,0.66,11.0,5.0,3.0,19.0,0.0,1.0,0.0,13.0,3.0,0.0,0.28,0.37,0.0,0.0,0.0,0.0,18.96,16.0,16.06,0.13,0.15,0.15,0.64,0.64,0.64,5.48,4.93,96.0,119.0,0.0,0.0,0.0,0.0,0.0,0.0,regular
8476539,2025,Jonathan Marchessault,NSH,R,all,36,35448.0,695.0,14.21,0.52,0.49,0.56,0.5,0.54,0.49,183.0,88.06,9.02,6.49,21.59,3.04,47.03,31.84,8.31,8.88,8.18,2.0,3.0,84.0,35.0,47.0,166.0,14.0,9.0,11.0,2.0,16.0,0.0,44.0,39.0,75.0,110.0,4.0,8.0,9.0,50.0,7.0,42.0,90.0,16.0,13.0,2.61,1.82,4.59,2.0,3.0,4.0,163.7,119.0,117.02,13.0,1.51,2.26,3.3,7.23,7.16,6.87,695.0,122.0,52.0,115.0,406.0,71.0,96.0,126.0,402.0,9.0,13.0,96085.0,8.0,18.0,9.0,5.0,352.78,35.46,33.37,35.11,33.04,325.0,158.0,184.0,667.0,31.0,46.0,4.0,354.0,88.0,41.0,10.11,10.88,14.48,10.0,11.0,10.0,657.19,483.0,476.27,6.22,9.97,9.97,31.72,31.43,30.4,299.58,32.52,31.55,33.16,32.15,279.0,129.0,110.0,518.0,37.0,33.0,7.0,297.0,72.0,39.0,8.9,8.94,14.69,12.0,15.0,10.0,531.44,408.0,416.74,4.1,6.72,6.72,29.9,30.4,29.93,76.89,81.42,1484.0,1468.0,0.0,0.0,0.0,0.0,0.0,0.0,regular
8482111,2025,Justin Barron,NSH,D,all,31,25696.0,574.0,7.18,0.52,0.49,0.53,0.52,0.53,0.5,175.0,22.36,1.78,1.6,5.29,0.73,13.32,9.28,1.69,1.73,1.65,1.0,4.0,19.0,13.0,25.0,57.0,5.0,0.0,3.0,0.0,5.0,0.0,16.0,8.0,19.0,32.0,4.0,8.0,0.0,18.0,1.0,37.0,27.0,4.0,1.0,0.82,0.61,0.34,0.0,0.0,0.0,55.84,32.0,30.92,26.0,0.33,0.83,0.5,1.61,1.58,1.55,574.0,48.0,35.0,82.0,409.0,63.0,76.0,65.0,370.0,0.0,0.0,87517.0,8.0,2.0,1.0,32.0,213.29,18.84,18.18,18.56,17.92,178.0,116.0,121.0,415.0,14.0,24.0,2.0,217.0,62.0,15.0,6.38,7.43,5.03,7.0,5.0,2.0,408.59,294.0,289.05,3.05,4.39,4.39,17.51,17.35,17.0,192.56,17.37,16.59,17.74,16.96,181.0,80.0,105.0,366.0,20.0,18.0,4.0,198.0,45.0,18.0,5.78,5.31,6.28,7.0,8.0,5.0,377.24,261.0,267.57,2.75,3.93,3.93,16.19,16.52,15.85,75.46,79.78,1476.0,1356.0,0.0,0.0,0.0,0.0,0.0,0.0,regular
8482146,2025,Luke Evangelista,NSH,R,all,54,54284.0,1026.0,54.89,0.61,0.45,0.64,0.47,0.62,0.46,259.0,136.31,13.33,9.98,32.51,4.9,72.94,50.35,12.51,13.24,12.42,21.0,13.0,118.0,66.0,39.0,223.0,41.0,7.0,18.0,2.0,28.0,0.0,67.0,64.0,111.0,177.0,6.0,12.0,0.0,10.0,18.0,43.0,135.0,29.0,20.0,4.06,3.55,5.72,4.0,2.0,1.0,219.9,184.0,181.77,8.0,2.26,4.72,4.72,10.87,10.81,10.45,1026.0,162.0,69.0,183.0,612.0,156.0,122.0,168.0,580.0,0.0,1.0,142625.0,12.0,36.0,17.0,14.0,605.36,61.98,58.32,61.45,57.83,541.0,282.0,328.0,1151.0,65.0,80.0,9.0,602.0,144.0,77.0,17.76,18.22,26.02,20.0,22.0,23.0,1133.0,823.0,811.51,10.06,15.87,15.87,56.17,55.83,53.45,365.46,40.15,39.27,40.64,39.76,345.0,155.0,155.0,655.0,36.0,31.0,4.0,364.0,88.0,48.0,11.48,10.47,18.2,14.0,10.0,12.0,671.46,500.0,508.8,5.04,6.91,7.15,38.05,38.52,38.06,107.32,132.66,2097.0,2329.0,0.0,0.0,0.0,0.0,0.0,0.0,regular
8484241,2025,Matthew Wood,NSH,R,all,45,32129.0,661.0,18.06,0.52,0.5,0.54,0.52,0.52,0.51,420.0,71.36,9.75,5.24,15.99,2.47,37.09,25.46,8.88,9.74,8.87,6.0,2.0,67.0,29.0,25.0,121.0,17.0,9.0,12.0,1.0,11.0,0.0,32.0,32.0,58.0,87.0,1.0,2.0,12.0,33.0,3.0,25.0,62.0,22.0,12.0,2.1,2.87,4.78,2.0,5.0,2.0,119.16,96.0,95.16,7.0,1.19,2.64,3.37,7.56,7.55,6.9,661.0,120.0,29.0,83.0,429.0,94.0,93.0,119.0,355.0,12.0,18.0,131907.0,2.0,12.0,6.0,17.0,293.41,28.18,26.61,27.97,26.42,269.0,131.0,152.0,552.0,35.0,39.0,8.0,302.0,64.0,34.0,8.76,8.02,11.41,10.0,15.0,10.0,541.51,400.0,394.12,4.7,8.61,8.61,24.27,24.09,23.07,269.68,25.56,24.49,26.27,25.15,247.0,123.0,98.0,468.0,27.0,24.0,3.0,285.0,61.0,24.0,8.43,7.48,9.65,12.0,10.0,5.0,480.52,370.0,378.65,3.65,5.13,5.13,24.08,24.68,24.31,116.5,117.09,2139.0,1992.0,0.0,0.0,0.0,0.0,0.0,0.0,regular
8478047,2025,Michael Bunting,NSH,L,all,55,49102.0,1006.0,34.66,0.54,0.48,0.57,0.5,0.55,0.49,394.0,136.62,14.14,9.71,32.83,4.7,68.68,50.94,13.52,14.05,13.46,15.0,3.0,99.0,82.0,47.0,228.0,30.0,12.0,20.0,0.0,16.0,0.0,58.0,75.0,87.0,169.0,7.0,14.0,8.0,30.0,7.0,39.0,126.0,39.0,16.0,4.03,4.98,5.13,4.0,5.0,3.0,226.41,181.0,179.3,9.0,2.17,4.93,3.71,12.59,12.54,12.26,1006.0,157.0,63.0,127.0,659.0,146.0,136.0,161.0,563.0,8.0,19.0,151407.0,14.0,40.0,20.0,19.0,494.94,47.76,44.9,47.38,44.57,426.0,248.0,273.0,947.0,47.0,70.0,6.0,510.0,107.0,57.0,14.82,13.66,19.27,20.0,16.0,11.0,933.38,674.0,665.4,7.84,14.76,14.76,40.83,40.56,38.95,410.36,39.98,38.62,40.8,39.4,387.0,173.0,161.0,721.0,47.0,34.0,6.0,423.0,94.0,43.0,12.41,11.26,16.31,20.0,15.0,12.0,739.09,560.0,571.23,5.47,6.9,6.9,38.54,39.26,38.76,124.27,135.5,2361.0,2335.0,0.0,0.0,0.0,0.0,0.0,0.0,regular
8477446,2025,Michael McCarron,NSH,C,all,54,46853.0,1068.0,12.1,0.41,0.52,0.43,0.55,0.43,0.53,400.0,88.9,8.93,6.32,20.86,2.91,43.78,35.2,8.55,8.85,8.48,3.0,4.0,79.0,39.0,22.0,140.0,11.0,4.0,13.0,2.0,17.0,0.0,43.0,41.0,75.0,114.0,22.0,59.0,394.0,153.0,16.0,32.0,87.0,19.0,12.0,2.25,2.59,4.09,1.0,1.0,2.0,137.59,118.0,116.54,16.0,1.33,2.26,2.89,7.37,7.29,7.22,1068.0,39.0,240.0,178.0,611.0,157.0,100.0,144.0,667.0,394.0,351.0,150056.0,59.0,51.0,18.0,55.0,323.57,30.17,28.9,29.85,28.61,282.0,159.0,151.0,592.0,18.0,41.0,3.0,344.0,58.0,39.0,9.36,7.31,13.51,9.0,3.0,6.0,579.63,441.0,433.26,4.49,7.68,7.67,26.99,26.73,26.17,434.87,43.5,40.69,43.88,41.03,400.0,188.0,200.0,788.0,49.0,44.0,10.0,427.0,118.0,43.0,11.67,14.89,16.95,17.0,18.0,14.0,797.92,588.0,595.05,7.54,10.12,10.12,40.93,41.16,39.43,139.23,129.42,2663.0,2218.0,0.0,0.0,0.0,0.0,0.0,0.0,regular
8483565,2025,Nick Blankenburg,NSH,D,all,44,47836.0,1002.0,24.78,0.52,0.5,0.55,0.52,0.54,0.51,178.0,67.77,5.24,4.46,18.35,2.2,38.77,25.99,4.73,5.19,4.68,9.0,6.0,54.0,41.0,60.0,155.0,21.0,6.0,10.0,0.0,12.0,0.0,34.0,33.0,48.0,89.0,4.0,10.0,0.0,41.0,15.0,49.0,82.0,8.0,5.0,1.89,1.12,2.23,4.0,1.0,1.0,151.09,95.0,92.79,34.0,1.02,2.11,1.34,4.92,4.87,4.73,1002.0,96.0,72.0,123.0,711.0,120.0,121.0,118.0,643.0,0.0,2.0,112300.0,10.0,12.0,5.0,45.0,441.98,42.43,40.0,42.02,39.62,373.0,232.0,222.0,827.0,36.0,59.0,2.0,450.0,106.0,49.0,13.02,13.67,15.74,15.0,14.0,7.0,811.19,605.0,595.16,7.14,12.72,12.72,36.85,36.56,35.69,380.6,38.55,37.24,39.18,37.85,370.0,155.0,159.0,684.0,41.0,36.0,8.0,405.0,83.0,37.0,12.02,10.52,16.0,18.0,9.0,14.0,703.18,525.0,536.5,5.71,6.96,6.96,37.3,37.81,37.36,98.67,98.99,1852.0,1735.0,0.0,0.0,0.0,0.0,0.0,0.0,regular
8480246,2025,Nick Perbix,NSH,D,all,52,60506.0,1257.0,6.67,0.41,0.54,0.43,0.56,0.41,0.55,172.0,55.75,2.81,3.24,15.64,1.92,31.29,24.1,2.73,2.77,2.69,1.0,4.0,53.0,26.0,52.0,131.0,8.0,3.0,4.0,0.0,15.0,0.0,31.0,26.0,50.0,76.0,7.0,14.0,0.0,24.0,12.0,57.0,73.0,4.0,2.0,1.8,0.46,0.55,2.0,1.0,0.0,128.23,79.0,77.66,41.0,0.67,0.79,0.59,2.9,2.87,2.83,1257.0,97.0,201.0,181.0,778.0,118.0,111.0,170.0,858.0,0.0,0.0,128960.0,14.0,6.0,3.0,54.0,438.24,41.24,39.35,40.93,39.08,405.0,189.0,243.0,837.0,36.0,53.0,5.0,449.0,92.0,53.0,12.71,11.53,17.0,13.0,13.0,10.0,821.51,594.0,585.98,6.14,11.72,11.91,35.45,35.19,34.42,628.51,58.43,55.84,59.2,56.56,568.0,284.0,250.0,1102.0,67.0,59.0,12.0,630.0,164.0,58.0,17.62,20.47,20.32,25.0,24.0,18.0,1117.66,852.0,862.74,10.66,13.86,13.86,55.22,55.73,54.15,121.98,105.63,2311.0,1779.0,0.0,0.0,0.0,0.0,0.0,0.0,regular
8479980,2025,Nicolas Hague,NSH,D,all,41,47558.0,962.0,10.6,0.47,0.51,0.49,0.53,0.47,0.52,144.0,33.91,1.42,1.93,9.97,1.27,19.83,15.58,1.38,1.37,1.33,3.0,6.0,32.0,18.0,43.0,93.0,11.0,2.0,8.0,0.0,13.0,0.0,13.0,14.0,30.0,48.0,14.0,34.0,0.0,54.0,11.0,31.0,49.0,0.0,1.0,1.19,0.0,0.22,2.0,0.0,0.0,90.46,50.0,48.61,22.0,0.39,1.67,0.29,1.52,1.47,1.44,962.0,62.0,103.0,142.0,655.0,123.0,125.0,148.0,566.0,0.0,0.0,101798.0,34.0,16.0,5.0,37.0,375.01,36.28,35.1,35.85,34.7,323.0,189.0,206.0,718.0,30.0,46.0,6.0,381.0,90.0,41.0,11.86,11.25,13.18,15.0,8.0,7.0,702.27,512.0,503.25,5.4,9.66,9.66,32.02,31.72,31.26,430.61,40.21,37.99,40.81,38.58,422.0,166.0,171.0,759.0,51.0,36.0,7.0,438.0,115.0,35.0,13.31,15.1,11.81,22.0,19.0,10.0,778.32,588.0,599.81,6.73,7.4,7.4,39.54,40.16,39.03,92.41,89.0,1711.0,1507.0,0.0,0.0,0.0,0.0,0.0,0.0,regular
8482103,2025,Ozzy Wiesblatt,NSH,C,all,29,18199.0,414.0,3.16,0.45,0.49,0.47,0.55,0.46,0.52,306.0,26.04,2.77,1.85,5.65,0.86,14.01,10.87,2.7,2.78,2.71,2.0,1.0,24.0,12.0,14.0,50.0,4.0,1.0,3.0,0.0,5.0,0.0,10.0,17.0,23.0,35.0,13.0,32.0,0.0,73.0,6.0,13.0,25.0,7.0,4.0,0.7,0.87,1.2,0.0,0.0,1.0,48.67,36.0,35.31,1.0,0.38,0.73,0.9,2.25,2.23,2.22,414.0,26.0,62.0,77.0,249.0,62.0,46.0,54.0,252.0,0.0,4.0,87643.0,32.0,20.0,7.0,14.0,127.67,11.5,11.16,11.45,11.1,113.0,60.0,72.0,245.0,10.0,18.0,3.0,129.0,30.0,14.0,3.91,3.52,4.07,3.0,3.0,4.0,239.67,173.0,169.77,1.83,3.61,3.61,9.72,9.62,9.51,153.03,14.05,13.42,14.46,13.79,137.0,70.0,67.0,274.0,19.0,15.0,6.0,153.0,41.0,13.0,3.82,5.31,4.91,9.0,4.0,6.0,283.26,207.0,213.48,2.35,3.55,3.55,12.85,13.16,12.91,76.91,79.35,1532.0,1256.0,0.0,0.0,0.0,0.0,0.0,0.0,regular
8483513,2025,Reid Schaefer,NSH,L,all,25,15757.0,370.0,3.34,0.46,0.49,0.45,0.51,0.46,0.5,268.0,26.47,2.52,2.2,6.27,0.92,14.83,10.27,2.46,2.51,2.46,1.0,1.0,22.0,15.0,13.0,50.0,6.0,4.0,3.0,0.0,4.0,0.0,14.0,12.0,18.0,33.0,5.0,13.0,0.0,63.0,3.0,11.0,28.0,7.0,2.0,0.93,1.05,0.54,2.0,1.0,1.0,50.2,37.0,37.13,5.0,0.47,0.88,0.53,2.46,2.46,2.44,370.0,28.0,46.0,71.0,225.0,55.0,45.0,44.0,226.0,0.0,1.0,75362.0,13.0,15.0,6.0,20.0,113.25,9.28,8.94,9.22,8.89,98.0,56.0,57.0,211.0,5.0,13.0,0.0,119.0,23.0,12.0,3.11,3.01,3.16,3.0,1.0,1.0,209.28,154.0,153.53,1.75,2.56,2.56,8.47,8.46,8.35,132.38,11.01,10.62,11.01,10.61,124.0,59.0,79.0,262.0,14.0,8.0,1.0,144.0,29.0,10.0,4.34,3.75,2.92,8.0,6.0,0.0,261.34,183.0,182.76,1.9,2.12,2.12,10.79,10.74,10.56,69.16,70.77,1247.0,1202.0,0.0,0.0,0.0,0.0,0.0,0.0,regular
8474600,2025,Roman Josi,NSH,D,all,43,62203.0,1137.0,40.95,0.56,0.45,0.56,0.48,0.56,0.47,59.0,115.82,8.82,7.53,30.5,3.69,66.35,45.13,8.51,8.71,8.41,12.0,15.0,116.0,46.0,96.0,258.0,37.0,10.0,14.0,1.0,31.0,0.0,51.0,56.0,106.0,152.0,11.0,22.0,0.0,15.0,18.0,50.0,136.0,18.0,8.0,3.5,2.26,3.05,6.0,1.0,3.0,252.52,162.0,159.02,26.0,1.72,2.78,1.28,9.25,9.15,8.91,1137.0,181.0,97.0,184.0,675.0,85.0,142.0,189.0,721.0,0.0,0.0,94246.0,22.0,22.0,11.0,68.0,633.08,63.95,60.72,63.54,60.35,571.0,293.0,317.0,1181.0,70.0,79.0,8.0,646.0,139.0,79.0,18.5,18.01,27.45,26.0,20.0,24.0,1163.92,864.0,854.58,10.46,14.8,14.61,59.8,59.52,57.45,507.18,51.04,49.24,51.7,49.88,471.0,220.0,224.0,915.0,59.0,39.0,6.0,504.0,133.0,54.0,15.48,16.09,19.47,23.0,24.0,12.0,933.75,691.0,702.34,7.28,9.36,9.36,48.89,49.51,48.67,72.64,89.6,1436.0,1526.0,0.0,0.0,0.0,0.0,0.0,0.0,regular
8475158,2025,Ryan O'Reilly,NSH,C,all,55,66494.0,1312.0,54.85,0.52,0.48,0.56,0.5,0.54,0.49,89.0,113.08,15.67,9.71,23.21,3.8,56.71,39.9,14.7,15.6,14.64,23.0,10.0,100.0,49.0,22.0,171.0,53.0,20.0,10.0,5.0,12.0,0.0,63.0,44.0,80.0,129.0,5.0,10.0,518.0,10.0,37.0,36.0,80.0,51.0,18.0,3.15,6.6,5.92,7.0,9.0,4.0,168.78,149.0,148.03,12.0,2.27,2.83,5.95,11.99,12.02,11.45,1312.0,215.0,147.0,246.0,704.0,130.0,141.0,214.0,827.0,518.0,418.0,134015.0,10.0,10.0,5.0,41.0,659.88,71.64,67.1,71.04,66.55,596.0,306.0,318.0,1220.0,75.0,82.0,10.0,645.0,170.0,87.0,18.65,21.67,31.31,21.0,28.0,26.0,1200.91,902.0,890.83,11.55,17.11,17.13,66.06,65.71,63.0,556.41,65.12,62.57,66.0,63.4,515.0,243.0,194.0,952.0,57.0,55.0,6.0,548.0,128.0,82.0,17.08,15.77,32.27,14.0,18.0,25.0,969.49,758.0,768.64,9.09,12.27,12.27,61.87,62.46,61.03,100.39,110.34,2088.0,2104.0,0.0,0.0,0.0,0.0,0.0,0.0,regular
8474564,2025,Steven Stamkos,NSH,C,all,55,57991.0,1138.0,39.37,0.56,0.46,0.57,0.5,0.56,0.48,223.0,142.07,18.42,10.71,29.78,4.48,77.72,48.89,17.53,18.44,17.56,6.0,8.0,132.0,58.0,70.0,260.0,41.0,27.0,16.0,4.0,23.0,1.0,72.0,51.0,105.0,163.0,15.0,30.0,193.0,61.0,21.0,46.0,126.0,43.0,21.0,4.49,5.62,8.3,6.0,10.0,11.0,258.57,190.0,189.89,18.0,2.52,2.34,2.5,18.43,18.47,17.65,1138.0,237.0,95.0,175.0,631.0,105.0,130.0,190.0,713.0,193.0,151.0,142518.0,30.0,22.0,11.0,21.0,586.98,65.87,61.64,65.72,61.49,515.0,286.0,300.0,1101.0,65.0,77.0,10.0,573.0,147.0,81.0,17.03,18.92,29.93,19.0,21.0,25.0,1089.3,801.0,796.13,10.6,17.12,17.12,59.34,59.27,56.7,460.18,50.99,49.22,51.73,49.92,439.0,193.0,188.0,820.0,53.0,39.0,8.0,468.0,104.0,60.0,14.4,12.72,23.87,15.0,20.0,18.0,839.78,632.0,643.72,6.41,9.37,9.37,47.96,48.57,47.74,106.16,124.48,2207.0,2236.0,0.0,0.0,0.0,0.0,0.0,0.0,regular
8479370,2025,Tyson Jost,NSH,C,all,42,28503.0,630.0,6.43,0.42,0.49,0.47,0.53,0.46,0.51,432.0,49.41,4.28,3.29,11.67,1.61,25.28,19.87,4.18,4.27,4.17,1.0,4.0,46.0,20.0,24.0,90.0,8.0,3.0,8.0,0.0,10.0,0.0,26.0,19.0,43.0,63.0,8.0,16.0,20.0,49.0,12.0,17.0,52.0,10.0,4.0,1.75,1.22,1.31,1.0,2.0,0.0,88.52,66.0,64.94,6.0,0.7,1.26,1.21,3.77,3.75,3.69,630.0,48.0,66.0,81.0,435.0,103.0,87.0,101.0,339.0,20.0,32.0,124304.0,16.0,18.0,9.0,11.0,210.9,16.41,15.62,16.26,15.49,198.0,89.0,116.0,403.0,14.0,22.0,2.0,234.0,40.0,13.0,7.3,5.35,3.75,6.0,6.0,2.0,397.28,287.0,283.22,2.92,4.32,4.32,15.0,14.92,14.67,248.12,23.11,22.08,23.47,22.42,241.0,94.0,121.0,456.0,33.0,22.0,5.0,241.0,70.0,24.0,6.83,8.85,7.44,12.0,14.0,7.0,465.17,335.0,340.37,3.86,4.43,4.43,22.54,22.86,22.29,112.52,115.97,2138.0,1876.0,0.0,0.0,0.0,0.0,0.0,0.0,regular
8480871,2025,Adam Boqvist,NYI,D,all,20,15008.0,343.0,-3.38,0.48,0.49,0.43,0.51,0.43,0.51,118.0,8.18,0.36,0.48,2.13,0.29,4.95,3.79,0.33,0.36,0.33,0.0,1.0,7.0,5.0,14.0,26.0,1.0,0.0,0.0,0.0,1.0,0.0,5.0,6.0,7.0,12.0,3.0,6.0,0.0,9.0,3.0,8.0,12.0,0.0,0.0,0.36,0.0,0.0,0.0,0.0,0.0,26.45,12.0,12.17,6.0,0.1,0.0,0.0,0.46,0.47,0.43,343.0,31.0,20.0,41.0,251.0,33.0,49.0,39.0,222.0,0.0,0.0,57694.0,6.0,0.0,0.0,18.0,109.08,11.22,10.74,11.39,10.91,93.0,51.0,59.0,203.0,8.0,13.0,1.0,103.0,21.0,20.0,3.23,2.56,5.44,2.0,1.0,5.0,205.21,144.0,144.6,1.6,3.28,3.28,9.55,9.69,9.49,139.31,12.36,11.97,12.37,11.98,129.0,63.0,82.0,274.0,10.0,11.0,0.0,138.0,42.0,12.0,4.17,5.01,3.17,2.0,7.0,1.0,277.04,192.0,193.43,1.97,2.07,2.07,12.25,12.23,12.0,52.58,55.52,931.0,900.0,0.0,0.0,0.0,0.0,0.0,0.0,regular
8476917,2025,Adam Pelech,NYI,D,all,56,70096.0,1512.0,21.27,0.45,0.49,0.46,0.51,0.47,0.51,162.0,97.22,3.87,5.27,27.61,3.34,57.74,43.18,3.74,3.86,3.74,3.0,3.0,79.0,62.0,67.0,208.0,9.0,3.0,8.0,1.0,27.0,0.0,48.0,55.0,76.0,138.0,15.0,30.0,0.0,37.0,27.0,51.0,133.0,8.0,0.0,2.85,1.02,0.0,2.0,1.0,0.0,207.01,141.0,140.23,35.0,1.06,1.35,0.41,4.51,4.5,4.43,1512.0,109.0,272.0,232.0,899.0,180.0,124.0,211.0,997.0,0.0,0.0,134934.0,30.0,20.0,10.0,99.0,554.19,55.22,53.18,55.02,53.0,482.0,283.0,274.0,1039.0,45.0,62.0,5.0,575.0,133.0,57.0,16.86,16.79,21.57,15.0,21.0,9.0,1039.45,765.0,763.25,7.34,12.1,12.34,50.22,50.1,49.09,657.82,68.36,63.68,68.74,64.04,567.0,312.0,333.0,1212.0,60.0,80.0,8.0,620.0,169.0,90.0,18.54,21.12,28.69,18.0,20.0,22.0,1212.94,879.0,881.84,11.68,17.41,17.61,62.43,62.56,60.09,113.45,117.48,2170.0,2122.0,0.0,0.0,0.0,0.0,0.0,0.0,regular
8481014,2025,Alexander Romanov,NYI,D,all,15,17501.0,351.0,-1.28,0.31,0.51,0.4,0.54,0.4,0.55,50.0,17.92,0.56,0.81,5.22,0.62,10.21,7.57,0.54,0.58,0.55,0.0,1.0,17.0,8.0,13.0,38.0,1.0,0.0,0.0,0.0,6.0,0.0,12.0,7.0,17.0,25.0,3.0,6.0,0.0,31.0,4.0,18.0,24.0,1.0,0.0,0.43,0.14,0.0,0.0,0.0,0.0,37.95,25.0,25.17,13.0,0.16,0.0,0.14,0.59,0.59,0.59,351.0,30.0,30.0,36.0,255.0,49.0,63.0,46.0,193.0,0.0,0.0,37184.0,6.0,11.0,4.0,31.0,121.77,9.11,8.94,9.01,8.84,109.0,58.0,59.0,226.0,9.0,12.0,0.0,128.0,32.0,7.0,3.54,3.81,1.77,5.0,2.0,2.0,222.49,167.0,164.63,1.59,1.87,1.87,8.82,8.74,8.68,189.01,20.43,19.02,20.54,19.15,169.0,82.0,87.0,338.0,16.0,29.0,1.0,162.0,60.0,29.0,5.32,7.09,8.01,5.0,10.0,1.0,341.94,251.0,252.53,3.28,6.06,6.06,17.64,17.84,17.23,35.46,33.53,648.0,558.0,0.0,0.0,0.0,0.0,0.0,0.0,regular
8475314,2025,Anders Lee,NYI,L,all,56,51909.0,1077.0,34.3,0.54,0.45,0.55,0.47,0.55,0.48,343.0,162.58,22.53,14.68,38.89,6.35,80.67,52.86,20.67,22.4,20.55,12.0,7.0,136.0,80.0,36.0,252.0,30.0,11.0,39.0,2.0,25.0,1.0,76.0,64.0,125.0,205.0,13.0,29.0,56.0,49.0,9.0,29.0,114.0,73.0,29.0,3.8,9.1,9.62,3.0,7.0,1.0,252.48,216.0,215.5,6.0,3.43,8.07,8.69,17.27,17.25,16.66,1077.0,174.0,93.0,159.0,651.0,165.0,137.0,177.0,598.0,56.0,46.0,153121.0,29.0,27.0,12.0,27.0,524.08,54.57,51.28,54.51,51.24,460.0,257.0,265.0,982.0,53.0,74.0,7.0,512.0,145.0,60.0,15.95,17.74,20.87,22.0,19.0,12.0,983.26,717.0,715.8,8.92,16.05,16.05,47.44,47.47,46.07,426.02,47.1,45.45,47.32,45.67,365.0,214.0,228.0,807.0,39.0,46.0,3.0,411.0,111.0,57.0,12.55,13.92,20.63,11.0,17.0,11.0,810.25,579.0,581.35,5.88,7.52,7.32,45.66,45.82,44.79,114.11,138.74,2227.0,2527.0,0.0,0.0,0.0,0.0,0.0,0.0,regular
8477407,2025,Anthony Duclair,NYI,L,all,53,43268.0,897.0,17.91,0.46,0.48,0.49,0.49,0.49,0.5,414.0,75.75,8.64,5.48,17.98,2.9,37.96,27.03,8.09,8.62,8.08,9.0,5.0,67.0,33.0,36.0,136.0,26.0,12.0,10.0,0.0,11.0,1.0,35.0,31.0,55.0,88.0,6.0,12.0,4.0,4.0,6.0,24.0,72.0,15.0,13.0,2.52,1.77,4.35,8.0,1.0,3.0,136.42,100.0,100.2,5.0,1.24,1.93,1.78,8.1,8.07,7.97,897.0,153.0,73.0,153.0,518.0,122.0,133.0,125.0,517.0,4.0,5.0,150711.0,12.0,10.0,5.0,35.0,373.56,34.72,32.7,34.67,32.67,336.0,173.0,192.0,701.0,40.0,47.0,3.0,373.0,96.0,40.0,10.76,11.46,12.51,20.0,10.0,10.0,702.67,509.0,509.4,5.95,9.01,9.01,31.67,31.72,30.72,394.28,40.9,39.35,40.9,39.35,350.0,187.0,204.0,741.0,28.0,48.0,2.0,391.0,98.0,48.0,12.75,11.85,16.3,12.0,10.0,6.0,740.12,537.0,537.45,5.57,8.34,8.34,38.12,38.06,37.36,124.33,136.69,2337.0,2419.0,0.0,0.0,0.0,0.0,0.0,0.0,regular
8477500,2025,Bo Horvat,NYI,C,all,42,51247.0,972.0,39.16,0.52,0.46,0.55,0.47,0.55,0.48,92.0,138.16,15.39,9.57,29.97,4.83,76.09,53.17,14.67,15.44,14.72,7.0,7.0,135.0,54.0,50.0,239.0,35.0,21.0,12.0,2.0,29.0,0.0,59.0,68.0,114.0,168.0,11.0,26.0,425.0,31.0,10.0,48.0,128.0,45.0,16.0,4.62,5.51,5.26,9.0,6.0,6.0,239.22,189.0,189.28,12.0,2.21,2.56,3.28,14.31,14.34,14.04,972.0,154.0,157.0,141.0,520.0,131.0,95.0,171.0,575.0,425.0,331.0,102138.0,26.0,16.0,8.0,21.0,510.9,54.62,51.09,54.72,51.19,483.0,214.0,238.0,935.0,52.0,59.0,4.0,491.0,147.0,59.0,16.16,17.81,20.66,20.0,17.0,15.0,935.64,697.0,697.99,8.81,12.85,12.85,50.58,50.63,49.02,423.65,51.19,48.47,51.21,48.49,363.0,200.0,194.0,757.0,47.0,55.0,6.0,367.0,122.0,74.0,10.72,15.04,25.43,12.0,14.0,21.0,756.91,563.0,563.56,7.61,11.15,11.15,47.65,47.68,46.37,73.06,84.61,1494.0,1712.0,0.0,0.0,0.0,0.0,0.0,0.0,regular
8484221,2025,Calum Ritchie,NYI,C,all,40,29275.0,638.0,9.07,0.5,0.48,0.51,0.48,0.51,0.49,363.0,53.24,6.99,3.75,11.78,1.77,26.71,18.02,6.7,7.01,6.73,7.0,1.0,51.0,18.0,14.0,83.0,15.0,7.0,3.0,1.0,11.0,0.0,28.0,20.0,44.0,62.0,9.0,16.0,96.0,11.0,3.0,29.0,41.0,20.0,8.0,1.19,2.38,3.41,2.0,4.0,1.0,82.53,69.0,68.64,9.0,0.85,0.83,2.85,4.98,4.94,4.89,638.0,113.0,39.0,96.0,390.0,89.0,101.0,92.0,356.0,96.0,166.0,117855.0,16.0,12.0,4.0,21.0,249.18,23.38,21.95,23.3,21.88,216.0,121.0,133.0,470.0,19.0,27.0,2.0,253.0,60.0,24.0,7.14,7.26,8.97,8.0,5.0,6.0,468.72,337.0,335.05,4.09,6.57,6.57,20.89,20.72,20.08,239.51,23.04,22.23,23.06,22.25,213.0,115.0,126.0,454.0,18.0,30.0,0.0,243.0,59.0,26.0,7.36,7.31,8.37,9.0,7.0,2.0,452.7,328.0,327.92,3.35,5.99,5.88,20.51,20.52,20.3,99.86,107.28,1804.0,1941.0,0.0,0.0,0.0,0.0,0.0,0.0,regular
8477369,2025,Carson Soucy,NYI,D,all,50,51191.0,1140.0,4.25,0.4,0.48,0.41,0.52,0.41,0.51,220.0,45.64,2.24,2.21,12.33,1.68,24.7,19.85,2.16,2.28,2.2,1.0,4.0,44.0,19.0,44.0,107.0,9.0,4.0,3.0,1.0,11.0,1.0,24.0,20.0,40.0,59.0,10.0,20.0,0.0,78.0,14.0,53.0,58.0,4.0,1.0,1.15,0.49,0.6,3.0,0.0,1.0,107.57,63.0,64.05,40.0,0.45,0.26,0.6,2.09,2.13,2.08,1140.0,75.0,150.0,150.0,765.0,105.0,145.0,119.0,771.0,0.0,0.0,131035.0,20.0,2.0,2.0,67.0,335.91,28.45,27.55,28.58,27.67,291.0,168.0,185.0,644.0,28.0,39.0,5.0,347.0,83.0,29.0,9.78,9.55,9.12,13.0,9.0,6.0,642.18,459.0,460.1,4.45,7.97,7.97,24.93,25.09,24.76,484.43,42.47,40.16,42.71,40.38,427.0,238.0,263.0,928.0,33.0,55.0,6.0,515.0,108.0,42.0,15.67,13.19,13.61,15.0,9.0,9.0,932.63,665.0,668.31,7.27,11.02,11.1,38.64,38.79,38.0,112.81,124.61,2263.0,2113.0,0.0,0.0,0.0,0.0,0.0,0.0,regular
8475231,2025,Casey Cizikas,NYI,C,all,55,38257.0,908.0,12.12,0.43,0.48,0.41,0.51,0.43,0.51,522.0,58.79,8.3,4.17,13.78,2.27,27.78,22.69,8.05,8.27,8.02,8.0,0.0,46.0,33.0,12.0,91.0,14.0,6.0,6.0,0.0,10.0,0.0,24.0,33.0,40.0,73.0,5.0,10.0,233.0,109.0,8.0,37.0,48.0,16.0,15.0,1.58,1.97,4.75,2.0,1.0,3.0,91.31,79.0,79.29,17.0,0.89,1.43,2.95,6.24,6.24,6.16,908.0,78.0,121.0,152.0,557.0,107.0,118.0,107.0,576.0,233.0,206.0,163173.0,10.0,10.0,4.0,39.0,245.08,23.85,23.19,23.9,23.24,219.0,117.0,128.0,464.0,21.0,32.0,1.0,251.0,54.0,31.0,6.7,6.89,10.25,8.0,8.0,5.0,465.6,336.0,336.27,3.24,6.13,6.13,20.96,21.02,20.79,326.96,31.37,29.21,31.71,29.54,280.0,162.0,212.0,654.0,24.0,39.0,2.0,316.0,87.0,39.0,9.32,10.91,11.14,12.0,7.0,5.0,658.84,442.0,445.65,5.7,8.39,8.39,28.69,28.94,27.83,142.74,152.3,2698.0,2631.0,0.0,0.0,0.0,0.0,0.0,0.0,regular
8484287,2025,Cole McWard,NYI,D,all,3,2472.0,47.0,-0.93,0.33,0.48,0.32,0.45,0.38,0.45,18.0,0.74,0.02,0.04,0.18,0.02,0.38,0.36,0.02,0.02,0.02,0.0,0.0,1.0,0.0,0.0,1.0,0.0,0.0,0.0,0.0,0.0,0.0,1.0,0.0,1.0,1.0,0.0,0.0,0.0,4.0,2.0,3.0,1.0,0.0,0.0,0.02,0.0,0.0,0.0,0.0,0.0,1.03,1.0,1.03,3.0,0.01,0.0,0.0,0.02,0.03,0.03,47.0,2.0,4.0,8.0,33.0,5.0,5.0,9.0,28.0,0.0,0.0,8879.0,0.0,0.0,0.0,5.0,16.28,1.15,1.14,1.18,1.17,18.0,5.0,2.0,25.0,3.0,1.0,0.0,18.0,5.0,0.0,0.5,0.66,0.0,2.0,1.0,0.0,26.21,23.0,23.44,0.24,0.15,0.15,1.24,1.27,1.25,27.28,2.34,2.22,2.34,2.23,27.0,10.0,16.0,53.0,2.0,3.0,0.0,25.0,10.0,2.0,0.65,1.2,0.48,0.0,1.0,1.0,50.86,37.0,36.33,0.38,0.43,0.43,2.29,2.3,2.22,4.71,5.15,126.0,154.0,0.0,0.0,0.0,0.0,0.0,0.0,regular
8482476,2025,Emil Heineman,NYI,L,all,56,56693.0,1160.0,28.01,0.51,0.46,0.54,0.47,0.53,0.49,273.0,134.3,14.9,9.24,31.98,4.61,71.24,51.04,14.44,14.91,14.45,2.0,6.0,126.0,57.0,52.0,235.0,23.0,15.0,11.0,1.0,26.0,0.0,59.0,72.0,111.0,168.0,7.0,14.0,4.0,179.0,6.0,31.0,129.0,37.0,17.0,4.83,4.58,5.5,9.0,3.0,3.0,234.28,183.0,182.32,9.0,2.11,2.3,3.19,13.82,13.77,13.46,1160.0,176.0,134.0,172.0,678.0,181.0,155.0,160.0,664.0,4.0,8.0,148337.0,14.0,20.0,11.0,40.0,503.37,50.4,47.95,50.53,48.07,456.0,234.0,275.0,965.0,44.0,55.0,4.0,517.0,123.0,50.0,15.65,15.35,19.4,20.0,10.0,14.0,966.68,690.0,691.57,7.9,10.96,10.99,47.31,47.31,46.11,459.62,48.77,46.14,48.84,46.19,397.0,223.0,209.0,829.0,40.0,53.0,3.0,427.0,129.0,64.0,12.79,15.96,20.02,15.0,16.0,9.0,828.69,620.0,621.01,6.96,11.73,11.73,44.0,44.07,42.85,118.27,137.07,2244.0,2505.0,0.0,0.0,0.0,0.0,0.0,0.0,regular
8483448,2025,Isaiah George,NYI,D,all,2,1595.0,40.0,-0.15,0.27,0.52,0.3,0.58,0.37,0.57,12.0,0.61,0.01,0.04,0.17,0.02,0.47,0.28,0.01,0.01,0.01,1.0,0.0,0.0,1.0,0.0,1.0,1.0,0.0,0.0,0.0,0.0,0.0,1.0,0.0,0.0,1.0,0.0,0.0,0.0,1.0,1.0,2.0,1.0,0.0,0.0,0.01,0.0,0.0,0.0,0.0,0.0,1.1,1.0,1.1,2.0,0.01,0.0,0.0,0.02,0.02,0.02,40.0,2.0,4.0,5.0,29.0,5.0,6.0,5.0,24.0,0.0,0.0,5605.0,0.0,0.0,0.0,1.0,7.52,0.37,0.37,0.36,0.36,8.0,3.0,2.0,13.0,1.0,0.0,0.0,11.0,0.0,0.0,0.37,0.0,0.0,1.0,0.0,0.0,13.13,11.0,11.08,0.09,0.0,0.0,0.46,0.46,0.45,13.5,0.98,0.97,1.01,0.99,12.0,7.0,11.0,30.0,1.0,2.0,0.0,14.0,5.0,0.0,0.45,0.54,0.0,1.0,0.0,0.0,30.67,19.0,19.4,0.16,0.26,0.26,0.89,0.88,0.88,3.64,3.43,80.0,59.0,0.0,0.0,0.0,0.0,0.0,0.0,regular
8476419,2025,Jean-Gabriel Pageau,NYI,C,all,48,44643.0,1023.0,18.29,0.36,0.5,0.38,0.52,0.4,0.52,298.0,58.77,7.9,4.03,12.02,1.99,28.33,24.72,7.68,8.0,7.77,7.0,5.0,52.0,27.0,17.0,96.0,24.0,12.0,5.0,1.0,6.0,0.0,22.0,34.0,40.0,67.0,1.0,2.0,425.0,68.0,12.0,29.0,48.0,22.0,9.0,1.65,2.81,3.45,4.0,6.0,2.0,96.83,79.0,78.88,6.0,0.88,1.04,1.78,7.0,7.02,6.97,1023.0,124.0,221.0,139.0,539.0,116.0,103.0,148.0,656.0,425.0,281.0,130987.0,2.0,8.0,4.0,43.0,314.1,31.17,29.79,31.19,29.81,271.0,163.0,125.0,559.0,32.0,35.0,4.0,321.0,80.0,33.0,9.47,9.83,11.87,13.0,11.0,8.0,561.18,434.0,433.91,4.49,6.85,6.62,29.04,29.01,28.14,493.27,54.74,50.6,54.89,50.74,447.0,214.0,236.0,897.0,48.0,70.0,4.0,449.0,139.0,73.0,13.54,16.72,24.48,16.0,17.0,15.0,899.98,661.0,663.15,9.12,15.01,15.01,48.84,48.93,46.45,108.44,108.04,2149.0,1966.0,0.0,0.0,0.0,0.0,0.0,0.0,regular
8477494,2025,Jonathan Drouin,NYI,L,all,49,51171.0,981.0,22.3,0.6,0.43,0.6,0.45,0.61,0.46,233.0,82.44,10.26,6.0,17.99,2.73,43.88,30.12,9.69,10.26,9.68,11.0,6.0,68.0,43.0,21.0,132.0,20.0,3.0,5.0,1.0,11.0,0.0,50.0,42.0,65.0,108.0,3.0,9.0,91.0,12.0,11.0,29.0,70.0,30.0,11.0,2.5,3.59,4.18,1.0,1.0,1.0,130.83,111.0,109.56,10.0,1.34,0.51,2.45,9.16,9.12,8.92,981.0,185.0,96.0,178.0,522.0,163.0,125.0,149.0,544.0,91.0,91.0,128359.0,9.0,16.0,7.0,19.0,538.4,54.37,50.56,54.28,50.47,481.0,256.0,248.0,985.0,38.0,61.0,3.0,552.0,125.0,60.0,16.6,15.02,22.74,16.0,11.0,11.0,984.33,737.0,736.09,9.4,13.4,13.75,50.02,49.94,48.1,344.95,36.75,34.83,36.68,34.76,308.0,160.0,175.0,643.0,25.0,43.0,2.0,324.0,99.0,45.0,9.99,12.23,14.53,7.0,12.0,6.0,641.97,468.0,467.76,4.92,8.36,8.36,33.31,33.23,32.03,92.89,121.43,1825.0,2201.0,0.0,0.0,0.0,0.0,0.0,0.0,regular
8481237,2025,Kyle MacLean,NYI,C,all,40,25731.0,572.0,1.83,0.46,0.48,0.43,0.49,0.48,0.49,422.0,37.87,3.81,2.48,9.04,1.31,19.84,14.54,3.75,3.8,3.74,0.0,3.0,32.0,19.0,7.0,58.0,5.0,2.0,4.0,1.0,10.0,0.0,11.0,24.0,30.0,49.0,8.0,19.0,38.0,80.0,4.0,16.0,35.0,11.0,5.0,1.02,1.34,1.46,0.0,1.0,1.0,57.45,51.0,50.85,6.0,0.52,0.75,1.28,3.05,3.04,3.03,572.0,50.0,59.0,108.0,355.0,74.0,79.0,67.0,352.0,38.0,25.0,120620.0,19.0,19.0,8.0,15.0,179.36,15.82,15.23,15.78,15.19,159.0,83.0,74.0,316.0,9.0,23.0,2.0,180.0,41.0,21.0,4.59,5.33,5.89,4.0,3.0,2.0,316.2,242.0,241.82,2.39,4.59,4.59,13.61,13.59,13.42,196.57,18.41,17.16,18.54,17.29,162.0,103.0,149.0,414.0,12.0,28.0,1.0,191.0,56.0,18.0,5.84,7.45,5.12,7.0,4.0,1.0,415.73,265.0,266.67,2.98,5.93,6.13,15.25,15.33,14.75,105.59,116.03,1929.0,1980.0,0.0,0.0,0.0,0.0,0.0,0.0,regular
8475151,2025,Kyle Palmieri,NYI,C,all,25,28315.0,551.0,17.43,0.52,0.48,0.57,0.48,0.57,0.5,89.0,76.73,8.43,7.03,15.6,2.55,40.01,26.39,7.65,8.41,7.64,5.0,7.0,71.0,29.0,26.0,126.0,18.0,6.0,10.0,1.0,14.0,0.0,39.0,31.0,65.0,94.0,4.0,8.0,2.0,19.0,8.0,18.0,65.0,26.0,9.0,2.05,3.1,3.28,3.0,2.0,1.0,125.2,100.0,99.41,4.0,1.7,2.34,3.26,6.86,6.84,6.58,551.0,114.0,72.0,75.0,290.0,87.0,67.0,86.0,311.0,2.0,2.0,63270.0,8.0,10.0,4.0,9.0,283.89,28.14,25.87,28.27,26.0,269.0,118.0,143.0,530.0,24.0,38.0,3.0,277.0,80.0,30.0,8.18,9.68,10.27,8.0,9.0,7.0,529.02,387.0,386.53,5.41,8.68,8.69,24.86,24.92,23.83,219.15,26.37,25.15,26.35,25.15,195.0,97.0,105.0,397.0,22.0,30.0,2.0,186.0,72.0,34.0,5.84,8.77,11.76,7.0,7.0,8.0,398.26,292.0,292.96,3.66,5.61,5.61,24.43,24.51,24.06,49.41,53.03,970.0,1044.0,0.0,0.0,0.0,0.0,0.0,0.0,regular
8483553,2025,Marc Gatcomb,NYI,C,all,27,16662.0,376.0,4.15,0.54,0.44,0.48,0.47,0.52,0.47,297.0,31.55,3.0,2.17,8.14,1.23,17.16,12.3,2.84,3.05,2.89,1.0,1.0,33.0,11.0,7.0,51.0,3.0,1.0,6.0,0.0,8.0,0.0,22.0,7.0,32.0,43.0,3.0,6.0,0.0,121.0,5.0,9.0,35.0,5.0,4.0,1.05,0.69,1.26,0.0,1.0,0.0,51.76,44.0,44.47,3.0,0.46,1.34,0.71,2.75,2.81,2.79,376.0,34.0,36.0,74.0,232.0,49.0,46.0,37.0,244.0,0.0,2.0,82383.0,6.0,4.0,2.0,18.0,119.74,10.08,9.63,10.16,9.71,107.0,57.0,49.0,213.0,6.0,17.0,2.0,129.0,21.0,14.0,3.25,2.69,4.14,1.0,3.0,2.0,216.53,164.0,166.09,1.59,3.28,3.28,8.39,8.48,8.36,108.05,8.66,8.34,8.72,8.4,85.0,64.0,83.0,232.0,4.0,9.0,1.0,113.0,31.0,5.0,3.12,3.98,1.56,1.0,2.0,1.0,230.39,149.0,148.42,1.46,1.75,1.75,8.36,8.38,8.15,67.58,85.83,1292.0,1454.0,0.0,0.0,0.0,0.0,0.0,0.0,regular
8481569,2025,Marshall Warren,NYI,D,all,8,5509.0,133.0,2.88,0.48,0.44,0.49,0.51,0.47,0.5,48.0,9.91,0.29,0.46,3.04,0.31,5.84,4.06,0.28,0.29,0.28,2.0,1.0,7.0,7.0,5.0,19.0,3.0,0.0,1.0,0.0,3.0,0.0,6.0,4.0,7.0,14.0,2.0,4.0,0.0,7.0,1.0,7.0,14.0,0.0,0.0,0.29,0.0,0.0,0.0,0.0,0.0,19.15,14.0,14.0,5.0,0.09,0.23,0.0,0.38,0.38,0.36,133.0,19.0,9.0,21.0,84.0,19.0,23.0,14.0,77.0,0.0,0.0,24191.0,4.0,4.0,2.0,5.0,41.95,3.93,3.78,3.96,3.8,36.0,21.0,22.0,79.0,3.0,5.0,0.0,41.0,12.0,4.0,1.19,1.52,1.22,1.0,2.0,0.0,79.94,57.0,58.23,0.57,1.14,1.14,3.35,3.36,3.28,46.73,4.21,4.13,4.24,4.16,39.0,24.0,19.0,82.0,3.0,4.0,0.0,51.0,7.0,5.0,1.67,0.8,1.73,3.0,0.0,0.0,82.31,63.0,62.66,0.62,1.14,1.14,3.69,3.67,3.63,19.01,23.89,400.0,381.0,0.0,0.0,0.0,0.0,0.0,0.0,regular
8478445,2025,Mathew Barzal,NYI,C,all,55,68211.0,1184.0,45.65,0.6,0.41,0.59,0.44,0.6,0.44,116.0,134.27,14.62,9.97,29.67,4.54,72.37,49.83,13.89,14.64,13.91,20.0,12.0,119.0,62.0,55.0,236.0,47.0,15.0,22.0,1.0,31.0,0.0,62.0,51.0,104.0,166.0,15.0,33.0,200.0,18.0,29.0,65.0,123.0,43.0,15.0,3.94,5.44,5.25,5.0,6.0,4.0,237.49,181.0,181.96,17.0,2.27,4.65,2.87,14.02,14.08,13.67,1184.0,226.0,83.0,193.0,682.0,167.0,161.0,219.0,637.0,200.0,303.0,133219.0,33.0,30.0,15.0,36.0,734.96,77.85,72.34,77.83,72.33,666.0,334.0,348.0,1348.0,73.0,94.0,7.0,699.0,205.0,96.0,21.19,24.44,32.23,29.0,24.0,20.0,1349.09,1000.0,999.39,12.88,20.79,21.27,69.46,69.45,67.11,489.8,52.76,50.92,52.79,50.95,426.0,240.0,253.0,919.0,44.0,57.0,2.0,469.0,138.0,59.0,14.87,17.58,20.32,15.0,20.0,9.0,917.4,666.0,666.49,6.87,9.97,9.97,49.66,49.72,48.76,88.37,127.7,1807.0,2342.0,0.0,0.0,0.0,0.0,0.0,0.0,regular
8485366,2025,Matthew Schaefer,NYI,D,all,56,80675.0,1498.0,39.65,0.53,0.44,0.53,0.46,0.54,0.47,96.0,132.86,10.38,9.19,33.2,4.15,76.85,52.23,9.96,10.4,9.98,8.0,14.0,136.0,50.0,133.0,319.0,37.0,15.0,21.0,1.0,25.0,0.0,59.0,66.0,121.0,171.0,15.0,28.0,0.0,26.0,27.0,66.0,149.0,28.0,9.0,4.04,3.32,3.03,7.0,4.0,4.0,318.62,186.0,186.15,44.0,2.12,5.01,1.21,11.3,11.29,10.84,1498.0,190.0,151.0,229.0,928.0,153.0,191.0,217.0,937.0,0.0,0.0,124355.0,28.0,56.0,27.0,73.0,769.68,79.86,74.77,80.02,74.91,714.0,337.0,366.0,1417.0,78.0,100.0,9.0,749.0,213.0,89.0,23.45,25.95,30.45,37.0,20.0,21.0,1417.05,1051.0,1049.99,13.26,21.48,21.65,71.46,71.41,69.19,660.54,71.56,68.25,71.28,67.99,569.0,328.0,340.0,1237.0,57.0,85.0,3.0,626.0,185.0,86.0,19.38,23.12,29.06,23.0,20.0,14.0,1234.66,897.0,896.4,10.54,16.13,16.13,65.96,65.81,64.31,88.81,114.27,1792.0,2097.0,0.0,0.0,0.0,0.0,0.0,0.0,regular
8485702,2025,Max Shabanov,NYI,R,all,40,33498.0,678.0,10.65,0.44,0.49,0.49,0.48,0.5,0.49,301.0,58.13,5.47,3.99,14.05,1.86,31.47,21.15,5.33,5.46,5.32,7.0,5.0,51.0,27.0,28.0,106.0,16.0,4.0,4.0,1.0,8.0,0.0,33.0,29.0,47.0,74.0,1.0,2.0,0.0,24.0,10.0,33.0,55.0,19.0,4.0,2.1,2.14,1.23,2.0,1.0,1.0,105.75,78.0,77.3,14.0,0.89,0.67,1.5,4.86,4.81,4.72,678.0,114.0,66.0,102.0,396.0,110.0,97.0,104.0,367.0,0.0,2.0,112647.0,2.0,10.0,5.0,13.0,292.19,24.06,22.96,23.86,22.78,258.0,141.0,130.0,529.0,28.0,33.0,3.0,307.0,73.0,19.0,9.5,8.93,5.62,13.0,11.0,4.0,527.09,399.0,396.07,4.38,6.47,6.37,22.07,21.86,21.41,292.79,30.65,29.19,30.85,29.39,263.0,134.0,147.0,544.0,25.0,32.0,0.0,287.0,70.0,40.0,8.92,8.39,13.34,12.0,8.0,5.0,543.51,397.0,398.16,4.16,7.73,7.73,27.07,27.22,26.41,94.94,100.13,1745.0,1864.0,0.0,0.0,0.0,0.0,0.0,0.0,regular
8476292,2025,Ondrej Palat,NYI,L,all,55,42693.0,1004.0,14.15,0.52,0.49,0.52,0.51,0.52,0.51,455.0,71.5,7.92,5.55,16.94,2.57,39.21,26.81,7.58,7.91,7.57,4.0,3.0,59.0,40.0,23.0,122.0,12.0,5.0,5.0,0.0,8.0,0.0,49.0,32.0,54.0,94.0,5.0,12.0,6.0,94.0,8.0,29.0,64.0,29.0,6.0,2.07,3.7,2.14,0.0,5.0,0.0,123.0,99.0,99.86,10.0,1.27,1.46,1.82,7.37,7.4,7.22,1004.0,131.0,108.0,147.0,618.0,137.0,134.0,142.0,591.0,6.0,8.0,157422.0,12.0,22.0,11.0,43.0,359.99,31.85,30.73,32.17,31.04,341.0,160.0,190.0,691.0,32.0,34.0,1.0,396.0,75.0,30.0,11.34,9.46,11.04,12.0,14.0,6.0,694.95,501.0,505.73,5.37,6.99,6.99,30.23,30.47,29.93,327.04,29.24,28.28,29.08,28.13,302.0,153.0,191.0,646.0,35.0,39.0,4.0,344.0,86.0,25.0,10.73,10.92,7.59,18.0,12.0,5.0,644.17,455.0,454.36,4.75,7.29,7.29,26.71,26.74,26.29,132.68,137.57,2652.0,2530.0,0.0,0.0,0.0,0.0,0.0,0.0,regular
8477506,2025,Ryan Pulock,NYI,D,all,54,68290.0,1477.0,19.85,0.4,0.52,0.41,0.53,0.42,0.54,148.0,70.75,2.35,3.88,21.04,2.49,42.36,30.88,2.25,2.36,2.27,9.0,11.0,66.0,37.0,58.0,161.0,22.0,2.0,6.0,0.0,13.0,0.0,38.0,44.0,64.0,101.0,5.0,10.0,0.0,35.0,23.0,66.0,102.0,1.0,0.0,2.25,0.1,0.0,2.0,0.0,0.0,161.91,103.0,103.73,47.0,0.81,1.34,0.03,3.13,3.15,3.01,1477.0,119.0,241.0,241.0,876.0,137.0,147.0,173.0,1020.0,0.0,0.0,129540.0,10.0,4.0,2.0,99.0,494.23,48.28,46.32,48.43,46.46,444.0,240.0,224.0,908.0,46.0,52.0,6.0,510.0,123.0,51.0,14.49,15.54,18.24,22.0,13.0,11.0,912.47,684.0,685.52,6.76,9.61,10.08,44.95,45.03,43.82,707.96,73.87,68.29,73.64,68.06,617.0,335.0,365.0,1317.0,57.0,92.0,6.0,668.0,185.0,99.0,20.26,22.91,30.7,18.0,16.0,23.0,1314.12,952.0,951.53,12.79,18.56,18.56,68.09,67.94,64.92,116.38,107.56,2208.0,1928.0,0.0,0.0,0.0,0.0,0.0,0.0,regular
8476429,2025,Scott Mayfield,NYI,D,all,54,56846.0,1234.0,2.13,0.45,0.49,0.42,0.52,0.44,0.52,238.0,57.67,2.23,3.11,16.87,1.88,33.51,24.41,2.14,2.21,2.12,1.0,6.0,47.0,35.0,50.0,132.0,8.0,1.0,6.0,0.0,20.0,0.0,23.0,32.0,46.0,81.0,22.0,50.0,0.0,52.0,8.0,44.0,76.0,6.0,0.0,1.55,0.68,0.0,0.0,1.0,0.0,130.55,82.0,81.04,34.0,0.64,1.51,0.18,2.69,2.67,2.56,1234.0,99.0,119.0,161.0,855.0,132.0,180.0,178.0,744.0,0.0,0.0,140676.0,50.0,42.0,18.0,65.0,382.4,38.77,37.48,38.73,37.46,342.0,177.0,174.0,693.0,33.0,46.0,4.0,380.0,98.0,41.0,11.69,12.02,15.06,13.0,11.0,9.0,693.49,519.0,518.47,5.11,9.02,8.84,35.04,35.03,34.6,491.31,47.02,44.83,47.31,45.12,428.0,239.0,304.0,971.0,38.0,60.0,1.0,479.0,132.0,56.0,14.72,15.79,16.5,21.0,13.0,4.0,975.65,667.0,670.68,8.05,11.65,11.65,43.41,43.67,42.57,124.5,130.03,2402.0,2241.0,0.0,0.0,0.0,0.0,0.0,0.0,regular
8481601,2025,Simon Holmstrom,NYI,R,all,54,53642.0,1178.0,24.13,0.44,0.49,0.45,0.51,0.45,0.51,267.0,79.98,9.47,5.6,17.68,2.85,42.67,32.73,8.86,9.42,8.82,9.0,6.0,62.0,49.0,25.0,136.0,28.0,13.0,7.0,2.0,10.0,0.0,47.0,34.0,49.0,98.0,7.0,14.0,3.0,9.0,16.0,35.0,80.0,21.0,10.0,3.1,2.53,3.84,7.0,1.0,5.0,136.21,111.0,110.65,10.0,1.25,1.28,1.54,9.17,9.14,8.69,1178.0,145.0,172.0,171.0,690.0,151.0,154.0,167.0,706.0,3.0,10.0,144188.0,14.0,26.0,13.0,37.0,421.76,40.96,39.27,40.85,39.16,364.0,222.0,207.0,793.0,42.0,40.0,8.0,432.0,114.0,40.0,12.73,13.93,14.29,19.0,12.0,11.0,790.4,586.0,583.77,6.57,7.98,8.23,39.29,39.13,38.12,521.13,51.23,47.43,51.27,47.49,455.0,248.0,255.0,958.0,43.0,75.0,3.0,508.0,138.0,57.0,15.31,17.63,18.29,19.0,15.0,9.0,962.26,703.0,705.22,9.18,14.36,14.36,46.05,46.11,44.31,124.5,129.7,2338.0,2276.0,0.0,0.0,0.0,0.0,0.0,0.0,regular
8477950,2025,Tony DeAngelo,NYI,D,all,56,62761.0,1278.0,29.25,0.47,0.48,0.55,0.46,0.55,0.47,217.0,111.14,5.39,6.38,31.51,3.63,62.12,45.97,5.25,5.35,5.22,12.0,8.0,110.0,45.0,79.0,234.0,24.0,4.0,9.0,0.0,29.0,0.0,60.0,53.0,106.0,151.0,11.0,25.0,0.0,23.0,13.0,78.0,141.0,11.0,3.0,3.13,1.33,0.92,0.0,2.0,2.0,235.78,155.0,155.76,54.0,1.38,1.47,0.6,6.17,6.18,6.05,1278.0,153.0,127.0,185.0,813.0,176.0,162.0,157.0,783.0,0.0,0.0,142269.0,25.0,15.0,6.0,49.0,592.17,46.45,44.97,46.35,44.87,517.0,295.0,307.0,1119.0,48.0,58.0,3.0,629.0,147.0,36.0,18.12,17.84,10.48,23.0,18.0,7.0,1117.74,812.0,810.27,8.94,10.74,10.53,44.87,44.78,43.93,500.41,52.58,49.83,53.06,50.29,438.0,232.0,231.0,901.0,44.0,72.0,4.0,458.0,152.0,60.0,13.85,19.59,19.15,12.0,25.0,7.0,905.65,670.0,674.33,7.1,14.84,14.84,44.85,45.19,43.84,122.22,133.25,2090.0,2433.0,0.0,0.0,0.0,0.0,0.0,0.0,regular
8484262,2025,Travis Mitchell,NYI,D,all,9,6230.0,144.0,-0.7,0.38,0.49,0.38,0.49,0.39,0.49,54.0,5.3,0.38,0.23,2.02,0.19,2.47,1.72,0.37,0.38,0.36,0.0,0.0,4.0,3.0,6.0,13.0,1.0,1.0,0.0,1.0,2.0,0.0,1.0,3.0,3.0,6.0,3.0,6.0,0.0,13.0,0.0,6.0,6.0,0.0,1.0,0.1,0.0,0.27,0.0,0.0,1.0,13.08,7.0,7.12,5.0,0.05,0.0,0.27,0.15,0.15,0.15,144.0,19.0,8.0,34.0,83.0,11.0,23.0,15.0,95.0,0.0,0.0,27070.0,6.0,4.0,2.0,6.0,36.6,2.68,2.56,2.63,2.52,31.0,19.0,15.0,65.0,3.0,3.0,1.0,39.0,9.0,2.0,1.04,1.08,0.55,1.0,1.0,1.0,64.88,50.0,49.76,0.44,0.66,0.66,2.47,2.42,2.35,55.41,4.43,4.33,4.47,4.36,47.0,30.0,30.0,107.0,3.0,5.0,0.0,59.0,16.0,2.0,1.85,2.14,0.44,2.0,1.0,0.0,105.99,77.0,77.1,0.76,0.91,0.91,4.28,4.28,4.25,25.29,26.47,447.0,471.0,0.0,0.0,0.0,0.0,0.0,0.0,regular
8481726,2025,Adam Edstrom,NYR,C,all,24,13776.0,336.0,4.69,0.47,0.45,0.48,0.5,0.47,0.49,256.0,21.57,2.62,1.63,4.72,0.73,11.04,8.27,2.59,2.8,2.76,2.0,0.0,21.0,8.0,6.0,35.0,4.0,2.0,2.0,0.0,5.0,0.0,12.0,8.0,19.0,27.0,1.0,2.0,2.0,48.0,5.0,12.0,17.0,7.0,5.0,0.63,0.73,1.26,0.0,1.0,1.0,37.24,29.0,30.57,7.0,0.35,0.21,0.45,2.53,2.67,2.65,336.0,18.0,40.0,48.0,230.0,61.0,48.0,38.0,189.0,2.0,0.0,73411.0,2.0,0.0,0.0,13.0,99.89,8.44,8.25,8.8,8.59,85.0,52.0,65.0,202.0,10.0,9.0,1.0,100.0,27.0,10.0,2.52,3.28,2.65,5.0,3.0,2.0,206.89,137.0,140.86,1.36,1.24,1.24,8.57,8.83,8.74,112.76,9.37,9.04,9.36,9.03,110.0,46.0,64.0,220.0,5.0,12.0,1.0,126.0,19.0,11.0,3.77,2.46,3.14,3.0,1.0,1.0,219.4,156.0,156.19,1.47,2.58,2.58,8.25,8.2,8.12,54.96,68.23,1212.0,1225.0,0.0,0.0,0.0,0.0,0.0,0.0,regular
8479323,2025,Adam Fox,NYR,D,all,30,42430.0,784.0,32.55,0.59,0.37,0.61,0.4,0.61,0.4,48.0,59.92,3.85,3.86,16.7,2.1,37.11,24.37,3.68,3.87,3.69,10.0,14.0,56.0,32.0,71.0,159.0,28.0,4.0,8.0,1.0,20.0,0.0,32.0,24.0,52.0,84.0,6.0,12.0,0.0,15.0,20.0,37.0,78.0,4.0,6.0,1.37,0.42,2.06,1.0,0.0,3.0,158.7,88.0,88.02,22.0,0.87,1.27,0.4,4.32,4.31,4.18,784.0,133.0,88.0,148.0,415.0,45.0,87.0,107.0,545.0,0.0,0.0,66423.0,12.0,10.0,5.0,45.0,448.56,46.21,44.22,46.79,44.78,384.0,239.0,268.0,891.0,49.0,39.0,3.0,453.0,119.0,51.0,12.52,14.91,18.78,11.0,19.0,19.0,896.46,623.0,627.61,7.76,8.68,8.72,45.25,45.75,44.25,298.5,32.45,31.23,32.66,31.42,279.0,126.0,162.0,567.0,32.0,21.0,3.0,303.0,69.0,33.0,8.98,8.53,14.94,10.0,8.0,14.0,570.09,405.0,407.29,4.07,4.31,4.31,32.2,32.3,31.44,37.4,64.29,868.0,1276.0,0.0,0.0,0.0,0.0,0.0,0.0,regular
8482109,2025,Alexis Lafrenire,NYR,L,all,56,57385.0,1231.0,36.08,0.51,0.44,0.59,0.45,0.58,0.44,299.0,126.36,13.15,9.89,27.99,4.26,67.63,46.08,12.67,13.31,12.84,9.0,11.0,105.0,64.0,48.0,217.0,32.0,12.0,11.0,1.0,15.0,1.0,70.0,60.0,93.0,157.0,7.0,14.0,7.0,77.0,15.0,32.0,103.0,56.0,10.0,3.69,6.5,2.96,4.0,6.0,2.0,217.06,169.0,169.51,14.0,2.28,1.41,3.06,12.35,12.51,12.23,1231.0,207.0,101.0,195.0,728.0,154.0,165.0,192.0,720.0,7.0,22.0,146732.0,14.0,24.0,11.0,35.0,578.72,53.6,51.28,54.0,51.66,499.0,300.0,312.0,1111.0,56.0,43.0,6.0,579.0,175.0,45.0,16.78,20.86,15.97,19.0,21.0,16.0,1105.18,799.0,797.19,10.0,8.3,8.3,55.3,55.57,53.67,416.93,50.99,49.45,51.2,49.65,383.0,189.0,210.0,782.0,55.0,45.0,6.0,413.0,102.0,57.0,13.09,12.86,25.04,18.0,15.0,22.0,790.31,572.0,577.74,5.49,7.95,7.95,48.54,48.77,48.01,104.52,133.74,2131.0,2593.0,0.0,0.0,0.0,0.0,0.0,0.0,regular
8477320,2025,Anton Blidh,NYR,L,all,3,1305.0,34.0,0.8,0.56,0.44,0.45,0.52,0.5,0.5,35.0,3.61,0.3,0.26,0.96,0.18,1.97,1.34,0.28,0.29,0.27,0.0,1.0,4.0,1.0,0.0,5.0,1.0,0.0,2.0,0.0,1.0,0.0,1.0,1.0,4.0,5.0,0.0,0.0,0.0,8.0,0.0,0.0,3.0,2.0,0.0,0.07,0.23,0.0,0.0,0.0,0.0,4.59,5.0,4.79,0.0,0.05,0.33,0.23,0.13,0.12,0.12,34.0,2.0,3.0,5.0,24.0,4.0,3.0,5.0,22.0,0.0,0.0,9561.0,0.0,0.0,0.0,0.0,11.0,0.88,0.8,0.85,0.77,10.0,6.0,4.0,20.0,1.0,5.0,1.0,12.0,3.0,1.0,0.32,0.33,0.23,0.0,0.0,1.0,18.68,16.0,15.26,0.2,0.57,0.57,0.5,0.48,0.46,11.06,0.68,0.66,0.72,0.7,4.0,12.0,8.0,24.0,0.0,0.0,0.0,14.0,2.0,0.0,0.41,0.27,0.0,0.0,0.0,0.0,25.68,16.0,17.07,0.17,0.0,0.0,0.84,0.9,0.87,8.48,10.84,164.0,149.0,0.0,0.0,0.0,0.0,0.0,0.0,regular
8478550,2025,Artemi Panarin,NYR,L,all,52,65240.0,1181.0,60.11,0.55,0.41,0.62,0.42,0.62,0.41,120.0,181.55,16.15,12.39,43.47,6.28,108.31,67.42,15.35,16.1,15.3,22.0,16.0,158.0,96.0,108.0,362.0,57.0,19.0,12.0,1.0,23.0,1.0,116.0,83.0,139.0,235.0,7.0,14.0,1.0,8.0,15.0,69.0,205.0,36.0,13.0,6.69,4.05,5.4,11.0,4.0,4.0,360.07,254.0,252.61,19.0,2.86,2.21,1.31,17.69,17.66,16.8,1181.0,234.0,99.0,180.0,668.0,127.0,152.0,214.0,688.0,1.0,0.0,124336.0,14.0,24.0,13.0,11.0,737.22,71.41,67.57,71.64,67.79,631.0,386.0,386.0,1403.0,75.0,60.0,7.0,750.0,198.0,69.0,21.73,23.77,25.91,29.0,24.0,22.0,1398.48,1017.0,1014.88,13.35,11.35,11.4,73.35,73.49,70.18,461.35,57.85,56.04,58.11,56.29,424.0,208.0,222.0,854.0,66.0,48.0,3.0,457.0,105.0,70.0,14.44,13.85,29.56,21.0,19.0,26.0,862.35,632.0,638.12,6.11,8.85,8.85,55.11,55.4,54.41,77.31,113.5,1649.0,2287.0,0.0,0.0,0.0,0.0,0.0,0.0,regular
8482073,2025,Braden Schneider,NYR,D,all,56,68146.0,1398.0,8.3,0.4,0.49,0.43,0.52,0.42,0.51,171.0,75.02,2.57,3.97,21.3,2.43,43.81,32.93,2.54,2.55,2.52,5.0,4.0,74.0,33.0,68.0,175.0,11.0,2.0,8.0,0.0,20.0,0.0,36.0,41.0,72.0,105.0,8.0,16.0,0.0,120.0,17.0,61.0,102.0,5.0,0.0,1.86,0.71,0.0,1.0,1.0,0.0,173.96,107.0,106.35,38.0,0.8,1.05,0.22,3.15,3.15,3.11,1398.0,84.0,214.0,189.0,911.0,160.0,179.0,200.0,859.0,0.0,0.0,135971.0,16.0,12.0,6.0,89.0,465.23,41.53,40.23,41.92,40.59,402.0,236.0,278.0,916.0,37.0,42.0,1.0,476.0,118.0,44.0,13.16,14.03,14.34,19.0,13.0,5.0,912.25,638.0,638.4,6.39,8.26,8.26,39.65,39.95,39.36,650.99,62.34,58.3,62.26,58.23,569.0,325.0,328.0,1222.0,62.0,75.0,12.0,669.0,159.0,66.0,20.91,19.85,21.58,25.0,19.0,18.0,1227.33,894.0,897.45,10.47,15.77,16.14,56.67,56.66,54.88,116.59,122.4,2326.0,2153.0,0.0,0.0,0.0,0.0,0.0,0.0,regular
8482747,2025,Brennan Othmann,NYR,L,all,16,9512.0,236.0,-0.3,0.46,0.43,0.43,0.49,0.42,0.48,156.0,14.68,1.69,0.96,3.48,0.47,6.94,5.46,1.67,1.7,1.68,0.0,0.0,13.0,6.0,4.0,23.0,1.0,1.0,0.0,0.0,4.0,0.0,9.0,5.0,12.0,18.0,3.0,9.0,0.0,39.0,2.0,4.0,13.0,3.0,3.0,0.54,0.36,0.79,0.0,1.0,0.0,22.83,19.0,18.86,1.0,0.2,0.0,0.33,1.56,1.57,1.57,236.0,22.0,14.0,36.0,164.0,37.0,33.0,40.0,126.0,0.0,2.0,48762.0,9.0,17.0,7.0,7.0,60.95,5.87,5.58,5.97,5.67,52.0,31.0,47.0,130.0,5.0,9.0,0.0,60.0,14.0,9.0,1.69,1.68,2.5,2.0,3.0,0.0,131.03,83.0,83.57,0.87,1.56,1.56,5.18,5.29,5.19,83.93,6.8,6.56,6.81,6.57,71.0,43.0,56.0,170.0,10.0,11.0,2.0,86.0,22.0,6.0,2.7,2.56,1.53,6.0,2.0,2.0,173.85,114.0,116.14,1.13,2.14,2.14,5.79,5.77,5.68,36.56,47.96,769.0,789.0,0.0,0.0,0.0,0.0,0.0,0.0,regular
8482132,2025,Brett Berard,NYR,L,all,13,8223.0,198.0,-0.55,0.46,0.48,0.45,0.48,0.47,0.48,128.0,17.12,1.73,1.22,4.45,0.63,8.38,5.59,1.7,1.79,1.76,0.0,0.0,10.0,12.0,13.0,35.0,0.0,0.0,1.0,0.0,5.0,0.0,11.0,5.0,10.0,22.0,2.0,6.0,0.0,17.0,1.0,9.0,16.0,4.0,2.0,0.5,0.57,0.67,0.0,0.0,0.0,35.8,22.0,22.7,1.0,0.26,0.29,0.42,1.58,1.67,1.64,198.0,10.0,12.0,25.0,151.0,34.0,31.0,23.0,110.0,0.0,0.0,39280.0,6.0,0.0,0.0,9.0,60.96,5.19,5.02,5.3,5.12,44.0,38.0,37.0,119.0,2.0,8.0,1.0,63.0,14.0,5.0,1.86,1.8,1.53,2.0,0.0,0.0,121.11,82.0,83.41,0.93,1.62,1.62,4.5,4.61,4.54,66.67,6.02,5.67,5.93,5.58,65.0,26.0,54.0,145.0,3.0,11.0,0.0,68.0,16.0,7.0,1.95,1.98,2.09,1.0,2.0,0.0,144.72,91.0,90.3,0.95,2.2,2.2,4.77,4.71,4.66,33.45,36.32,618.0,660.0,0.0,0.0,0.0,0.0,0.0,0.0,regular
8477839,2025,Conor Sheary,NYR,L,all,37,32363.0,719.0,10.54,0.49,0.46,0.51,0.5,0.5,0.49,263.0,60.21,6.33,4.54,14.34,2.19,33.03,23.57,5.99,6.4,6.05,4.0,4.0,55.0,29.0,29.0,113.0,9.0,1.0,6.0,0.0,8.0,0.0,33.0,36.0,54.0,83.0,4.0,8.0,8.0,17.0,13.0,26.0,59.0,19.0,6.0,2.21,2.23,1.9,0.0,1.0,0.0,112.92,84.0,84.42,8.0,0.99,1.55,1.71,5.6,5.59,5.5,719.0,94.0,70.0,108.0,447.0,94.0,94.0,73.0,458.0,8.0,6.0,103055.0,8.0,16.0,8.0,25.0,278.01,23.66,22.47,23.72,22.53,241.0,142.0,162.0,545.0,10.0,37.0,4.0,296.0,62.0,25.0,8.42,7.39,7.85,2.0,4.0,4.0,544.05,383.0,383.11,4.25,8.13,8.16,19.74,19.88,19.44,286.13,24.58,23.58,24.86,23.84,244.0,144.0,144.0,532.0,15.0,30.0,4.0,299.0,67.0,22.0,9.03,8.04,7.51,7.0,4.0,4.0,538.34,388.0,392.29,4.0,6.91,6.91,21.66,21.78,21.46,77.9,90.01,1651.0,1661.0,0.0,0.0,0.0,0.0,0.0,0.0,regular
8484210,2025,Gabe Perreault,NYR,R,all,23,20552.0,455.0,6.07,0.49,0.44,0.49,0.47,0.46,0.46,159.0,30.99,4.63,2.31,7.15,1.11,14.6,10.2,4.55,4.56,4.48,3.0,2.0,30.0,10.0,18.0,58.0,8.0,3.0,7.0,0.0,6.0,0.0,10.0,14.0,27.0,37.0,2.0,4.0,3.0,18.0,5.0,15.0,21.0,10.0,9.0,0.88,1.15,2.6,1.0,0.0,2.0,57.34,40.0,39.63,4.0,0.54,1.06,1.16,4.0,3.94,3.93,455.0,72.0,40.0,93.0,250.0,70.0,67.0,57.0,261.0,3.0,1.0,63575.0,4.0,4.0,2.0,14.0,158.5,14.91,14.48,14.92,14.48,157.0,56.0,94.0,307.0,17.0,21.0,1.0,150.0,47.0,16.0,4.7,5.54,4.68,7.0,6.0,4.0,303.39,213.0,211.51,2.42,3.2,3.2,14.12,14.11,13.88,178.27,15.79,15.2,15.78,15.16,151.0,96.0,76.0,323.0,16.0,16.0,4.0,188.0,48.0,11.0,6.23,5.88,3.69,5.0,6.0,5.0,325.74,247.0,248.13,2.49,3.25,3.25,15.04,14.97,14.78,53.01,67.57,962.0,1107.0,0.0,0.0,0.0,0.0,0.0,0.0,regular
8476468,2025,J.T. Miller,NYR,C,all,47,58382.0,1223.0,31.2,0.49,0.44,0.54,0.48,0.53,0.47,123.0,125.36,15.89,10.47,27.02,4.42,67.65,44.53,14.61,15.79,14.51,11.0,11.0,105.0,65.0,31.0,201.0,36.0,14.0,10.0,1.0,17.0,0.0,69.0,60.0,91.0,156.0,8.0,16.0,376.0,97.0,10.0,53.0,105.0,46.0,19.0,3.45,5.84,6.61,4.0,7.0,3.0,199.76,170.0,168.98,15.0,2.58,1.93,3.57,14.92,14.88,13.95,1223.0,220.0,195.0,221.0,587.0,101.0,126.0,180.0,816.0,376.0,238.0,112982.0,16.0,8.0,4.0,18.0,577.71,61.71,57.79,61.53,57.61,499.0,298.0,282.0,1079.0,53.0,58.0,4.0,572.0,158.0,67.0,17.33,19.5,24.88,16.0,19.0,18.0,1071.34,797.0,792.77,10.9,12.45,12.48,60.13,60.07,56.87,509.38,64.09,59.29,64.65,59.8,446.0,250.0,214.0,910.0,66.0,48.0,13.0,498.0,125.0,73.0,14.65,14.82,34.63,17.0,15.0,34.0,922.53,696.0,703.44,7.85,11.69,11.69,60.25,60.57,58.14,70.81,88.59,1683.0,1859.0,0.0,0.0,0.0,0.0,0.0,0.0,regular
8482877,2025,Jaroslav Chmelar,NYR,R,all,6,2828.0,65.0,-0.48,0.4,0.54,0.42,0.53,0.35,0.55,69.0,3.42,0.47,0.31,0.81,0.1,1.35,0.95,0.46,0.45,0.45,0.0,0.0,3.0,1.0,2.0,6.0,0.0,0.0,0.0,0.0,1.0,0.0,3.0,0.0,3.0,4.0,2.0,7.0,0.0,13.0,0.0,1.0,0.0,4.0,0.0,0.0,0.47,0.0,0.0,0.0,0.0,5.78,4.0,3.93,0.0,0.07,0.0,0.17,0.37,0.37,0.37,65.0,2.0,6.0,13.0,44.0,11.0,7.0,4.0,43.0,0.0,0.0,19240.0,7.0,7.0,2.0,3.0,12.67,1.11,1.11,1.06,1.06,10.0,7.0,14.0,31.0,0.0,1.0,0.0,11.0,5.0,1.0,0.19,0.57,0.34,0.0,0.0,0.0,29.93,17.0,16.47,0.17,0.17,0.17,1.11,1.08,1.08,22.15,1.68,1.65,1.71,1.68,20.0,11.0,11.0,42.0,2.0,4.0,0.0,27.0,2.0,2.0,0.8,0.26,0.62,2.0,0.0,0.0,43.84,31.0,31.91,0.27,0.72,0.72,1.24,1.25,1.24,18.25,15.62,327.0,291.0,0.0,0.0,0.0,0.0,0.0,0.0,regular
8477380,2025,Jonny Brodzinski,NYR,C,all,38,25263.0,591.0,6.17,0.42,0.46,0.47,0.48,0.46,0.48,361.0,50.73,5.18,3.78,13.04,1.79,26.23,17.98,5.03,5.31,5.16,3.0,3.0,37.0,31.0,26.0,94.0,10.0,4.0,9.0,3.0,11.0,0.0,24.0,20.0,33.0,64.0,5.0,10.0,23.0,28.0,10.0,17.0,49.0,13.0,6.0,1.52,1.52,2.14,0.0,1.0,3.0,94.35,68.0,68.77,3.0,0.81,1.74,2.21,3.77,3.81,3.77,591.0,48.0,49.0,84.0,410.0,109.0,72.0,69.0,341.0,23.0,18.0,112748.0,10.0,20.0,8.0,17.0,186.01,14.71,14.36,14.98,14.62,160.0,95.0,110.0,365.0,11.0,24.0,4.0,199.0,40.0,16.0,5.07,4.68,4.96,5.0,2.0,4.0,364.26,255.0,256.01,2.84,4.73,4.73,12.81,12.94,12.77,218.42,19.92,19.16,19.9,19.14,187.0,108.0,123.0,418.0,16.0,29.0,3.0,217.0,55.0,23.0,6.32,6.8,6.79,5.0,9.0,2.0,421.16,295.0,297.07,2.97,6.29,5.85,17.03,17.09,16.89,93.37,110.12,1800.0,1945.0,0.0,0.0,0.0,0.0,0.0,0.0,regular
8475413,2025,Justin Dowling,NYR,C,all,2,863.0,24.0,-0.48,0.26,0.55,0.33,0.4,0.35,0.43,24.0,1.63,0.13,0.21,0.58,0.11,1.18,0.79,0.13,0.13,0.13,0.0,0.0,1.0,2.0,0.0,3.0,0.0,0.0,1.0,0.0,0.0,0.0,1.0,1.0,1.0,3.0,0.0,0.0,1.0,3.0,0.0,0.0,2.0,1.0,0.0,0.02,0.1,0.0,0.0,0.0,0.0,3.08,3.0,3.11,0.0,0.04,0.1,0.1,0.07,0.07,0.07,24.0,0.0,3.0,2.0,19.0,0.0,4.0,4.0,16.0,1.0,2.0,6403.0,0.0,0.0,0.0,1.0,4.46,0.31,0.3,0.3,0.29,4.0,3.0,2.0,9.0,0.0,1.0,0.0,5.0,2.0,0.0,0.1,0.21,0.0,0.0,0.0,0.0,9.15,7.0,7.18,0.08,0.1,0.1,0.28,0.27,0.27,10.12,0.88,0.87,0.88,0.88,9.0,4.0,5.0,18.0,1.0,1.0,0.0,10.0,0.0,3.0,0.24,0.0,0.63,0.0,0.0,1.0,17.33,13.0,12.78,0.14,0.21,0.21,0.81,0.83,0.83,6.79,5.62,89.0,133.0,0.0,0.0,0.0,0.0,0.0,0.0,regular
8481704,2025,Juuso Parssinen,NYR,C,all,14,7501.0,184.0,2.24,0.41,0.51,0.42,0.53,0.4,0.53,160.0,12.33,0.91,0.88,2.63,0.39,7.22,4.97,0.91,0.92,0.92,0.0,1.0,12.0,5.0,4.0,21.0,3.0,2.0,0.0,0.0,2.0,0.0,5.0,8.0,10.0,15.0,1.0,2.0,14.0,20.0,3.0,6.0,12.0,5.0,0.0,0.4,0.51,0.0,1.0,1.0,0.0,20.71,17.0,16.96,2.0,0.18,0.0,0.0,1.09,1.11,1.1,184.0,14.0,13.0,21.0,136.0,26.0,27.0,23.0,108.0,14.0,15.0,43386.0,2.0,4.0,2.0,9.0,41.53,2.7,2.68,2.79,2.77,34.0,25.0,30.0,89.0,6.0,1.0,0.0,47.0,11.0,1.0,1.21,1.25,0.24,3.0,3.0,0.0,89.15,59.0,59.58,0.58,0.17,0.17,3.12,3.24,3.22,61.21,3.88,3.79,3.86,3.78,57.0,31.0,35.0,123.0,3.0,5.0,0.0,74.0,11.0,3.0,1.78,1.34,0.76,3.0,0.0,0.0,122.8,88.0,88.08,0.8,0.84,0.84,3.84,3.8,3.78,36.45,34.46,766.0,670.0,0.0,0.0,0.0,0.0,0.0,0.0,regular
8482460,2025,Matt Rempe,NYR,C,all,25,13000.0,299.0,2.46,0.53,0.47,0.53,0.49,0.5,0.48,267.0,20.07,2.57,1.78,4.6,0.64,8.93,6.48,2.55,2.55,2.53,0.0,0.0,15.0,10.0,7.0,32.0,1.0,1.0,2.0,0.0,3.0,0.0,10.0,9.0,14.0,24.0,4.0,11.0,3.0,82.0,2.0,5.0,11.0,11.0,3.0,0.47,1.39,0.72,0.0,1.0,0.0,31.8,25.0,24.95,3.0,0.4,0.34,0.47,2.51,2.49,2.47,299.0,21.0,27.0,44.0,207.0,58.0,33.0,41.0,167.0,3.0,5.0,78183.0,11.0,11.0,4.0,5.0,105.04,8.65,8.39,8.7,8.43,84.0,59.0,76.0,219.0,7.0,11.0,2.0,110.0,20.0,13.0,2.81,2.44,3.41,4.0,1.0,2.0,217.08,143.0,141.56,1.54,1.71,1.71,8.48,8.46,8.38,102.6,7.69,7.57,7.83,7.72,89.0,54.0,51.0,194.0,9.0,7.0,2.0,112.0,27.0,4.0,3.18,3.34,1.16,2.0,5.0,2.0,198.66,143.0,146.73,1.36,1.14,1.14,7.91,8.04,7.95,63.7,72.7,1229.0,1265.0,0.0,0.0,0.0,0.0,0.0,0.0,regular
8481525,2025,Matthew Robertson,NYR,D,all,46,47367.0,1040.0,9.5,0.44,0.47,0.46,0.5,0.46,0.49,199.0,56.53,1.95,2.95,15.18,1.84,34.7,25.38,1.91,1.93,1.89,2.0,5.0,46.0,36.0,52.0,134.0,11.0,4.0,6.0,0.0,14.0,0.0,33.0,25.0,42.0,78.0,15.0,30.0,0.0,70.0,2.0,31.0,79.0,3.0,0.0,1.61,0.34,0.0,4.0,0.0,0.0,130.85,82.0,80.38,21.0,0.59,1.16,0.08,2.45,2.42,2.38,1040.0,55.0,125.0,127.0,733.0,117.0,167.0,114.0,642.0,0.0,0.0,120353.0,30.0,4.0,2.0,57.0,368.19,30.1,29.28,30.08,29.26,307.0,196.0,205.0,708.0,27.0,34.0,6.0,374.0,105.0,24.0,10.98,12.13,6.99,16.0,7.0,4.0,699.83,503.0,497.84,5.15,5.88,5.93,29.31,29.21,28.84,428.87,38.82,37.24,39.05,37.46,389.0,199.0,244.0,832.0,43.0,51.0,8.0,441.0,115.0,32.0,13.67,14.11,11.04,16.0,16.0,11.0,845.44,588.0,594.98,6.52,10.7,10.7,34.63,34.84,34.05,100.06,113.22,1962.0,1956.0,0.0,0.0,0.0,0.0,0.0,0.0,regular
8476459,2025,Mika Zibanejad,NYR,C,all,55,69200.0,1394.0,48.18,0.49,0.44,0.54,0.46,0.54,0.45,125.0,173.49,20.68,12.75,38.12,5.87,94.36,63.21,19.95,20.67,19.95,19.0,10.0,150.0,85.0,55.0,290.0,52.0,23.0,15.0,2.0,27.0,0.0,83.0,87.0,127.0,212.0,5.0,10.0,387.0,76.0,24.0,72.0,151.0,65.0,19.0,4.69,7.81,8.2,5.0,9.0,9.0,289.23,235.0,234.57,24.0,2.94,4.08,3.96,19.67,19.69,19.18,1394.0,270.0,197.0,227.0,700.0,122.0,168.0,233.0,871.0,387.0,359.0,131317.0,10.0,16.0,8.0,36.0,679.96,69.67,66.16,69.62,66.1,594.0,342.0,336.0,1272.0,70.0,61.0,5.0,685.0,176.0,75.0,19.36,21.04,29.28,22.0,21.0,27.0,1263.54,936.0,932.0,12.32,11.83,11.58,70.42,70.39,67.34,593.44,71.41,68.44,71.7,68.7,526.0,287.0,291.0,1104.0,75.0,54.0,6.0,595.0,141.0,77.0,19.07,17.39,34.95,26.0,19.0,30.0,1115.87,813.0,819.29,9.19,10.13,10.13,70.47,70.74,68.81,85.64,109.21,1906.0,2217.0,0.0,0.0,0.0,0.0,0.0,0.0,regular
8483690,2025,Noah Laba,NYR,C,all,53,42281.0,996.0,10.42,0.45,0.46,0.45,0.5,0.46,0.49,416.0,64.19,7.94,4.9,14.08,2.15,31.98,24.95,7.64,8.1,7.8,4.0,6.0,50.0,36.0,18.0,104.0,16.0,6.0,9.0,3.0,8.0,0.0,36.0,27.0,44.0,80.0,11.0,22.0,224.0,72.0,7.0,22.0,51.0,25.0,10.0,1.77,3.19,2.98,1.0,2.0,3.0,105.27,86.0,87.19,6.0,1.06,2.11,2.51,6.48,6.61,6.54,996.0,84.0,101.0,117.0,694.0,136.0,136.0,120.0,604.0,224.0,212.0,150970.0,22.0,16.0,8.0,34.0,296.98,26.4,25.5,26.72,25.8,250.0,154.0,177.0,581.0,21.0,31.0,6.0,301.0,73.0,30.0,8.29,8.66,9.45,6.0,8.0,7.0,582.75,404.0,406.5,4.27,7.08,7.08,23.59,23.94,23.54,349.75,32.42,30.82,32.41,30.8,307.0,168.0,229.0,704.0,24.0,43.0,3.0,352.0,86.0,37.0,10.32,10.78,11.32,14.0,7.0,3.0,708.97,475.0,477.56,5.15,8.98,8.98,28.59,28.54,28.07,121.4,142.03,2497.0,2472.0,0.0,0.0,0.0,0.0,0.0,0.0,regular
8475842,2025,Sam Carrick,NYR,C,all,56,35402.0,861.0,8.33,0.44,0.46,0.43,0.5,0.43,0.49,539.0,66.13,6.75,4.24,15.34,2.16,31.61,27.89,6.34,6.86,6.44,5.0,1.0,55.0,33.0,22.0,110.0,9.0,3.0,11.0,1.0,15.0,0.0,22.0,37.0,52.0,85.0,15.0,48.0,205.0,80.0,10.0,23.0,62.0,14.0,12.0,1.61,1.69,3.45,1.0,0.0,2.0,109.14,88.0,87.48,11.0,0.89,2.25,2.32,5.32,5.36,5.26,861.0,36.0,147.0,119.0,559.0,149.0,115.0,111.0,486.0,205.0,175.0,168715.0,48.0,44.0,13.0,28.0,242.24,21.24,20.44,21.63,20.8,199.0,131.0,152.0,482.0,16.0,30.0,4.0,239.0,62.0,29.0,6.12,7.23,7.89,6.0,4.0,6.0,480.8,330.0,330.51,3.29,5.5,5.75,18.79,18.95,18.64,316.47,27.2,26.31,27.25,26.36,283.0,156.0,190.0,629.0,25.0,34.0,5.0,345.0,73.0,21.0,10.2,9.29,7.71,9.0,9.0,7.0,632.44,439.0,441.77,4.77,6.2,6.2,25.77,25.73,25.36,136.88,157.54,2760.0,2746.0,0.0,0.0,0.0,0.0,0.0,0.0,regular
8482666,2025,Scott Morrow,NYR,D,all,28,26333.0,554.0,6.53,0.51,0.43,0.54,0.46,0.52,0.45,141.0,27.85,0.82,1.46,7.71,0.88,16.23,11.91,0.8,0.81,0.79,3.0,3.0,23.0,16.0,49.0,88.0,6.0,0.0,3.0,0.0,4.0,0.0,17.0,15.0,23.0,39.0,2.0,4.0,0.0,9.0,4.0,21.0,37.0,2.0,0.0,0.61,0.2,0.0,0.0,0.0,0.0,86.9,39.0,38.31,11.0,0.32,0.72,0.0,1.13,1.12,1.09,554.0,60.0,46.0,73.0,375.0,75.0,85.0,67.0,327.0,0.0,0.0,75955.0,4.0,2.0,1.0,28.0,244.17,21.28,20.4,21.19,20.31,216.0,118.0,144.0,478.0,17.0,28.0,3.0,252.0,55.0,27.0,7.33,6.06,7.89,6.0,6.0,5.0,473.04,334.0,331.74,4.0,4.69,4.7,20.57,20.53,20.05,223.55,20.13,19.3,20.11,19.28,191.0,113.0,108.0,412.0,17.0,31.0,2.0,226.0,60.0,18.0,6.98,7.58,5.57,7.0,7.0,3.0,418.43,304.0,306.92,2.97,5.76,5.76,17.34,17.33,17.1,56.08,75.53,1084.0,1280.0,0.0,0.0,0.0,0.0,0.0,0.0,regular
8479390,2025,Taylor Raddysh,NYR,R,all,53,37836.0,888.0,9.75,0.45,0.47,0.45,0.5,0.45,0.49,459.0,49.89,5.3,3.94,11.65,1.7,25.41,18.99,5.13,5.38,5.2,3.0,2.0,40.0,27.0,15.0,82.0,13.0,8.0,1.0,0.0,8.0,0.0,18.0,32.0,32.0,59.0,5.0,8.0,2.0,44.0,12.0,19.0,45.0,14.0,8.0,1.53,1.69,2.08,5.0,3.0,0.0,81.71,67.0,67.32,6.0,0.87,0.21,1.53,4.64,4.71,4.64,888.0,60.0,101.0,116.0,611.0,144.0,126.0,116.0,502.0,2.0,12.0,154889.0,8.0,6.0,3.0,25.0,274.13,23.45,22.79,23.81,23.14,235.0,139.0,164.0,538.0,20.0,28.0,3.0,284.0,60.0,30.0,7.3,7.04,9.11,9.0,6.0,5.0,536.91,374.0,376.27,3.96,5.79,5.79,21.61,21.87,21.65,331.3,28.66,27.19,28.68,27.19,290.0,166.0,194.0,650.0,26.0,39.0,6.0,358.0,67.0,31.0,10.72,8.32,9.62,9.0,9.0,8.0,654.28,456.0,458.68,4.97,8.31,8.64,24.99,25.03,24.36,127.38,146.39,2543.0,2549.0,0.0,0.0,0.0,0.0,0.0,0.0,regular
8480001,2025,Urho Vaakanainen,NYR,D,all,26,21487.0,473.0,4.75,0.46,0.48,0.5,0.5,0.47,0.5,153.0,25.21,0.85,1.26,7.44,0.78,14.94,10.73,0.85,0.86,0.85,2.0,2.0,20.0,16.0,20.0,56.0,4.0,0.0,3.0,0.0,7.0,0.0,18.0,8.0,20.0,36.0,7.0,14.0,0.0,9.0,5.0,15.0,35.0,1.0,0.0,0.69,0.17,0.0,0.0,0.0,0.0,56.91,36.0,36.64,10.0,0.25,0.78,0.0,1.1,1.11,1.1,473.0,10.0,46.0,49.0,368.0,66.0,71.0,53.0,283.0,0.0,0.0,73277.0,14.0,6.0,3.0,20.0,159.87,13.45,13.15,13.64,13.34,129.0,91.0,102.0,322.0,13.0,13.0,0.0,163.0,43.0,14.0,4.44,5.12,3.89,3.0,10.0,0.0,326.75,220.0,223.07,2.15,2.34,2.34,13.27,13.52,13.41,178.45,15.73,14.97,15.54,14.79,157.0,87.0,83.0,327.0,16.0,19.0,1.0,182.0,45.0,17.0,5.6,5.35,4.78,6.0,7.0,3.0,324.92,244.0,242.51,2.57,4.25,4.25,14.04,13.89,13.49,59.78,65.82,1180.0,1164.0,0.0,0.0,0.0,0.0,0.0,0.0,regular
8476389,2025,Vincent Trocheck,NYR,C,all,42,52830.0,1048.0,31.66,0.45,0.44,0.52,0.45,0.5,0.44,103.0,102.17,11.09,8.65,22.11,4.01,56.51,36.63,10.39,11.24,10.54,13.0,11.0,76.0,63.0,39.0,178.0,36.0,12.0,11.0,1.0,13.0,1.0,51.0,51.0,64.0,127.0,14.0,28.0,402.0,126.0,15.0,52.0,91.0,36.0,12.0,3.07,4.36,3.66,4.0,6.0,2.0,178.0,139.0,139.63,21.0,2.09,2.02,2.61,10.57,10.64,10.15,1048.0,171.0,163.0,163.0,551.0,95.0,135.0,174.0,644.0,402.0,306.0,100400.0,28.0,24.0,12.0,33.0,493.89,53.59,50.19,53.85,50.44,406.0,267.0,272.0,945.0,58.0,52.0,5.0,471.0,143.0,59.0,14.28,17.09,22.22,19.0,19.0,20.0,944.08,673.0,673.68,9.25,9.39,9.39,53.45,53.64,50.92,484.44,66.04,61.81,66.19,61.95,443.0,219.0,194.0,856.0,67.0,61.0,12.0,440.0,139.0,83.0,14.31,17.08,34.65,13.0,21.0,33.0,861.89,662.0,666.09,7.83,13.93,14.22,59.65,59.8,57.79,63.58,82.2,1409.0,1745.0,0.0,0.0,0.0,0.0,0.0,0.0,regular
8478882,2025,Vladislav Gavrikov,NYR,D,all,56,80926.0,1538.0,22.22,0.44,0.48,0.47,0.51,0.46,0.5,85.0,90.18,4.72,5.48,25.85,3.14,53.07,38.75,4.55,4.71,4.54,5.0,7.0,83.0,48.0,95.0,226.0,21.0,9.0,9.0,1.0,24.0,0.0,46.0,43.0,74.0,122.0,12.0,24.0,0.0,36.0,17.0,72.0,122.0,6.0,3.0,2.78,0.68,1.27,5.0,2.0,2.0,223.69,131.0,130.2,52.0,1.26,2.17,0.52,5.47,5.47,5.28,1538.0,186.0,232.0,294.0,826.0,123.0,198.0,229.0,988.0,0.0,0.0,123191.0,24.0,10.0,5.0,86.0,610.78,61.41,58.42,61.87,58.86,529.0,312.0,353.0,1194.0,52.0,71.0,5.0,626.0,144.0,71.0,17.86,18.04,25.52,22.0,12.0,18.0,1190.05,841.0,841.41,9.16,14.61,14.58,55.99,56.31,54.49,736.62,78.16,72.94,78.57,73.35,666.0,339.0,364.0,1369.0,72.0,80.0,12.0,733.0,189.0,83.0,22.0,23.45,32.71,24.0,25.0,23.0,1382.09,1005.0,1014.31,11.9,18.02,18.38,71.68,72.08,69.62,96.71,106.58,2048.0,2006.0,0.0,0.0,0.0,0.0,0.0,0.0,regular
8478840,2025,Will Borgen,NYR,D,all,49,54377.0,1223.0,1.65,0.39,0.49,0.41,0.53,0.4,0.52,188.0,48.93,1.4,2.37,15.06,1.66,27.94,20.57,1.39,1.4,1.39,1.0,2.0,48.0,21.0,52.0,121.0,6.0,3.0,3.0,0.0,12.0,0.0,22.0,29.0,45.0,66.0,14.0,28.0,0.0,72.0,11.0,44.0,67.0,2.0,0.0,1.12,0.29,0.0,3.0,0.0,0.0,119.01,69.0,67.56,30.0,0.48,0.67,0.02,1.86,1.85,1.83,1223.0,73.0,178.0,153.0,819.0,115.0,156.0,143.0,809.0,0.0,0.0,124240.0,28.0,10.0,5.0,68.0,363.81,30.49,29.86,30.49,29.86,311.0,184.0,214.0,709.0,28.0,33.0,7.0,364.0,106.0,25.0,10.32,12.49,7.68,13.0,8.0,7.0,701.42,495.0,491.19,5.11,6.23,6.23,29.37,29.3,29.02,535.11,48.24,44.95,48.65,45.3,473.0,261.0,298.0,1032.0,50.0,59.0,12.0,552.0,138.0,44.0,16.89,16.42,14.94,16.0,17.0,17.0,1044.36,734.0,741.7,8.69,12.36,13.02,43.9,44.12,42.27,109.11,112.82,2136.0,1888.0,0.0,0.0,0.0,0.0,0.0,0.0,regular
8482157,2025,Will Cuylle,NYR,L,all,56,57618.0,1317.0,24.26,0.43,0.48,0.49,0.49,0.47,0.49,294.0,124.07,16.13,10.04,27.75,4.14,62.21,42.72,15.35,16.17,15.4,12.0,2.0,105.0,58.0,55.0,218.0,27.0,13.0,17.0,3.0,17.0,0.0,62.0,54.0,92.0,150.0,18.0,39.0,36.0,198.0,8.0,35.0,100.0,41.0,22.0,3.04,4.81,8.28,2.0,4.0,7.0,218.72,163.0,163.7,12.0,2.45,3.09,3.14,15.44,15.53,14.93,1317.0,188.0,177.0,182.0,770.0,133.0,180.0,180.0,824.0,36.0,32.0,146499.0,39.0,21.0,9.0,56.0,459.53,47.68,45.33,47.73,45.38,391.0,240.0,303.0,934.0,42.0,56.0,7.0,448.0,128.0,55.0,13.25,15.28,19.14,10.0,16.0,16.0,932.31,631.0,631.27,8.2,10.89,10.92,44.96,45.02,43.26,510.21,62.78,59.39,62.79,59.38,450.0,248.0,272.0,970.0,56.0,54.0,8.0,500.0,126.0,72.0,15.65,15.44,31.69,18.0,15.0,23.0,974.84,698.0,699.53,8.03,11.99,12.79,58.02,58.07,55.86,110.44,121.96,2308.0,2405.0,0.0,0.0,0.0,0.0,0.0,0.0,regular
8482245,2025,Artem Zub,OTT,D,all,54,65211.0,1449.0,24.35,0.49,0.56,0.46,0.57,0.47,0.57,163.0,73.61,2.56,3.69,21.3,2.39,43.23,31.83,2.45,2.57,2.46,7.0,8.0,62.0,43.0,47.0,152.0,19.0,4.0,10.0,0.0,10.0,0.0,42.0,39.0,58.0,101.0,17.0,34.0,0.0,54.0,19.0,57.0,102.0,0.0,3.0,1.85,0.0,0.71,3.0,0.0,1.0,152.16,105.0,105.75,38.0,0.74,3.02,0.53,2.78,2.8,2.75,1449.0,78.0,287.0,230.0,854.0,182.0,106.0,195.0,966.0,0.0,0.0,131241.0,34.0,8.0,4.0,77.0,475.71,47.76,46.05,48.27,46.52,417.0,225.0,221.0,863.0,49.0,40.0,3.0,472.0,108.0,62.0,12.37,13.34,22.05,23.0,10.0,16.0,870.51,642.0,649.26,6.45,9.02,9.48,44.73,45.18,44.21,522.58,49.9,46.92,49.77,46.8,496.0,225.0,311.0,1032.0,61.0,58.0,7.0,533.0,141.0,47.0,15.64,18.03,16.24,22.0,26.0,13.0,1024.69,721.0,717.19,9.26,10.73,10.73,48.42,48.27,46.4,121.1,93.7,2349.0,1754.0,0.0,0.0,0.0,0.0,0.0,0.0,regular
8481560,2025,Arthur Kaliyev,OTT,R,all,2,1273.0,28.0,1.15,0.55,0.41,0.62,0.5,0.6,0.48,23.0,3.62,0.39,0.34,1.05,0.17,1.89,1.17,0.31,0.37,0.3,0.0,1.0,4.0,1.0,3.0,8.0,1.0,0.0,1.0,0.0,2.0,0.0,1.0,1.0,4.0,5.0,0.0,0.0,0.0,0.0,0.0,2.0,4.0,1.0,0.0,0.2,0.19,0.0,0.0,0.0,0.0,7.77,5.0,4.86,1.0,0.07,0.15,0.19,0.27,0.26,0.25,28.0,6.0,2.0,4.0,16.0,7.0,2.0,4.0,15.0,0.0,0.0,6227.0,0.0,0.0,0.0,0.0,19.08,1.85,1.69,1.79,1.64,17.0,10.0,12.0,39.0,2.0,4.0,0.0,21.0,4.0,2.0,0.82,0.58,0.45,1.0,1.0,0.0,37.94,27.0,26.34,0.3,0.79,0.79,1.36,1.32,1.28,13.76,1.52,1.46,1.58,1.52,14.0,4.0,6.0,24.0,0.0,3.0,0.0,12.0,5.0,1.0,0.34,0.68,0.51,0.0,0.0,0.0,24.61,18.0,18.23,0.19,0.86,0.86,0.85,0.88,0.87,3.47,4.93,92.0,93.0,0.0,0.0,0.0,0.0,0.0,0.0,regular
8480801,2025,Brady Tkachuk,OTT,L,all,35,35797.0,835.0,43.48,0.67,0.49,0.65,0.5,0.67,0.5,183.0,143.69,17.6,12.0,31.22,4.49,71.83,46.86,16.15,17.61,16.17,14.0,8.0,136.0,48.0,44.0,228.0,36.0,14.0,12.0,0.0,19.0,1.0,78.0,60.0,122.0,170.0,12.0,24.0,87.0,96.0,9.0,22.0,115.0,48.0,21.0,3.89,5.99,7.72,4.0,7.0,3.0,229.24,184.0,184.62,4.0,2.94,2.86,3.55,16.99,17.03,16.28,835.0,194.0,50.0,154.0,437.0,111.0,103.0,141.0,480.0,87.0,64.0,90434.0,24.0,40.0,19.0,9.0,455.53,50.35,46.95,50.53,47.12,407.0,197.0,204.0,808.0,46.0,39.0,6.0,425.0,121.0,58.0,13.5,15.16,21.7,15.0,13.0,18.0,808.41,604.0,603.25,8.59,10.09,10.09,48.85,48.96,46.79,220.76,24.54,22.92,24.66,23.04,203.0,96.0,137.0,436.0,32.0,26.0,2.0,219.0,53.0,27.0,6.64,6.96,10.94,15.0,11.0,6.0,438.69,299.0,302.19,3.02,4.87,4.87,22.69,22.84,21.39,66.16,68.8,1340.0,1353.0,0.0,0.0,0.0,0.0,0.0,0.0,regular
8473512,2025,Claude Giroux,OTT,R,all,55,56736.0,1399.0,41.11,0.51,0.55,0.54,0.53,0.56,0.54,267.0,102.3,11.07,6.8,21.92,3.17,52.71,41.33,10.41,11.03,10.37,17.0,11.0,94.0,43.0,38.0,175.0,39.0,11.0,6.0,0.0,22.0,0.0,40.0,58.0,83.0,126.0,10.0,20.0,339.0,50.0,13.0,38.0,94.0,30.0,13.0,2.42,3.85,4.79,3.0,5.0,3.0,175.29,137.0,137.15,12.0,1.56,0.69,1.22,11.4,11.39,10.78,1399.0,185.0,248.0,220.0,746.0,186.0,133.0,192.0,888.0,339.0,188.0,143316.0,20.0,10.0,5.0,22.0,514.28,54.95,50.35,55.18,50.57,468.0,224.0,238.0,930.0,65.0,51.0,5.0,487.0,143.0,62.0,13.66,18.58,22.7,21.0,24.0,20.0,932.95,692.0,694.75,8.79,10.54,11.06,52.68,52.9,50.28,403.48,51.85,48.27,51.83,48.26,371.0,180.0,227.0,778.0,49.0,51.0,7.0,375.0,115.0,61.0,10.86,14.3,26.69,10.0,21.0,18.0,775.02,551.0,549.09,6.82,10.8,10.8,47.88,47.78,45.38,116.76,95.85,2339.0,2067.0,0.0,0.0,0.0,0.0,0.0,0.0,regular
8474102,2025,David Perron,OTT,L,all,49,39502.0,963.0,26.66,0.6,0.52,0.59,0.52,0.6,0.52,423.0,70.53,6.81,5.59,15.93,2.52,40.65,26.5,6.65,6.83,6.67,6.0,9.0,69.0,29.0,28.0,126.0,25.0,10.0,8.0,0.0,17.0,1.0,30.0,32.0,59.0,88.0,11.0,22.0,3.0,64.0,9.0,29.0,66.0,27.0,5.0,2.27,3.16,1.38,2.0,6.0,2.0,126.47,98.0,98.08,5.0,1.22,1.12,1.1,6.93,6.9,6.83,963.0,141.0,50.0,149.0,623.0,166.0,137.0,142.0,518.0,3.0,5.0,138950.0,22.0,22.0,11.0,18.0,367.59,31.36,30.41,31.44,30.5,320.0,185.0,184.0,689.0,35.0,42.0,0.0,385.0,95.0,25.0,11.36,12.04,7.96,18.0,10.0,7.0,690.9,505.0,506.44,5.98,6.36,6.36,30.97,31.03,30.51,241.54,21.03,20.33,20.96,20.25,238.0,98.0,141.0,477.0,24.0,18.0,2.0,266.0,49.0,21.0,7.19,5.61,8.24,10.0,8.0,6.0,474.84,336.0,333.85,3.1,3.34,3.34,20.79,20.72,20.26,120.26,112.78,2230.0,2074.0,0.0,0.0,0.0,0.0,0.0,0.0,regular
8478502,2025,Dennis Gilbert,OTT,D,all,1,830.0,19.0,0.0,0.71,0.31,0.53,0.48,0.65,0.48,6.0,0.0,0.0,0.0,0.0,0.0,0.0,0.0,0.0,0.0,0.0,0.0,0.0,0.0,0.0,2.0,2.0,0.0,0.0,0.0,0.0,0.0,0.0,0.0,0.0,0.0,0.0,0.0,0.0,0.0,0.0,0.0,3.0,0.0,0.0,0.0,0.0,0.0,0.0,0.0,0.0,0.0,1.83,0.0,0.0,3.0,0.0,0.0,0.0,0.0,0.0,0.0,19.0,0.0,1.0,0.0,18.0,4.0,2.0,1.0,12.0,0.0,0.0,2770.0,0.0,0.0,0.0,1.0,8.95,1.22,1.17,1.11,1.07,9.0,4.0,4.0,17.0,0.0,3.0,0.0,8.0,4.0,1.0,0.25,0.53,0.44,0.0,0.0,0.0,15.16,13.0,11.62,0.18,0.65,0.65,0.75,0.68,0.68,5.38,0.49,0.48,0.53,0.53,5.0,2.0,8.0,15.0,1.0,1.0,0.0,5.0,2.0,0.0,0.25,0.24,0.0,1.0,0.0,0.0,16.73,7.0,7.72,0.1,0.07,0.07,0.51,0.55,0.55,1.62,3.63,40.0,44.0,0.0,0.0,0.0,0.0,0.0,0.0,regular
8480208,2025,Drake Batherson,OTT,R,all,52,55539.0,1224.0,48.34,0.61,0.5,0.62,0.5,0.62,0.51,225.0,137.79,15.91,10.81,31.58,4.54,73.02,48.16,14.06,15.99,14.14,18.0,11.0,108.0,76.0,38.0,222.0,48.0,19.0,15.0,5.0,22.0,0.0,71.0,57.0,89.0,165.0,9.0,21.0,9.0,76.0,18.0,38.0,127.0,44.0,13.0,4.47,5.46,5.97,6.0,9.0,4.0,223.14,184.0,184.88,7.0,2.54,3.46,5.75,12.7,12.79,12.42,1224.0,281.0,67.0,184.0,692.0,166.0,165.0,213.0,680.0,9.0,10.0,133713.0,21.0,31.0,14.0,16.0,589.28,62.22,57.14,62.46,57.35,497.0,300.0,289.0,1086.0,65.0,60.0,10.0,571.0,167.0,59.0,17.84,20.24,24.15,26.0,22.0,17.0,1085.99,797.0,797.77,10.83,15.08,15.08,57.98,58.13,55.36,355.59,39.47,37.18,39.24,36.95,318.0,169.0,180.0,667.0,40.0,35.0,4.0,358.0,88.0,41.0,10.92,10.76,17.79,14.0,15.0,11.0,663.37,487.0,483.16,4.83,7.3,7.3,37.0,36.91,35.2,101.39,100.16,2002.0,2019.0,0.0,0.0,0.0,0.0,0.0,0.0,regular
8481528,2025,Dylan Cozens,OTT,C,all,55,56602.0,1262.0,46.33,0.62,0.5,0.63,0.5,0.64,0.5,284.0,141.82,17.86,11.12,30.03,4.4,74.67,48.92,17.05,18.11,17.28,11.0,12.0,130.0,57.0,54.0,241.0,41.0,18.0,12.0,2.0,26.0,0.0,68.0,63.0,112.0,169.0,15.0,30.0,327.0,144.0,13.0,36.0,119.0,46.0,22.0,4.34,5.92,7.59,7.0,4.0,7.0,242.98,187.0,188.37,12.0,2.57,4.48,3.53,16.91,17.05,16.5,1262.0,269.0,127.0,239.0,627.0,185.0,147.0,209.0,721.0,327.0,284.0,143450.0,30.0,36.0,18.0,17.0,601.56,61.07,55.97,61.5,56.38,522.0,288.0,294.0,1104.0,60.0,56.0,8.0,596.0,149.0,65.0,18.46,18.55,24.06,21.0,18.0,21.0,1108.93,810.0,812.71,10.85,14.63,14.65,57.28,57.67,54.83,339.55,37.29,35.16,37.2,35.07,309.0,155.0,189.0,653.0,44.0,35.0,6.0,340.0,82.0,42.0,9.84,10.18,17.27,18.0,15.0,11.0,653.02,464.0,463.62,4.59,6.58,6.58,35.29,35.27,33.59,110.63,110.41,2165.0,2192.0,0.0,0.0,0.0,0.0,0.0,0.0,regular
8480188,2025,Fabian Zetterlund,OTT,L,all,55,45559.0,1119.0,27.95,0.56,0.53,0.56,0.53,0.57,0.53,452.0,108.48,11.46,7.8,24.42,3.56,58.13,40.61,11.17,11.54,11.24,7.0,3.0,93.0,53.0,44.0,190.0,22.0,12.0,10.0,1.0,18.0,1.0,49.0,56.0,81.0,134.0,6.0,14.0,3.0,103.0,12.0,26.0,105.0,28.0,13.0,3.87,3.32,4.27,6.0,2.0,4.0,192.79,146.0,147.65,5.0,1.7,1.59,1.94,11.22,11.25,11.02,1119.0,169.0,56.0,184.0,710.0,176.0,157.0,184.0,602.0,3.0,5.0,154493.0,14.0,22.0,11.0,24.0,433.93,36.99,35.69,37.28,35.96,384.0,203.0,239.0,826.0,38.0,34.0,4.0,453.0,95.0,39.0,13.77,11.71,11.51,17.0,14.0,7.0,833.31,587.0,591.0,6.57,6.56,6.56,37.0,37.19,36.51,328.41,29.41,28.5,29.41,28.51,289.0,162.0,199.0,650.0,38.0,33.0,3.0,343.0,83.0,25.0,10.16,10.43,8.83,18.0,16.0,4.0,648.64,451.0,452.2,4.6,6.32,6.32,27.69,27.76,27.42,134.72,118.29,2443.0,2195.0,0.0,0.0,0.0,0.0,0.0,0.0,regular
8478173,2025,Hayden Hodgson,OTT,R,all,9,3435.0,92.0,-0.27,0.48,0.54,0.49,0.54,0.42,0.54,106.0,5.41,0.51,0.42,1.15,0.19,3.32,2.4,0.49,0.51,0.5,0.0,0.0,3.0,5.0,2.0,10.0,0.0,0.0,1.0,0.0,0.0,0.0,5.0,2.0,3.0,8.0,4.0,11.0,0.0,23.0,0.0,3.0,6.0,2.0,0.0,0.24,0.27,0.0,0.0,0.0,0.0,10.31,8.0,8.17,0.0,0.09,0.26,0.0,0.6,0.6,0.58,92.0,8.0,3.0,14.0,67.0,14.0,15.0,13.0,50.0,0.0,0.0,29449.0,11.0,7.0,2.0,0.0,23.59,2.53,2.37,2.62,2.45,22.0,10.0,20.0,52.0,2.0,4.0,1.0,25.0,3.0,4.0,0.73,0.47,1.32,1.0,0.0,1.0,53.77,32.0,33.25,0.32,1.32,1.32,1.52,1.58,1.44,33.94,2.76,2.54,2.71,2.49,28.0,17.0,9.0,54.0,3.0,5.0,1.0,33.0,9.0,3.0,0.81,1.17,0.78,0.0,2.0,1.0,53.2,45.0,44.05,0.51,0.8,0.8,2.46,2.4,2.35,25.48,22.09,468.0,406.0,0.0,0.0,0.0,0.0,0.0,0.0,regular
8482105,2025,Jake Sanderson,OTT,D,all,55,82860.0,1671.0,54.7,0.56,0.52,0.55,0.52,0.57,0.52,66.0,134.87,7.62,8.96,38.58,4.33,79.07,49.42,7.22,7.62,7.23,13.0,21.0,116.0,72.0,114.0,302.0,44.0,10.0,11.0,1.0,29.0,0.0,67.0,71.0,106.0,178.0,4.0,8.0,0.0,27.0,26.0,62.0,173.0,12.0,3.0,4.61,1.48,1.52,7.0,1.0,2.0,300.48,188.0,187.9,46.0,2.08,2.18,1.13,8.57,8.58,8.11,1671.0,255.0,286.0,256.0,874.0,132.0,119.0,260.0,1160.0,0.0,0.0,117192.0,8.0,20.0,10.0,109.0,762.02,83.18,76.91,83.54,77.26,664.0,356.0,362.0,1382.0,89.0,71.0,11.0,716.0,206.0,98.0,20.52,25.05,37.62,32.0,24.0,33.0,1383.33,1020.0,1022.37,13.31,18.83,19.19,77.3,77.66,74.13,570.27,66.03,61.44,66.04,61.46,529.0,253.0,344.0,1126.0,74.0,62.0,10.0,558.0,151.0,73.0,16.85,19.47,29.72,25.0,26.0,23.0,1123.93,782.0,782.57,9.92,13.42,13.42,62.53,62.5,59.19,88.52,81.68,1887.0,1719.0,0.0,0.0,0.0,0.0,0.0,0.0,regular
8481606,2025,Jordan Spence,OTT,D,all,46,47845.0,1083.0,34.82,0.62,0.52,0.63,0.51,0.63,0.51,202.0,76.93,3.34,4.26,22.89,2.56,44.11,30.83,3.23,3.27,3.17,3.0,11.0,63.0,45.0,58.0,166.0,18.0,4.0,10.0,0.0,11.0,0.0,44.0,39.0,59.0,104.0,5.0,10.0,0.0,35.0,11.0,34.0,97.0,11.0,0.0,1.92,1.42,0.0,3.0,1.0,0.0,163.79,108.0,106.44,16.0,0.89,3.01,0.64,3.59,3.52,3.44,1083.0,160.0,49.0,197.0,677.0,111.0,151.0,128.0,693.0,0.0,0.0,119269.0,10.0,0.0,0.0,33.0,497.06,41.67,40.31,41.66,40.32,440.0,234.0,251.0,925.0,41.0,53.0,3.0,519.0,118.0,37.0,15.26,14.72,11.69,19.0,18.0,4.0,925.89,674.0,673.92,7.34,9.45,9.27,39.74,39.71,39.01,286.63,25.25,24.34,25.34,24.43,272.0,122.0,158.0,552.0,26.0,27.0,1.0,301.0,71.0,22.0,8.64,8.96,7.64,11.0,13.0,2.0,550.78,394.0,393.62,4.1,5.73,5.73,23.62,23.71,23.08,106.85,100.1,1852.0,1814.0,0.0,0.0,0.0,0.0,0.0,0.0,regular
8477073,2025,Kurtis MacDermid,OTT,L,all,16,3857.0,121.0,-2.3,0.19,0.59,0.27,0.54,0.29,0.55,192.0,2.47,0.05,0.06,0.48,0.07,0.96,1.37,0.05,0.05,0.05,1.0,0.0,2.0,1.0,0.0,3.0,1.0,0.0,0.0,0.0,0.0,0.0,1.0,2.0,2.0,3.0,9.0,33.0,0.0,13.0,0.0,2.0,3.0,0.0,0.0,0.05,0.0,0.0,0.0,0.0,0.0,3.14,3.0,3.15,1.0,0.01,0.0,0.0,0.06,0.07,0.07,121.0,22.0,3.0,19.0,77.0,11.0,20.0,19.0,71.0,0.0,0.0,54599.0,33.0,29.0,7.0,5.0,16.86,0.69,0.68,0.75,0.74,10.0,13.0,9.0,32.0,1.0,1.0,0.0,23.0,0.0,0.0,0.69,0.0,0.0,1.0,0.0,0.0,34.25,23.0,24.63,0.19,0.01,0.01,0.86,0.94,0.93,40.44,2.98,2.75,2.89,2.68,29.0,26.0,30.0,85.0,4.0,3.0,1.0,46.0,5.0,4.0,1.29,0.67,1.02,3.0,0.0,1.0,82.3,55.0,54.01,0.53,0.72,1.02,2.49,2.44,2.39,47.54,33.7,883.0,761.0,0.0,0.0,0.0,0.0,0.0,0.0,regular
8474189,2025,Lars Eller,OTT,C,all,41,29736.0,747.0,9.32,0.44,0.55,0.48,0.54,0.48,0.55,382.0,40.97,4.21,3.29,8.7,1.25,20.3,15.26,4.05,4.3,4.14,4.0,2.0,36.0,17.0,24.0,77.0,8.0,2.0,3.0,1.0,4.0,0.0,26.0,18.0,34.0,51.0,3.0,6.0,208.0,32.0,4.0,22.0,35.0,15.0,3.0,1.27,1.92,1.01,0.0,1.0,1.0,78.38,53.0,54.12,5.0,0.74,0.39,1.1,3.85,3.92,3.82,747.0,86.0,125.0,107.0,429.0,103.0,88.0,106.0,450.0,208.0,151.0,119754.0,6.0,14.0,7.0,24.0,212.7,16.03,15.49,16.26,15.71,189.0,100.0,145.0,434.0,19.0,19.0,3.0,231.0,44.0,14.0,6.47,5.59,3.97,8.0,8.0,3.0,440.35,289.0,292.92,3.2,2.88,2.88,16.34,16.51,16.11,229.53,20.41,19.74,20.35,19.69,217.0,98.0,150.0,465.0,26.0,17.0,3.0,238.0,59.0,18.0,6.98,7.4,6.04,7.0,13.0,6.0,461.74,315.0,313.1,3.32,3.58,3.58,20.15,20.17,19.84,107.75,87.91,1940.0,1680.0,0.0,0.0,0.0,0.0,0.0,0.0,regular
8478020,2025,Michael Amadio,OTT,R,all,55,51679.0,1238.0,24.83,0.52,0.54,0.5,0.55,0.51,0.55,351.0,76.96,8.05,5.7,17.39,2.65,37.97,30.25,7.79,8.17,7.92,9.0,4.0,64.0,38.0,24.0,126.0,21.0,8.0,7.0,0.0,10.0,0.0,41.0,36.0,56.0,94.0,7.0,14.0,5.0,78.0,22.0,41.0,66.0,28.0,8.0,2.31,3.45,2.29,3.0,3.0,2.0,127.2,102.0,102.95,13.0,1.23,1.07,2.21,7.06,7.17,7.08,1238.0,104.0,169.0,244.0,721.0,190.0,144.0,162.0,742.0,5.0,7.0,148373.0,14.0,18.0,9.0,28.0,401.15,37.15,35.69,37.36,35.91,365.0,182.0,203.0,750.0,40.0,43.0,6.0,416.0,87.0,44.0,11.11,10.9,15.15,16.0,12.0,12.0,753.57,547.0,550.27,5.52,8.29,8.49,34.19,34.41,33.69,372.96,33.89,32.13,33.72,31.98,350.0,167.0,231.0,748.0,41.0,35.0,5.0,395.0,93.0,29.0,11.78,12.19,9.92,17.0,17.0,7.0,743.98,517.0,515.49,5.95,7.16,7.16,32.69,32.5,31.2,134.55,113.81,2519.0,2097.0,0.0,0.0,0.0,0.0,0.0,0.0,regular
8476393,2025,Nick Cousins,OTT,C,all,54,34427.0,897.0,19.39,0.58,0.53,0.54,0.53,0.54,0.54,561.0,49.4,4.47,3.26,11.33,1.58,24.63,19.74,4.38,4.5,4.4,4.0,4.0,46.0,19.0,20.0,85.0,15.0,7.0,6.0,1.0,9.0,0.0,22.0,21.0,39.0,58.0,19.0,41.0,11.0,109.0,11.0,32.0,47.0,13.0,5.0,1.27,1.68,1.53,3.0,4.0,0.0,87.06,65.0,66.14,14.0,0.68,1.25,1.75,3.4,3.43,3.38,897.0,89.0,46.0,150.0,612.0,157.0,121.0,121.0,498.0,11.0,12.0,162025.0,41.0,35.0,16.0,25.0,271.73,21.39,20.88,21.46,20.95,249.0,122.0,159.0,530.0,23.0,24.0,3.0,288.0,62.0,21.0,7.76,7.73,5.9,12.0,8.0,3.0,533.04,371.0,372.64,3.65,5.18,5.18,19.86,19.91,19.66,225.42,15.36,14.67,15.34,14.64,190.0,125.0,139.0,454.0,15.0,19.0,1.0,261.0,42.0,12.0,6.98,5.06,3.32,8.0,4.0,3.0,451.91,315.0,312.53,3.01,3.21,3.21,15.16,15.16,14.8,147.12,130.6,2676.0,2343.0,0.0,0.0,0.0,0.0,0.0,0.0,regular
8475324,2025,Nick Jensen,OTT,D,all,52,52346.0,1230.0,9.2,0.45,0.57,0.46,0.56,0.46,0.57,240.0,42.03,1.73,2.33,12.43,1.43,24.79,17.3,1.68,1.75,1.7,4.0,7.0,32.0,28.0,45.0,105.0,15.0,4.0,6.0,0.0,8.0,1.0,27.0,14.0,28.0,56.0,6.0,12.0,0.0,32.0,11.0,47.0,56.0,3.0,1.0,1.1,0.39,0.25,3.0,1.0,0.0,106.84,60.0,60.43,29.0,0.47,0.8,0.32,1.88,1.88,1.84,1230.0,90.0,104.0,164.0,872.0,180.0,163.0,192.0,695.0,0.0,0.0,136906.0,12.0,4.0,2.0,56.0,395.51,35.1,33.76,35.54,34.16,362.0,174.0,210.0,746.0,43.0,39.0,8.0,398.0,108.0,30.0,12.66,14.16,8.28,19.0,14.0,10.0,755.34,536.0,540.67,5.69,7.53,7.6,33.2,33.51,32.88,465.83,42.69,41.01,42.35,40.69,408.0,222.0,230.0,860.0,63.0,56.0,12.0,468.0,119.0,43.0,13.17,14.08,15.44,19.0,28.0,16.0,853.88,630.0,625.42,6.8,13.63,13.63,35.86,35.66,35.05,129.77,97.18,2335.0,1832.0,0.0,0.0,0.0,0.0,0.0,0.0,regular
8484321,2025,Nikolas Matinpalo,OTT,D,all,30,27400.0,698.0,2.13,0.48,0.54,0.44,0.56,0.42,0.57,159.0,24.21,0.84,1.27,6.78,0.73,14.05,10.33,0.81,0.85,0.81,3.0,1.0,19.0,15.0,30.0,64.0,4.0,0.0,4.0,0.0,2.0,0.0,10.0,18.0,19.0,34.0,5.0,10.0,0.0,27.0,7.0,17.0,33.0,1.0,0.0,0.7,0.14,0.0,0.0,0.0,0.0,64.11,34.0,33.68,11.0,0.26,0.94,0.14,0.95,0.96,0.95,698.0,44.0,52.0,111.0,491.0,87.0,102.0,89.0,420.0,0.0,0.0,81600.0,10.0,4.0,2.0,33.0,178.34,16.55,15.82,16.74,15.99,163.0,77.0,118.0,358.0,15.0,22.0,2.0,179.0,43.0,18.0,5.52,5.4,5.62,7.0,4.0,4.0,361.01,240.0,241.46,2.45,4.82,4.82,14.17,14.34,14.08,242.95,17.94,17.1,17.92,17.09,221.0,116.0,127.0,464.0,21.0,20.0,4.0,269.0,52.0,16.0,7.3,5.77,4.87,7.0,8.0,6.0,465.58,337.0,337.61,3.42,4.77,4.77,16.59,16.57,16.12,70.4,59.22,1394.0,1089.0,0.0,0.0,0.0,0.0,0.0,0.0,regular
8480245,2025,Olle Lycksell,OTT,R,all,7,4148.0,96.0,1.07,0.45,0.51,0.44,0.58,0.42,0.58,80.0,6.86,0.68,0.44,1.41,0.21,3.33,2.94,0.68,0.65,0.65,0.0,1.0,7.0,2.0,1.0,10.0,2.0,1.0,1.0,0.0,0.0,0.0,5.0,2.0,6.0,8.0,0.0,0.0,0.0,4.0,1.0,1.0,6.0,2.0,1.0,0.17,0.28,0.23,0.0,1.0,0.0,9.44,9.0,8.5,1.0,0.09,0.14,0.0,0.77,0.74,0.74,96.0,12.0,1.0,13.0,70.0,16.0,12.0,18.0,50.0,0.0,0.0,21395.0,0.0,2.0,1.0,4.0,25.56,1.95,1.9,1.88,1.83,27.0,7.0,21.0,55.0,3.0,3.0,0.0,26.0,7.0,1.0,0.7,1.01,0.23,1.0,2.0,0.0,52.14,34.0,32.6,0.33,0.34,0.34,1.94,1.88,1.86,33.31,2.38,2.31,2.42,2.35,34.0,13.0,24.0,71.0,5.0,2.0,0.0,39.0,6.0,2.0,1.14,0.62,0.62,3.0,1.0,1.0,73.16,47.0,47.75,0.46,0.49,0.49,2.34,2.38,2.36,18.62,18.1,373.0,274.0,0.0,0.0,0.0,0.0,0.0,0.0,regular
8482092,2025,Ridly Greig,OTT,C,all,50,50017.0,1242.0,27.25,0.5,0.55,0.49,0.55,0.49,0.56,264.0,90.2,10.63,6.98,21.16,3.13,44.04,33.06,9.97,10.67,10.02,9.0,7.0,89.0,30.0,36.0,155.0,25.0,9.0,15.0,2.0,21.0,0.0,38.0,36.0,80.0,110.0,18.0,41.0,189.0,63.0,11.0,33.0,75.0,28.0,16.0,2.06,3.62,4.95,1.0,3.0,5.0,156.33,119.0,119.7,11.0,1.58,2.0,3.31,8.9,9.0,8.6,1242.0,142.0,239.0,209.0,652.0,178.0,128.0,177.0,759.0,189.0,181.0,131735.0,41.0,47.0,22.0,33.0,391.54,40.14,38.57,40.28,38.73,362.0,168.0,195.0,725.0,48.0,43.0,4.0,389.0,97.0,44.0,10.97,12.18,16.98,20.0,13.0,15.0,731.16,530.0,533.34,6.03,8.17,8.08,38.09,38.28,37.53,396.24,40.19,38.39,40.31,38.49,369.0,178.0,216.0,763.0,48.0,45.0,8.0,400.0,108.0,39.0,11.69,12.98,15.53,17.0,20.0,11.0,764.54,547.0,548.38,6.72,10.29,10.78,36.14,36.26,35.08,115.41,93.59,2259.0,1820.0,0.0,0.0,0.0,0.0,0.0,0.0,regular
8481596,2025,Shane Pinto,OTT,C,all,45,50704.0,1182.0,30.55,0.5,0.54,0.5,0.54,0.51,0.55,118.0,115.57,15.47,8.56,26.42,4.0,57.75,40.81,14.75,15.6,14.86,7.0,6.0,98.0,55.0,42.0,195.0,28.0,15.0,13.0,3.0,15.0,1.0,51.0,58.0,83.0,138.0,14.0,28.0,246.0,54.0,14.0,32.0,91.0,40.0,22.0,3.01,4.89,7.59,5.0,3.0,7.0,196.52,153.0,154.31,15.0,2.0,3.35,3.98,13.49,13.57,13.4,1182.0,131.0,226.0,211.0,614.0,149.0,119.0,165.0,749.0,246.0,236.0,113186.0,28.0,24.0,13.0,27.0,417.44,43.44,40.72,43.63,40.89,381.0,185.0,197.0,763.0,45.0,45.0,6.0,404.0,107.0,55.0,10.88,13.34,19.22,19.0,12.0,14.0,765.54,566.0,568.8,6.81,8.82,9.17,41.08,41.2,39.52,391.98,42.8,40.59,42.67,40.46,362.0,181.0,225.0,768.0,54.0,33.0,9.0,395.0,108.0,40.0,11.41,13.57,17.82,17.0,22.0,15.0,763.99,543.0,540.87,6.55,8.45,8.45,40.9,40.72,38.8,92.08,78.86,1855.0,1575.0,0.0,0.0,0.0,0.0,0.0,0.0,regular
8483676,2025,Stephen Halliday,OTT,C,all,23,11324.0,295.0,10.32,0.6,0.55,0.62,0.54,0.6,0.56,254.0,25.26,2.48,2.02,5.92,0.89,14.16,9.54,2.43,2.51,2.47,5.0,2.0,25.0,10.0,9.0,44.0,10.0,3.0,1.0,1.0,4.0,0.0,10.0,17.0,22.0,32.0,0.0,0.0,23.0,25.0,1.0,15.0,24.0,9.0,2.0,0.83,1.22,0.43,1.0,2.0,0.0,44.87,35.0,35.31,4.0,0.45,0.36,0.59,2.34,2.38,2.36,295.0,55.0,16.0,28.0,196.0,53.0,35.0,41.0,166.0,23.0,38.0,71938.0,0.0,2.0,1.0,7.0,113.57,11.46,11.07,11.45,11.06,110.0,45.0,72.0,227.0,12.0,11.0,2.0,112.0,30.0,13.0,3.43,3.82,4.21,2.0,7.0,3.0,226.75,155.0,154.27,2.05,1.91,1.91,11.6,11.56,11.28,76.82,7.48,7.29,7.44,7.25,63.0,42.0,33.0,138.0,7.0,6.0,0.0,79.0,17.0,9.0,2.32,2.24,2.93,1.0,5.0,1.0,137.39,105.0,104.0,1.09,1.08,1.08,7.5,7.46,7.35,65.35,54.21,1217.0,1017.0,0.0,0.0,0.0,0.0,0.0,0.0,regular
8478469,2025,Thomas Chabot,OTT,D,all,40,52274.0,1081.0,26.57,0.52,0.54,0.55,0.53,0.55,0.54,86.0,73.03,3.85,4.84,20.23,2.42,44.06,30.59,3.75,3.84,3.75,10.0,7.0,67.0,39.0,75.0,181.0,22.0,5.0,8.0,1.0,23.0,0.0,28.0,42.0,62.0,101.0,8.0,18.0,0.0,30.0,16.0,33.0,95.0,8.0,3.0,2.17,0.87,0.82,3.0,0.0,2.0,178.89,106.0,104.91,24.0,1.04,1.3,0.27,4.62,4.63,4.52,1081.0,123.0,95.0,134.0,729.0,146.0,136.0,195.0,604.0,0.0,0.0,93347.0,18.0,12.0,6.0,79.0,491.05,44.98,43.6,45.17,43.76,441.0,229.0,251.0,921.0,56.0,43.0,6.0,502.0,133.0,35.0,16.18,17.22,11.59,26.0,21.0,9.0,921.92,670.0,671.11,7.9,7.4,7.47,45.42,45.51,44.7,403.57,41.65,40.04,41.65,40.06,366.0,182.0,210.0,758.0,58.0,45.0,10.0,395.0,111.0,42.0,11.36,13.57,16.72,22.0,23.0,13.0,761.35,548.0,549.42,6.21,9.86,9.86,37.99,38.11,37.11,80.07,67.39,1453.0,1312.0,0.0,0.0,0.0,0.0,0.0,0.0,regular
8482116,2025,Tim Sttzle,OTT,C,all,55,67924.0,1451.0,62.61,0.55,0.53,0.58,0.51,0.58,0.52,101.0,145.44,20.68,11.16,29.29,4.58,73.82,52.47,19.66,20.69,19.65,17.0,16.0,141.0,51.0,60.0,252.0,59.0,26.0,8.0,3.0,22.0,2.0,63.0,71.0,115.0,166.0,15.0,31.0,262.0,87.0,24.0,75.0,115.0,54.0,23.0,4.64,6.68,9.36,12.0,7.0,7.0,252.69,192.0,192.56,24.0,2.6,1.25,2.98,20.31,20.33,19.7,1451.0,295.0,128.0,201.0,827.0,208.0,206.0,288.0,749.0,262.0,224.0,132128.0,31.0,51.0,24.0,37.0,695.64,76.7,71.26,76.76,71.31,607.0,329.0,324.0,1260.0,87.0,61.0,10.0,660.0,197.0,79.0,20.45,24.11,32.13,33.0,26.0,28.0,1257.65,936.0,935.39,12.48,15.99,15.99,73.19,73.24,70.36,495.99,61.82,58.51,62.06,58.74,459.0,213.0,256.0,928.0,66.0,63.0,12.0,467.0,129.0,76.0,14.05,15.92,31.85,15.0,29.0,22.0,930.54,672.0,673.78,8.01,15.55,15.55,54.28,54.46,52.63,95.01,85.88,2009.0,1917.0,0.0,0.0,0.0,0.0,0.0,0.0,regular
8482095,2025,Tyler Kleven,OTT,D,all,50,50045.0,1202.0,17.07,0.49,0.55,0.49,0.55,0.51,0.55,222.0,67.18,2.96,3.55,20.79,2.37,39.1,28.24,2.86,2.96,2.86,9.0,1.0,63.0,34.0,40.0,137.0,11.0,1.0,2.0,0.0,20.0,0.0,42.0,32.0,62.0,96.0,11.0,26.0,0.0,89.0,21.0,52.0,95.0,0.0,2.0,1.91,0.0,1.05,1.0,0.0,0.0,136.67,97.0,96.95,45.0,0.72,0.37,0.35,3.33,3.33,3.23,1202.0,99.0,91.0,229.0,783.0,142.0,173.0,127.0,760.0,0.0,0.0,131976.0,26.0,18.0,6.0,70.0,391.97,31.46,30.52,31.44,30.51,352.0,186.0,184.0,722.0,28.0,39.0,2.0,421.0,87.0,30.0,11.48,10.78,9.2,11.0,14.0,3.0,726.0,538.0,539.54,5.38,6.21,6.21,30.63,30.6,30.18,375.83,33.07,31.89,33.15,31.96,356.0,162.0,223.0,741.0,39.0,29.0,2.0,395.0,90.0,33.0,11.06,11.26,10.75,11.0,20.0,8.0,738.29,518.0,516.5,5.53,7.44,7.44,31.16,31.22,30.48,124.77,101.44,2255.0,1855.0,0.0,0.0,0.0,0.0,0.0,0.0,regular
8482673,2025,Xavier Bourgault,OTT,R,all,2,715.0,18.0,0.38,0.68,0.5,0.63,0.51,0.6,0.52,24.0,4.68,0.43,0.33,1.19,0.16,2.3,1.6,0.43,0.44,0.44,0.0,0.0,3.0,3.0,1.0,7.0,0.0,0.0,1.0,0.0,1.0,0.0,2.0,2.0,3.0,6.0,0.0,0.0,0.0,3.0,0.0,1.0,5.0,0.0,1.0,0.18,0.0,0.25,0.0,0.0,0.0,6.87,6.0,5.84,0.0,0.07,0.16,0.0,0.5,0.51,0.51,18.0,2.0,0.0,2.0,14.0,3.0,0.0,6.0,9.0,0.0,0.0,6485.0,0.0,0.0,0.0,0.0,9.56,1.1,1.09,1.11,1.1,7.0,5.0,3.0,15.0,1.0,2.0,1.0,8.0,2.0,2.0,0.29,0.26,0.55,0.0,1.0,0.0,14.68,12.0,11.69,0.17,0.26,0.26,1.01,1.03,1.03,5.83,0.52,0.52,0.53,0.53,5.0,3.0,1.0,9.0,2.0,0.0,0.0,6.0,2.0,0.0,0.14,0.38,0.0,1.0,1.0,0.0,9.35,8.0,8.1,0.08,0.0,0.0,0.6,0.61,0.61,6.78,6.76,93.0,89.0,0.0,0.0,0.0,0.0,0.0,0.0,regular
8480874,2025,Adam Ginning,PHI,D,all,5,4602.0,101.0,-1.15,0.24,0.55,0.29,0.49,0.25,0.51,25.0,3.18,0.08,0.17,0.97,0.13,2.05,1.6,0.08,0.08,0.08,0.0,0.0,2.0,3.0,4.0,9.0,0.0,0.0,0.0,0.0,2.0,0.0,2.0,1.0,2.0,5.0,0.0,0.0,0.0,4.0,0.0,5.0,5.0,0.0,0.0,0.08,0.0,0.0,0.0,0.0,0.0,8.99,5.0,4.96,2.0,0.04,0.0,0.0,0.11,0.12,0.11,101.0,6.0,6.0,11.0,78.0,12.0,18.0,9.0,62.0,0.0,0.0,13981.0,0.0,0.0,0.0,5.0,16.65,1.39,1.37,1.41,1.39,12.0,11.0,14.0,37.0,2.0,1.0,0.0,18.0,4.0,1.0,0.55,0.53,0.3,1.0,1.0,0.0,36.83,23.0,22.81,0.23,0.3,0.3,1.31,1.33,1.32,50.94,4.32,4.2,4.37,4.26,42.0,28.0,20.0,90.0,3.0,3.0,0.0,56.0,10.0,4.0,1.98,1.12,1.23,2.0,0.0,1.0,91.95,70.0,71.13,0.75,0.45,0.45,4.61,4.68,4.57,13.81,11.53,195.0,207.0,0.0,0.0,0.0,0.0,0.0,0.0,regular
8481553,2025,Bobby Brink,PHI,R,all,48,43699.0,923.0,22.01,0.58,0.48,0.55,0.46,0.56,0.47,320.0,85.11,11.14,6.33,18.29,2.77,43.84,30.64,10.22,11.21,10.29,7.0,3.0,81.0,32.0,31.0,144.0,23.0,13.0,9.0,4.0,14.0,0.0,44.0,33.0,68.0,100.0,10.0,20.0,13.0,58.0,6.0,28.0,75.0,26.0,12.0,2.65,3.36,5.13,3.0,6.0,4.0,144.96,113.0,113.67,8.0,1.43,1.39,4.74,7.83,7.94,7.68,923.0,147.0,61.0,159.0,556.0,120.0,133.0,130.0,540.0,13.0,30.0,132906.0,20.0,18.0,9.0,28.0,374.28,35.62,33.67,35.85,33.88,324.0,187.0,193.0,704.0,35.0,46.0,7.0,385.0,89.0,37.0,10.93,11.14,13.55,9.0,14.0,12.0,708.65,511.0,514.01,6.64,10.02,10.06,32.19,32.44,31.71,287.65,25.81,24.95,25.81,24.96,254.0,141.0,170.0,565.0,29.0,30.0,3.0,297.0,72.0,26.0,8.63,8.78,8.4,15.0,10.0,4.0,567.06,395.0,396.65,3.87,5.8,5.8,23.81,23.85,23.36,102.7,110.58,1843.0,2203.0,0.0,0.0,0.0,0.0,0.0,0.0,regular
8481546,2025,Cam York,PHI,D,all,47,64525.0,1377.0,20.13,0.48,0.51,0.47,0.5,0.5,0.5,107.0,70.97,5.45,5.16,17.95,2.31,40.31,26.83,5.24,5.45,5.24,9.0,9.0,67.0,31.0,41.0,139.0,22.0,4.0,9.0,1.0,14.0,0.0,31.0,40.0,63.0,94.0,10.0,20.0,0.0,7.0,10.0,42.0,78.0,13.0,7.0,2.07,1.43,1.94,1.0,1.0,2.0,137.95,98.0,97.72,24.0,1.17,1.56,0.89,5.73,5.71,5.63,1377.0,136.0,221.0,234.0,786.0,124.0,110.0,189.0,954.0,0.0,0.0,107898.0,20.0,10.0,5.0,96.0,514.75,50.58,48.19,50.74,48.34,472.0,226.0,217.0,915.0,57.0,51.0,4.0,500.0,146.0,52.0,15.99,17.7,16.89,21.0,22.0,14.0,912.95,698.0,697.89,8.63,9.26,9.09,50.1,50.23,48.95,515.35,54.19,52.55,54.58,52.93,453.0,253.0,317.0,1023.0,67.0,48.0,6.0,508.0,144.0,54.0,15.71,17.04,21.44,23.0,27.0,17.0,1030.44,706.0,712.81,8.22,9.67,9.67,52.67,52.99,52.1,85.05,81.32,1628.0,1647.0,0.0,0.0,0.0,0.0,0.0,0.0,regular
8479336,2025,Carl Grundstrom,PHI,R,all,25,19032.0,424.0,5.58,0.35,0.55,0.38,0.52,0.37,0.54,226.0,31.2,3.42,1.98,7.3,1.07,16.63,12.6,3.34,3.43,3.35,0.0,2.0,29.0,14.0,12.0,55.0,9.0,7.0,1.0,1.0,7.0,0.0,15.0,13.0,22.0,36.0,4.0,8.0,2.0,76.0,4.0,11.0,32.0,7.0,4.0,1.01,0.85,1.56,4.0,1.0,2.0,54.82,43.0,43.25,1.0,0.42,0.24,1.02,2.82,2.8,2.77,424.0,34.0,40.0,79.0,271.0,55.0,68.0,59.0,242.0,2.0,2.0,72402.0,8.0,6.0,3.0,14.0,100.71,8.38,8.15,8.34,8.11,86.0,52.0,71.0,209.0,13.0,11.0,1.0,107.0,23.0,8.0,3.29,2.65,2.44,8.0,2.0,3.0,208.04,138.0,138.01,1.34,1.89,2.12,7.6,7.53,7.46,168.44,15.31,14.73,15.4,14.81,127.0,109.0,99.0,335.0,15.0,17.0,2.0,183.0,38.0,15.0,5.69,4.65,4.97,7.0,5.0,3.0,337.34,236.0,236.83,2.5,3.3,3.3,14.52,14.58,14.31,64.93,53.82,1168.0,1063.0,0.0,0.0,0.0,0.0,0.0,0.0,regular
8477989,2025,Christian Dvorak,PHI,C,all,53,56920.0,1196.0,28.7,0.45,0.53,0.46,0.5,0.46,0.5,201.0,117.63,16.09,9.79,24.28,4.15,57.32,43.37,15.51,16.07,15.49,17.0,5.0,107.0,48.0,22.0,177.0,34.0,12.0,16.0,1.0,14.0,0.0,52.0,61.0,95.0,143.0,8.0,16.0,377.0,24.0,13.0,44.0,85.0,53.0,17.0,3.12,7.07,5.9,1.0,6.0,5.0,174.96,155.0,153.47,23.0,2.25,3.05,4.23,14.11,14.07,13.74,1196.0,170.0,222.0,159.0,645.0,155.0,132.0,221.0,688.0,377.0,325.0,137553.0,16.0,18.0,9.0,32.0,479.39,49.46,47.68,49.47,47.67,426.0,226.0,195.0,847.0,56.0,51.0,6.0,453.0,153.0,46.0,14.19,18.59,16.69,16.0,23.0,17.0,841.39,652.0,647.04,7.94,9.72,9.72,47.68,47.56,46.43,551.56,61.0,58.9,61.44,59.31,482.0,272.0,255.0,1009.0,70.0,64.0,7.0,550.0,136.0,68.0,17.66,16.46,26.88,27.0,22.0,21.0,1019.2,754.0,760.74,8.77,13.09,13.09,56.68,57.12,56.15,103.76,92.41,1993.0,2013.0,0.0,0.0,0.0,0.0,0.0,0.0,regular
8484142,2025,Denver Barkey,PHI,C,all,20,16648.0,366.0,9.32,0.7,0.49,0.61,0.47,0.65,0.48,154.0,24.67,3.21,2.14,5.78,0.96,12.39,8.53,2.94,3.25,2.98,7.0,0.0,22.0,11.0,8.0,41.0,9.0,2.0,7.0,0.0,2.0,0.0,11.0,11.0,20.0,31.0,6.0,12.0,3.0,14.0,1.0,13.0,20.0,8.0,5.0,0.63,0.94,1.65,0.0,1.0,1.0,41.73,33.0,33.75,4.0,0.52,1.85,1.0,2.73,2.78,2.68,366.0,53.0,45.0,69.0,199.0,56.0,39.0,52.0,219.0,3.0,6.0,56109.0,12.0,12.0,6.0,11.0,182.61,18.9,17.04,18.9,17.05,155.0,89.0,76.0,320.0,13.0,22.0,1.0,173.0,48.0,23.0,5.05,5.76,8.09,5.0,4.0,4.0,319.08,244.0,244.32,3.15,4.45,4.45,17.6,17.66,16.52,95.4,8.08,7.59,8.01,7.53,88.0,45.0,72.0,205.0,14.0,9.0,0.0,100.0,24.0,9.0,2.74,2.82,2.52,8.0,5.0,1.0,206.53,133.0,132.79,1.26,1.58,1.58,7.75,7.72,7.49,45.58,47.78,830.0,951.0,0.0,0.0,0.0,0.0,0.0,0.0,regular
8482126,2025,Emil Andrae,PHI,D,all,40,40564.0,873.0,11.5,0.52,0.49,0.5,0.48,0.49,0.49,186.0,34.81,1.81,2.15,9.56,1.07,19.14,14.27,1.74,1.77,1.69,8.0,2.0,26.0,22.0,40.0,88.0,11.0,1.0,3.0,0.0,5.0,0.0,17.0,22.0,25.0,47.0,8.0,16.0,0.0,46.0,5.0,28.0,44.0,2.0,2.0,1.05,0.24,0.52,1.0,0.0,0.0,86.31,48.0,46.86,14.0,0.46,0.55,0.52,1.75,1.7,1.67,873.0,87.0,59.0,103.0,624.0,90.0,140.0,91.0,552.0,0.0,0.0,106201.0,16.0,16.0,8.0,39.0,312.63,28.67,27.34,28.68,27.36,283.0,140.0,166.0,589.0,33.0,35.0,4.0,309.0,84.0,30.0,9.56,10.61,8.49,11.0,14.0,8.0,589.0,423.0,422.96,4.7,7.27,7.27,26.09,26.11,25.67,322.17,26.6,25.72,26.8,25.93,276.0,168.0,154.0,598.0,23.0,31.0,2.0,340.0,80.0,24.0,10.48,9.37,6.74,9.0,10.0,4.0,603.08,444.0,446.74,4.49,5.48,5.48,25.61,25.75,25.38,90.44,92.3,1571.0,1692.0,0.0,0.0,0.0,0.0,0.0,0.0,regular
8477903,2025,Garnet Hathaway,PHI,R,all,46,28505.0,703.0,-0.56,0.33,0.52,0.4,0.49,0.4,0.5,485.0,24.83,2.05,1.61,5.93,0.89,13.87,10.65,2.02,2.0,1.97,0.0,1.0,21.0,14.0,8.0,43.0,2.0,1.0,2.0,0.0,8.0,0.0,16.0,8.0,20.0,34.0,20.0,52.0,7.0,178.0,5.0,23.0,29.0,5.0,1.0,0.96,0.73,0.36,1.0,0.0,0.0,42.53,35.0,34.48,10.0,0.33,0.54,0.43,1.95,1.92,1.9,703.0,45.0,69.0,106.0,483.0,87.0,99.0,77.0,440.0,7.0,6.0,140768.0,52.0,48.0,18.0,35.0,147.08,10.52,10.27,10.32,10.08,120.0,84.0,98.0,302.0,7.0,11.0,0.0,164.0,34.0,6.0,4.43,4.05,2.04,6.0,1.0,0.0,298.94,204.0,201.38,1.99,2.14,2.14,10.37,10.21,10.09,228.99,21.31,20.7,21.54,20.91,188.0,124.0,149.0,461.0,19.0,25.0,3.0,242.0,48.0,22.0,7.25,5.47,8.59,8.0,6.0,5.0,466.64,312.0,315.78,3.47,6.07,6.07,18.7,18.87,18.56,121.58,113.34,2126.0,2174.0,0.0,0.0,0.0,0.0,0.0,0.0,regular
8481848,2025,Jacob Gaucher,PHI,C,all,3,1578.0,38.0,0.31,0.39,0.59,0.5,0.59,0.55,0.58,34.0,2.86,0.27,0.2,0.63,0.1,1.65,1.15,0.27,0.26,0.26,0.0,0.0,3.0,1.0,0.0,4.0,0.0,0.0,0.0,0.0,2.0,0.0,0.0,2.0,3.0,4.0,0.0,0.0,9.0,2.0,0.0,2.0,3.0,1.0,0.0,0.17,0.1,0.0,0.0,0.0,0.0,3.83,4.0,3.83,0.0,0.04,0.0,0.0,0.32,0.3,0.3,38.0,5.0,3.0,5.0,25.0,7.0,4.0,5.0,22.0,9.0,10.0,9522.0,0.0,2.0,1.0,1.0,10.59,0.57,0.56,0.54,0.53,11.0,5.0,7.0,23.0,0.0,0.0,0.0,15.0,1.0,0.0,0.47,0.1,0.0,0.0,0.0,0.0,21.66,16.0,15.17,0.16,0.0,0.0,0.74,0.69,0.68,10.23,0.9,0.87,0.97,0.94,7.0,6.0,10.0,23.0,1.0,1.0,0.0,11.0,1.0,1.0,0.51,0.1,0.29,1.0,0.0,0.0,24.0,13.0,13.47,0.12,0.29,0.29,0.73,0.76,0.74,8.13,5.71,173.0,120.0,0.0,0.0,0.0,0.0,0.0,0.0,regular
8482142,2025,Jamie Drysdale,PHI,D,all,51,65705.0,1321.0,15.97,0.55,0.48,0.52,0.46,0.51,0.48,141.0,71.3,3.59,4.78,19.74,2.31,43.14,28.45,3.45,3.55,3.41,4.0,14.0,59.0,43.0,63.0,165.0,21.0,3.0,3.0,0.0,20.0,0.0,38.0,38.0,56.0,99.0,7.0,14.0,0.0,12.0,10.0,32.0,90.0,10.0,2.0,2.05,1.09,0.44,2.0,0.0,1.0,165.15,102.0,101.75,20.0,1.05,0.6,0.38,4.26,4.23,4.09,1321.0,157.0,102.0,174.0,888.0,114.0,179.0,184.0,844.0,0.0,0.0,121700.0,14.0,12.0,6.0,55.0,559.52,55.68,52.51,55.96,52.75,482.0,280.0,292.0,1054.0,51.0,62.0,11.0,552.0,151.0,59.0,15.81,18.13,21.74,12.0,18.0,21.0,1054.15,762.0,761.83,9.28,14.18,14.18,50.78,50.94,49.23,526.72,45.39,43.8,45.51,43.92,483.0,240.0,250.0,973.0,52.0,44.0,4.0,576.0,105.0,42.0,18.31,12.67,14.41,26.0,17.0,9.0,984.44,723.0,728.3,7.09,8.54,8.54,43.95,44.05,43.28,92.19,101.14,1683.0,1951.0,0.0,0.0,0.0,0.0,0.0,0.0,regular
8484779,2025,Jett Luchanko,PHI,C,all,4,2152.0,45.0,-0.46,0.36,0.51,0.44,0.47,0.48,0.47,47.0,1.56,0.13,0.11,0.26,0.04,0.84,0.63,0.13,0.12,0.12,0.0,0.0,1.0,1.0,0.0,2.0,0.0,0.0,0.0,0.0,0.0,0.0,2.0,0.0,1.0,2.0,1.0,2.0,11.0,2.0,0.0,1.0,1.0,1.0,0.0,0.05,0.08,0.0,0.0,0.0,0.0,1.94,2.0,1.94,0.0,0.02,0.0,0.0,0.15,0.15,0.14,45.0,4.0,1.0,7.0,33.0,3.0,3.0,7.0,32.0,11.0,10.0,12531.0,2.0,2.0,1.0,3.0,10.45,0.79,0.77,0.8,0.78,10.0,5.0,5.0,20.0,0.0,1.0,0.0,11.0,4.0,0.0,0.32,0.47,0.0,0.0,0.0,0.0,20.86,15.0,15.32,0.15,0.01,0.01,0.93,0.95,0.92,12.2,1.41,1.35,1.47,1.4,11.0,5.0,9.0,25.0,3.0,1.0,1.0,11.0,3.0,2.0,0.4,0.44,0.58,0.0,2.0,1.0,25.77,16.0,16.61,0.19,0.36,0.36,1.25,1.28,1.27,11.38,11.13,175.0,194.0,0.0,0.0,0.0,0.0,0.0,0.0,regular
8478967,2025,Lane Pederson,PHI,C,all,5,2659.0,59.0,-0.91,0.22,0.53,0.33,0.47,0.28,0.5,58.0,1.43,0.16,0.14,0.24,0.04,0.85,0.56,0.16,0.17,0.17,0.0,0.0,0.0,2.0,2.0,4.0,0.0,0.0,0.0,0.0,0.0,0.0,1.0,1.0,0.0,2.0,0.0,0.0,13.0,16.0,1.0,6.0,1.0,1.0,0.0,0.05,0.11,0.0,0.0,0.0,0.0,4.37,2.0,2.06,2.0,0.03,0.0,0.0,0.19,0.2,0.2,59.0,4.0,4.0,9.0,42.0,5.0,6.0,6.0,42.0,13.0,14.0,15462.0,0.0,0.0,0.0,3.0,8.62,0.5,0.5,0.52,0.52,6.0,6.0,10.0,22.0,1.0,0.0,0.0,10.0,2.0,0.0,0.29,0.21,0.0,1.0,0.0,0.0,22.84,12.0,12.35,0.1,0.0,0.0,0.6,0.62,0.62,21.45,1.75,1.61,1.62,1.5,15.0,16.0,13.0,44.0,1.0,2.0,0.0,26.0,3.0,2.0,0.65,0.43,0.66,0.0,1.0,0.0,41.63,31.0,29.65,0.29,0.44,0.44,1.6,1.51,1.46,13.29,11.95,228.0,256.0,0.0,0.0,0.0,0.0,0.0,0.0,regular
8484387,2025,Matvei Michkov,PHI,R,all,53,46237.0,1039.0,27.78,0.59,0.46,0.58,0.45,0.58,0.46,401.0,118.31,13.0,9.33,26.92,4.19,63.84,43.72,12.07,13.13,12.19,8.0,7.0,114.0,47.0,52.0,213.0,28.0,13.0,15.0,1.0,26.0,0.0,53.0,54.0,101.0,148.0,22.0,49.0,1.0,20.0,12.0,55.0,115.0,30.0,16.0,3.57,3.93,5.51,6.0,3.0,4.0,214.48,161.0,162.57,14.0,2.1,3.05,3.08,12.02,12.15,11.66,1039.0,202.0,54.0,147.0,636.0,140.0,154.0,155.0,590.0,1.0,8.0,148536.0,49.0,29.0,13.0,16.0,454.49,45.96,42.53,46.1,42.68,416.0,201.0,229.0,846.0,44.0,60.0,3.0,443.0,121.0,53.0,13.32,15.13,17.52,20.0,14.0,10.0,847.42,617.0,618.24,8.08,11.76,11.81,42.23,42.42,40.62,324.56,31.6,30.8,31.9,31.12,283.0,159.0,181.0,623.0,39.0,29.0,1.0,333.0,80.0,29.0,10.91,9.41,11.29,17.0,13.0,9.0,637.07,442.0,449.71,4.18,5.04,5.04,30.68,31.08,30.72,105.5,121.78,1978.0,2407.0,0.0,0.0,0.0,0.0,0.0,0.0,regular
8476372,2025,Nick Seeler,PHI,D,all,54,61069.0,1412.0,10.25,0.46,0.52,0.45,0.5,0.46,0.51,224.0,79.84,3.26,4.33,23.91,2.84,45.96,34.7,3.01,3.25,3.0,2.0,3.0,70.0,45.0,67.0,182.0,7.0,2.0,4.0,0.0,29.0,0.0,37.0,43.0,68.0,113.0,12.0,27.0,0.0,90.0,10.0,36.0,107.0,6.0,2.0,1.97,0.66,0.63,2.0,0.0,0.0,180.16,115.0,114.58,31.0,0.88,0.99,0.55,3.58,3.59,3.42,1412.0,75.0,167.0,173.0,997.0,155.0,156.0,184.0,917.0,0.0,0.0,137304.0,27.0,23.0,10.0,101.0,467.14,45.0,42.69,44.85,42.55,413.0,225.0,220.0,858.0,38.0,43.0,1.0,457.0,136.0,45.0,13.12,16.5,15.37,15.0,12.0,11.0,852.02,638.0,633.58,6.47,8.09,8.09,43.39,43.35,42.12,557.52,53.25,49.77,53.57,50.08,460.0,302.0,306.0,1068.0,55.0,64.0,7.0,581.0,123.0,58.0,17.58,14.94,20.73,24.0,18.0,13.0,1073.52,762.0,766.32,8.59,14.11,14.11,47.73,48.04,45.84,111.21,102.55,2034.0,2020.0,0.0,0.0,0.0,0.0,0.0,0.0,regular
8475235,2025,Nicolas Deslauriers,PHI,L,all,20,10075.0,229.0,-0.39,0.54,0.48,0.47,0.48,0.49,0.49,231.0,12.32,0.84,0.72,3.19,0.4,6.14,4.71,0.83,0.84,0.83,0.0,0.0,12.0,4.0,6.0,22.0,0.0,0.0,1.0,0.0,4.0,0.0,6.0,5.0,12.0,16.0,6.0,24.0,1.0,73.0,3.0,8.0,13.0,2.0,1.0,0.3,0.23,0.3,0.0,0.0,0.0,21.98,16.0,16.06,5.0,0.15,0.12,0.11,0.87,0.88,0.88,229.0,20.0,23.0,39.0,147.0,30.0,36.0,23.0,140.0,1.0,0.0,63760.0,24.0,20.0,4.0,7.0,62.85,4.78,4.72,4.7,4.64,48.0,38.0,34.0,120.0,1.0,9.0,0.0,70.0,12.0,4.0,2.07,1.46,1.25,1.0,0.0,0.0,117.33,86.0,83.97,0.82,1.62,1.38,4.22,4.17,4.13,65.74,4.12,4.0,4.15,4.03,58.0,33.0,46.0,137.0,4.0,8.0,0.0,77.0,10.0,4.0,2.03,1.07,1.03,3.0,1.0,0.0,139.69,91.0,92.69,0.87,1.15,1.15,3.85,3.89,3.83,50.38,54.46,920.0,998.0,0.0,0.0,0.0,0.0,0.0,0.0,regular
8483733,2025,Nikita Grebenkin,PHI,R,all,40,27156.0,602.0,8.52,0.43,0.52,0.49,0.49,0.49,0.5,414.0,25.61,2.78,1.65,5.71,0.83,13.03,10.0,2.68,2.78,2.68,4.0,4.0,26.0,8.0,21.0,55.0,12.0,4.0,2.0,1.0,3.0,0.0,17.0,8.0,22.0,30.0,7.0,20.0,4.0,64.0,9.0,29.0,22.0,10.0,2.0,0.76,1.24,0.78,1.0,2.0,1.0,54.41,34.0,33.82,12.0,0.34,0.04,0.56,2.56,2.56,2.54,602.0,56.0,40.0,135.0,371.0,101.0,81.0,89.0,331.0,4.0,2.0,119750.0,20.0,26.0,10.0,11.0,190.2,15.23,14.71,15.03,14.53,173.0,88.0,111.0,372.0,16.0,14.0,2.0,202.0,50.0,9.0,6.17,6.11,2.95,9.0,5.0,2.0,365.72,261.0,257.23,2.64,3.04,3.04,14.82,14.65,14.41,204.04,19.82,18.83,20.02,19.01,168.0,108.0,116.0,392.0,23.0,21.0,5.0,200.0,51.0,25.0,5.93,6.28,7.61,10.0,6.0,7.0,398.89,276.0,280.86,2.8,4.96,4.96,17.65,17.86,17.5,105.32,96.47,1820.0,1891.0,0.0,0.0,0.0,0.0,0.0,0.0,regular
8480220,2025,Noah Cates,PHI,L,all,54,52900.0,1219.0,24.41,0.56,0.48,0.5,0.48,0.52,0.48,288.0,91.94,13.74,8.07,20.03,3.32,43.18,31.67,12.68,13.77,12.7,12.0,4.0,85.0,35.0,29.0,149.0,26.0,10.0,13.0,3.0,20.0,0.0,39.0,38.0,75.0,110.0,10.0,23.0,306.0,63.0,15.0,26.0,60.0,37.0,23.0,2.17,4.44,7.14,3.0,3.0,4.0,148.84,120.0,119.85,5.0,1.89,4.67,5.23,10.41,10.45,10.18,1219.0,165.0,167.0,209.0,678.0,138.0,164.0,157.0,760.0,306.0,382.0,145473.0,23.0,23.0,10.0,38.0,421.08,45.3,42.59,45.28,42.57,389.0,181.0,201.0,771.0,44.0,49.0,7.0,401.0,117.0,52.0,11.74,14.12,19.44,13.0,16.0,15.0,767.28,570.0,568.25,7.19,12.13,12.13,40.35,40.37,39.32,388.18,35.33,33.18,35.35,33.2,325.0,208.0,225.0,758.0,29.0,27.0,3.0,409.0,89.0,35.0,12.04,10.61,12.68,17.0,5.0,7.0,760.18,533.0,535.68,5.98,6.52,6.52,34.79,34.78,33.1,110.91,120.47,2121.0,2330.0,0.0,0.0,0.0,0.0,0.0,0.0,regular
8478454,2025,Noah Juulsen,PHI,D,all,40,33713.0,837.0,6.1,0.42,0.51,0.43,0.49,0.42,0.5,216.0,23.6,0.9,1.35,6.36,0.75,14.73,10.91,0.88,0.87,0.86,3.0,5.0,20.0,15.0,29.0,64.0,9.0,1.0,5.0,0.0,3.0,0.0,10.0,16.0,19.0,34.0,6.0,15.0,0.0,82.0,7.0,37.0,34.0,1.0,0.0,0.79,0.11,0.0,1.0,0.0,0.0,62.12,35.0,33.89,35.0,0.27,0.78,0.0,1.17,1.14,1.11,837.0,70.0,62.0,93.0,612.0,86.0,111.0,83.0,557.0,0.0,0.0,113960.0,15.0,13.0,5.0,32.0,214.63,19.26,18.34,18.89,18.0,197.0,95.0,113.0,405.0,25.0,25.0,1.0,220.0,54.0,18.0,7.05,6.98,5.22,14.0,9.0,2.0,391.1,292.0,284.01,3.0,5.23,5.4,16.85,16.52,16.2,289.56,26.13,25.21,26.57,25.66,228.0,170.0,143.0,541.0,31.0,28.0,1.0,304.0,69.0,25.0,9.59,8.33,8.2,17.0,6.0,8.0,558.24,398.0,407.46,4.4,4.2,4.2,26.33,26.79,26.22,90.64,87.42,1702.0,1744.0,0.0,0.0,0.0,0.0,0.0,0.0,regular
8480015,2025,Owen Tippett,PHI,R,all,54,53291.0,1154.0,37.29,0.59,0.47,0.56,0.45,0.57,0.46,294.0,165.92,18.09,11.53,37.05,5.43,88.27,61.63,17.09,18.11,17.11,8.0,8.0,144.0,78.0,58.0,280.0,34.0,18.0,17.0,2.0,23.0,0.0,79.0,85.0,126.0,204.0,8.0,16.0,4.0,99.0,15.0,53.0,153.0,50.0,19.0,5.04,5.96,7.08,8.0,4.0,6.0,279.58,222.0,220.82,16.0,2.61,3.08,3.1,17.6,17.6,17.17,1154.0,173.0,143.0,184.0,654.0,153.0,127.0,181.0,693.0,4.0,10.0,145082.0,16.0,28.0,14.0,27.0,525.38,54.05,50.47,54.0,50.42,441.0,267.0,229.0,937.0,50.0,66.0,4.0,502.0,151.0,55.0,15.44,18.66,19.95,24.0,14.0,12.0,935.89,708.0,706.2,9.03,12.97,12.92,50.15,50.13,48.16,387.82,38.32,37.11,38.62,37.43,340.0,191.0,195.0,726.0,48.0,35.0,2.0,404.0,84.0,43.0,12.61,9.86,15.84,22.0,13.0,13.0,733.88,531.0,536.81,5.29,6.65,6.65,36.96,37.27,36.61,102.17,117.49,1955.0,2362.0,0.0,0.0,0.0,0.0,0.0,0.0,regular
8477499,2025,Rasmus Ristolainen,PHI,D,all,17,20083.0,431.0,3.35,0.51,0.54,0.47,0.52,0.48,0.53,52.0,28.78,1.53,1.79,7.09,0.89,16.84,11.88,1.49,1.53,1.49,1.0,3.0,26.0,14.0,20.0,60.0,4.0,0.0,4.0,0.0,5.0,0.0,17.0,14.0,26.0,40.0,2.0,4.0,0.0,20.0,6.0,8.0,38.0,1.0,1.0,1.08,0.08,0.37,0.0,0.0,0.0,60.64,40.0,40.1,7.0,0.4,1.04,0.37,1.55,1.55,1.54,431.0,31.0,39.0,64.0,297.0,49.0,52.0,55.0,275.0,0.0,0.0,41753.0,4.0,8.0,4.0,26.0,154.4,16.85,15.82,16.7,15.68,131.0,80.0,69.0,280.0,9.0,18.0,0.0,148.0,44.0,19.0,4.42,5.28,7.15,5.0,0.0,4.0,278.83,211.0,210.44,2.33,3.56,3.56,15.61,15.54,14.78,165.17,16.02,15.23,16.01,15.22,134.0,91.0,91.0,316.0,16.0,22.0,2.0,168.0,35.0,22.0,5.04,4.02,6.96,6.0,5.0,5.0,315.81,225.0,224.47,2.58,4.13,4.13,14.46,14.53,14.16,35.09,30.23,677.0,633.0,0.0,0.0,0.0,0.0,0.0,0.0,regular
8479022,2025,Rodrigo Abols,PHI,C,all,42,26462.0,611.0,6.36,0.39,0.51,0.42,0.5,0.42,0.5,440.0,48.18,4.79,3.51,11.52,1.68,25.14,19.36,4.64,4.73,4.58,4.0,3.0,43.0,23.0,22.0,88.0,10.0,3.0,6.0,0.0,13.0,0.0,23.0,21.0,40.0,63.0,8.0,22.0,158.0,49.0,11.0,14.0,46.0,16.0,4.0,1.71,1.85,1.23,1.0,1.0,1.0,87.43,66.0,64.87,4.0,0.74,1.0,1.02,4.51,4.46,4.45,611.0,32.0,57.0,100.0,422.0,82.0,99.0,66.0,364.0,158.0,145.0,127839.0,22.0,20.0,7.0,24.0,159.8,12.69,12.42,12.6,12.33,140.0,81.0,98.0,319.0,14.0,13.0,1.0,181.0,30.0,10.0,5.41,3.65,3.64,7.0,3.0,4.0,316.89,221.0,219.74,2.14,2.13,2.13,12.71,12.63,12.54,221.45,20.22,19.5,20.4,19.67,178.0,127.0,142.0,447.0,20.0,25.0,3.0,233.0,49.0,23.0,6.94,5.82,7.47,6.0,8.0,6.0,451.35,305.0,307.61,3.25,4.5,4.74,18.73,18.86,18.49,106.78,101.83,1948.0,1964.0,0.0,0.0,0.0,0.0,0.0,0.0,regular
8476461,2025,Sean Couturier,PHI,C,all,53,54668.0,1205.0,26.68,0.51,0.5,0.49,0.48,0.49,0.49,226.0,96.52,9.66,6.87,20.83,3.12,49.39,39.13,8.95,9.7,8.98,8.0,13.0,85.0,44.0,36.0,165.0,26.0,5.0,12.0,0.0,16.0,0.0,45.0,51.0,80.0,124.0,10.0,20.0,472.0,58.0,23.0,47.0,88.0,35.0,6.0,2.9,4.48,2.29,1.0,4.0,0.0,165.49,129.0,129.75,16.0,1.53,2.04,1.3,9.89,9.94,9.21,1205.0,153.0,257.0,182.0,613.0,154.0,111.0,188.0,752.0,472.0,406.0,140105.0,20.0,16.0,8.0,31.0,440.71,45.4,42.29,45.69,42.58,404.0,193.0,228.0,825.0,38.0,47.0,1.0,423.0,121.0,53.0,13.04,14.98,17.38,16.0,12.0,10.0,827.18,597.0,599.33,6.91,9.55,9.55,42.75,43.06,41.15,456.83,43.5,41.61,43.6,41.73,391.0,234.0,237.0,862.0,59.0,46.0,3.0,466.0,124.0,35.0,15.08,14.7,13.72,23.0,25.0,11.0,869.0,625.0,629.71,7.5,8.6,8.36,42.58,42.79,41.73,107.84,109.56,1995.0,2176.0,0.0,0.0,0.0,0.0,0.0,0.0,regular
8478439,2025,Travis Konecny,PHI,R,all,53,60155.0,1241.0,40.83,0.52,0.49,0.5,0.48,0.51,0.48,143.0,136.09,15.31,9.94,29.79,4.49,73.67,51.81,14.64,15.27,14.6,17.0,13.0,123.0,62.0,41.0,226.0,52.0,22.0,9.0,2.0,26.0,0.0,68.0,60.0,101.0,163.0,17.0,45.0,11.0,71.0,13.0,78.0,122.0,48.0,15.0,3.94,5.56,5.82,9.0,7.0,6.0,223.73,185.0,183.49,28.0,2.27,2.59,2.17,15.4,15.32,14.7,1241.0,214.0,125.0,198.0,704.0,146.0,165.0,222.0,708.0,11.0,30.0,134618.0,45.0,31.0,14.0,26.0,535.29,57.09,54.36,57.15,54.4,489.0,245.0,247.0,981.0,70.0,48.0,9.0,516.0,163.0,55.0,15.82,19.31,21.97,22.0,23.0,25.0,972.4,734.0,729.2,9.18,10.21,10.21,56.05,55.98,53.98,512.32,53.75,50.97,54.13,51.31,444.0,253.0,277.0,974.0,53.0,51.0,4.0,514.0,127.0,56.0,16.48,15.54,21.74,18.0,21.0,14.0,980.46,697.0,701.71,7.35,10.21,10.21,50.9,51.14,49.35,97.22,99.59,1872.0,2062.0,0.0,0.0,0.0,0.0,0.0,0.0,regular
8477948,2025,Travis Sanheim,PHI,D,all,54,77875.0,1619.0,21.45,0.47,0.52,0.45,0.51,0.47,0.5,95.0,83.03,5.74,5.41,22.77,2.84,44.69,33.55,5.52,5.78,5.56,7.0,10.0,64.0,51.0,58.0,173.0,23.0,6.0,7.0,0.0,15.0,0.0,40.0,47.0,58.0,109.0,10.0,20.0,0.0,31.0,19.0,77.0,99.0,11.0,5.0,3.12,1.25,1.38,3.0,2.0,1.0,172.8,115.0,115.37,57.0,1.18,1.23,0.67,6.26,6.33,6.23,1619.0,127.0,267.0,286.0,939.0,169.0,134.0,234.0,1082.0,0.0,0.0,120498.0,20.0,20.0,10.0,104.0,581.17,58.68,56.33,58.77,56.43,529.0,260.0,255.0,1044.0,61.0,55.0,3.0,560.0,174.0,55.0,18.28,21.12,19.27,26.0,22.0,13.0,1041.76,789.0,787.7,8.99,11.18,11.18,56.49,56.56,55.48,647.97,65.79,63.38,66.08,63.67,557.0,328.0,397.0,1282.0,78.0,64.0,7.0,643.0,176.0,66.0,19.41,21.22,25.15,31.0,30.0,17.0,1289.36,885.0,892.33,10.63,14.6,14.6,61.76,62.08,60.81,97.54,90.01,1848.0,1806.0,0.0,0.0,0.0,0.0,0.0,0.0,regular
8481533,2025,Trevor Zegras,PHI,C,all,54,60511.0,1171.0,40.23,0.59,0.45,0.56,0.45,0.56,0.46,164.0,142.34,15.19,10.31,33.18,4.82,74.19,51.31,14.52,15.1,14.45,17.0,10.0,119.0,70.0,59.0,248.0,47.0,20.0,17.0,0.0,21.0,2.0,69.0,60.0,99.0,169.0,12.0,24.0,65.0,24.0,15.0,51.0,121.0,54.0,14.0,3.8,6.41,4.98,6.0,9.0,5.0,245.22,189.0,186.84,14.0,2.46,3.06,3.14,14.5,14.4,14.06,1171.0,215.0,95.0,175.0,686.0,168.0,166.0,226.0,611.0,65.0,120.0,137862.0,24.0,18.0,11.0,15.0,598.58,63.83,60.73,63.7,60.61,511.0,301.0,260.0,1072.0,67.0,74.0,8.0,558.0,190.0,64.0,17.76,23.03,23.05,20.0,27.0,20.0,1062.96,812.0,805.81,10.69,16.02,16.09,58.43,58.25,56.65,462.36,43.93,42.9,44.27,43.23,404.0,227.0,213.0,844.0,53.0,38.0,1.0,479.0,109.0,43.0,15.37,13.12,15.44,25.0,17.0,11.0,852.41,631.0,636.11,6.17,6.7,6.7,43.4,43.79,43.24,92.38,111.87,1820.0,2244.0,0.0,0.0,0.0,0.0,0.0,0.0,regular
8482804,2025,Ty Murchison,PHI,D,all,3,2701.0,62.0,0.07,0.62,0.55,0.43,0.49,0.49,0.48,16.0,0.68,0.02,0.04,0.26,0.02,0.43,0.22,0.02,0.02,0.02,0.0,0.0,1.0,0.0,1.0,2.0,0.0,0.0,0.0,0.0,1.0,0.0,0.0,0.0,1.0,1.0,0.0,0.0,0.0,5.0,0.0,3.0,1.0,0.0,0.0,0.02,0.0,0.0,0.0,0.0,0.0,1.94,1.0,0.97,3.0,0.01,0.0,0.0,0.03,0.03,0.03,62.0,9.0,6.0,10.0,37.0,6.0,6.0,7.0,43.0,0.0,0.0,8566.0,0.0,0.0,0.0,2.0,12.33,1.4,1.35,1.35,1.29,9.0,8.0,6.0,23.0,2.0,2.0,0.0,11.0,4.0,2.0,0.39,0.54,0.47,1.0,1.0,0.0,22.43,17.0,16.6,0.18,0.47,0.47,1.11,1.07,1.06,13.78,0.85,0.84,0.87,0.86,11.0,7.0,13.0,31.0,1.0,0.0,0.0,15.0,3.0,0.0,0.44,0.4,0.0,1.0,0.0,0.0,31.08,18.0,18.12,0.2,0.0,0.0,1.05,1.08,1.06,6.96,5.7,118.0,123.0,0.0,0.0,0.0,0.0,0.0,0.0,regular
8482159,2025,Tyson Foerster,PHI,R,all,21,21979.0,484.0,12.83,0.57,0.43,0.5,0.45,0.52,0.45,86.0,42.03,3.67,3.08,9.72,1.49,23.66,17.39,3.6,3.65,3.58,2.0,1.0,41.0,18.0,16.0,75.0,13.0,10.0,5.0,0.0,6.0,0.0,16.0,22.0,31.0,49.0,4.0,8.0,1.0,20.0,8.0,11.0,44.0,14.0,1.0,1.66,1.64,0.37,5.0,5.0,0.0,74.51,59.0,58.55,3.0,0.69,1.16,0.39,3.96,3.94,3.88,484.0,68.0,60.0,101.0,255.0,64.0,61.0,65.0,294.0,1.0,1.0,55571.0,8.0,2.0,1.0,18.0,167.78,19.58,18.26,19.54,18.22,153.0,76.0,78.0,307.0,21.0,21.0,4.0,146.0,59.0,24.0,5.09,6.97,7.52,7.0,10.0,4.0,304.53,229.0,227.51,2.99,5.48,5.48,17.09,17.04,16.62,155.35,14.58,14.08,14.63,14.13,132.0,82.0,93.0,307.0,9.0,15.0,1.0,162.0,38.0,14.0,4.67,4.95,4.95,5.0,1.0,3.0,307.57,214.0,215.94,2.42,2.93,2.93,14.07,14.08,13.81,36.05,48.66,742.0,911.0,0.0,0.0,0.0,0.0,0.0,0.0,regular
8477511,2025,Anthony Mantha,PIT,R,all,54,48303.0,947.0,37.12,0.56,0.51,0.56,0.49,0.56,0.49,340.0,109.2,12.66,8.61,25.46,3.89,56.77,37.61,12.05,12.89,12.25,11.0,10.0,102.0,43.0,51.0,196.0,40.0,19.0,14.0,4.0,20.0,0.0,51.0,41.0,83.0,126.0,8.0,19.0,6.0,30.0,12.0,56.0,95.0,35.0,15.0,3.26,4.5,4.9,5.0,10.0,4.0,198.81,145.0,147.15,12.0,1.93,2.89,4.09,10.5,10.67,10.38,947.0,142.0,23.0,129.0,653.0,140.0,157.0,160.0,490.0,6.0,19.0,149269.0,19.0,25.0,11.0,25.0,478.88,50.28,47.96,51.01,48.64,443.0,211.0,241.0,895.0,61.0,61.0,9.0,452.0,149.0,53.0,14.6,17.86,17.81,24.0,20.0,17.0,909.86,654.0,665.86,8.36,12.92,13.06,45.57,46.13,44.68,375.21,38.81,37.07,38.53,36.79,329.0,187.0,200.0,716.0,35.0,39.0,3.0,373.0,97.0,46.0,11.79,11.87,15.16,17.0,8.0,10.0,709.93,516.0,512.21,5.24,8.23,8.28,35.77,35.63,34.72,127.41,123.22,2351.0,2478.0,0.0,0.0,0.0,0.0,0.0,0.0,regular
8485414,2025,Ben Kindel,PIT,C,all,51,47167.0,951.0,33.09,0.6,0.5,0.58,0.48,0.58,0.49,310.0,112.49,14.45,8.03,25.01,3.76,54.59,42.17,13.04,14.64,13.21,10.0,3.0,105.0,43.0,41.0,189.0,25.0,12.0,11.0,2.0,16.0,0.0,48.0,61.0,93.0,136.0,8.0,16.0,182.0,20.0,15.0,50.0,94.0,33.0,21.0,3.03,3.86,7.55,3.0,4.0,5.0,192.83,148.0,150.87,13.0,1.86,2.73,5.88,10.42,10.56,9.86,951.0,148.0,75.0,140.0,588.0,134.0,140.0,135.0,542.0,182.0,200.0,139305.0,16.0,30.0,14.0,43.0,476.9,48.79,45.41,49.34,45.93,436.0,218.0,240.0,894.0,42.0,61.0,3.0,476.0,125.0,53.0,15.02,15.34,18.43,18.0,12.0,12.0,904.96,654.0,662.97,8.04,12.92,13.26,43.57,44.02,41.94,342.86,32.95,31.58,32.92,31.56,294.0,171.0,185.0,650.0,33.0,38.0,7.0,345.0,79.0,41.0,10.62,9.84,12.49,15.0,11.0,7.0,643.97,465.0,461.57,5.12,7.45,7.45,30.62,30.64,30.22,119.58,118.7,2195.0,2347.0,0.0,0.0,0.0,0.0,0.0,0.0,regular
8481481,2025,Blake Lizotte,PIT,C,all,45,37254.0,860.0,19.78,0.48,0.55,0.46,0.51,0.46,0.52,334.0,52.45,6.49,3.69,11.58,1.8,25.42,21.03,6.24,6.62,6.36,6.0,5.0,42.0,28.0,19.0,89.0,17.0,6.0,4.0,1.0,6.0,0.0,27.0,27.0,36.0,64.0,8.0,21.0,203.0,39.0,8.0,27.0,48.0,13.0,9.0,1.77,1.62,3.09,2.0,1.0,3.0,91.88,70.0,72.03,9.0,0.78,0.7,1.59,5.67,5.78,5.71,860.0,14.0,244.0,125.0,477.0,114.0,69.0,114.0,563.0,203.0,190.0,127099.0,21.0,19.0,8.0,25.0,283.58,28.77,27.85,29.28,28.35,242.0,145.0,155.0,542.0,25.0,26.0,3.0,285.0,69.0,33.0,8.79,8.75,11.22,7.0,8.0,10.0,557.95,387.0,396.52,3.94,5.64,5.64,27.08,27.59,27.11,335.14,31.23,27.51,30.94,27.24,291.0,167.0,191.0,649.0,22.0,28.0,2.0,349.0,75.0,34.0,10.03,9.46,11.74,8.0,7.0,7.0,638.92,458.0,451.69,6.07,6.25,6.25,31.06,30.84,28.21,117.78,98.11,2106.0,2017.0,0.0,0.0,0.0,0.0,0.0,0.0,regular
8478147,2025,Bokondji Imama,PIT,L,all,2,917.0,20.0,0.5,0.71,0.52,0.61,0.43,0.6,0.45,24.0,2.46,0.26,0.14,0.52,0.07,1.15,0.85,0.26,0.29,0.29,0.0,0.0,2.0,1.0,1.0,4.0,0.0,0.0,0.0,0.0,0.0,0.0,1.0,2.0,2.0,3.0,1.0,5.0,0.0,3.0,0.0,2.0,1.0,2.0,0.0,0.03,0.23,0.0,0.0,0.0,0.0,4.63,3.0,3.41,0.0,0.03,0.0,0.0,0.29,0.33,0.33,20.0,2.0,4.0,3.0,11.0,3.0,5.0,0.0,12.0,0.0,0.0,6283.0,5.0,5.0,1.0,0.0,11.26,0.77,0.74,0.85,0.82,7.0,8.0,4.0,19.0,0.0,1.0,0.0,11.0,4.0,0.0,0.36,0.41,0.0,0.0,0.0,0.0,21.4,15.0,16.62,0.13,0.08,0.08,0.82,0.91,0.88,7.14,0.31,0.31,0.28,0.28,7.0,3.0,2.0,12.0,0.0,0.0,0.0,10.0,0.0,0.0,0.31,0.0,0.0,0.0,0.0,0.0,10.89,10.0,9.18,0.08,0.0,0.0,0.38,0.35,0.35,6.93,6.41,86.0,115.0,0.0,0.0,0.0,0.0,0.0,0.0,regular
8476967,2025,Brett Kulak,PIT,D,all,54,61073.0,1153.0,4.85,0.47,0.51,0.45,0.53,0.46,0.54,201.0,60.11,2.06,3.24,17.4,2.02,35.3,26.97,2.04,2.09,2.07,2.0,5.0,62.0,25.0,67.0,154.0,8.0,1.0,12.0,0.0,18.0,0.0,20.0,36.0,61.0,86.0,14.0,28.0,0.0,9.0,8.0,39.0,84.0,3.0,0.0,1.72,0.33,0.0,1.0,0.0,0.0,157.32,87.0,88.96,26.0,0.66,2.76,0.0,2.72,2.75,2.73,1153.0,95.0,107.0,178.0,773.0,135.0,178.0,148.0,692.0,0.0,0.0,135896.0,28.0,0.0,0.0,76.0,433.21,42.16,40.51,42.89,41.22,383.0,210.0,230.0,823.0,40.0,49.0,5.0,450.0,95.0,48.0,13.22,12.52,16.42,14.0,13.0,13.0,842.4,593.0,605.8,6.08,10.59,10.59,37.65,38.39,37.65,515.62,47.66,43.97,47.53,43.86,425.0,284.0,307.0,1016.0,47.0,44.0,7.0,532.0,132.0,45.0,16.31,16.27,15.07,24.0,14.0,9.0,1007.35,709.0,704.87,7.98,10.12,10.12,45.51,45.42,43.16,128.54,124.27,2390.0,2078.0,0.0,0.0,0.0,0.0,0.0,0.0,regular
8475810,2025,Bryan Rust,PIT,R,all,47,56714.0,1093.0,35.49,0.54,0.49,0.52,0.49,0.52,0.49,80.0,151.36,19.17,12.54,32.0,5.19,80.98,57.11,17.48,19.29,17.61,11.0,10.0,125.0,82.0,32.0,239.0,39.0,18.0,25.0,1.0,18.0,2.0,74.0,70.0,107.0,189.0,9.0,18.0,0.0,17.0,7.0,43.0,137.0,48.0,22.0,5.26,6.28,7.63,11.0,6.0,1.0,240.28,207.0,208.84,13.0,2.86,5.5,5.72,16.31,16.4,15.95,1093.0,233.0,118.0,220.0,522.0,83.0,130.0,185.0,695.0,0.0,4.0,115658.0,18.0,16.0,8.0,52.0,563.58,62.96,57.93,63.28,58.25,514.0,260.0,251.0,1025.0,73.0,77.0,8.0,544.0,154.0,76.0,17.39,18.95,26.63,30.0,20.0,23.0,1034.64,774.0,780.02,10.52,16.34,16.34,57.14,57.49,54.93,510.54,54.7,52.22,54.77,52.28,458.0,247.0,251.0,956.0,56.0,57.0,5.0,483.0,162.0,60.0,14.55,19.6,20.55,22.0,22.0,12.0,947.83,705.0,702.05,8.24,10.48,10.48,52.47,52.48,51.15,88.25,90.52,1791.0,1845.0,0.0,0.0,0.0,0.0,0.0,0.0,regular
8478452,2025,Caleb Jones,PIT,D,all,7,7212.0,144.0,0.38,0.44,0.59,0.4,0.46,0.42,0.47,33.0,7.59,0.21,0.41,1.95,0.24,4.63,3.57,0.2,0.21,0.2,1.0,0.0,5.0,6.0,6.0,17.0,1.0,0.0,2.0,0.0,1.0,0.0,1.0,7.0,5.0,11.0,0.0,0.0,0.0,10.0,1.0,4.0,11.0,0.0,0.0,0.21,0.0,0.0,0.0,0.0,0.0,17.57,11.0,11.28,4.0,0.08,0.53,0.0,0.29,0.29,0.28,144.0,9.0,19.0,17.0,99.0,23.0,18.0,11.0,92.0,0.0,0.0,17988.0,0.0,2.0,1.0,15.0,53.83,5.29,4.86,5.32,4.88,46.0,24.0,31.0,101.0,4.0,7.0,0.0,50.0,12.0,8.0,1.44,1.74,2.12,2.0,2.0,0.0,102.58,70.0,71.05,0.81,1.72,1.72,4.39,4.41,4.32,72.75,6.62,6.43,6.69,6.5,60.0,37.0,52.0,149.0,4.0,9.0,0.0,68.0,24.0,5.0,2.11,2.95,1.57,1.0,2.0,1.0,146.07,97.0,95.97,1.2,1.48,1.54,6.28,6.31,6.23,20.56,14.55,271.0,315.0,0.0,0.0,0.0,0.0,0.0,0.0,regular
8477365,2025,Connor Clifton,PIT,D,all,24,23493.0,445.0,3.13,0.5,0.54,0.46,0.51,0.47,0.52,121.0,17.09,0.64,0.97,4.46,0.52,10.41,8.0,0.63,0.65,0.65,0.0,2.0,17.0,8.0,33.0,58.0,3.0,1.0,1.0,0.0,4.0,0.0,11.0,8.0,16.0,24.0,9.0,24.0,0.0,96.0,7.0,19.0,25.0,0.0,0.0,0.64,0.0,0.0,1.0,0.0,0.0,59.65,25.0,25.87,11.0,0.19,0.03,0.0,0.83,0.85,0.85,445.0,22.0,54.0,67.0,302.0,68.0,60.0,47.0,270.0,0.0,0.0,64626.0,24.0,5.0,1.0,39.0,170.3,16.25,15.65,16.44,15.82,139.0,94.0,102.0,335.0,12.0,19.0,3.0,170.0,44.0,19.0,5.3,5.18,5.77,4.0,5.0,3.0,343.7,233.0,237.67,2.49,4.17,4.17,14.57,14.74,14.54,195.2,16.25,15.7,16.19,15.64,163.0,103.0,125.0,391.0,16.0,15.0,3.0,208.0,43.0,15.0,6.68,5.62,3.95,9.0,5.0,2.0,382.46,266.0,261.15,2.96,2.41,2.46,16.75,16.68,16.28,64.78,55.33,1095.0,1067.0,0.0,0.0,0.0,0.0,0.0,0.0,regular
8480980,2025,Connor Dewar,PIT,C,all,54,44064.0,1001.0,28.46,0.44,0.54,0.45,0.52,0.44,0.53,423.0,95.51,10.57,5.95,20.27,3.04,49.67,42.49,10.36,10.71,10.49,5.0,5.0,80.0,52.0,42.0,174.0,23.0,13.0,9.0,0.0,11.0,0.0,40.0,59.0,67.0,119.0,5.0,10.0,12.0,105.0,5.0,24.0,96.0,25.0,11.0,2.75,3.07,4.75,4.0,5.0,4.0,177.75,132.0,134.05,9.0,1.26,1.49,0.64,11.2,11.35,11.16,1001.0,28.0,294.0,150.0,529.0,132.0,87.0,133.0,649.0,12.0,11.0,153508.0,10.0,29.0,13.0,26.0,326.12,30.73,29.71,31.2,30.17,283.0,165.0,170.0,618.0,33.0,30.0,2.0,342.0,73.0,33.0,10.35,8.91,11.47,14.0,9.0,10.0,632.89,448.0,456.39,4.47,5.6,5.6,29.61,30.08,29.53,407.31,38.56,34.49,38.49,34.44,355.0,207.0,204.0,766.0,34.0,38.0,3.0,425.0,94.0,43.0,11.97,11.54,15.05,13.0,13.0,8.0,761.35,562.0,558.78,7.42,9.0,9.0,36.98,37.0,34.46,146.95,123.47,2628.0,2428.0,0.0,0.0,0.0,0.0,0.0,0.0,regular
8482475,2025,Egor Chinakhov,PIT,R,all,45,30862.0,674.0,18.75,0.55,0.49,0.53,0.5,0.52,0.5,438.0,76.82,7.27,5.11,18.11,2.47,40.49,30.55,7.15,7.4,7.28,2.0,4.0,69.0,35.0,44.0,148.0,16.0,10.0,5.0,0.0,18.0,0.0,32.0,39.0,59.0,94.0,3.0,6.0,3.0,37.0,7.0,22.0,75.0,24.0,5.0,2.57,3.09,1.61,4.0,6.0,0.0,153.56,104.0,107.07,8.0,1.11,1.0,0.67,7.71,7.87,7.78,674.0,70.0,46.0,89.0,469.0,89.0,91.0,95.0,399.0,3.0,6.0,134885.0,6.0,12.0,6.0,14.0,272.77,25.24,24.37,25.62,24.73,248.0,128.0,153.0,529.0,24.0,22.0,2.0,278.0,73.0,25.0,8.47,8.92,7.85,9.0,11.0,4.0,543.81,376.0,385.89,4.03,4.79,4.79,24.48,24.91,24.45,251.38,20.33,19.18,20.06,18.93,226.0,116.0,123.0,465.0,21.0,26.0,1.0,268.0,52.0,22.0,8.18,6.32,5.82,9.0,11.0,1.0,456.58,342.0,337.41,3.39,5.15,5.15,18.55,18.37,18.08,117.93,124.08,2262.0,2242.0,0.0,0.0,0.0,0.0,0.0,0.0,regular
8474578,2025,Erik Karlsson,PIT,D,all,49,69731.0,1170.0,38.67,0.54,0.5,0.55,0.48,0.54,0.49,83.0,122.28,5.91,7.77,32.24,4.03,74.47,50.57,5.68,6.01,5.78,14.0,16.0,103.0,72.0,113.0,288.0,34.0,4.0,16.0,0.0,23.0,0.0,70.0,62.0,99.0,171.0,7.0,14.0,0.0,10.0,24.0,65.0,163.0,10.0,2.0,4.13,1.1,0.69,4.0,0.0,0.0,291.03,175.0,177.4,35.0,1.72,2.43,1.1,6.54,6.63,6.43,1170.0,182.0,172.0,194.0,622.0,90.0,121.0,198.0,761.0,0.0,0.0,109241.0,14.0,10.0,5.0,43.0,672.25,70.67,65.46,71.03,65.83,623.0,298.0,335.0,1256.0,76.0,90.0,9.0,658.0,184.0,79.0,21.47,22.38,26.82,29.0,25.0,22.0,1267.97,921.0,929.66,11.82,18.55,18.7,63.8,64.18,61.7,579.25,59.55,56.73,59.44,56.64,513.0,274.0,259.0,1046.0,57.0,67.0,6.0,557.0,162.0,68.0,15.58,19.8,24.17,22.0,20.0,15.0,1042.27,787.0,784.7,9.84,12.48,12.48,56.91,56.96,55.5,89.15,88.42,1684.0,1853.0,0.0,0.0,0.0,0.0,0.0,0.0,regular
8471215,2025,Evgeni Malkin,PIT,C,all,39,41080.0,768.0,35.92,0.64,0.48,0.57,0.46,0.58,0.47,140.0,100.17,12.84,8.46,23.33,3.45,52.43,35.49,11.88,12.99,12.03,19.0,11.0,99.0,37.0,31.0,167.0,43.0,13.0,17.0,1.0,20.0,0.0,49.0,37.0,86.0,123.0,14.0,28.0,96.0,15.0,18.0,63.0,85.0,36.0,15.0,2.82,5.16,4.86,6.0,3.0,4.0,170.19,136.0,138.56,16.0,1.95,4.8,2.96,11.83,11.99,11.56,768.0,147.0,28.0,98.0,495.0,77.0,120.0,143.0,428.0,96.0,116.0,101173.0,28.0,20.0,10.0,14.0,422.85,52.34,48.61,52.99,49.23,392.0,187.0,173.0,752.0,63.0,62.0,7.0,392.0,122.0,65.0,13.62,15.08,23.63,23.0,18.0,22.0,766.91,579.0,590.86,8.06,14.44,14.44,45.96,46.55,44.82,315.05,29.69,28.27,29.47,28.09,277.0,150.0,147.0,574.0,24.0,30.0,1.0,312.0,81.0,34.0,10.12,9.68,9.88,14.0,7.0,3.0,564.2,427.0,421.5,4.46,6.45,6.5,27.65,27.56,27.18,76.35,81.28,1514.0,1746.0,0.0,0.0,0.0,0.0,0.0,0.0,regular
8480842,2025,Filip Hallander,PIT,C,all,13,10251.0,234.0,4.68,0.51,0.52,0.48,0.46,0.47,0.46,115.0,25.92,3.38,2.15,6.43,1.0,11.8,9.24,3.05,3.31,2.99,2.0,1.0,22.0,12.0,13.0,47.0,4.0,1.0,5.0,1.0,6.0,0.0,7.0,15.0,21.0,33.0,1.0,2.0,0.0,3.0,2.0,12.0,18.0,12.0,4.0,0.58,1.69,1.11,1.0,0.0,0.0,46.47,34.0,33.78,3.0,0.47,0.91,1.04,2.81,2.78,2.53,234.0,26.0,22.0,35.0,151.0,32.0,40.0,26.0,136.0,0.0,2.0,37149.0,2.0,6.0,3.0,5.0,87.72,9.14,8.22,9.11,8.2,86.0,33.0,56.0,175.0,9.0,18.0,2.0,86.0,20.0,13.0,2.54,2.67,3.93,7.0,1.0,1.0,176.17,119.0,120.39,1.41,3.96,3.96,6.59,6.6,6.19,98.9,8.96,8.47,8.98,8.48,91.0,44.0,53.0,188.0,4.0,14.0,1.0,100.0,22.0,13.0,3.0,2.67,3.29,3.0,0.0,1.0,187.83,135.0,134.53,1.54,2.35,2.35,8.15,8.13,7.93,34.73,31.52,549.0,650.0,0.0,0.0,0.0,0.0,0.0,0.0,regular
8484839,2025,Harrison Brunicke,PIT,D,all,9,8486.0,171.0,0.9,0.52,0.58,0.49,0.48,0.49,0.48,48.0,10.31,0.44,0.61,3.01,0.32,6.25,4.37,0.42,0.45,0.43,0.0,0.0,8.0,7.0,7.0,22.0,1.0,1.0,1.0,0.0,0.0,0.0,7.0,6.0,7.0,14.0,3.0,6.0,0.0,4.0,1.0,14.0,14.0,1.0,0.0,0.34,0.09,0.0,1.0,0.0,0.0,22.51,15.0,15.27,10.0,0.12,0.25,0.0,0.56,0.57,0.55,171.0,15.0,9.0,26.0,121.0,25.0,25.0,19.0,102.0,0.0,0.0,23914.0,6.0,4.0,2.0,13.0,68.38,7.0,6.49,7.1,6.58,60.0,30.0,39.0,129.0,4.0,11.0,0.0,60.0,19.0,11.0,1.59,2.59,2.82,2.0,2.0,0.0,130.69,90.0,91.28,1.07,2.55,2.55,5.52,5.58,5.46,68.65,6.34,6.05,6.42,6.13,62.0,30.0,42.0,134.0,8.0,8.0,1.0,64.0,24.0,4.0,2.13,3.23,0.97,4.0,3.0,1.0,132.57,92.0,91.9,1.05,1.5,1.5,5.89,5.94,5.89,26.0,19.15,386.0,415.0,0.0,0.0,0.0,0.0,0.0,0.0,regular
8482470,2025,Ilya Solovyov,PIT,D,all,19,13672.0,309.0,7.7,0.58,0.58,0.56,0.57,0.58,0.57,113.0,18.33,0.59,0.96,5.51,0.63,11.35,7.97,0.58,0.6,0.59,2.0,1.0,14.0,13.0,19.0,46.0,4.0,1.0,1.0,0.0,3.0,0.0,10.0,12.0,13.0,26.0,5.0,10.0,0.0,21.0,3.0,9.0,27.0,0.0,0.0,0.59,0.0,0.0,1.0,0.0,0.0,47.03,27.0,27.59,7.0,0.19,0.21,0.0,0.78,0.8,0.78,309.0,25.0,20.0,41.0,223.0,57.0,39.0,30.0,183.0,0.0,0.0,55708.0,10.0,2.0,1.0,22.0,135.15,10.9,10.44,11.13,10.66,123.0,65.0,75.0,263.0,11.0,11.0,1.0,143.0,38.0,7.0,4.17,5.03,1.7,5.0,5.0,1.0,271.11,188.0,192.3,1.89,2.11,2.11,10.69,10.91,10.59,102.76,7.88,7.61,7.85,7.59,102.0,36.0,68.0,206.0,9.0,13.0,3.0,108.0,19.0,11.0,2.73,2.39,2.75,2.0,5.0,2.0,200.14,138.0,136.3,1.44,1.86,1.86,7.46,7.45,7.35,57.6,41.79,1088.0,831.0,0.0,0.0,0.0,0.0,0.0,0.0,regular
8481030,2025,Jack St. Ivany,PIT,D,all,17,15962.0,303.0,5.85,0.48,0.51,0.46,0.53,0.47,0.53,94.0,17.01,1.33,0.95,4.84,0.61,9.34,6.93,1.31,1.37,1.35,3.0,4.0,16.0,8.0,10.0,34.0,7.0,0.0,1.0,0.0,3.0,0.0,10.0,10.0,16.0,24.0,3.0,6.0,0.0,40.0,4.0,17.0,21.0,1.0,2.0,0.47,0.19,0.68,0.0,0.0,0.0,35.22,24.0,24.76,12.0,0.2,0.12,0.22,1.32,1.34,1.32,303.0,15.0,37.0,47.0,204.0,40.0,29.0,39.0,195.0,0.0,0.0,46338.0,6.0,0.0,0.0,23.0,127.55,10.44,10.12,10.85,10.52,112.0,63.0,59.0,234.0,14.0,7.0,0.0,139.0,27.0,9.0,4.33,3.65,2.46,7.0,4.0,3.0,243.35,175.0,181.38,1.75,0.96,0.96,11.23,11.69,11.36,140.09,11.23,10.43,11.13,10.33,120.0,76.0,82.0,278.0,8.0,15.0,0.0,156.0,26.0,14.0,4.3,3.12,3.82,5.0,2.0,1.0,272.93,196.0,192.77,2.21,3.44,3.44,10.0,9.9,9.57,42.8,41.59,804.0,709.0,0.0,0.0,0.0,0.0,0.0,0.0,regular
8479533,2025,Joona Koppanen,PIT,L,all,10,7480.0,170.0,1.04,0.46,0.53,0.46,0.53,0.45,0.53,96.0,9.51,0.76,0.7,2.37,0.41,5.49,4.27,0.71,0.76,0.71,0.0,1.0,6.0,8.0,2.0,16.0,1.0,0.0,2.0,0.0,1.0,0.0,6.0,5.0,6.0,14.0,1.0,2.0,12.0,9.0,2.0,4.0,10.0,4.0,0.0,0.3,0.46,0.0,0.0,0.0,0.0,16.29,14.0,14.23,2.0,0.14,0.4,0.16,0.75,0.76,0.75,170.0,9.0,38.0,24.0,99.0,22.0,20.0,15.0,113.0,12.0,13.0,29173.0,2.0,2.0,1.0,4.0,51.01,4.81,4.62,4.72,4.54,39.0,32.0,32.0,103.0,3.0,7.0,0.0,54.0,10.0,7.0,1.42,1.26,2.13,2.0,0.0,1.0,102.48,71.0,70.04,0.73,1.67,1.67,3.87,3.83,3.79,63.24,5.69,5.33,5.72,5.37,58.0,28.0,34.0,120.0,5.0,4.0,0.0,61.0,19.0,6.0,1.59,2.18,1.92,1.0,2.0,2.0,119.98,86.0,86.4,1.07,1.21,1.21,5.56,5.63,5.33,22.73,20.55,481.0,434.0,0.0,0.0,0.0,0.0,0.0,0.0,regular
8479638,2025,Justin Brazeau,PIT,R,all,40,31156.0,671.0,22.98,0.54,0.52,0.51,0.5,0.51,0.51,356.0,79.09,10.66,7.19,17.35,2.73,39.97,28.08,10.13,10.84,10.28,6.0,5.0,70.0,36.0,14.0,120.0,25.0,14.0,11.0,0.0,10.0,0.0,39.0,32.0,56.0,92.0,5.0,10.0,0.0,53.0,10.0,28.0,62.0,32.0,12.0,2.43,3.91,4.32,6.0,5.0,3.0,123.77,106.0,108.95,6.0,1.64,2.51,2.45,9.85,9.99,9.76,671.0,89.0,33.0,94.0,455.0,87.0,112.0,100.0,372.0,0.0,2.0,115363.0,10.0,16.0,8.0,23.0,272.59,27.14,25.94,27.75,26.51,235.0,136.0,137.0,508.0,31.0,29.0,1.0,269.0,72.0,30.0,8.31,8.95,9.88,15.0,10.0,6.0,520.66,371.0,380.97,4.44,6.12,6.12,25.45,25.95,25.28,261.56,23.43,22.49,23.21,22.3,225.0,133.0,131.0,489.0,27.0,24.0,4.0,268.0,66.0,24.0,8.24,8.05,7.13,18.0,8.0,1.0,482.25,358.0,354.3,3.71,4.98,5.03,22.11,22.06,21.71,108.1,99.34,1910.0,1924.0,0.0,0.0,0.0,0.0,0.0,0.0,regular
8475763,2025,Kevin Hayes,PIT,R,all,23,17516.0,375.0,6.79,0.54,0.49,0.54,0.51,0.54,0.51,202.0,38.62,3.69,2.98,9.14,1.33,20.7,15.15,3.57,3.68,3.56,2.0,0.0,39.0,14.0,12.0,65.0,5.0,3.0,5.0,0.0,10.0,1.0,14.0,20.0,36.0,50.0,3.0,6.0,36.0,27.0,3.0,17.0,36.0,13.0,4.0,1.26,1.39,1.04,1.0,1.0,1.0,64.69,53.0,52.71,1.0,0.63,0.74,0.56,3.76,3.77,3.71,375.0,45.0,39.0,55.0,236.0,55.0,51.0,52.0,217.0,36.0,59.0,67056.0,6.0,2.0,1.0,8.0,153.17,14.14,13.66,14.0,13.53,143.0,67.0,65.0,275.0,13.0,14.0,2.0,147.0,48.0,15.0,4.45,5.68,4.01,6.0,4.0,3.0,271.71,210.0,208.18,2.39,2.78,2.78,13.75,13.61,13.43,132.07,11.9,11.55,12.0,11.65,114.0,66.0,58.0,238.0,16.0,11.0,1.0,136.0,36.0,8.0,4.23,4.57,3.1,9.0,6.0,1.0,241.92,180.0,182.84,1.79,2.34,2.34,11.34,11.46,11.36,55.93,57.21,1135.0,1075.0,0.0,0.0,0.0,0.0,0.0,0.0,regular
8471724,2025,Kris Letang,PIT,D,all,50,66288.0,1147.0,25.08,0.52,0.53,0.51,0.51,0.51,0.51,109.0,87.49,4.39,5.1,23.18,2.89,49.5,37.94,4.26,4.37,4.24,13.0,9.0,81.0,42.0,73.0,196.0,25.0,3.0,4.0,0.0,18.0,0.0,46.0,52.0,78.0,120.0,11.0,22.0,0.0,67.0,17.0,73.0,108.0,14.0,1.0,2.43,1.73,0.22,1.0,2.0,0.0,199.09,123.0,124.06,47.0,1.08,1.09,0.34,5.13,5.11,4.98,1147.0,161.0,93.0,161.0,732.0,92.0,167.0,161.0,727.0,0.0,0.0,116884.0,22.0,10.0,5.0,64.0,611.21,64.84,61.77,65.4,62.32,533.0,306.0,297.0,1136.0,65.0,60.0,6.0,598.0,168.0,73.0,18.96,20.72,25.15,27.0,15.0,23.0,1150.54,839.0,849.57,9.97,12.49,12.83,61.97,62.56,60.52,579.93,61.06,56.22,60.9,56.07,528.0,274.0,308.0,1110.0,56.0,51.0,2.0,577.0,158.0,67.0,18.21,19.0,23.85,24.0,19.0,13.0,1102.74,802.0,798.23,9.05,11.77,11.73,58.38,58.34,55.51,100.7,90.82,1898.0,1857.0,0.0,0.0,0.0,0.0,0.0,0.0,regular
8476856,2025,Mathew Dumba,PIT,D,all,11,9858.0,199.0,1.03,0.44,0.5,0.45,0.5,0.47,0.49,61.0,9.81,0.34,0.59,3.13,0.36,5.52,4.05,0.33,0.34,0.33,1.0,1.0,7.0,7.0,12.0,26.0,3.0,1.0,2.0,0.0,3.0,0.0,1.0,7.0,6.0,13.0,4.0,11.0,0.0,16.0,6.0,8.0,13.0,1.0,0.0,0.25,0.09,0.0,1.0,0.0,0.0,25.82,14.0,14.12,6.0,0.12,0.26,0.0,0.46,0.46,0.45,199.0,9.0,21.0,27.0,142.0,20.0,24.0,27.0,128.0,0.0,0.0,30995.0,11.0,7.0,2.0,12.0,74.17,5.55,5.4,5.65,5.48,70.0,35.0,43.0,148.0,5.0,5.0,0.0,86.0,14.0,5.0,2.66,1.58,1.31,4.0,1.0,0.0,148.16,105.0,106.18,1.08,0.95,0.95,5.68,5.75,5.67,86.23,6.98,6.71,6.97,6.71,75.0,43.0,62.0,180.0,11.0,6.0,1.0,93.0,18.0,7.0,2.87,2.22,1.89,5.0,5.0,1.0,178.54,118.0,117.75,1.17,1.24,1.24,6.9,6.92,6.78,25.69,25.59,485.0,490.0,0.0,0.0,0.0,0.0,0.0,0.0,regular
8478569,2025,Noel Acciari,PIT,C,all,41,32341.0,731.0,18.86,0.46,0.54,0.42,0.53,0.42,0.53,328.0,54.95,7.49,4.18,11.82,1.83,28.25,21.44,7.2,7.59,7.3,7.0,2.0,52.0,23.0,19.0,94.0,15.0,6.0,7.0,1.0,6.0,0.0,38.0,18.0,46.0,69.0,2.0,7.0,177.0,45.0,6.0,10.0,47.0,19.0,9.0,2.0,2.43,3.06,2.0,3.0,1.0,96.81,75.0,76.82,2.0,0.89,2.05,1.51,6.88,6.96,6.81,731.0,17.0,246.0,86.0,382.0,107.0,57.0,110.0,457.0,177.0,146.0,117778.0,7.0,9.0,3.0,31.0,217.69,23.5,22.04,23.85,22.39,191.0,106.0,125.0,422.0,26.0,22.0,2.0,217.0,51.0,29.0,6.44,6.58,10.48,10.0,9.0,7.0,432.53,297.0,303.27,3.03,4.96,4.96,21.57,21.93,21.56,299.04,27.51,25.83,27.36,25.69,257.0,155.0,176.0,588.0,31.0,22.0,3.0,318.0,62.0,32.0,8.43,7.74,11.34,10.0,10.0,11.0,583.19,412.0,408.8,5.53,5.29,5.29,27.76,27.67,26.45,116.95,98.58,2082.0,1856.0,0.0,0.0,0.0,0.0,0.0,0.0,regular
8483503,2025,Owen Pickering,PIT,D,all,4,2903.0,73.0,-0.72,0.42,0.53,0.47,0.54,0.46,0.53,24.0,1.34,0.02,0.07,0.34,0.05,0.89,0.63,0.02,0.02,0.02,0.0,0.0,1.0,1.0,4.0,6.0,0.0,0.0,0.0,0.0,0.0,0.0,1.0,1.0,1.0,2.0,1.0,2.0,0.0,1.0,1.0,4.0,2.0,0.0,0.0,0.02,0.0,0.0,0.0,0.0,0.0,6.3,2.0,1.98,4.0,0.01,0.0,0.0,0.04,0.04,0.04,73.0,5.0,8.0,13.0,47.0,6.0,12.0,8.0,47.0,0.0,0.0,11797.0,2.0,0.0,0.0,2.0,22.88,1.83,1.75,1.94,1.86,25.0,7.0,12.0,44.0,2.0,3.0,0.0,24.0,6.0,2.0,0.67,0.66,0.5,1.0,1.0,0.0,45.67,32.0,33.13,0.32,0.6,0.6,1.55,1.62,1.6,28.02,2.54,2.31,2.49,2.27,26.0,12.0,12.0,50.0,5.0,4.0,1.0,29.0,4.0,5.0,0.7,0.51,1.33,3.0,1.0,1.0,49.95,38.0,38.23,0.4,1.06,1.06,1.88,1.85,1.8,11.13,10.02,206.0,173.0,0.0,0.0,0.0,0.0,0.0,0.0,regular
8478450,2025,Parker Wotherspoon,PIT,D,all,54,66027.0,1199.0,23.7,0.45,0.56,0.47,0.52,0.46,0.53,165.0,50.61,1.78,2.61,13.75,1.67,28.61,23.58,1.73,1.78,1.74,5.0,10.0,50.0,22.0,44.0,116.0,18.0,3.0,4.0,0.0,18.0,0.0,26.0,21.0,47.0,69.0,13.0,26.0,0.0,111.0,21.0,77.0,71.0,1.0,0.0,1.66,0.12,0.0,3.0,0.0,0.0,116.89,72.0,71.98,56.0,0.53,0.58,0.17,2.15,2.15,2.1,1199.0,73.0,204.0,203.0,719.0,151.0,115.0,170.0,763.0,0.0,0.0,131545.0,26.0,14.0,7.0,82.0,507.44,44.98,42.8,45.31,43.15,462.0,238.0,264.0,964.0,43.0,51.0,3.0,531.0,132.0,37.0,16.72,16.56,11.69,23.0,12.0,8.0,979.67,700.0,709.86,7.28,9.28,9.21,43.05,43.4,42.53,595.91,55.86,52.73,55.54,52.43,505.0,306.0,289.0,1100.0,54.0,62.0,8.0,594.0,162.0,55.0,16.38,19.74,19.75,23.0,16.0,15.0,1090.65,811.0,804.95,10.3,11.7,11.74,54.42,54.2,52.49,132.72,106.17,2282.0,2094.0,0.0,0.0,0.0,0.0,0.0,0.0,regular
8481577,2025,Philip Tomasino,PIT,R,all,9,6573.0,130.0,0.38,0.48,0.53,0.47,0.49,0.45,0.5,88.0,12.25,1.38,0.89,2.78,0.4,6.22,4.34,1.36,1.42,1.4,0.0,1.0,9.0,7.0,5.0,21.0,1.0,0.0,0.0,0.0,1.0,0.0,6.0,9.0,9.0,16.0,0.0,0.0,2.0,11.0,0.0,3.0,10.0,4.0,2.0,0.39,0.48,0.51,0.0,0.0,0.0,21.72,16.0,16.36,1.0,0.2,0.0,0.24,1.33,1.37,1.36,130.0,13.0,9.0,23.0,85.0,19.0,18.0,15.0,78.0,2.0,2.0,26171.0,0.0,0.0,0.0,7.0,42.61,3.47,3.45,3.58,3.55,34.0,25.0,35.0,94.0,2.0,2.0,0.0,46.0,10.0,3.0,1.45,1.25,0.77,2.0,0.0,0.0,98.04,59.0,60.98,0.64,0.27,0.27,3.85,3.97,3.94,52.26,3.77,3.68,3.7,3.61,50.0,21.0,36.0,107.0,3.0,5.0,0.0,55.0,15.0,1.0,1.68,1.8,0.29,1.0,2.0,0.0,105.03,71.0,69.43,0.72,0.8,0.8,3.68,3.6,3.59,25.43,22.11,421.0,435.0,0.0,0.0,0.0,0.0,0.0,0.0,regular
8476483,2025,Rickard Rakell,PIT,R,all,34,38872.0,731.0,23.11,0.51,0.52,0.52,0.48,0.53,0.49,79.0,105.43,13.15,9.26,23.54,3.67,55.85,35.52,12.3,13.26,12.41,8.0,6.0,101.0,40.0,33.0,174.0,24.0,10.0,15.0,1.0,11.0,0.0,58.0,47.0,91.0,131.0,2.0,4.0,2.0,49.0,14.0,28.0,79.0,44.0,18.0,3.09,5.0,5.06,1.0,4.0,5.0,176.93,141.0,143.26,11.0,2.14,2.35,2.6,12.7,12.87,12.38,731.0,168.0,47.0,158.0,358.0,56.0,104.0,112.0,459.0,2.0,19.0,85147.0,4.0,10.0,5.0,30.0,370.38,39.4,36.51,39.63,36.75,331.0,173.0,188.0,692.0,44.0,49.0,6.0,346.0,110.0,48.0,11.48,13.22,14.7,15.0,16.0,13.0,704.44,504.0,510.35,6.92,9.38,9.38,36.95,37.27,35.85,329.66,38.14,36.45,38.07,36.36,294.0,161.0,176.0,631.0,32.0,37.0,3.0,319.0,92.0,44.0,9.79,11.44,16.91,9.0,11.0,12.0,621.2,455.0,450.35,5.17,8.14,8.14,35.18,35.07,34.1,73.31,68.86,1328.0,1426.0,0.0,0.0,0.0,0.0,0.0,0.0,regular
8483487,2025,Rutger McGroarty,PIT,R,all,19,13577.0,298.0,8.3,0.54,0.51,0.56,0.51,0.57,0.51,194.0,33.74,3.72,2.44,7.99,1.2,17.57,13.08,3.63,3.75,3.65,1.0,1.0,34.0,12.0,8.0,54.0,4.0,2.0,5.0,0.0,5.0,0.0,22.0,12.0,32.0,44.0,1.0,2.0,4.0,20.0,0.0,11.0,32.0,9.0,5.0,1.07,1.19,1.46,2.0,0.0,0.0,54.97,46.0,46.59,6.0,0.51,0.88,1.3,2.93,2.98,2.95,298.0,32.0,20.0,49.0,197.0,56.0,45.0,39.0,158.0,4.0,9.0,56000.0,2.0,14.0,7.0,7.0,126.53,10.4,9.99,10.45,10.03,116.0,58.0,62.0,236.0,9.0,14.0,0.0,138.0,26.0,10.0,4.19,3.15,3.06,5.0,4.0,0.0,239.88,174.0,176.94,1.78,2.38,2.38,9.8,9.92,9.6,95.12,8.99,8.54,9.01,8.57,84.0,45.0,57.0,186.0,13.0,11.0,2.0,89.0,30.0,10.0,2.83,3.61,2.55,6.0,5.0,2.0,183.85,129.0,128.72,1.42,2.36,2.36,8.05,8.1,8.01,55.39,53.91,949.0,918.0,0.0,0.0,0.0,0.0,0.0,0.0,regular
8477435,2025,Ryan Graves,PIT,D,all,19,17646.0,349.0,4.72,0.53,0.53,0.5,0.51,0.53,0.52,104.0,25.06,0.94,1.38,7.07,0.85,15.15,10.62,0.91,0.93,0.9,0.0,0.0,19.0,17.0,27.0,63.0,1.0,1.0,2.0,0.0,5.0,0.0,8.0,20.0,18.0,35.0,4.0,8.0,0.0,15.0,5.0,14.0,35.0,0.0,1.0,0.73,0.0,0.21,1.0,0.0,0.0,62.91,36.0,36.37,10.0,0.28,0.31,0.24,0.98,0.99,0.97,349.0,12.0,36.0,58.0,243.0,49.0,39.0,33.0,228.0,0.0,0.0,52226.0,8.0,6.0,3.0,35.0,137.52,11.71,11.34,11.86,11.47,122.0,69.0,84.0,275.0,8.0,15.0,2.0,149.0,26.0,16.0,4.55,2.82,4.34,4.0,2.0,2.0,278.04,191.0,192.94,1.91,3.28,3.14,10.48,10.56,10.38,125.22,10.4,9.95,10.46,10.0,109.0,62.0,102.0,273.0,10.0,13.0,2.0,134.0,27.0,10.0,4.25,3.68,2.47,6.0,3.0,1.0,270.51,171.0,169.72,1.84,2.11,2.07,10.18,10.26,10.04,48.16,41.94,879.0,833.0,0.0,0.0,0.0,0.0,0.0,0.0,regular
8478854,2025,Ryan Shea,PIT,D,all,54,61557.0,1152.0,26.03,0.5,0.53,0.47,0.52,0.48,0.52,207.0,63.9,2.85,3.62,18.23,2.17,36.93,27.19,2.7,2.9,2.75,12.0,7.0,53.0,38.0,47.0,138.0,22.0,3.0,3.0,0.0,14.0,1.0,34.0,36.0,50.0,88.0,4.0,8.0,0.0,31.0,16.0,36.0,85.0,5.0,1.0,1.96,0.54,0.34,3.0,0.0,0.0,139.78,91.0,92.39,25.0,0.75,0.94,0.59,3.01,3.08,3.0,1152.0,82.0,137.0,149.0,784.0,142.0,142.0,149.0,719.0,0.0,0.0,136015.0,8.0,18.0,9.0,65.0,525.49,53.3,51.04,54.11,51.82,456.0,267.0,239.0,962.0,62.0,58.0,9.0,529.0,137.0,57.0,16.12,16.98,20.21,28.0,15.0,19.0,980.96,723.0,736.72,7.68,12.08,12.49,48.49,49.32,48.15,567.12,52.94,49.74,52.75,49.57,513.0,271.0,296.0,1080.0,50.0,57.0,4.0,599.0,121.0,64.0,18.25,14.1,20.59,21.0,16.0,13.0,1070.31,784.0,777.16,9.04,13.6,13.6,48.38,48.32,46.59,124.39,109.1,2284.0,2114.0,0.0,0.0,0.0,0.0,0.0,0.0,regular
8481591,2025,Sam Poulin,PIT,R,all,2,1658.0,30.0,0.07,0.51,0.62,0.51,0.55,0.59,0.54,14.0,3.18,0.21,0.21,0.78,0.12,2.18,1.5,0.21,0.2,0.2,0.0,0.0,1.0,4.0,1.0,6.0,0.0,0.0,0.0,0.0,0.0,0.0,3.0,2.0,1.0,5.0,0.0,0.0,0.0,2.0,1.0,1.0,4.0,1.0,0.0,0.1,0.12,0.0,0.0,0.0,0.0,5.29,5.0,4.48,1.0,0.04,0.0,0.0,0.26,0.24,0.24,30.0,2.0,5.0,3.0,20.0,5.0,3.0,5.0,17.0,0.0,0.0,5792.0,0.0,0.0,0.0,2.0,13.44,0.81,0.81,0.74,0.74,11.0,9.0,8.0,28.0,0.0,0.0,0.0,18.0,2.0,0.0,0.6,0.21,0.0,0.0,0.0,0.0,24.96,20.0,18.14,0.19,0.0,0.0,1.0,0.92,0.91,10.53,0.8,0.79,0.86,0.86,9.0,5.0,13.0,27.0,2.0,0.0,0.0,12.0,1.0,1.0,0.34,0.19,0.26,2.0,0.0,0.0,29.3,14.0,14.8,0.18,0.0,0.0,0.97,1.05,1.04,5.02,3.12,89.0,73.0,0.0,0.0,0.0,0.0,0.0,0.0,regular
8471675,2025,Sidney Crosby,PIT,C,all,54,63511.0,1178.0,51.2,0.58,0.49,0.56,0.47,0.57,0.48,116.0,130.57,16.36,10.65,28.0,4.74,69.81,47.45,15.04,16.49,15.17,20.0,11.0,123.0,54.0,48.0,225.0,58.0,27.0,15.0,4.0,25.0,1.0,54.0,55.0,96.0,150.0,12.0,24.0,620.0,47.0,21.0,60.0,114.0,41.0,22.0,4.01,4.77,7.58,8.0,6.0,13.0,228.53,177.0,179.21,10.0,2.52,3.0,4.64,14.24,14.31,13.61,1178.0,250.0,84.0,253.0,591.0,103.0,144.0,192.0,739.0,620.0,502.0,134061.0,24.0,26.0,13.0,23.0,674.84,74.56,68.89,74.98,69.31,616.0,308.0,309.0,1233.0,81.0,90.0,10.0,648.0,186.0,90.0,20.83,22.65,31.07,31.0,24.0,26.0,1248.73,924.0,932.86,12.45,19.71,19.71,67.3,67.76,64.94,504.44,54.15,51.33,54.18,51.35,456.0,239.0,263.0,958.0,52.0,56.0,5.0,486.0,148.0,61.0,15.05,18.14,20.96,24.0,17.0,11.0,950.07,695.0,692.09,7.46,11.33,11.33,50.29,50.34,49.06,103.14,107.88,2013.0,2236.0,0.0,0.0,0.0,0.0,0.0,0.0,regular
8478438,2025,Tommy Novak,PIT,C,all,54,43987.0,946.0,28.3,0.57,0.51,0.53,0.5,0.55,0.5,447.0,91.59,10.9,7.05,19.98,3.11,48.78,35.17,10.63,10.86,10.59,13.0,6.0,81.0,44.0,31.0,156.0,29.0,10.0,8.0,3.0,16.0,0.0,45.0,46.0,71.0,115.0,10.0,22.0,98.0,9.0,21.0,34.0,83.0,31.0,11.0,3.32,3.96,3.62,5.0,0.0,5.0,156.74,125.0,125.27,8.0,1.53,1.42,2.16,10.27,10.29,10.09,946.0,126.0,46.0,126.0,648.0,123.0,154.0,133.0,536.0,98.0,131.0,153585.0,22.0,8.0,4.0,20.0,415.77,39.95,38.46,40.25,38.76,361.0,211.0,190.0,762.0,43.0,40.0,5.0,414.0,122.0,36.0,13.7,15.38,10.87,20.0,12.0,11.0,770.33,572.0,578.24,6.64,7.72,8.07,38.51,38.81,38.09,351.45,30.41,28.82,30.27,28.69,312.0,165.0,201.0,678.0,28.0,45.0,2.0,360.0,86.0,31.0,11.25,10.62,8.54,21.0,6.0,1.0,669.83,477.0,471.48,4.91,8.79,8.83,26.5,26.46,26.0,137.75,131.62,2484.0,2516.0,0.0,0.0,0.0,0.0,0.0,0.0,regular
8482698,2025,Tristan Broz,PIT,C,all,1,690.0,15.0,-0.4,0.22,0.39,0.32,0.46,0.25,0.41,12.0,1.5,0.08,0.08,0.5,0.04,0.78,0.52,0.08,0.08,0.08,0.0,0.0,2.0,0.0,0.0,2.0,0.0,0.0,0.0,0.0,2.0,0.0,0.0,0.0,2.0,2.0,0.0,0.0,3.0,0.0,0.0,1.0,2.0,0.0,0.0,0.08,0.0,0.0,0.0,0.0,0.0,2.05,2.0,2.08,0.0,0.02,0.0,0.0,0.1,0.1,0.09,15.0,2.0,0.0,1.0,12.0,2.0,2.0,3.0,8.0,3.0,3.0,2910.0,0.0,0.0,0.0,0.0,2.91,0.14,0.14,0.14,0.14,3.0,1.0,3.0,7.0,0.0,0.0,0.0,4.0,0.0,0.0,0.14,0.0,0.0,0.0,0.0,0.0,7.23,4.0,4.15,0.03,0.0,0.0,0.17,0.17,0.17,8.0,0.5,0.48,0.5,0.48,9.0,3.0,3.0,15.0,1.0,0.0,0.0,11.0,1.0,0.0,0.37,0.13,0.0,1.0,0.0,0.0,14.56,12.0,11.61,0.11,0.0,0.0,0.61,0.61,0.59,2.16,3.4,39.0,45.0,0.0,0.0,0.0,0.0,0.0,0.0,regular
8482758,2025,Ville Koivunen,PIT,R,all,27,20549.0,420.0,9.42,0.61,0.5,0.59,0.49,0.59,0.5,251.0,33.57,4.35,2.35,7.64,1.09,17.0,12.58,4.22,4.45,4.32,0.0,3.0,28.0,17.0,25.0,70.0,5.0,2.0,4.0,0.0,5.0,1.0,12.0,21.0,26.0,43.0,4.0,8.0,2.0,3.0,5.0,12.0,27.0,12.0,6.0,1.17,1.3,1.88,0.0,0.0,2.0,71.56,45.0,46.06,6.0,0.51,1.08,0.93,3.93,3.99,3.89,420.0,55.0,23.0,69.0,273.0,73.0,71.0,50.0,226.0,2.0,0.0,78615.0,8.0,2.0,1.0,11.0,196.08,18.41,17.54,18.56,17.69,174.0,100.0,118.0,392.0,9.0,20.0,1.0,208.0,46.0,20.0,6.07,5.5,6.84,3.0,1.0,5.0,395.99,274.0,277.52,2.84,3.6,3.95,17.31,17.47,16.8,139.61,11.67,11.25,11.48,11.07,118.0,73.0,81.0,272.0,10.0,13.0,1.0,143.0,37.0,11.0,4.13,4.45,3.08,5.0,5.0,0.0,267.16,191.0,187.75,1.89,3.08,3.08,10.48,10.33,10.25,71.37,72.59,1283.0,1334.0,0.0,0.0,0.0,0.0,0.0,0.0,regular
8476457,2025,Adam Larsson,SEA,D,all,54,70414.0,1316.0,3.72,0.41,0.5,0.38,0.5,0.38,0.5,124.0,56.35,1.95,3.0,16.74,1.93,33.86,24.52,1.88,1.95,1.88,5.0,5.0,59.0,23.0,45.0,127.0,14.0,4.0,7.0,1.0,16.0,0.0,27.0,28.0,55.0,78.0,16.0,30.0,0.0,74.0,11.0,34.0,81.0,1.0,0.0,1.78,0.17,0.0,4.0,0.0,0.0,127.11,82.0,82.09,24.0,0.61,1.64,0.1,2.46,2.47,2.39,1316.0,116.0,254.0,227.0,719.0,126.0,145.0,189.0,856.0,0.0,0.0,127178.0,30.0,2.0,1.0,113.0,461.94,50.15,48.35,50.12,48.32,417.0,214.0,238.0,869.0,43.0,49.0,8.0,465.0,109.0,57.0,13.88,13.64,22.62,11.0,9.0,23.0,868.08,631.0,629.12,6.4,10.09,10.09,46.46,46.47,45.68,736.2,70.91,66.5,71.17,66.76,622.0,387.0,409.0,1418.0,68.0,100.0,5.0,746.0,173.0,90.0,21.02,20.7,29.2,26.0,18.0,24.0,1422.72,1009.0,1011.81,12.45,18.85,18.85,64.53,64.78,62.13,101.23,99.49,2031.0,2033.0,0.0,0.0,0.0,0.0,0.0,0.0,regular
8483570,2025,Ben Meyers,SEA,C,all,31,21646.0,547.0,9.86,0.41,0.48,0.41,0.45,0.41,0.46,295.0,45.09,4.55,3.36,10.75,1.45,23.46,16.44,4.4,4.46,4.31,3.0,3.0,40.0,20.0,17.0,77.0,11.0,5.0,6.0,0.0,9.0,0.0,20.0,20.0,35.0,55.0,2.0,4.0,125.0,36.0,4.0,14.0,41.0,15.0,4.0,1.36,1.9,1.29,2.0,3.0,0.0,76.55,60.0,59.05,5.0,0.71,1.78,0.99,4.26,4.18,4.13,547.0,21.0,126.0,87.0,313.0,87.0,93.0,70.0,297.0,125.0,109.0,91609.0,4.0,8.0,4.0,8.0,156.61,13.9,13.44,13.83,13.37,137.0,74.0,74.0,285.0,16.0,17.0,4.0,153.0,44.0,14.0,4.81,5.29,3.81,6.0,7.0,3.0,284.89,211.0,210.13,2.28,3.4,3.4,12.79,12.76,12.64,217.14,20.29,18.96,20.29,18.96,199.0,100.0,107.0,406.0,22.0,21.0,2.0,232.0,39.0,28.0,6.26,4.88,9.15,8.0,5.0,9.0,406.57,299.0,299.54,3.5,4.52,4.52,19.28,19.26,18.49,78.1,84.51,1364.0,1639.0,0.0,0.0,0.0,0.0,0.0,0.0,regular
8484800,2025,Berkly Catton,SEA,C,all,40,29734.0,676.0,8.32,0.5,0.47,0.49,0.45,0.51,0.45,355.0,57.65,5.66,4.25,12.84,1.92,30.95,22.36,5.35,5.74,5.41,1.0,5.0,44.0,34.0,16.0,94.0,11.0,5.0,5.0,1.0,11.0,0.0,28.0,29.0,39.0,73.0,8.0,16.0,39.0,4.0,8.0,20.0,58.0,14.0,6.0,2.19,1.79,1.69,2.0,0.0,3.0,93.2,78.0,77.47,4.0,0.92,1.31,1.46,5.13,5.15,5.04,676.0,126.0,29.0,87.0,434.0,111.0,129.0,77.0,359.0,39.0,57.0,116390.0,16.0,16.0,8.0,21.0,260.24,23.17,22.11,23.07,22.01,217.0,138.0,123.0,478.0,18.0,30.0,4.0,274.0,54.0,27.0,8.19,6.53,8.45,9.0,2.0,7.0,472.72,355.0,351.46,3.82,6.56,6.3,20.69,20.55,20.19,247.07,23.29,22.7,23.56,22.96,216.0,127.0,145.0,488.0,17.0,36.0,3.0,264.0,46.0,33.0,7.35,5.58,10.36,6.0,4.0,7.0,496.84,343.0,349.34,3.44,6.9,6.9,19.82,20.03,19.79,87.55,97.17,1618.0,1981.0,0.0,0.0,0.0,0.0,0.0,0.0,regular
8477986,2025,Brandon Montour,SEA,D,all,36,47966.0,857.0,25.72,0.51,0.45,0.54,0.44,0.54,0.44,73.0,100.11,5.39,6.63,26.87,3.44,61.96,41.73,5.18,5.29,5.09,10.0,5.0,91.0,55.0,71.0,217.0,22.0,7.0,8.0,1.0,25.0,0.0,50.0,56.0,84.0,139.0,13.0,31.0,0.0,43.0,19.0,48.0,135.0,8.0,3.0,3.26,0.91,1.22,7.0,0.0,0.0,213.2,146.0,143.35,33.0,1.48,3.24,1.22,5.64,5.57,5.47,857.0,119.0,78.0,118.0,542.0,113.0,113.0,135.0,496.0,0.0,0.0,83689.0,31.0,21.0,9.0,45.0,432.12,38.79,37.14,38.25,36.61,371.0,235.0,242.0,848.0,35.0,43.0,6.0,475.0,99.0,32.0,14.52,12.15,12.13,18.0,8.0,9.0,832.36,606.0,595.67,6.91,9.12,9.12,36.59,36.09,35.31,373.44,37.71,36.42,38.24,36.93,335.0,190.0,195.0,720.0,31.0,35.0,3.0,400.0,85.0,40.0,11.06,10.17,16.49,8.0,12.0,11.0,731.85,525.0,535.15,5.24,5.54,5.55,37.41,37.96,37.09,60.63,74.97,1165.0,1496.0,0.0,0.0,0.0,0.0,0.0,0.0,regular
8479985,2025,Cale Fleury,SEA,D,all,16,16887.0,356.0,-0.05,0.48,0.52,0.41,0.45,0.43,0.46,69.0,21.33,0.69,1.08,6.91,0.77,12.1,8.45,0.66,0.7,0.67,1.0,0.0,20.0,10.0,14.0,44.0,2.0,1.0,2.0,0.0,4.0,0.0,15.0,8.0,19.0,29.0,1.0,5.0,0.0,31.0,4.0,14.0,30.0,0.0,0.0,0.69,0.0,0.0,1.0,0.0,0.0,44.27,30.0,30.38,11.0,0.22,0.28,0.0,0.91,0.93,0.88,356.0,21.0,36.0,51.0,248.0,42.0,56.0,27.0,231.0,0.0,0.0,41850.0,5.0,11.0,4.0,19.0,118.51,10.75,10.33,10.95,10.52,105.0,54.0,51.0,210.0,9.0,12.0,2.0,121.0,27.0,11.0,3.54,3.31,3.89,2.0,4.0,3.0,212.8,159.0,161.09,1.63,3.08,3.08,9.3,9.42,9.24,155.51,11.74,11.22,11.56,11.06,143.0,71.0,87.0,301.0,6.0,19.0,0.0,180.0,19.0,15.0,5.28,2.5,3.97,2.0,3.0,1.0,296.87,214.0,212.19,2.19,3.78,3.78,10.15,10.04,9.86,36.97,34.4,607.0,744.0,0.0,0.0,0.0,0.0,0.0,0.0,regular
8476905,2025,Chandler Stephenson,SEA,C,all,52,61495.0,1300.0,14.33,0.43,0.49,0.43,0.47,0.44,0.47,114.0,63.78,7.59,4.54,13.13,2.15,36.11,25.49,7.41,7.6,7.42,7.0,14.0,69.0,20.0,23.0,112.0,34.0,13.0,5.0,1.0,13.0,0.0,24.0,34.0,56.0,76.0,6.0,12.0,510.0,16.0,21.0,42.0,66.0,14.0,9.0,2.43,1.56,3.6,6.0,2.0,5.0,112.11,89.0,89.1,8.0,1.09,1.04,1.05,7.63,7.64,7.47,1300.0,214.0,307.0,193.0,586.0,150.0,152.0,222.0,776.0,510.0,464.0,128897.0,12.0,18.0,9.0,39.0,486.71,51.47,49.27,51.43,49.23,452.0,222.0,256.0,930.0,55.0,36.0,6.0,511.0,110.0,53.0,15.49,13.4,22.59,18.0,14.0,23.0,925.98,674.0,671.14,8.81,9.12,9.12,51.17,51.09,49.71,624.42,68.22,64.15,68.53,64.43,551.0,311.0,356.0,1218.0,65.0,88.0,7.0,628.0,146.0,88.0,17.85,18.43,31.95,15.0,20.0,30.0,1223.35,862.0,866.54,10.53,15.24,15.25,63.5,63.71,61.01,94.8,97.17,1885.0,2109.0,0.0,0.0,0.0,0.0,0.0,0.0,regular
8480009,2025,Eeli Tolvanen,SEA,R,all,53,51934.0,1149.0,19.95,0.46,0.48,0.46,0.45,0.46,0.46,288.0,104.44,11.59,6.69,23.36,3.36,55.37,41.63,11.38,11.6,11.39,12.0,8.0,96.0,46.0,65.0,207.0,31.0,11.0,4.0,3.0,29.0,0.0,44.0,54.0,85.0,131.0,9.0,18.0,0.0,135.0,10.0,36.0,107.0,24.0,11.0,3.59,2.83,5.17,3.0,1.0,7.0,206.21,142.0,141.05,8.0,1.53,1.28,2.31,10.81,10.78,10.64,1149.0,178.0,195.0,155.0,621.0,171.0,144.0,163.0,671.0,0.0,0.0,142058.0,18.0,14.0,7.0,58.0,421.22,38.68,37.51,38.73,37.55,382.0,201.0,243.0,826.0,43.0,32.0,6.0,477.0,69.0,37.0,14.61,8.33,15.74,19.0,8.0,16.0,822.57,583.0,581.02,6.97,8.83,8.83,36.82,36.85,36.08,481.28,46.27,44.23,46.45,44.41,434.0,238.0,282.0,954.0,49.0,60.0,4.0,517.0,100.0,55.0,14.47,12.46,19.35,15.0,13.0,21.0,957.37,672.0,674.96,7.5,9.21,9.21,44.56,44.69,43.42,108.99,119.98,2019.0,2419.0,0.0,0.0,0.0,0.0,0.0,0.0,regular
8477919,2025,Frederick Gaudreau,SEA,C,all,41,39991.0,910.0,4.82,0.32,0.51,0.35,0.48,0.35,0.49,223.0,50.68,4.98,3.41,12.09,1.79,27.19,20.53,4.91,4.99,4.92,8.0,3.0,43.0,27.0,23.0,93.0,15.0,4.0,6.0,1.0,7.0,0.0,24.0,29.0,39.0,66.0,3.0,9.0,176.0,17.0,18.0,27.0,55.0,12.0,3.0,1.84,1.32,1.82,1.0,0.0,3.0,92.75,70.0,70.11,8.0,0.73,0.47,1.29,4.43,4.43,4.38,910.0,63.0,252.0,121.0,474.0,124.0,118.0,120.0,548.0,176.0,236.0,109992.0,9.0,15.0,6.0,34.0,229.77,19.3,18.99,19.36,19.04,205.0,113.0,136.0,454.0,25.0,11.0,2.0,263.0,41.0,14.0,8.13,4.53,6.64,11.0,5.0,9.0,453.37,318.0,317.55,3.15,2.65,2.46,19.99,20.03,19.81,431.02,41.82,39.27,41.77,39.22,355.0,237.0,239.0,831.0,28.0,61.0,3.0,439.0,102.0,51.0,12.15,12.34,17.33,7.0,7.0,14.0,830.23,592.0,592.63,7.35,11.5,11.5,37.66,37.59,36.18,97.95,94.25,1753.0,1870.0,0.0,0.0,0.0,0.0,0.0,0.0,regular
8482874,2025,Jacob Melanson,SEA,R,all,20,11673.0,280.0,4.96,0.56,0.46,0.52,0.41,0.53,0.42,226.0,25.74,2.33,1.93,5.65,0.79,13.49,9.81,2.28,2.39,2.34,1.0,2.0,16.0,18.0,8.0,42.0,4.0,1.0,2.0,1.0,5.0,1.0,11.0,14.0,15.0,33.0,2.0,7.0,1.0,108.0,2.0,8.0,25.0,6.0,3.0,0.91,0.72,0.7,0.0,0.0,1.0,42.74,34.0,34.42,3.0,0.4,0.51,0.26,2.47,2.52,2.52,280.0,9.0,20.0,62.0,189.0,51.0,37.0,31.0,161.0,1.0,0.0,61056.0,7.0,11.0,4.0,6.0,99.19,8.17,7.92,8.22,7.98,85.0,47.0,43.0,175.0,8.0,13.0,2.0,99.0,25.0,8.0,3.05,3.08,2.03,3.0,4.0,1.0,177.81,132.0,133.0,1.41,2.23,2.23,7.34,7.43,7.37,82.11,6.44,6.15,6.39,6.11,79.0,36.0,48.0,163.0,8.0,9.0,1.0,92.0,16.0,7.0,2.48,2.1,1.85,5.0,2.0,1.0,161.4,115.0,114.62,1.18,1.51,1.51,6.1,6.07,5.96,52.19,61.12,838.0,1218.0,0.0,0.0,0.0,0.0,0.0,0.0,regular
8475768,2025,Jaden Schwartz,SEA,L,all,35,35023.0,755.0,17.13,0.5,0.47,0.47,0.45,0.48,0.46,186.0,69.98,9.77,5.77,15.56,2.57,36.0,27.32,9.55,9.78,9.56,8.0,2.0,67.0,30.0,30.0,127.0,19.0,9.0,9.0,2.0,10.0,0.0,20.0,49.0,58.0,88.0,4.0,8.0,25.0,28.0,18.0,37.0,61.0,25.0,11.0,1.97,3.14,4.67,2.0,1.0,6.0,126.48,97.0,96.61,8.0,1.32,2.24,2.54,8.56,8.56,8.46,755.0,119.0,101.0,117.0,418.0,92.0,104.0,112.0,447.0,25.0,14.0,93359.0,8.0,2.0,1.0,32.0,266.88,27.83,26.73,27.81,26.72,237.0,133.0,154.0,524.0,30.0,31.0,7.0,280.0,64.0,26.0,8.44,8.25,11.14,13.0,6.0,11.0,521.24,370.0,367.84,4.38,7.15,7.41,24.8,24.77,24.19,291.78,27.94,26.81,27.96,26.81,266.0,142.0,174.0,582.0,22.0,31.0,2.0,314.0,64.0,30.0,8.76,7.95,11.23,6.0,6.0,10.0,582.85,408.0,408.63,4.36,6.26,6.26,26.04,26.02,25.24,62.23,70.68,1276.0,1548.0,0.0,0.0,0.0,0.0,0.0,0.0,regular
8476467,2025,Jamie Oleksiak,SEA,D,all,52,52766.0,1073.0,6.63,0.37,0.51,0.39,0.48,0.39,0.48,244.0,52.41,2.17,3.16,15.23,1.65,31.24,21.56,2.11,2.18,2.11,3.0,3.0,49.0,26.0,29.0,104.0,9.0,3.0,3.0,0.0,9.0,0.0,27.0,33.0,46.0,72.0,7.0,14.0,0.0,68.0,16.0,48.0,73.0,1.0,1.0,1.83,0.1,0.24,3.0,0.0,0.0,103.91,75.0,75.18,32.0,0.65,0.53,0.24,2.59,2.59,2.53,1073.0,59.0,148.0,144.0,722.0,150.0,162.0,120.0,641.0,0.0,0.0,137626.0,14.0,12.0,6.0,79.0,345.22,29.32,28.23,29.28,28.22,324.0,152.0,178.0,654.0,36.0,26.0,4.0,377.0,72.0,27.0,10.95,8.47,9.9,14.0,13.0,9.0,655.67,476.0,476.98,4.68,5.97,5.97,28.03,28.06,27.68,538.69,49.22,47.42,49.15,47.34,492.0,247.0,281.0,1020.0,47.0,60.0,7.0,562.0,128.0,49.0,15.15,15.62,18.44,12.0,14.0,21.0,1020.87,739.0,740.66,8.81,10.7,10.7,47.33,47.15,45.86,117.37,115.0,2106.0,2303.0,0.0,0.0,0.0,0.0,0.0,0.0,regular
8483497,2025,Jani Nyman,SEA,R,all,24,15415.0,350.0,6.56,0.56,0.44,0.52,0.44,0.53,0.45,247.0,40.46,4.17,2.87,9.01,1.44,21.99,15.53,3.97,4.11,3.92,1.0,1.0,31.0,24.0,13.0,68.0,6.0,4.0,5.0,1.0,3.0,0.0,24.0,19.0,27.0,51.0,3.0,6.0,2.0,20.0,1.0,13.0,42.0,8.0,5.0,1.55,0.88,1.73,1.0,1.0,2.0,67.62,55.0,54.67,4.0,0.67,1.79,1.01,3.82,3.78,3.74,350.0,69.0,12.0,47.0,222.0,61.0,70.0,41.0,178.0,2.0,4.0,72397.0,6.0,12.0,6.0,4.0,139.06,13.76,12.78,13.65,12.69,123.0,65.0,68.0,256.0,9.0,15.0,4.0,147.0,27.0,14.0,4.34,3.44,5.98,2.0,1.0,6.0,253.49,188.0,187.26,2.09,5.37,5.37,10.48,10.43,10.3,119.5,10.66,10.41,10.67,10.41,112.0,53.0,71.0,236.0,5.0,13.0,1.0,122.0,34.0,9.0,3.42,4.1,3.14,1.0,3.0,1.0,237.37,165.0,164.68,1.6,2.71,2.71,9.55,9.54,9.38,54.75,69.64,1075.0,1356.0,0.0,0.0,0.0,0.0,0.0,0.0,regular
8477955,2025,Jared McCann,SEA,L,all,30,29668.0,659.0,28.24,0.64,0.42,0.56,0.43,0.58,0.43,155.0,82.55,11.73,5.93,18.64,2.76,45.23,28.7,10.84,11.76,10.86,10.0,3.0,72.0,41.0,30.0,143.0,29.0,16.0,6.0,4.0,23.0,0.0,42.0,26.0,56.0,97.0,1.0,5.0,8.0,21.0,8.0,32.0,77.0,22.0,14.0,2.5,2.6,6.63,2.0,5.0,9.0,143.21,113.0,112.95,5.0,1.41,1.29,2.49,10.66,10.67,10.38,659.0,151.0,40.0,101.0,367.0,91.0,93.0,109.0,366.0,8.0,9.0,80351.0,5.0,25.0,10.0,18.0,319.56,38.74,36.69,38.75,36.69,277.0,167.0,125.0,569.0,40.0,37.0,10.0,310.0,89.0,45.0,9.77,10.68,18.3,11.0,9.0,20.0,568.82,444.0,442.64,5.81,8.86,8.86,35.7,35.65,34.78,233.41,21.91,20.75,22.02,20.86,206.0,118.0,122.0,446.0,23.0,22.0,1.0,255.0,48.0,21.0,7.52,5.85,8.53,7.0,9.0,7.0,449.07,324.0,327.67,3.2,3.78,3.78,21.33,21.43,20.53,49.1,69.13,1079.0,1451.0,0.0,0.0,0.0,0.0,0.0,0.0,regular
8477401,2025,John Hayden,SEA,C,all,3,1814.0,42.0,-0.78,0.29,0.45,0.33,0.48,0.37,0.46,34.0,2.08,0.18,0.14,0.38,0.07,1.3,0.94,0.18,0.18,0.18,0.0,0.0,2.0,1.0,2.0,5.0,0.0,0.0,0.0,0.0,0.0,0.0,0.0,3.0,2.0,3.0,1.0,2.0,6.0,7.0,1.0,2.0,2.0,1.0,0.0,0.09,0.08,0.0,0.0,0.0,0.0,5.05,3.0,3.03,2.0,0.03,0.0,0.0,0.2,0.21,0.21,42.0,1.0,6.0,12.0,23.0,5.0,6.0,7.0,24.0,6.0,9.0,9172.0,2.0,0.0,0.0,2.0,7.17,0.41,0.41,0.42,0.42,6.0,4.0,4.0,14.0,0.0,0.0,0.0,9.0,1.0,0.0,0.33,0.08,0.0,0.0,0.0,0.0,14.18,10.0,10.14,0.08,0.0,0.0,0.5,0.51,0.51,12.34,1.02,1.01,1.01,1.01,12.0,5.0,11.0,28.0,1.0,1.0,0.0,13.0,3.0,1.0,0.37,0.28,0.36,0.0,1.0,0.0,29.07,17.0,17.25,0.15,0.04,0.04,1.13,1.13,1.12,5.74,7.13,137.0,151.0,0.0,0.0,0.0,0.0,0.0,0.0,regular
8474586,2025,Jordan Eberle,SEA,R,all,52,58607.0,1168.0,34.94,0.58,0.41,0.55,0.41,0.56,0.42,169.0,139.22,19.88,11.58,29.54,4.8,68.39,46.82,19.02,19.94,19.09,11.0,7.0,116.0,65.0,36.0,217.0,37.0,19.0,15.0,3.0,23.0,1.0,61.0,62.0,97.0,162.0,8.0,16.0,9.0,38.0,12.0,39.0,111.0,44.0,26.0,3.64,5.61,10.63,6.0,4.0,9.0,217.76,181.0,181.7,9.0,2.74,3.34,4.77,17.85,17.92,17.49,1168.0,249.0,111.0,202.0,606.0,160.0,152.0,191.0,665.0,9.0,15.0,131656.0,16.0,8.0,4.0,27.0,557.93,61.85,58.9,61.88,58.93,498.0,269.0,268.0,1035.0,67.0,50.0,11.0,553.0,143.0,71.0,16.11,16.88,28.86,23.0,16.0,28.0,1033.2,767.0,766.49,9.94,12.23,12.27,59.51,59.51,58.2,448.43,45.61,43.94,45.57,43.92,378.0,237.0,221.0,836.0,36.0,45.0,3.0,466.0,94.0,55.0,14.07,11.65,19.89,9.0,11.0,16.0,836.75,615.0,616.16,6.3,9.08,9.08,42.83,42.89,42.04,84.08,119.1,1760.0,2484.0,0.0,0.0,0.0,0.0,0.0,0.0,regular
8479372,2025,Joshua Mahura,SEA,D,all,20,18485.0,422.0,0.45,0.39,0.48,0.38,0.47,0.38,0.47,107.0,14.77,0.68,0.8,3.78,0.46,8.83,6.45,0.65,0.7,0.66,0.0,2.0,12.0,9.0,12.0,33.0,3.0,1.0,0.0,0.0,6.0,0.0,10.0,4.0,11.0,20.0,3.0,6.0,0.0,22.0,2.0,11.0,19.0,2.0,0.0,0.41,0.27,0.0,0.0,1.0,0.0,33.03,21.0,21.11,7.0,0.17,0.0,0.0,0.85,0.86,0.83,422.0,30.0,38.0,53.0,301.0,53.0,66.0,48.0,255.0,0.0,0.0,54708.0,6.0,0.0,0.0,32.0,119.23,8.95,8.82,9.07,8.94,104.0,59.0,60.0,223.0,15.0,6.0,3.0,128.0,30.0,5.0,3.99,3.47,1.49,9.0,4.0,2.0,224.9,163.0,165.33,1.61,0.83,0.83,9.72,9.84,9.75,188.33,13.77,13.35,13.69,13.28,173.0,88.0,109.0,370.0,10.0,16.0,1.0,213.0,38.0,10.0,5.81,4.85,3.11,1.0,4.0,5.0,371.24,261.0,260.37,2.76,2.23,2.23,14.3,14.18,13.94,43.16,46.81,858.0,967.0,0.0,0.0,0.0,0.0,0.0,0.0,regular
8481554,2025,Kaapo Kakko,SEA,R,all,38,32769.0,746.0,16.88,0.52,0.46,0.51,0.44,0.51,0.45,285.0,58.36,6.52,4.3,13.12,2.0,30.25,21.81,6.33,6.53,6.34,4.0,10.0,55.0,23.0,21.0,99.0,20.0,6.0,8.0,1.0,11.0,0.0,25.0,28.0,49.0,72.0,3.0,6.0,13.0,20.0,11.0,25.0,53.0,19.0,6.0,1.56,2.54,2.42,1.0,3.0,2.0,98.48,78.0,77.63,6.0,0.96,1.11,1.75,5.73,5.71,5.63,746.0,142.0,46.0,136.0,422.0,109.0,106.0,99.0,432.0,13.0,12.0,105642.0,6.0,10.0,5.0,6.0,285.66,27.83,26.1,27.53,25.84,260.0,127.0,144.0,531.0,30.0,38.0,7.0,295.0,63.0,29.0,8.94,7.8,11.1,14.0,6.0,10.0,523.29,387.0,382.08,4.44,10.05,10.05,22.23,22.05,21.58,272.48,25.46,24.62,25.59,24.75,231.0,140.0,133.0,504.0,18.0,35.0,2.0,272.0,71.0,28.0,7.78,8.54,9.14,6.0,7.0,5.0,506.98,371.0,372.63,3.79,6.73,6.73,22.53,22.64,22.33,85.31,101.13,1547.0,1946.0,0.0,0.0,0.0,0.0,0.0,0.0,regular
8482665,2025,Matty Beniers,SEA,C,all,54,63442.0,1248.0,32.79,0.55,0.43,0.53,0.42,0.53,0.43,122.0,124.58,15.06,10.08,27.55,4.53,68.43,44.34,14.06,15.0,14.0,14.0,9.0,101.0,69.0,48.0,218.0,37.0,14.0,12.0,4.0,19.0,0.0,71.0,54.0,87.0,156.0,7.0,16.0,346.0,22.0,12.0,54.0,103.0,48.0,19.0,3.33,5.5,6.23,3.0,6.0,5.0,216.72,170.0,168.94,18.0,2.42,2.56,4.19,13.27,13.2,12.86,1248.0,261.0,139.0,197.0,651.0,151.0,163.0,211.0,723.0,346.0,359.0,134150.0,16.0,28.0,14.0,45.0,570.25,60.83,57.9,60.82,57.9,506.0,280.0,282.0,1068.0,65.0,54.0,13.0,579.0,137.0,70.0,17.05,16.38,27.4,23.0,15.0,27.0,1064.82,786.0,784.04,10.17,13.68,13.68,57.32,57.31,56.15,516.87,50.32,48.63,50.34,48.67,440.0,268.0,246.0,954.0,48.0,45.0,3.0,541.0,108.0,59.0,16.1,12.77,21.45,14.0,14.0,20.0,955.36,708.0,709.48,7.41,8.7,8.7,49.03,49.13,48.14,90.55,120.09,1832.0,2497.0,0.0,0.0,0.0,0.0,0.0,0.0,regular
8484168,2025,Oscar Fisker Molgaard,SEA,C,all,2,720.0,19.0,0.6,0.16,0.39,0.29,0.47,0.27,0.46,24.0,1.26,0.07,0.07,0.33,0.06,0.84,0.64,0.07,0.07,0.07,1.0,0.0,1.0,1.0,0.0,2.0,1.0,0.0,0.0,0.0,1.0,0.0,0.0,1.0,1.0,2.0,0.0,0.0,5.0,1.0,1.0,1.0,2.0,0.0,0.0,0.07,0.0,0.0,0.0,0.0,0.0,2.13,2.0,2.13,0.0,0.01,0.0,0.0,0.08,0.09,0.09,19.0,2.0,2.0,1.0,14.0,6.0,2.0,1.0,10.0,5.0,2.0,6730.0,0.0,0.0,0.0,0.0,2.56,0.15,0.15,0.16,0.16,3.0,1.0,1.0,5.0,1.0,0.0,0.0,4.0,0.0,0.0,0.15,0.0,0.0,1.0,0.0,0.0,5.19,4.0,4.2,0.04,0.0,0.0,0.19,0.19,0.19,7.91,0.79,0.71,0.75,0.68,5.0,6.0,1.0,12.0,0.0,4.0,0.0,7.0,3.0,1.0,0.14,0.39,0.26,0.0,0.0,0.0,11.84,11.0,10.81,0.12,0.6,0.6,0.31,0.29,0.28,3.87,5.93,92.0,105.0,0.0,0.0,0.0,0.0,0.0,0.0,regular
8479324,2025,Ryan Lindgren,SEA,D,all,54,61017.0,1265.0,5.62,0.41,0.49,0.4,0.48,0.4,0.49,209.0,51.6,2.55,2.7,15.04,1.74,28.89,22.07,2.21,2.5,2.16,4.0,3.0,37.0,36.0,50.0,123.0,9.0,2.0,2.0,1.0,17.0,0.0,28.0,24.0,35.0,71.0,20.0,44.0,0.0,33.0,11.0,65.0,67.0,4.0,2.0,1.43,0.41,0.71,1.0,0.0,1.0,120.68,73.0,71.88,48.0,0.54,0.34,0.77,2.33,2.29,2.26,1265.0,79.0,227.0,160.0,799.0,133.0,143.0,146.0,843.0,0.0,1.0,136575.0,44.0,26.0,10.0,94.0,399.69,39.42,37.97,39.34,37.9,346.0,213.0,231.0,790.0,41.0,32.0,6.0,443.0,78.0,38.0,13.2,9.53,16.7,16.0,8.0,17.0,784.93,559.0,557.1,5.32,6.45,6.45,38.28,38.22,37.62,615.27,56.14,52.7,56.04,52.63,536.0,315.0,353.0,1204.0,48.0,72.0,4.0,654.0,130.0,67.0,18.76,15.69,21.68,15.0,15.0,18.0,1203.35,851.0,852.09,10.59,13.57,13.58,53.14,53.15,51.07,111.96,114.26,2110.0,2247.0,0.0,0.0,0.0,0.0,0.0,0.0,regular
8482751,2025,Ryan Winterton,SEA,C,all,52,36004.0,856.0,10.68,0.43,0.48,0.41,0.47,0.41,0.48,525.0,57.54,5.63,4.18,12.81,1.9,30.08,22.39,5.53,5.59,5.49,9.0,2.0,53.0,24.0,29.0,106.0,14.0,3.0,5.0,0.0,13.0,0.0,24.0,32.0,50.0,74.0,6.0,15.0,0.0,46.0,11.0,24.0,54.0,19.0,4.0,1.99,2.5,1.14,0.0,2.0,1.0,105.65,77.0,76.71,10.0,0.89,1.01,0.83,5.69,5.64,5.58,856.0,71.0,120.0,126.0,539.0,143.0,150.0,107.0,456.0,0.0,5.0,154388.0,15.0,25.0,11.0,25.0,244.3,21.11,20.49,21.04,20.41,208.0,124.0,120.0,452.0,23.0,23.0,4.0,252.0,55.0,25.0,7.82,6.72,6.58,8.0,8.0,7.0,449.97,332.0,330.74,3.47,4.44,4.44,20.14,20.04,19.8,343.74,28.51,27.61,28.62,27.73,309.0,167.0,183.0,659.0,31.0,33.0,1.0,379.0,64.0,33.0,9.93,7.97,10.61,13.0,9.0,9.0,663.15,476.0,479.01,5.26,5.48,5.48,28.29,28.45,28.06,125.52,135.44,2362.0,2649.0,0.0,0.0,0.0,0.0,0.0,0.0,regular
8482858,2025,Ryker Evans,SEA,D,all,39,40816.0,779.0,7.95,0.48,0.45,0.45,0.45,0.46,0.45,185.0,29.61,1.1,1.64,8.73,0.93,17.12,12.48,1.08,1.08,1.07,3.0,4.0,28.0,14.0,29.0,71.0,12.0,5.0,1.0,0.0,11.0,0.0,10.0,15.0,23.0,37.0,10.0,22.0,0.0,25.0,5.0,28.0,40.0,2.0,0.0,0.82,0.28,0.0,5.0,0.0,0.0,70.78,42.0,41.97,22.0,0.34,0.17,0.22,1.21,1.21,1.19,779.0,55.0,67.0,106.0,551.0,109.0,133.0,87.0,450.0,0.0,0.0,101583.0,22.0,10.0,5.0,41.0,306.55,28.83,27.56,28.64,27.41,273.0,138.0,140.0,551.0,34.0,32.0,8.0,305.0,73.0,33.0,9.17,8.52,11.14,15.0,8.0,11.0,547.85,411.0,408.75,4.45,8.27,8.27,25.02,24.86,24.54,353.51,31.33,30.31,31.44,30.42,323.0,165.0,188.0,676.0,29.0,40.0,3.0,383.0,69.0,36.0,10.53,8.6,12.22,11.0,9.0,9.0,680.03,488.0,490.39,5.31,7.55,7.55,29.1,29.14,28.64,81.61,99.67,1524.0,1834.0,0.0,0.0,0.0,0.0,0.0,0.0,regular
8483524,2025,Shane Wright,SEA,C,all,54,44839.0,1015.0,16.64,0.58,0.44,0.51,0.44,0.52,0.44,425.0,89.59,11.85,7.12,20.57,3.2,44.46,29.81,10.87,11.82,10.86,7.0,4.0,81.0,36.0,25.0,142.0,20.0,9.0,16.0,5.0,14.0,0.0,44.0,34.0,72.0,108.0,4.0,8.0,146.0,42.0,11.0,55.0,69.0,30.0,18.0,2.66,3.48,5.71,1.0,5.0,3.0,141.65,117.0,116.96,18.0,1.63,4.79,5.87,7.6,7.64,7.43,1015.0,197.0,50.0,138.0,630.0,160.0,175.0,122.0,558.0,146.0,240.0,152753.0,8.0,8.0,4.0,40.0,398.86,42.09,39.7,42.0,39.62,348.0,186.0,183.0,717.0,35.0,57.0,12.0,386.0,100.0,48.0,12.01,12.64,17.45,14.0,7.0,14.0,713.38,534.0,532.33,6.45,15.62,15.82,32.72,32.67,32.03,351.87,30.04,29.19,30.13,29.28,321.0,170.0,205.0,696.0,22.0,38.0,3.0,387.0,72.0,32.0,10.57,8.79,10.68,9.0,8.0,5.0,701.06,491.0,494.73,4.7,7.67,7.67,27.07,27.14,26.76,109.29,140.37,2183.0,2755.0,0.0,0.0,0.0,0.0,0.0,0.0,regular
8481789,2025,Tye Kartye,SEA,L,all,38,24501.0,599.0,5.24,0.35,0.48,0.42,0.47,0.42,0.46,397.0,36.67,2.75,2.51,9.03,1.15,19.38,14.19,2.67,2.67,2.61,3.0,2.0,26.0,23.0,21.0,70.0,7.0,2.0,6.0,0.0,4.0,0.0,16.0,21.0,24.0,47.0,4.0,11.0,3.0,95.0,9.0,19.0,38.0,9.0,2.0,1.16,1.13,0.46,2.0,0.0,0.0,69.44,49.0,48.32,4.0,0.52,0.74,0.52,2.75,2.7,2.68,599.0,22.0,108.0,100.0,369.0,100.0,86.0,77.0,336.0,3.0,9.0,114588.0,11.0,15.0,6.0,23.0,157.25,11.15,10.86,10.97,10.69,138.0,80.0,93.0,311.0,11.0,13.0,1.0,180.0,30.0,8.0,5.42,3.34,2.39,7.0,3.0,1.0,309.58,218.0,217.07,2.13,1.83,1.83,11.45,11.34,11.26,221.52,20.31,19.73,20.43,19.85,202.0,103.0,124.0,429.0,27.0,25.0,2.0,219.0,62.0,24.0,5.54,7.26,7.51,8.0,12.0,7.0,430.96,305.0,306.95,3.66,3.71,3.71,20.26,20.37,20.04,87.87,96.02,1734.0,1986.0,0.0,0.0,0.0,0.0,0.0,0.0,regular
8478407,2025,Vince Dunn,SEA,D,all,53,70590.0,1290.0,22.8,0.51,0.45,0.52,0.42,0.52,0.42,123.0,106.27,6.11,6.55,31.09,3.51,60.69,40.06,5.87,6.07,5.84,14.0,11.0,112.0,36.0,96.0,244.0,32.0,7.0,10.0,0.0,30.0,0.0,50.0,51.0,105.0,141.0,18.0,36.0,0.0,16.0,16.0,65.0,133.0,11.0,4.0,3.45,1.13,1.53,4.0,3.0,0.0,242.68,148.0,147.4,40.0,1.5,3.23,0.98,6.63,6.64,6.45,1290.0,249.0,147.0,226.0,668.0,120.0,167.0,210.0,793.0,0.0,0.0,123402.0,36.0,18.0,9.0,58.0,639.77,61.91,58.66,61.91,58.66,574.0,301.0,326.0,1201.0,60.0,66.0,14.0,653.0,153.0,69.0,20.1,18.68,23.14,22.0,15.0,23.0,1196.23,875.0,870.85,11.17,16.0,16.0,57.09,57.08,55.62,577.94,60.31,57.9,60.73,58.32,479.0,323.0,311.0,1113.0,55.0,73.0,5.0,586.0,136.0,80.0,16.78,16.63,26.9,19.0,16.0,20.0,1124.14,802.0,809.29,8.07,13.97,13.97,54.41,54.79,53.59,87.27,106.68,1653.0,2260.0,0.0,0.0,0.0,0.0,0.0,0.0,regular
8478874,2025,Adam Gaudette,SJS,R,all,44,31314.0,701.0,14.15,0.49,0.46,0.49,0.45,0.46,0.44,408.0,69.66,7.88,5.32,15.52,2.32,35.9,25.06,7.52,7.95,7.59,3.0,4.0,67.0,25.0,33.0,125.0,20.0,13.0,7.0,0.0,13.0,0.0,27.0,32.0,54.0,79.0,7.0,14.0,75.0,41.0,9.0,14.0,60.0,21.0,11.0,1.88,2.6,3.4,4.0,7.0,2.0,126.53,92.0,93.11,3.0,1.16,1.67,2.0,7.04,7.18,6.92,701.0,89.0,75.0,106.0,431.0,119.0,93.0,98.0,391.0,75.0,87.0,128892.0,14.0,8.0,4.0,17.0,239.54,22.03,21.01,22.19,21.17,217.0,107.0,154.0,478.0,26.0,26.0,2.0,238.0,58.0,28.0,6.75,6.9,8.37,7.0,12.0,7.0,482.59,324.0,327.13,3.76,5.01,4.73,21.06,21.27,20.68,269.84,23.24,22.01,23.23,22.0,263.0,110.0,129.0,502.0,28.0,28.0,6.0,293.0,56.0,24.0,8.94,7.05,7.25,10.0,9.0,9.0,500.78,373.0,372.27,3.81,6.05,6.05,21.0,20.93,20.44,103.86,122.17,1836.0,2258.0,0.0,0.0,0.0,0.0,0.0,0.0,regular
8477505,2025,Alexander Wennberg,SJS,C,all,54,67443.0,1282.0,28.02,0.51,0.45,0.5,0.44,0.5,0.43,113.0,71.33,13.02,6.2,15.67,2.48,30.38,22.27,10.86,12.97,10.82,18.0,8.0,63.0,27.0,28.0,118.0,36.0,10.0,7.0,2.0,12.0,0.0,29.0,32.0,53.0,80.0,6.0,12.0,420.0,19.0,24.0,42.0,49.0,20.0,21.0,1.78,2.57,8.68,3.0,2.0,5.0,116.8,90.0,89.46,15.0,1.52,0.99,6.36,8.18,8.2,7.77,1282.0,213.0,226.0,200.0,643.0,153.0,170.0,217.0,742.0,420.0,520.0,129471.0,12.0,34.0,17.0,71.0,573.85,67.36,61.87,67.28,61.8,536.0,247.0,318.0,1101.0,60.0,72.0,8.0,554.0,148.0,81.0,16.69,17.94,32.73,16.0,19.0,25.0,1101.03,783.0,782.99,10.8,16.6,16.7,61.46,61.59,59.61,583.8,63.51,59.17,63.53,59.19,528.0,269.0,302.0,1099.0,71.0,63.0,10.0,577.0,150.0,70.0,17.09,18.95,27.48,25.0,22.0,24.0,1097.06,797.0,795.49,9.75,15.03,15.03,58.23,58.22,55.95,91.1,111.49,1756.0,2274.0,0.0,0.0,0.0,0.0,0.0,0.0,regular
8476624,2025,Barclay Goodrow,SJS,C,all,54,37231.0,859.0,1.1,0.36,0.5,0.35,0.48,0.34,0.47,502.0,46.19,6.73,3.46,9.82,1.66,21.96,18.36,6.31,6.59,6.19,2.0,3.0,46.0,16.0,21.0,83.0,9.0,4.0,4.0,2.0,8.0,0.0,21.0,25.0,42.0,58.0,10.0,20.0,14.0,81.0,8.0,25.0,37.0,17.0,8.0,1.4,2.23,3.1,0.0,2.0,2.0,83.05,62.0,61.55,12.0,0.75,1.08,1.96,5.52,5.45,5.36,859.0,61.0,131.0,150.0,517.0,102.0,150.0,112.0,495.0,14.0,19.0,159683.0,20.0,16.0,8.0,42.0,203.52,21.46,20.45,21.38,20.39,195.0,81.0,120.0,396.0,14.0,28.0,4.0,204.0,47.0,25.0,5.79,6.27,9.4,3.0,4.0,7.0,399.2,276.0,277.02,2.94,5.66,5.66,18.74,18.71,18.45,385.86,38.1,35.7,38.24,35.84,373.0,157.0,212.0,742.0,43.0,46.0,4.0,391.0,95.0,44.0,11.67,11.41,15.01,19.0,12.0,12.0,742.95,530.0,531.26,6.61,10.05,10.08,34.62,34.82,33.71,137.01,136.9,2461.0,2631.0,0.0,0.0,0.0,0.0,0.0,0.0,regular
8484911,2025,Collin Graf,SJS,R,all,53,52623.0,1071.0,18.98,0.41,0.5,0.37,0.5,0.36,0.49,286.0,66.91,10.88,5.23,13.82,2.28,30.68,25.11,10.45,10.9,10.48,7.0,9.0,63.0,25.0,38.0,126.0,31.0,15.0,10.0,3.0,8.0,0.0,23.0,32.0,48.0,73.0,2.0,4.0,3.0,56.0,18.0,37.0,49.0,27.0,12.0,1.95,3.83,5.1,4.0,6.0,5.0,126.77,88.0,88.81,10.0,1.15,1.98,2.49,9.53,9.57,9.27,1071.0,119.0,211.0,156.0,585.0,147.0,148.0,140.0,636.0,3.0,12.0,140691.0,4.0,20.0,10.0,35.0,311.61,35.39,33.51,35.4,33.53,285.0,134.0,182.0,601.0,40.0,40.0,7.0,293.0,84.0,42.0,8.86,10.94,15.59,14.0,12.0,14.0,605.97,419.0,422.68,4.67,9.03,9.03,31.04,31.15,30.35,541.03,51.17,48.48,51.28,48.58,486.0,253.0,291.0,1030.0,44.0,65.0,6.0,549.0,141.0,49.0,16.43,17.41,17.33,13.0,16.0,15.0,1030.96,739.0,740.42,9.51,11.47,11.44,49.25,49.27,47.57,120.74,120.56,2220.0,2259.0,0.0,0.0,0.0,0.0,0.0,0.0,regular
8475200,2025,Dmitry Orlov,SJS,D,all,54,69379.0,1272.0,16.53,0.52,0.45,0.51,0.43,0.49,0.43,126.0,58.45,2.14,3.56,16.77,2.02,34.64,24.86,2.04,2.13,2.03,10.0,12.0,51.0,33.0,53.0,137.0,23.0,1.0,3.0,0.0,13.0,0.0,31.0,36.0,50.0,83.0,16.0,32.0,0.0,77.0,15.0,59.0,82.0,2.0,0.0,1.96,0.19,0.0,1.0,0.0,0.0,137.36,84.0,83.86,38.0,0.77,1.53,0.31,2.6,2.6,2.49,1272.0,157.0,184.0,206.0,725.0,149.0,185.0,199.0,739.0,0.0,0.0,127535.0,32.0,16.0,8.0,55.0,558.27,60.75,57.22,60.56,57.03,495.0,254.0,346.0,1095.0,58.0,62.0,6.0,530.0,151.0,68.0,16.09,18.83,25.83,22.0,16.0,20.0,1094.12,749.0,748.12,9.54,13.24,13.57,56.71,56.7,55.25,581.32,56.51,53.12,56.54,53.13,527.0,260.0,274.0,1061.0,56.0,69.0,7.0,564.0,161.0,62.0,16.45,20.16,19.91,21.0,19.0,16.0,1060.88,787.0,788.16,9.0,14.05,14.01,51.5,51.45,49.92,97.71,118.48,1762.0,2312.0,0.0,0.0,0.0,0.0,0.0,0.0,regular
8482206,2025,Ethan Cardwell,SJS,R,all,7,5011.0,114.0,-0.35,0.33,0.54,0.43,0.47,0.38,0.47,65.0,10.25,0.9,0.56,2.44,0.33,5.53,4.24,0.89,0.88,0.86,0.0,0.0,6.0,8.0,5.0,19.0,1.0,1.0,1.0,0.0,2.0,0.0,3.0,7.0,5.0,13.0,1.0,2.0,0.0,9.0,3.0,5.0,10.0,3.0,1.0,0.32,0.36,0.22,1.0,0.0,0.0,18.65,14.0,13.67,3.0,0.12,0.24,0.19,0.83,0.81,0.81,114.0,7.0,13.0,10.0,84.0,13.0,22.0,17.0,62.0,0.0,0.0,20489.0,2.0,0.0,0.0,1.0,32.74,2.75,2.66,2.7,2.61,27.0,19.0,24.0,70.0,2.0,4.0,0.0,37.0,5.0,4.0,1.05,0.65,1.06,2.0,0.0,0.0,69.16,46.0,45.5,0.48,0.69,0.69,2.53,2.5,2.47,56.69,5.67,5.4,5.83,5.55,50.0,24.0,18.0,92.0,5.0,9.0,0.0,44.0,24.0,6.0,1.32,2.92,1.43,1.0,3.0,1.0,93.66,74.0,74.63,0.89,1.6,1.6,4.95,5.06,4.94,19.79,16.76,307.0,347.0,0.0,0.0,0.0,0.0,0.0,0.0,regular
8484994,2025,Igor Chernyshov,SJS,L,all,15,14208.0,285.0,11.48,0.61,0.46,0.56,0.47,0.55,0.48,90.0,33.0,4.79,2.51,7.17,1.12,14.62,10.79,4.48,4.68,4.38,7.0,1.0,27.0,14.0,8.0,49.0,11.0,3.0,6.0,0.0,8.0,0.0,12.0,12.0,24.0,38.0,1.0,2.0,0.0,9.0,0.0,15.0,18.0,17.0,6.0,0.59,2.01,2.2,0.0,2.0,1.0,48.68,41.0,40.8,4.0,0.57,0.76,1.65,3.72,3.72,3.6,285.0,44.0,21.0,48.0,172.0,47.0,36.0,43.0,159.0,0.0,0.0,40398.0,2.0,4.0,2.0,5.0,142.33,16.61,15.75,16.56,15.7,118.0,69.0,66.0,253.0,20.0,20.0,5.0,118.0,51.0,18.0,4.21,6.64,5.75,8.0,7.0,5.0,253.65,187.0,188.22,2.39,4.2,4.2,14.8,14.81,14.26,109.88,10.74,10.09,10.73,10.07,98.0,53.0,47.0,198.0,13.0,19.0,1.0,103.0,36.0,12.0,3.08,4.46,3.2,6.0,6.0,1.0,201.07,151.0,151.65,1.61,3.04,3.04,9.32,9.37,9.08,35.57,41.05,596.0,678.0,0.0,0.0,0.0,0.0,0.0,0.0,regular
8475784,2025,Jeff Skinner,SJS,L,all,32,23697.0,517.0,9.7,0.55,0.46,0.5,0.45,0.48,0.44,274.0,59.83,5.24,4.66,13.38,1.92,32.64,23.16,5.03,5.21,5.0,3.0,4.0,56.0,25.0,36.0,117.0,13.0,6.0,10.0,1.0,15.0,0.0,28.0,22.0,50.0,75.0,7.0,14.0,3.0,17.0,10.0,27.0,60.0,18.0,3.0,2.12,2.29,0.83,3.0,2.0,1.0,116.83,81.0,81.0,11.0,1.0,2.33,1.05,5.18,5.15,5.05,517.0,62.0,63.0,67.0,325.0,91.0,84.0,72.0,270.0,3.0,8.0,93252.0,14.0,28.0,14.0,11.0,200.62,21.67,19.59,21.47,19.4,189.0,82.0,116.0,387.0,22.0,26.0,3.0,193.0,53.0,25.0,6.07,6.66,8.93,8.0,5.0,9.0,384.82,271.0,269.19,3.35,6.56,6.56,18.46,18.36,17.76,211.84,17.82,17.27,18.06,17.48,194.0,95.0,93.0,382.0,21.0,19.0,2.0,228.0,46.0,15.0,7.0,6.04,4.78,9.0,7.0,5.0,383.42,289.0,289.85,2.97,3.48,3.48,17.31,17.42,17.17,76.39,88.81,1315.0,1635.0,0.0,0.0,0.0,0.0,0.0,0.0,regular
8475906,2025,John Klingberg,SJS,D,all,40,50929.0,881.0,16.48,0.55,0.43,0.55,0.4,0.53,0.39,101.0,73.49,4.47,4.67,20.83,2.45,45.14,27.44,4.33,4.49,4.35,3.0,6.0,67.0,38.0,63.0,168.0,19.0,10.0,7.0,0.0,16.0,0.0,29.0,43.0,57.0,95.0,9.0,18.0,0.0,29.0,9.0,57.0,94.0,7.0,4.0,2.29,0.76,1.43,4.0,3.0,3.0,168.97,105.0,105.7,42.0,1.15,1.01,0.11,5.52,5.53,5.37,881.0,150.0,100.0,138.0,493.0,76.0,146.0,158.0,501.0,0.0,0.0,94782.0,18.0,10.0,5.0,53.0,475.06,49.99,46.74,50.06,46.8,430.0,214.0,261.0,905.0,53.0,50.0,5.0,466.0,117.0,61.0,13.92,14.14,21.93,15.0,18.0,20.0,909.26,644.0,646.88,8.44,11.19,11.37,47.06,47.26,45.87,412.25,40.7,39.09,40.73,39.1,384.0,178.0,181.0,743.0,46.0,46.0,8.0,420.0,97.0,45.0,12.69,12.35,15.67,15.0,13.0,18.0,742.0,562.0,561.33,5.72,9.17,9.17,37.25,37.24,36.52,65.33,86.53,1208.0,1784.0,0.0,0.0,0.0,0.0,0.0,0.0,regular
8484801,2025,Macklin Celebrini,SJS,C,all,54,68711.0,1144.0,69.52,0.6,0.39,0.56,0.4,0.55,0.39,104.0,195.09,20.53,14.54,43.39,6.49,112.51,70.55,19.88,20.53,19.89,35.0,18.0,188.0,80.0,90.0,358.0,81.0,28.0,26.0,1.0,20.0,0.0,110.0,84.0,160.0,240.0,15.0,30.0,421.0,29.0,32.0,87.0,189.0,62.0,17.0,6.62,7.13,6.77,12.0,7.0,9.0,358.28,268.0,268.69,24.0,3.48,5.12,2.03,21.98,22.04,21.43,1144.0,236.0,102.0,193.0,613.0,124.0,196.0,224.0,600.0,421.0,429.0,128203.0,30.0,58.0,28.0,32.0,675.3,80.25,75.08,80.34,75.16,622.0,285.0,346.0,1253.0,98.0,81.0,12.0,612.0,200.0,95.0,19.49,24.32,36.45,33.0,31.0,34.0,1255.85,907.0,910.94,12.99,17.57,17.86,75.38,75.6,72.86,533.55,53.82,51.71,53.73,51.61,482.0,247.0,251.0,980.0,56.0,58.0,6.0,515.0,155.0,59.0,15.19,18.95,19.68,25.0,15.0,16.0,977.94,729.0,726.59,7.74,10.52,10.49,51.07,51.04,50.08,78.21,121.18,1604.0,2393.0,0.0,0.0,0.0,0.0,0.0,0.0,regular
8479983,2025,Mario Ferraro,SJS,D,all,54,67673.0,1236.0,7.67,0.37,0.53,0.37,0.5,0.38,0.49,128.0,66.11,3.6,3.47,18.27,2.28,36.88,29.49,3.4,3.63,3.43,3.0,5.0,65.0,29.0,48.0,142.0,12.0,4.0,8.0,2.0,10.0,0.0,44.0,28.0,61.0,90.0,10.0,20.0,0.0,91.0,21.0,60.0,86.0,5.0,3.0,1.79,0.59,1.21,1.0,0.0,3.0,143.23,94.0,94.48,39.0,0.71,1.46,0.82,3.48,3.48,3.32,1236.0,74.0,246.0,211.0,705.0,163.0,154.0,190.0,729.0,0.0,0.0,129241.0,20.0,12.0,6.0,103.0,433.08,41.1,39.56,41.33,39.8,412.0,181.0,228.0,821.0,42.0,49.0,6.0,440.0,111.0,42.0,12.56,13.99,14.55,14.0,17.0,11.0,825.38,593.0,597.3,5.93,8.52,8.19,38.84,39.2,38.34,715.85,70.18,64.89,70.33,65.02,645.0,335.0,393.0,1373.0,69.0,85.0,11.0,724.0,174.0,82.0,21.64,21.32,27.22,24.0,22.0,23.0,1373.1,980.0,979.04,12.46,19.68,19.68,62.96,63.07,60.4,117.37,104.82,2036.0,2000.0,0.0,0.0,0.0,0.0,0.0,0.0,regular
8485402,2025,Michael Misa,SJS,C,all,17,12078.0,261.0,6.62,0.52,0.47,0.49,0.46,0.46,0.45,154.0,23.1,3.9,1.84,5.15,0.97,10.71,7.44,3.21,3.95,3.26,2.0,4.0,23.0,7.0,14.0,44.0,8.0,2.0,7.0,1.0,1.0,0.0,11.0,9.0,21.0,28.0,2.0,4.0,56.0,7.0,0.0,11.0,15.0,8.0,7.0,0.61,0.83,2.46,0.0,1.0,1.0,44.29,30.0,30.33,1.0,0.41,2.67,2.25,2.06,2.08,2.01,261.0,31.0,24.0,46.0,160.0,44.0,30.0,36.0,151.0,56.0,67.0,49621.0,4.0,6.0,3.0,9.0,89.68,9.96,8.66,10.27,8.95,87.0,32.0,67.0,186.0,13.0,12.0,3.0,79.0,28.0,12.0,2.4,3.55,4.01,4.0,7.0,2.0,191.92,119.0,122.49,1.32,4.04,3.71,7.58,7.82,7.66,103.18,9.17,8.52,9.22,8.54,103.0,37.0,51.0,191.0,9.0,15.0,3.0,106.0,22.0,12.0,3.16,2.82,3.19,2.0,3.0,4.0,192.86,140.0,141.25,1.54,2.73,2.73,7.99,7.99,7.78,38.66,43.61,712.0,843.0,0.0,0.0,0.0,0.0,0.0,0.0,regular
8475181,2025,Nick Leddy,SJS,D,all,19,19955.0,393.0,-3.6,0.31,0.5,0.36,0.49,0.34,0.48,81.0,7.0,0.4,0.41,1.65,0.23,3.93,3.36,0.4,0.41,0.41,1.0,3.0,6.0,4.0,9.0,19.0,4.0,0.0,0.0,0.0,0.0,0.0,5.0,5.0,6.0,10.0,3.0,6.0,0.0,4.0,4.0,13.0,9.0,1.0,0.0,0.29,0.12,0.0,0.0,0.0,0.0,18.83,10.0,10.02,8.0,0.08,0.0,0.12,0.37,0.38,0.37,393.0,38.0,47.0,71.0,237.0,37.0,64.0,58.0,234.0,0.0,0.0,49328.0,6.0,0.0,0.0,26.0,111.02,9.63,9.27,9.66,9.3,107.0,42.0,66.0,215.0,12.0,10.0,2.0,111.0,30.0,8.0,3.73,3.96,1.95,5.0,4.0,3.0,213.57,149.0,149.11,1.55,1.69,1.69,9.49,9.52,9.42,213.64,21.47,20.37,21.58,20.48,193.0,98.0,90.0,381.0,27.0,30.0,6.0,207.0,62.0,22.0,6.39,8.13,6.95,11.0,10.0,6.0,385.06,291.0,293.22,3.47,7.47,7.47,17.46,17.58,17.23,44.95,44.08,772.0,793.0,0.0,0.0,0.0,0.0,0.0,0.0,regular
8480825,2025,Patrick Giles,SJS,R,all,3,1596.0,38.0,0.63,0.35,0.41,0.4,0.41,0.32,0.39,34.0,1.41,0.02,0.08,0.35,0.04,0.88,0.63,0.02,0.02,0.02,0.0,1.0,2.0,0.0,3.0,5.0,1.0,0.0,0.0,0.0,0.0,0.0,2.0,0.0,2.0,2.0,0.0,0.0,9.0,3.0,0.0,1.0,2.0,0.0,0.0,0.02,0.0,0.0,0.0,0.0,0.0,4.96,2.0,1.89,0.0,0.02,0.0,0.0,0.04,0.04,0.04,38.0,2.0,7.0,4.0,25.0,9.0,3.0,4.0,22.0,9.0,6.0,9612.0,0.0,0.0,0.0,2.0,7.46,0.88,0.79,0.89,0.8,9.0,1.0,9.0,19.0,1.0,1.0,0.0,7.0,1.0,2.0,0.18,0.11,0.58,0.0,1.0,0.0,19.18,10.0,9.92,0.12,0.25,0.25,0.75,0.75,0.74,16.08,1.6,1.54,1.64,1.58,13.0,8.0,8.0,29.0,1.0,2.0,0.0,16.0,2.0,3.0,0.46,0.33,0.81,0.0,0.0,1.0,29.29,21.0,21.47,0.26,0.46,0.46,1.4,1.42,1.4,4.39,6.33,125.0,180.0,0.0,0.0,0.0,0.0,0.0,0.0,regular
8483630,2025,Pavol Regenda,SJS,L,all,16,13468.0,290.0,9.64,0.55,0.47,0.55,0.47,0.53,0.48,116.0,39.0,6.45,3.29,8.33,1.29,16.83,11.8,5.92,6.4,5.88,1.0,0.0,34.0,14.0,4.0,52.0,9.0,8.0,7.0,1.0,4.0,0.0,18.0,11.0,26.0,40.0,5.0,10.0,9.0,36.0,2.0,7.0,20.0,15.0,13.0,0.6,1.86,3.99,1.0,5.0,2.0,52.26,48.0,47.94,1.0,0.75,1.67,2.58,4.63,4.64,4.51,290.0,29.0,37.0,39.0,185.0,44.0,47.0,51.0,148.0,9.0,5.0,44804.0,10.0,8.0,4.0,3.0,122.35,13.96,13.2,14.0,13.25,120.0,45.0,73.0,238.0,18.0,15.0,2.0,112.0,32.0,21.0,3.39,3.88,6.69,3.0,9.0,6.0,242.32,165.0,166.38,1.99,3.7,3.7,12.25,12.37,12.05,108.79,11.51,10.43,11.58,10.48,96.0,51.0,51.0,198.0,12.0,17.0,3.0,107.0,23.0,17.0,3.66,2.77,5.08,8.0,2.0,2.0,196.67,147.0,146.38,1.82,4.19,4.22,9.12,9.07,8.65,33.84,38.85,632.0,702.0,0.0,0.0,0.0,0.0,0.0,0.0,regular
8480798,2025,Philipp Kurashev,SJS,C,all,33,31462.0,646.0,12.77,0.47,0.46,0.49,0.42,0.46,0.41,200.0,47.14,3.91,3.29,10.89,1.63,26.83,19.45,3.79,3.89,3.77,7.0,3.0,49.0,17.0,29.0,95.0,16.0,6.0,2.0,0.0,7.0,0.0,28.0,23.0,43.0,60.0,4.0,8.0,24.0,34.0,5.0,28.0,48.0,16.0,2.0,1.57,1.86,0.48,3.0,3.0,0.0,94.95,66.0,65.95,7.0,0.75,0.08,0.0,4.66,4.64,4.5,646.0,60.0,70.0,107.0,409.0,97.0,100.0,92.0,357.0,24.0,29.0,89082.0,8.0,14.0,7.0,10.0,229.43,22.2,20.46,22.27,20.52,214.0,98.0,166.0,478.0,26.0,18.0,4.0,219.0,71.0,22.0,6.56,8.47,7.18,9.0,13.0,4.0,475.62,312.0,311.71,3.57,5.28,4.95,20.83,20.91,20.5,267.75,25.2,23.65,25.21,23.65,250.0,119.0,126.0,495.0,23.0,28.0,1.0,276.0,66.0,27.0,7.85,8.51,8.84,7.0,10.0,6.0,495.41,369.0,369.8,4.01,6.8,6.8,22.41,22.39,21.82,68.18,79.99,1208.0,1646.0,0.0,0.0,0.0,0.0,0.0,0.0,regular
8471817,2025,Ryan Reaves,SJS,R,all,46,21999.0,508.0,-1.89,0.45,0.49,0.43,0.47,0.42,0.46,534.0,28.67,3.56,2.19,7.03,1.0,13.14,10.08,3.41,3.6,3.44,0.0,0.0,23.0,14.0,14.0,51.0,3.0,3.0,5.0,1.0,2.0,0.0,14.0,13.0,20.0,34.0,10.0,32.0,0.0,142.0,7.0,17.0,22.0,10.0,5.0,0.86,1.3,1.4,0.0,1.0,2.0,51.27,37.0,37.16,3.0,0.47,0.77,1.05,2.98,3.0,2.95,508.0,48.0,47.0,117.0,296.0,68.0,84.0,59.0,297.0,0.0,2.0,145707.0,32.0,28.0,8.0,15.0,133.22,12.36,11.91,12.41,11.94,121.0,62.0,83.0,266.0,8.0,16.0,1.0,137.0,32.0,14.0,4.0,4.33,4.03,2.0,3.0,3.0,269.24,183.0,183.82,2.03,2.73,2.73,11.66,11.7,11.52,181.92,15.02,14.39,15.07,14.44,178.0,71.0,105.0,354.0,21.0,21.0,2.0,193.0,40.0,16.0,5.63,4.86,4.54,13.0,5.0,3.0,356.35,249.0,251.27,2.58,3.7,3.74,13.86,14.01,13.77,129.65,132.95,2214.0,2498.0,0.0,0.0,0.0,0.0,0.0,0.0,regular
8484806,2025,Sam Dickinson,SJS,D,all,45,42693.0,839.0,2.1,0.44,0.48,0.43,0.46,0.42,0.46,236.0,43.56,2.13,2.54,12.44,1.39,24.64,17.84,2.12,2.17,2.15,2.0,6.0,42.0,19.0,41.0,102.0,9.0,1.0,3.0,0.0,9.0,0.0,19.0,29.0,41.0,60.0,7.0,14.0,0.0,42.0,11.0,48.0,55.0,5.0,1.0,1.26,0.63,0.25,0.0,1.0,0.0,102.19,61.0,61.45,36.0,0.53,0.36,0.1,2.56,2.59,2.58,839.0,66.0,91.0,140.0,542.0,107.0,153.0,96.0,483.0,0.0,0.0,121531.0,14.0,6.0,3.0,41.0,290.19,27.12,25.82,27.11,25.85,278.0,112.0,179.0,569.0,33.0,38.0,6.0,283.0,77.0,30.0,8.87,9.61,8.63,14.0,16.0,3.0,572.0,390.0,391.44,4.25,8.16,7.88,23.49,23.67,23.31,397.53,34.35,32.89,34.51,33.04,356.0,186.0,208.0,750.0,38.0,41.0,2.0,406.0,103.0,33.0,11.89,12.6,9.85,17.0,15.0,6.0,754.3,542.0,543.7,6.06,7.89,7.89,32.51,32.64,31.99,103.81,114.02,1782.0,2085.0,0.0,0.0,0.0,0.0,0.0,0.0,regular
8482166,2025,Shakir Mukhamadullin,SJS,D,all,25,24445.0,504.0,1.8,0.43,0.49,0.41,0.5,0.41,0.48,122.0,21.61,0.65,1.18,6.06,0.69,12.97,9.44,0.64,0.65,0.64,1.0,3.0,22.0,9.0,24.0,55.0,7.0,3.0,2.0,0.0,7.0,0.0,8.0,11.0,19.0,28.0,6.0,12.0,0.0,12.0,4.0,27.0,31.0,0.0,0.0,0.65,0.0,0.0,3.0,0.0,0.0,55.16,31.0,31.0,16.0,0.23,0.05,0.0,0.89,0.88,0.87,504.0,46.0,60.0,78.0,320.0,58.0,70.0,61.0,315.0,0.0,0.0,66849.0,12.0,4.0,2.0,32.0,165.06,15.54,14.8,15.61,14.86,157.0,69.0,82.0,308.0,18.0,22.0,4.0,168.0,37.0,21.0,4.74,4.52,6.28,9.0,4.0,5.0,310.12,226.0,227.88,2.38,3.82,3.82,14.1,14.15,13.97,236.12,20.57,19.51,20.6,19.55,224.0,102.0,119.0,445.0,25.0,28.0,4.0,243.0,64.0,19.0,7.17,7.63,5.77,10.0,11.0,4.0,444.67,326.0,325.18,3.62,6.29,6.32,17.86,17.92,17.49,57.34,58.66,1066.0,1086.0,0.0,0.0,0.0,0.0,0.0,0.0,regular
8480043,2025,Timothy Liljegren,SJS,D,all,41,49807.0,995.0,2.2,0.41,0.51,0.39,0.48,0.38,0.47,128.0,39.93,1.58,2.42,11.1,1.33,24.13,17.45,1.56,1.61,1.59,7.0,3.0,32.0,26.0,37.0,95.0,10.0,0.0,6.0,0.0,7.0,0.0,23.0,22.0,32.0,58.0,12.0,27.0,0.0,35.0,5.0,44.0,54.0,4.0,0.0,1.11,0.47,0.0,0.0,0.0,0.0,96.02,58.0,58.76,30.0,0.51,1.4,0.02,2.06,2.1,2.06,995.0,81.0,178.0,163.0,573.0,114.0,143.0,133.0,605.0,0.0,0.0,99497.0,27.0,15.0,6.0,81.0,308.85,33.28,31.96,33.23,31.94,285.0,132.0,183.0,600.0,33.0,39.0,9.0,286.0,92.0,39.0,8.97,11.55,12.76,10.0,13.0,10.0,605.8,417.0,420.1,4.63,8.3,8.33,29.58,29.64,29.07,496.88,47.84,45.12,47.85,45.12,431.0,248.0,273.0,952.0,53.0,53.0,4.0,506.0,121.0,52.0,15.53,15.15,17.16,27.0,13.0,13.0,948.91,679.0,677.91,8.38,9.66,9.63,46.59,46.64,44.84,85.87,82.58,1505.0,1643.0,0.0,0.0,0.0,0.0,0.0,0.0,regular
8480848,2025,Ty Dellandrea,SJS,C,all,42,36297.0,801.0,1.08,0.31,0.52,0.32,0.5,0.32,0.48,291.0,48.95,5.17,3.42,11.5,1.92,22.76,19.22,4.87,5.15,4.85,7.0,2.0,44.0,20.0,22.0,86.0,11.0,2.0,4.0,1.0,7.0,1.0,20.0,30.0,42.0,62.0,9.0,18.0,267.0,117.0,7.0,24.0,39.0,18.0,7.0,1.09,2.31,1.78,0.0,0.0,2.0,84.92,64.0,63.43,7.0,0.74,0.85,1.54,4.37,4.36,4.29,801.0,63.0,199.0,108.0,431.0,103.0,131.0,126.0,441.0,267.0,244.0,117045.0,18.0,32.0,17.0,36.0,193.87,17.55,16.73,17.38,16.58,175.0,90.0,115.0,380.0,16.0,23.0,4.0,205.0,41.0,19.0,5.38,5.39,6.78,5.0,3.0,8.0,377.67,265.0,263.87,2.66,4.66,4.66,15.55,15.48,15.26,420.46,38.91,37.05,39.19,37.31,375.0,199.0,233.0,807.0,47.0,47.0,3.0,430.0,101.0,43.0,13.1,12.33,13.49,18.0,17.0,12.0,813.65,574.0,577.54,7.3,8.54,8.54,37.67,37.84,36.55,106.09,97.22,1843.0,1871.0,0.0,0.0,0.0,0.0,0.0,0.0,regular
8475726,2025,Tyler Toffoli,SJS,C,all,54,51447.0,1057.0,32.2,0.61,0.42,0.58,0.41,0.58,0.4,343.0,134.39,16.2,10.92,29.48,4.51,73.96,47.94,15.31,16.29,15.4,12.0,9.0,126.0,57.0,75.0,258.0,36.0,15.0,18.0,2.0,34.0,0.0,60.0,56.0,111.0,168.0,5.0,10.0,4.0,38.0,14.0,36.0,125.0,39.0,19.0,3.78,4.74,7.68,7.0,4.0,4.0,260.9,183.0,184.85,11.0,2.67,3.31,4.55,14.31,14.44,14.09,1057.0,217.0,99.0,186.0,555.0,118.0,141.0,147.0,651.0,4.0,14.0,145467.0,10.0,10.0,5.0,27.0,523.25,57.91,53.9,57.89,53.88,485.0,228.0,276.0,989.0,58.0,61.0,6.0,511.0,131.0,71.0,15.47,15.69,26.75,20.0,20.0,18.0,988.67,713.0,714.11,10.06,14.31,14.64,53.33,53.48,51.61,372.7,37.16,35.58,37.21,35.62,328.0,184.0,212.0,724.0,42.0,34.0,4.0,383.0,88.0,41.0,10.94,10.52,15.7,19.0,11.0,12.0,724.71,512.0,511.94,5.19,7.97,7.97,34.38,34.39,33.83,100.55,137.84,1868.0,2649.0,0.0,0.0,0.0,0.0,0.0,0.0,regular
8479576,2025,Vincent Desharnais,SJS,D,all,27,27058.0,539.0,0.63,0.39,0.49,0.34,0.49,0.33,0.48,126.0,17.14,0.56,0.88,4.91,0.58,10.53,7.55,0.54,0.58,0.56,0.0,3.0,17.0,8.0,22.0,47.0,4.0,1.0,2.0,1.0,6.0,0.0,7.0,9.0,16.0,24.0,10.0,20.0,0.0,45.0,3.0,24.0,24.0,1.0,0.0,0.4,0.16,0.0,0.0,1.0,0.0,48.11,25.0,25.29,22.0,0.17,0.42,0.22,0.51,0.52,0.51,539.0,29.0,116.0,82.0,312.0,71.0,68.0,75.0,325.0,0.0,0.0,71574.0,20.0,8.0,4.0,45.0,139.34,16.31,15.57,16.37,15.64,133.0,59.0,99.0,291.0,16.0,15.0,1.0,138.0,35.0,19.0,3.96,4.44,7.91,5.0,7.0,4.0,295.96,192.0,194.19,1.91,3.36,3.23,14.98,15.15,14.69,288.44,25.66,23.85,25.54,23.73,269.0,124.0,173.0,566.0,25.0,33.0,3.0,289.0,81.0,23.0,8.42,9.72,7.52,8.0,12.0,5.0,560.86,393.0,389.99,5.32,6.24,6.27,24.71,24.55,23.47,57.12,58.31,1116.0,1145.0,0.0,0.0,0.0,0.0,0.0,0.0,regular
8482861,2025,Vincent Iorio,SJS,D,all,21,20784.0,417.0,-0.8,0.38,0.53,0.41,0.51,0.4,0.51,100.0,14.2,0.43,0.82,3.89,0.47,8.98,6.42,0.43,0.43,0.43,1.0,2.0,10.0,11.0,13.0,34.0,3.0,0.0,0.0,0.0,5.0,0.0,11.0,5.0,10.0,21.0,6.0,12.0,0.0,11.0,4.0,14.0,21.0,0.0,0.0,0.43,0.0,0.0,0.0,0.0,0.0,33.51,21.0,20.97,13.0,0.16,0.0,0.0,0.59,0.59,0.59,417.0,39.0,50.0,69.0,259.0,58.0,75.0,47.0,237.0,0.0,0.0,55924.0,12.0,0.0,0.0,32.0,134.09,12.24,11.9,12.2,11.86,119.0,67.0,74.0,260.0,15.0,14.0,3.0,137.0,37.0,12.0,4.32,4.98,2.94,4.0,8.0,3.0,258.05,186.0,185.98,2.0,2.54,2.84,11.41,11.39,11.26,203.85,19.62,18.43,19.79,18.59,191.0,89.0,99.0,379.0,20.0,29.0,2.0,202.0,53.0,25.0,5.8,6.16,7.65,12.0,5.0,3.0,385.6,280.0,283.88,3.38,5.54,5.54,17.46,17.63,17.23,58.34,52.23,925.0,880.0,0.0,0.0,0.0,0.0,0.0,0.0,regular
8484227,2025,Will Smith,SJS,C,all,41,44694.0,812.0,31.32,0.57,0.4,0.55,0.4,0.54,0.38,179.0,112.92,13.39,8.45,26.52,4.0,59.44,37.18,12.7,13.55,12.82,13.0,9.0,101.0,48.0,55.0,204.0,39.0,17.0,5.0,4.0,18.0,0.0,61.0,48.0,84.0,132.0,7.0,14.0,10.0,10.0,8.0,39.0,95.0,38.0,16.0,3.18,4.34,5.87,5.0,5.0,7.0,206.06,149.0,150.71,12.0,2.01,1.69,2.23,13.17,13.28,12.93,812.0,167.0,66.0,136.0,443.0,78.0,127.0,135.0,472.0,10.0,25.0,104814.0,14.0,12.0,6.0,9.0,430.48,48.45,45.75,48.78,46.05,410.0,170.0,226.0,806.0,54.0,41.0,6.0,400.0,124.0,56.0,11.9,14.79,21.76,21.0,13.0,20.0,811.34,580.0,584.65,8.04,8.17,8.51,47.98,48.25,46.94,359.63,36.25,34.78,36.08,34.59,321.0,169.0,162.0,652.0,32.0,40.0,3.0,346.0,100.0,44.0,9.8,12.42,14.03,12.0,10.0,10.0,645.59,490.0,485.55,5.23,7.97,7.94,33.54,33.3,32.89,63.6,93.93,1303.0,1978.0,0.0,0.0,0.0,0.0,0.0,0.0,regular
8482667,2025,William Eklund,SJS,L,all,50,58362.0,1043.0,29.34,0.57,0.42,0.57,0.41,0.56,0.4,165.0,135.95,17.01,11.27,28.24,4.47,71.92,48.09,16.28,16.97,16.25,15.0,8.0,126.0,55.0,49.0,230.0,34.0,11.0,21.0,2.0,20.0,0.0,64.0,65.0,115.0,170.0,13.0,26.0,1.0,43.0,14.0,50.0,120.0,39.0,22.0,4.1,5.49,7.42,2.0,6.0,3.0,229.35,181.0,180.77,10.0,2.66,5.8,2.9,16.78,16.78,16.48,1043.0,202.0,128.0,160.0,553.0,136.0,127.0,188.0,592.0,1.0,12.0,123852.0,26.0,34.0,17.0,34.0,570.43,62.39,58.9,62.33,58.85,526.0,248.0,302.0,1076.0,60.0,70.0,8.0,546.0,156.0,72.0,16.81,19.25,26.33,17.0,22.0,21.0,1075.54,774.0,773.93,11.02,14.97,15.02,58.4,58.57,56.57,437.7,46.35,44.26,46.24,44.16,399.0,199.0,229.0,827.0,63.0,47.0,10.0,435.0,107.0,56.0,12.95,13.28,20.13,28.0,17.0,18.0,828.34,598.0,598.59,6.18,10.69,10.69,41.83,41.88,41.02,85.16,116.62,1575.0,2274.0,0.0,0.0,0.0,0.0,0.0,0.0,regular
8482859,2025,Zack Ostapchuk,SJS,C,all,31,18208.0,441.0,1.39,0.36,0.49,0.4,0.47,0.4,0.47,330.0,23.84,2.9,1.78,5.19,0.75,11.51,8.88,2.82,2.91,2.83,1.0,0.0,23.0,8.0,7.0,38.0,4.0,3.0,3.0,0.0,2.0,0.0,10.0,13.0,20.0,28.0,5.0,10.0,136.0,77.0,5.0,8.0,19.0,7.0,5.0,0.64,0.95,1.3,1.0,1.0,1.0,39.15,31.0,31.84,4.0,0.38,0.28,1.04,2.24,2.27,2.25,441.0,35.0,60.0,89.0,257.0,48.0,69.0,52.0,272.0,136.0,119.0,94536.0,10.0,18.0,9.0,12.0,108.1,8.52,8.34,8.53,8.35,99.0,49.0,59.0,207.0,5.0,14.0,1.0,114.0,27.0,7.0,3.25,3.46,1.81,1.0,2.0,2.0,210.22,148.0,150.15,1.47,1.96,1.96,8.03,8.04,7.96,159.07,15.23,14.51,15.2,14.48,147.0,71.0,94.0,312.0,15.0,20.0,2.0,157.0,44.0,17.0,4.74,5.4,5.09,6.0,6.0,3.0,310.89,218.0,217.13,2.49,3.99,3.99,13.74,13.79,13.47,84.08,86.67,1431.0,1606.0,0.0,0.0,0.0,0.0,0.0,0.0,regular
8483463,2025,Aleksanteri Kaskimaki,STL,C,all,5,3118.0,73.0,-0.7,0.27,0.4,0.44,0.45,0.47,0.45,50.0,5.42,0.17,0.31,1.59,0.22,3.35,2.37,0.17,0.17,0.17,0.0,0.0,6.0,2.0,0.0,8.0,0.0,0.0,0.0,0.0,3.0,0.0,1.0,4.0,6.0,8.0,0.0,0.0,1.0,2.0,0.0,2.0,8.0,0.0,0.0,0.17,0.0,0.0,0.0,0.0,0.0,7.57,8.0,7.66,2.0,0.07,0.0,0.0,0.23,0.23,0.23,73.0,9.0,7.0,7.0,50.0,14.0,10.0,12.0,37.0,1.0,1.0,14882.0,0.0,2.0,1.0,3.0,20.74,1.07,1.03,1.07,1.03,22.0,7.0,9.0,38.0,1.0,1.0,0.0,25.0,3.0,1.0,0.51,0.35,0.21,1.0,0.0,0.0,36.61,29.0,28.3,0.25,0.11,0.11,1.21,1.22,1.19,25.2,2.88,2.79,2.87,2.78,23.0,10.0,16.0,49.0,7.0,3.0,2.0,22.0,6.0,5.0,0.74,0.84,1.3,1.0,2.0,4.0,49.1,33.0,32.81,0.39,0.73,0.73,2.54,2.54,2.48,10.6,15.83,215.0,261.0,0.0,0.0,0.0,0.0,0.0,0.0,regular
8480281,2025,Alexey Toropchenko,STL,R,all,40,29233.0,734.0,-1.14,0.38,0.48,0.35,0.5,0.36,0.5,385.0,42.86,4.68,3.05,9.78,1.33,21.0,16.16,4.54,4.62,4.49,4.0,0.0,39.0,17.0,12.0,68.0,6.0,2.0,2.0,1.0,11.0,0.0,17.0,24.0,37.0,54.0,4.0,14.0,1.0,89.0,6.0,19.0,36.0,13.0,7.0,1.31,1.71,1.66,1.0,1.0,0.0,67.46,56.0,55.54,3.0,0.65,0.39,0.56,4.76,4.72,4.68,734.0,42.0,128.0,127.0,437.0,94.0,113.0,91.0,436.0,1.0,2.0,116702.0,14.0,9.0,3.0,38.0,164.29,15.33,14.75,15.14,14.58,146.0,76.0,73.0,295.0,14.0,14.0,1.0,171.0,32.0,19.0,4.91,4.03,6.39,9.0,4.0,1.0,289.92,222.0,219.42,2.24,3.29,3.29,14.22,14.13,13.82,282.65,25.21,24.35,25.32,24.46,250.0,138.0,170.0,558.0,34.0,23.0,3.0,298.0,64.0,26.0,8.14,7.98,9.09,15.0,11.0,8.0,563.61,388.0,389.29,4.63,5.77,5.77,24.07,24.18,23.68,86.71,92.94,1770.0,1798.0,0.0,0.0,0.0,0.0,0.0,0.0,regular
8475170,2025,Brayden Schenn,STL,C,all,56,56318.0,1218.0,18.74,0.48,0.45,0.51,0.46,0.5,0.46,251.0,92.93,13.12,7.03,20.9,3.26,46.96,32.72,12.57,13.36,12.8,7.0,5.0,80.0,44.0,41.0,165.0,24.0,12.0,6.0,1.0,19.0,0.0,38.0,49.0,68.0,112.0,17.0,49.0,342.0,124.0,15.0,40.0,77.0,24.0,23.0,2.68,3.26,7.18,4.0,4.0,4.0,165.85,124.0,125.41,7.0,1.57,1.0,3.58,11.11,11.23,11.0,1218.0,187.0,145.0,180.0,706.0,169.0,174.0,175.0,700.0,342.0,288.0,147505.0,49.0,39.0,12.0,25.0,462.24,43.47,42.11,43.72,42.35,415.0,218.0,267.0,900.0,39.0,49.0,3.0,476.0,112.0,45.0,14.27,14.22,14.97,13.0,16.0,10.0,898.39,633.0,636.05,7.15,8.43,8.43,42.12,42.25,41.57,464.02,46.62,44.25,46.92,44.56,430.0,204.0,232.0,866.0,54.0,48.0,8.0,487.0,92.0,55.0,14.17,11.68,20.77,18.0,17.0,19.0,874.43,634.0,638.1,6.28,10.31,10.31,42.57,42.94,41.52,100.66,121.62,2017.0,2387.0,0.0,0.0,0.0,0.0,0.0,0.0,regular
8475764,2025,Cam Fowler,STL,D,all,56,71974.0,1486.0,14.55,0.48,0.45,0.51,0.45,0.5,0.46,174.0,69.62,3.27,3.99,19.02,2.27,41.91,29.53,3.14,3.27,3.14,10.0,7.0,72.0,28.0,81.0,181.0,18.0,1.0,10.0,0.0,21.0,0.0,40.0,28.0,71.0,99.0,6.0,12.0,0.0,8.0,12.0,49.0,96.0,3.0,1.0,2.55,0.38,0.35,1.0,0.0,0.0,178.46,100.0,100.12,30.0,0.87,2.23,0.54,3.59,3.58,3.45,1486.0,213.0,175.0,214.0,884.0,166.0,217.0,204.0,899.0,0.0,0.0,131849.0,12.0,6.0,3.0,53.0,606.98,56.82,54.21,56.85,54.25,551.0,277.0,333.0,1161.0,53.0,68.0,10.0,612.0,155.0,61.0,18.33,18.96,19.53,17.0,20.0,16.0,1155.51,828.0,829.49,9.5,14.02,14.02,52.24,52.19,50.91,606.92,61.86,58.7,61.98,58.85,535.0,292.0,306.0,1133.0,68.0,59.0,9.0,607.0,143.0,77.0,17.18,18.37,26.3,28.0,19.0,21.0,1141.45,827.0,828.59,8.89,13.94,13.94,56.75,56.95,55.36,87.33,106.38,1756.0,2120.0,0.0,0.0,0.0,0.0,0.0,0.0,regular
8476892,2025,Colton Parayko,STL,D,all,56,75564.0,1583.0,9.17,0.44,0.47,0.41,0.51,0.42,0.51,145.0,82.78,3.49,4.72,22.16,2.71,49.09,36.82,3.4,3.42,3.33,6.0,6.0,71.0,48.0,52.0,171.0,13.0,1.0,10.0,0.0,14.0,0.0,47.0,47.0,70.0,118.0,8.0,16.0,0.0,63.0,24.0,65.0,115.0,3.0,1.0,2.64,0.43,0.42,1.0,0.0,0.0,168.69,119.0,117.92,45.0,0.98,1.84,0.47,4.0,3.95,3.88,1583.0,141.0,300.0,235.0,907.0,201.0,162.0,228.0,992.0,0.0,0.0,128259.0,16.0,18.0,9.0,138.0,508.8,50.57,47.74,50.32,47.52,449.0,246.0,253.0,948.0,43.0,68.0,7.0,496.0,144.0,55.0,14.86,17.62,18.1,16.0,16.0,11.0,943.93,695.0,694.97,7.4,12.46,12.28,45.62,45.53,44.08,707.87,63.54,59.72,63.76,59.96,652.0,323.0,391.0,1366.0,73.0,66.0,11.0,759.0,148.0,68.0,21.29,17.62,24.63,32.0,19.0,22.0,1373.94,975.0,978.83,11.11,16.99,16.99,57.65,57.95,56.1,93.57,104.69,1969.0,1887.0,0.0,0.0,0.0,0.0,0.0,0.0,regular
8484164,2025,Dalibor Dvorsky,STL,R,all,46,40059.0,870.0,9.99,0.53,0.43,0.52,0.45,0.53,0.45,332.0,67.86,6.84,4.63,14.6,2.1,36.82,25.02,6.54,6.75,6.45,1.0,5.0,60.0,30.0,20.0,110.0,15.0,9.0,7.0,0.0,10.0,1.0,35.0,28.0,51.0,81.0,9.0,18.0,218.0,65.0,6.0,33.0,61.0,20.0,9.0,1.74,2.27,2.83,3.0,3.0,3.0,108.71,90.0,89.33,14.0,1.05,1.27,1.22,6.67,6.6,6.41,870.0,169.0,61.0,136.0,504.0,124.0,133.0,107.0,506.0,218.0,244.0,127654.0,18.0,8.0,4.0,17.0,333.08,30.35,28.76,30.33,28.75,316.0,137.0,165.0,618.0,33.0,41.0,4.0,344.0,72.0,37.0,9.91,8.87,11.57,14.0,11.0,8.0,614.31,453.0,453.39,5.43,7.34,7.34,28.44,28.42,27.67,300.0,26.54,25.53,26.84,25.8,268.0,136.0,161.0,565.0,24.0,34.0,3.0,303.0,68.0,33.0,8.61,8.52,9.41,12.0,8.0,4.0,573.89,404.0,407.63,4.15,7.56,7.56,23.12,23.42,23.11,86.04,112.98,1745.0,2176.0,0.0,0.0,0.0,0.0,0.0,0.0,regular
8482077,2025,Dylan Holloway,STL,L,all,34,36148.0,727.0,17.74,0.53,0.43,0.54,0.46,0.53,0.46,116.0,76.93,6.54,5.21,19.2,2.47,41.6,28.97,6.42,6.52,6.4,5.0,4.0,79.0,25.0,47.0,151.0,17.0,8.0,7.0,0.0,15.0,0.0,34.0,40.0,71.0,96.0,4.0,11.0,11.0,91.0,4.0,21.0,78.0,20.0,6.0,2.41,2.52,1.62,5.0,3.0,0.0,151.45,104.0,104.16,5.0,1.14,1.79,1.61,6.06,6.11,6.05,727.0,130.0,57.0,112.0,428.0,106.0,98.0,126.0,397.0,11.0,10.0,87734.0,11.0,13.0,5.0,27.0,311.42,28.36,27.17,28.43,27.25,292.0,132.0,170.0,594.0,28.0,41.0,5.0,324.0,65.0,35.0,9.8,8.1,10.46,9.0,11.0,8.0,593.21,424.0,425.35,4.97,7.95,7.95,25.38,25.48,24.94,266.98,25.01,24.37,25.09,24.45,255.0,114.0,141.0,510.0,36.0,17.0,1.0,276.0,69.0,24.0,8.15,8.99,7.89,15.0,14.0,7.0,511.32,369.0,369.1,3.73,3.19,3.19,25.56,25.66,25.18,58.21,76.08,1226.0,1434.0,0.0,0.0,0.0,0.0,0.0,0.0,regular
8481070,2025,Hugh McGing,STL,L,all,3,1957.0,50.0,1.38,0.29,0.39,0.41,0.48,0.42,0.47,31.0,3.16,0.33,0.19,0.8,0.09,1.5,1.09,0.32,0.31,0.3,1.0,0.0,4.0,0.0,1.0,5.0,2.0,1.0,0.0,0.0,1.0,0.0,2.0,0.0,3.0,3.0,0.0,0.0,4.0,0.0,1.0,2.0,2.0,2.0,0.0,0.07,0.25,0.0,0.0,1.0,0.0,4.85,4.0,3.79,0.0,0.04,0.0,0.16,0.2,0.2,0.2,50.0,5.0,2.0,10.0,33.0,11.0,8.0,6.0,25.0,4.0,1.0,8843.0,0.0,0.0,0.0,2.0,13.11,0.74,0.74,0.71,0.71,11.0,7.0,5.0,23.0,2.0,1.0,0.0,16.0,2.0,0.0,0.49,0.25,0.0,1.0,1.0,0.0,21.87,18.0,17.33,0.16,0.16,0.16,0.74,0.72,0.72,18.88,1.86,1.78,1.93,1.84,20.0,5.0,8.0,33.0,2.0,3.0,2.0,17.0,5.0,3.0,0.46,0.69,0.71,0.0,0.0,2.0,34.67,25.0,25.79,0.28,0.68,0.68,1.46,1.53,1.48,4.47,6.95,120.0,128.0,0.0,0.0,0.0,0.0,0.0,0.0,regular
8481715,2025,Hunter Skinner,STL,D,all,1,645.0,16.0,0.0,0.36,0.53,0.36,0.49,0.36,0.43,6.0,0.0,0.0,0.0,0.0,0.0,0.0,0.0,0.0,0.0,0.0,0.0,0.0,0.0,0.0,1.0,1.0,0.0,0.0,0.0,0.0,0.0,0.0,0.0,0.0,0.0,0.0,0.0,0.0,0.0,4.0,0.0,0.0,0.0,0.0,0.0,0.0,0.0,0.0,0.0,0.0,0.0,1.03,0.0,0.0,0.0,0.0,0.0,0.0,0.0,0.0,0.0,16.0,1.0,0.0,4.0,11.0,2.0,0.0,2.0,12.0,0.0,0.0,3255.0,0.0,0.0,0.0,1.0,2.93,0.27,0.26,0.27,0.26,4.0,0.0,1.0,5.0,2.0,1.0,0.0,3.0,1.0,0.0,0.1,0.17,0.0,2.0,0.0,0.0,5.13,4.0,4.15,0.04,0.17,0.17,0.13,0.13,0.13,5.21,0.47,0.47,0.47,0.47,5.0,2.0,2.0,9.0,1.0,0.0,0.0,5.0,2.0,0.0,0.12,0.36,0.0,0.0,1.0,0.0,8.7,7.0,6.73,0.06,0.0,0.0,0.53,0.53,0.53,1.81,1.62,42.0,43.0,0.0,0.0,0.0,0.0,0.0,0.0,regular
8482089,2025,Jake Neighbours,STL,L,all,43,40575.0,898.0,20.49,0.53,0.44,0.53,0.45,0.52,0.45,244.0,69.68,9.87,5.98,15.72,2.3,32.56,22.57,9.36,10.0,9.49,7.0,3.0,60.0,29.0,21.0,110.0,24.0,14.0,5.0,3.0,9.0,0.0,29.0,32.0,46.0,75.0,11.0,22.0,2.0,106.0,9.0,30.0,44.0,33.0,12.0,1.7,4.18,3.99,3.0,6.0,5.0,111.1,89.0,90.04,7.0,1.38,1.05,2.48,8.77,8.91,8.68,898.0,173.0,99.0,118.0,508.0,109.0,133.0,141.0,515.0,2.0,8.0,115485.0,22.0,26.0,12.0,22.0,344.55,35.4,33.77,35.56,33.94,320.0,150.0,186.0,656.0,43.0,33.0,4.0,342.0,91.0,37.0,10.96,11.28,13.15,13.0,15.0,15.0,656.26,470.0,472.51,5.61,6.47,6.47,34.48,34.69,33.88,310.84,31.89,30.29,31.84,30.27,259.0,167.0,151.0,577.0,40.0,29.0,7.0,321.0,71.0,34.0,9.25,9.2,13.44,20.0,7.0,13.0,580.41,426.0,427.66,4.16,6.01,6.01,29.98,29.94,28.85,77.89,99.14,1561.0,1913.0,0.0,0.0,0.0,0.0,0.0,0.0,regular
8483516,2025,Jimmy Snuggerud,STL,R,all,44,42418.0,894.0,19.82,0.51,0.44,0.52,0.45,0.52,0.45,236.0,119.62,11.58,8.85,28.03,4.06,62.44,44.05,11.0,11.68,11.09,7.0,6.0,94.0,65.0,48.0,207.0,22.0,9.0,13.0,3.0,12.0,0.0,53.0,72.0,85.0,150.0,5.0,10.0,3.0,48.0,14.0,28.0,114.0,35.0,10.0,3.74,4.5,3.34,2.0,5.0,2.0,207.06,159.0,160.2,9.0,2.01,2.21,3.56,10.02,10.11,9.96,894.0,159.0,91.0,136.0,508.0,114.0,104.0,127.0,549.0,3.0,1.0,118064.0,10.0,18.0,9.0,27.0,374.0,35.26,33.65,35.45,33.82,322.0,184.0,198.0,704.0,35.0,44.0,7.0,375.0,89.0,42.0,11.05,11.04,13.17,13.0,13.0,9.0,703.26,506.0,507.97,6.04,8.12,8.12,33.12,33.24,32.48,347.35,33.53,31.91,33.53,31.96,301.0,174.0,169.0,644.0,28.0,34.0,4.0,358.0,81.0,36.0,10.85,10.61,12.07,11.0,8.0,9.0,652.13,475.0,477.51,4.9,8.63,8.63,29.79,29.99,29.4,78.65,100.25,1597.0,1928.0,0.0,0.0,0.0,0.0,0.0,0.0,regular
8481013,2025,Jonatan Berggren,STL,R,all,35,28320.0,608.0,14.22,0.48,0.49,0.54,0.48,0.51,0.49,294.0,47.5,4.69,3.12,10.74,1.6,24.24,17.62,4.59,4.72,4.62,2.0,5.0,43.0,19.0,24.0,86.0,14.0,7.0,6.0,0.0,10.0,0.0,21.0,18.0,36.0,55.0,3.0,6.0,1.0,23.0,5.0,32.0,43.0,15.0,4.0,1.49,1.94,1.26,2.0,4.0,1.0,86.17,62.0,62.15,8.0,0.67,1.14,0.58,4.79,4.8,4.73,608.0,99.0,59.0,90.0,360.0,93.0,87.0,86.0,342.0,1.0,2.0,99196.0,6.0,22.0,10.0,8.0,232.86,18.82,17.46,18.81,17.46,208.0,109.0,141.0,458.0,19.0,25.0,0.0,244.0,54.0,19.0,6.46,6.92,5.44,12.0,4.0,3.0,453.44,317.0,315.06,3.42,4.08,4.08,18.16,18.14,17.32,223.55,20.64,19.74,20.93,20.01,191.0,113.0,90.0,394.0,19.0,25.0,1.0,230.0,47.0,27.0,7.05,5.66,7.92,12.0,4.0,3.0,401.25,304.0,308.42,3.09,5.52,5.52,18.21,18.41,18.15,85.03,87.08,1529.0,1674.0,0.0,0.0,0.0,0.0,0.0,0.0,regular
8479385,2025,Jordan Kyrou,STL,R,all,46,44562.0,948.0,36.7,0.62,0.41,0.6,0.43,0.59,0.43,241.0,126.24,12.0,8.84,29.39,4.23,68.5,47.03,11.37,11.93,11.3,7.0,11.0,119.0,51.0,72.0,242.0,30.0,12.0,24.0,1.0,29.0,1.0,48.0,56.0,107.0,158.0,2.0,4.0,2.0,11.0,16.0,23.0,128.0,31.0,11.0,4.71,3.63,3.65,4.0,5.0,3.0,240.94,170.0,169.9,2.0,1.93,4.4,2.31,11.63,11.59,11.36,948.0,183.0,53.0,147.0,565.0,147.0,132.0,143.0,526.0,2.0,9.0,123120.0,4.0,16.0,9.0,17.0,421.67,41.67,39.8,41.53,39.66,401.0,172.0,224.0,797.0,40.0,61.0,5.0,419.0,108.0,46.0,13.65,13.53,14.5,11.0,16.0,13.0,791.5,573.0,571.7,6.79,11.15,11.22,37.25,37.17,36.41,286.38,25.87,25.41,26.07,25.61,275.0,117.0,143.0,535.0,36.0,19.0,3.0,302.0,62.0,28.0,7.9,7.61,10.37,11.0,14.0,11.0,540.89,392.0,394.88,3.64,4.11,4.11,25.33,25.57,25.26,78.94,113.67,1635.0,2152.0,0.0,0.0,0.0,0.0,0.0,0.0,regular
8475753,2025,Justin Faulk,STL,D,all,56,75636.0,1553.0,25.4,0.45,0.47,0.48,0.47,0.48,0.47,135.0,101.69,5.95,6.46,26.22,3.41,61.21,42.75,5.83,6.0,5.87,10.0,7.0,108.0,38.0,73.0,219.0,28.0,11.0,13.0,0.0,26.0,0.0,44.0,52.0,97.0,135.0,14.0,30.0,0.0,44.0,19.0,48.0,132.0,12.0,2.0,3.63,1.47,0.85,8.0,1.0,2.0,217.53,146.0,146.71,32.0,1.43,2.04,0.75,6.63,6.63,6.5,1553.0,179.0,199.0,226.0,949.0,175.0,227.0,232.0,919.0,0.0,0.0,128187.0,30.0,8.0,4.0,97.0,579.4,52.06,50.28,52.3,50.52,566.0,223.0,308.0,1097.0,59.0,53.0,4.0,607.0,127.0,55.0,18.53,15.48,18.05,27.0,19.0,13.0,1095.88,789.0,791.68,8.74,10.35,10.53,50.21,50.37,49.22,634.33,63.78,60.75,64.18,61.13,549.0,312.0,326.0,1187.0,71.0,53.0,12.0,640.0,142.0,79.0,17.77,18.26,27.74,28.0,16.0,27.0,1200.62,861.0,866.43,9.39,12.83,12.83,60.28,60.67,58.76,92.08,104.46,1820.0,2066.0,0.0,0.0,0.0,0.0,0.0,0.0,regular
8482733,2025,Logan Mailloux,STL,D,all,41,34147.0,752.0,0.25,0.43,0.46,0.49,0.48,0.47,0.48,232.0,40.67,1.37,2.26,11.43,1.33,23.74,16.87,1.3,1.36,1.29,1.0,1.0,34.0,23.0,33.0,90.0,3.0,1.0,5.0,0.0,10.0,0.0,17.0,24.0,33.0,56.0,15.0,33.0,0.0,52.0,8.0,39.0,56.0,1.0,0.0,1.21,0.16,0.0,1.0,0.0,0.0,87.2,57.0,55.95,29.0,0.45,1.06,0.0,1.83,1.81,1.73,752.0,102.0,45.0,139.0,466.0,93.0,126.0,79.0,454.0,0.0,0.0,114672.0,33.0,19.0,7.0,26.0,251.79,21.45,20.35,21.23,20.15,208.0,137.0,152.0,497.0,12.0,30.0,1.0,261.0,65.0,19.0,8.07,8.29,5.09,7.0,4.0,1.0,485.19,345.0,340.52,3.6,5.06,5.06,19.99,19.83,19.46,283.86,28.26,27.05,28.82,27.61,239.0,145.0,138.0,522.0,35.0,38.0,4.0,271.0,76.0,37.0,7.59,9.23,11.43,14.0,12.0,9.0,535.26,384.0,391.8,4.01,8.45,8.45,23.82,24.41,23.93,86.5,101.05,1684.0,1843.0,0.0,0.0,0.0,0.0,0.0,0.0,regular
8478472,2025,Mathieu Joseph,STL,R,all,39,29677.0,690.0,9.45,0.43,0.49,0.45,0.49,0.46,0.49,370.0,40.95,4.21,2.97,9.04,1.24,20.42,15.11,4.12,4.22,4.13,3.0,6.0,29.0,24.0,14.0,67.0,11.0,2.0,8.0,0.0,4.0,0.0,19.0,20.0,27.0,51.0,2.0,4.0,4.0,85.0,10.0,23.0,31.0,17.0,5.0,0.91,2.02,1.29,1.0,0.0,1.0,67.42,53.0,53.63,4.0,0.63,1.45,0.74,4.1,4.11,4.09,690.0,61.0,59.0,123.0,447.0,108.0,104.0,82.0,396.0,4.0,11.0,112415.0,4.0,20.0,10.0,28.0,189.0,16.08,15.52,16.0,15.44,172.0,83.0,109.0,364.0,15.0,23.0,4.0,187.0,53.0,15.0,5.59,6.39,4.09,5.0,6.0,4.0,361.79,255.0,255.16,2.57,3.79,3.79,14.87,14.86,14.64,225.19,21.55,20.43,21.77,20.66,205.0,98.0,134.0,437.0,27.0,27.0,5.0,219.0,58.0,26.0,6.09,7.44,8.02,7.0,10.0,10.0,443.59,303.0,306.17,3.35,5.95,5.95,18.95,19.25,18.92,85.75,89.78,1689.0,1747.0,0.0,0.0,0.0,0.0,0.0,0.0,regular
8479644,2025,Matt Luff,STL,R,all,5,2740.0,68.0,0.78,0.44,0.42,0.47,0.46,0.46,0.45,56.0,4.01,0.4,0.27,0.98,0.17,1.65,1.52,0.36,0.4,0.36,0.0,0.0,5.0,0.0,2.0,7.0,1.0,1.0,1.0,0.0,1.0,0.0,0.0,2.0,4.0,4.0,0.0,0.0,0.0,8.0,2.0,0.0,3.0,1.0,1.0,0.08,0.11,0.21,1.0,0.0,0.0,6.88,5.0,4.93,0.0,0.06,0.11,0.11,0.35,0.35,0.33,68.0,7.0,6.0,8.0,47.0,13.0,8.0,8.0,39.0,0.0,0.0,15401.0,0.0,0.0,0.0,4.0,19.18,1.29,1.24,1.24,1.2,18.0,8.0,9.0,35.0,1.0,1.0,0.0,23.0,1.0,2.0,0.74,0.11,0.44,1.0,0.0,0.0,33.56,26.0,25.05,0.27,0.11,0.11,1.45,1.4,1.37,23.43,1.62,1.61,1.7,1.69,22.0,9.0,9.0,40.0,3.0,1.0,0.0,26.0,3.0,2.0,0.75,0.33,0.55,1.0,1.0,1.0,40.09,31.0,31.42,0.28,0.34,0.34,1.56,1.59,1.59,9.72,13.24,210.0,248.0,0.0,0.0,0.0,0.0,0.0,0.0,regular
8482516,2025,Matthew Kessel,STL,D,all,21,15342.0,346.0,2.17,0.44,0.5,0.46,0.45,0.45,0.45,115.0,15.28,0.68,0.84,4.12,0.47,8.63,6.25,0.59,0.68,0.59,1.0,0.0,11.0,10.0,8.0,29.0,3.0,2.0,1.0,1.0,0.0,0.0,8.0,10.0,9.0,19.0,2.0,4.0,0.0,9.0,1.0,12.0,20.0,0.0,1.0,0.42,0.0,0.26,1.0,0.0,1.0,29.08,21.0,20.97,9.0,0.17,0.04,0.26,0.59,0.58,0.57,346.0,41.0,24.0,52.0,229.0,45.0,69.0,32.0,200.0,0.0,0.0,61262.0,4.0,4.0,2.0,14.0,100.48,8.05,7.78,8.08,7.81,88.0,50.0,50.0,188.0,9.0,8.0,2.0,110.0,20.0,8.0,3.19,2.64,2.23,6.0,2.0,1.0,189.03,138.0,139.25,1.35,1.61,1.61,7.79,7.86,7.75,126.06,10.1,9.67,10.09,9.67,115.0,57.0,53.0,225.0,9.0,11.0,1.0,131.0,32.0,9.0,3.28,4.22,2.6,2.0,5.0,2.0,226.87,172.0,171.95,1.72,2.15,2.15,9.67,9.69,9.56,45.52,45.66,849.0,1056.0,0.0,0.0,0.0,0.0,0.0,0.0,regular
8477573,2025,Nathan Walker,STL,L,all,36,26408.0,621.0,7.29,0.42,0.46,0.42,0.5,0.44,0.49,355.0,38.66,4.56,2.9,9.34,1.33,18.39,13.54,4.31,4.59,4.34,4.0,3.0,34.0,17.0,9.0,60.0,11.0,4.0,5.0,0.0,3.0,0.0,18.0,21.0,30.0,47.0,10.0,24.0,51.0,141.0,3.0,18.0,29.0,15.0,7.0,0.89,1.8,1.87,1.0,3.0,0.0,59.64,51.0,50.81,11.0,0.62,1.08,1.82,3.3,3.34,3.29,621.0,36.0,81.0,99.0,405.0,88.0,101.0,88.0,344.0,51.0,42.0,105274.0,24.0,10.0,5.0,27.0,175.4,15.38,14.86,15.31,14.81,158.0,79.0,81.0,318.0,20.0,19.0,2.0,174.0,45.0,18.0,4.94,5.76,4.69,10.0,7.0,3.0,314.47,237.0,234.96,2.59,3.74,3.67,14.24,14.23,14.07,218.82,20.87,19.75,20.94,19.85,185.0,111.0,143.0,439.0,31.0,22.0,4.0,220.0,55.0,21.0,6.14,6.76,7.97,14.0,8.0,9.0,445.35,296.0,299.66,3.26,5.91,5.91,18.22,18.4,18.1,78.01,89.99,1653.0,1623.0,0.0,0.0,0.0,0.0,0.0,0.0,regular
8475760,2025,Nick Bjugstad,STL,C,all,35,24443.0,587.0,6.76,0.46,0.46,0.43,0.49,0.45,0.49,358.0,57.55,5.55,3.94,12.75,1.91,29.74,23.11,5.35,5.44,5.26,1.0,0.0,54.0,23.0,17.0,94.0,7.0,6.0,8.0,0.0,10.0,0.0,26.0,27.0,48.0,71.0,10.0,25.0,134.0,73.0,3.0,12.0,58.0,11.0,8.0,1.91,1.34,2.29,3.0,2.0,1.0,92.31,77.0,76.17,3.0,0.83,1.28,1.03,5.35,5.32,5.15,587.0,52.0,106.0,112.0,317.0,81.0,90.0,66.0,350.0,134.0,128.0,102684.0,25.0,21.0,9.0,22.0,174.21,14.65,14.06,14.53,13.96,151.0,83.0,82.0,316.0,9.0,18.0,0.0,179.0,38.0,17.0,5.13,4.87,4.65,6.0,2.0,1.0,311.32,234.0,231.0,2.4,3.54,3.54,13.52,13.52,13.09,208.52,17.19,16.5,17.39,16.7,174.0,116.0,130.0,420.0,20.0,18.0,3.0,226.0,50.0,14.0,6.22,6.1,4.87,11.0,4.0,5.0,427.02,290.0,293.49,3.19,3.47,3.47,16.92,17.13,16.76,76.99,90.57,1565.0,1613.0,0.0,0.0,0.0,0.0,0.0,0.0,regular
8476897,2025,Oskar Sundqvist,STL,C,all,42,33352.0,789.0,0.84,0.36,0.48,0.37,0.5,0.38,0.49,360.0,38.56,4.13,2.78,9.36,1.34,19.26,14.13,3.55,4.17,3.59,6.0,4.0,34.0,17.0,10.0,61.0,14.0,4.0,2.0,1.0,8.0,0.0,21.0,16.0,30.0,47.0,8.0,16.0,175.0,49.0,10.0,16.0,38.0,7.0,6.0,1.08,0.97,2.07,2.0,1.0,1.0,60.64,51.0,50.65,6.0,0.65,0.41,1.04,3.74,3.77,3.25,789.0,69.0,173.0,113.0,434.0,103.0,93.0,119.0,474.0,175.0,196.0,119544.0,16.0,12.0,6.0,24.0,200.7,17.61,16.44,17.58,16.41,178.0,99.0,101.0,378.0,19.0,14.0,3.0,213.0,47.0,17.0,6.17,5.61,5.84,11.0,6.0,2.0,373.63,277.0,274.05,3.04,3.18,3.18,17.41,17.37,16.5,324.75,30.77,28.78,30.99,28.98,284.0,160.0,195.0,639.0,39.0,31.0,7.0,330.0,76.0,38.0,8.91,9.77,12.09,14.0,11.0,14.0,643.77,444.0,446.1,5.25,7.61,7.61,28.41,28.53,26.93,90.73,98.45,1806.0,1829.0,0.0,0.0,0.0,0.0,0.0,0.0,regular
8484230,2025,Otto Stenberg,STL,C,all,18,15120.0,365.0,5.45,0.42,0.5,0.43,0.46,0.42,0.46,149.0,25.02,2.78,1.66,5.89,0.89,11.93,9.86,2.67,2.76,2.66,4.0,3.0,17.0,16.0,9.0,42.0,8.0,1.0,2.0,0.0,5.0,0.0,11.0,14.0,16.0,32.0,0.0,0.0,4.0,33.0,2.0,8.0,21.0,9.0,3.0,0.72,1.06,0.99,1.0,0.0,0.0,41.15,33.0,32.88,3.0,0.36,0.7,0.75,2.39,2.37,2.37,365.0,42.0,46.0,57.0,220.0,42.0,67.0,40.0,216.0,4.0,6.0,50421.0,0.0,0.0,0.0,10.0,102.0,8.9,8.66,8.9,8.66,80.0,59.0,60.0,199.0,9.0,9.0,0.0,108.0,23.0,8.0,3.25,2.95,2.7,6.0,3.0,0.0,195.91,139.0,138.8,1.36,1.86,1.86,8.4,8.42,8.33,139.36,12.36,11.63,12.54,11.81,123.0,68.0,71.0,262.0,8.0,21.0,1.0,147.0,27.0,17.0,3.98,3.06,5.32,3.0,3.0,2.0,267.86,191.0,193.74,2.03,4.63,4.63,9.75,9.94,9.73,39.53,39.89,697.0,809.0,0.0,0.0,0.0,0.0,0.0,0.0,regular
8477402,2025,Pavel Buchnevich,STL,L,all,56,61490.0,1291.0,30.44,0.47,0.46,0.51,0.46,0.5,0.46,165.0,116.89,13.34,9.24,24.79,3.94,64.53,45.22,12.72,13.35,12.73,15.0,7.0,105.0,57.0,42.0,204.0,33.0,11.0,7.0,1.0,20.0,0.0,72.0,52.0,94.0,151.0,10.0,18.0,39.0,24.0,20.0,48.0,98.0,51.0,13.0,3.19,5.91,4.25,2.0,6.0,3.0,203.21,162.0,162.26,8.0,2.12,1.33,2.46,12.93,12.91,12.46,1291.0,246.0,210.0,187.0,648.0,134.0,156.0,207.0,794.0,39.0,62.0,142333.0,18.0,18.0,9.0,25.0,522.91,54.27,51.86,54.38,51.97,481.0,237.0,266.0,984.0,55.0,53.0,5.0,513.0,144.0,61.0,15.95,17.19,21.13,16.0,18.0,21.0,983.02,718.0,720.62,8.6,10.41,10.41,52.38,52.5,51.23,531.83,61.53,57.83,61.97,58.26,484.0,242.0,230.0,956.0,70.0,55.0,10.0,513.0,133.0,80.0,14.55,16.46,30.52,25.0,19.0,26.0,965.45,726.0,729.79,8.53,14.31,14.31,55.73,56.17,54.31,89.87,106.71,1933.0,2297.0,0.0,0.0,0.0,0.0,0.0,0.0,regular
8481598,2025,Philip Broberg,STL,D,all,55,75986.0,1516.0,14.82,0.44,0.48,0.42,0.51,0.44,0.5,108.0,78.39,4.65,4.85,21.1,2.75,45.37,34.27,4.46,4.61,4.42,7.0,8.0,71.0,42.0,70.0,183.0,18.0,3.0,13.0,0.0,18.0,0.0,42.0,37.0,68.0,110.0,5.0,10.0,0.0,23.0,18.0,74.0,102.0,8.0,3.0,2.84,0.95,0.86,3.0,0.0,0.0,181.33,113.0,112.08,41.0,1.0,2.03,0.27,5.38,5.34,5.13,1516.0,148.0,280.0,238.0,850.0,214.0,164.0,225.0,913.0,0.0,0.0,124237.0,10.0,24.0,12.0,78.0,537.19,51.08,48.63,50.86,48.42,479.0,248.0,248.0,975.0,49.0,66.0,5.0,527.0,146.0,54.0,16.39,18.01,16.68,23.0,19.0,7.0,968.75,727.0,724.34,7.67,11.68,11.89,46.81,46.72,45.27,688.82,65.84,61.56,66.33,62.06,639.0,303.0,380.0,1322.0,66.0,70.0,8.0,714.0,158.0,70.0,20.38,19.57,25.89,21.0,27.0,18.0,1333.38,942.0,947.65,11.09,17.96,17.96,58.96,59.44,57.34,91.24,99.7,1896.0,1851.0,0.0,0.0,0.0,0.0,0.0,0.0,regular
8480459,2025,Pius Suter,STL,C,all,39,38528.0,861.0,14.53,0.52,0.45,0.5,0.47,0.51,0.47,190.0,72.14,9.68,5.82,16.14,2.53,34.22,25.61,8.94,9.62,8.91,4.0,4.0,62.0,32.0,21.0,115.0,15.0,7.0,9.0,4.0,9.0,0.0,31.0,38.0,55.0,87.0,6.0,12.0,157.0,30.0,9.0,21.0,49.0,33.0,12.0,1.66,4.3,3.72,1.0,3.0,3.0,114.59,94.0,93.98,6.0,1.26,1.87,4.38,6.56,6.59,6.46,861.0,87.0,104.0,132.0,538.0,131.0,109.0,116.0,505.0,157.0,174.0,103495.0,12.0,8.0,4.0,14.0,336.25,31.99,29.72,32.09,29.83,308.0,148.0,142.0,598.0,25.0,48.0,8.0,336.0,83.0,37.0,9.39,10.59,12.01,11.0,6.0,8.0,598.14,456.0,457.96,5.07,9.3,9.09,27.97,28.06,26.78,322.17,29.53,27.91,29.61,28.01,289.0,149.0,165.0,603.0,28.0,27.0,3.0,333.0,71.0,34.0,9.38,9.22,10.93,11.0,8.0,9.0,606.43,438.0,439.59,4.84,6.33,6.38,27.99,28.14,27.19,69.58,85.36,1459.0,1635.0,0.0,0.0,0.0,0.0,0.0,0.0,regular
8477952,2025,Robby Fabbri,STL,C,all,14,10528.0,239.0,2.4,0.4,0.44,0.45,0.46,0.46,0.47,134.0,15.15,1.48,1.09,3.24,0.49,7.57,6.14,1.47,1.46,1.44,3.0,0.0,17.0,3.0,6.0,26.0,4.0,1.0,2.0,0.0,5.0,0.0,6.0,6.0,16.0,19.0,4.0,10.0,4.0,28.0,0.0,4.0,11.0,9.0,0.0,0.43,1.05,0.0,0.0,1.0,0.0,25.54,20.0,19.94,1.0,0.23,0.19,0.32,1.4,1.38,1.38,239.0,22.0,26.0,43.0,148.0,51.0,35.0,26.0,127.0,4.0,2.0,39872.0,10.0,6.0,3.0,8.0,70.46,4.66,4.6,4.58,4.53,69.0,27.0,36.0,132.0,4.0,5.0,1.0,78.0,17.0,1.0,2.42,1.99,0.25,1.0,3.0,0.0,129.28,96.0,94.99,0.96,0.59,0.59,5.03,4.96,4.93,83.01,6.88,6.67,7.14,6.91,70.0,42.0,50.0,162.0,7.0,7.0,1.0,87.0,17.0,8.0,2.65,1.97,2.27,3.0,3.0,1.0,169.03,112.0,115.91,1.19,1.76,1.76,6.31,6.53,6.43,27.61,34.8,548.0,634.0,0.0,0.0,0.0,0.0,0.0,0.0,regular
8480023,2025,Robert Thomas,STL,C,all,42,47780.0,1005.0,29.03,0.49,0.45,0.5,0.44,0.49,0.45,104.0,62.37,7.19,4.45,13.05,2.05,33.41,24.84,6.99,7.13,6.93,14.0,8.0,60.0,25.0,36.0,121.0,33.0,11.0,5.0,1.0,3.0,0.0,38.0,28.0,49.0,74.0,5.0,12.0,379.0,7.0,22.0,58.0,61.0,16.0,8.0,2.27,2.0,2.92,6.0,1.0,4.0,121.84,85.0,85.57,16.0,0.99,1.18,0.86,7.32,7.25,7.12,1005.0,188.0,198.0,138.0,481.0,96.0,109.0,169.0,631.0,379.0,346.0,104743.0,12.0,12.0,6.0,23.0,384.43,42.08,39.69,41.9,39.53,342.0,183.0,209.0,734.0,45.0,38.0,3.0,367.0,116.0,42.0,11.68,14.24,16.17,16.0,15.0,14.0,735.66,525.0,527.93,6.37,7.25,7.25,41.2,41.1,39.55,400.6,43.89,41.16,43.99,41.27,373.0,177.0,177.0,727.0,47.0,34.0,5.0,396.0,100.0,54.0,11.12,12.37,20.39,18.0,12.0,17.0,729.75,550.0,549.66,6.48,9.32,9.27,41.03,41.07,39.38,64.66,78.24,1375.0,1739.0,0.0,0.0,0.0,0.0,0.0,0.0,regular
8481006,2025,Tyler Tucker,STL,D,all,51,43385.0,974.0,11.45,0.41,0.47,0.47,0.48,0.46,0.48,268.0,53.43,1.84,2.6,15.64,1.79,30.45,22.68,1.82,1.86,1.85,3.0,6.0,56.0,19.0,46.0,121.0,12.0,3.0,1.0,0.0,15.0,0.0,25.0,31.0,53.0,72.0,19.0,58.0,0.0,74.0,7.0,42.0,72.0,3.0,0.0,1.44,0.4,0.0,2.0,1.0,0.0,121.42,75.0,75.33,31.0,0.52,0.18,0.07,2.3,2.33,2.31,974.0,70.0,99.0,155.0,650.0,139.0,151.0,129.0,555.0,0.0,0.0,142138.0,58.0,44.0,13.0,38.0,318.07,24.27,23.33,24.46,23.53,286.0,148.0,159.0,593.0,31.0,27.0,2.0,344.0,68.0,22.0,9.76,8.36,6.15,18.0,10.0,3.0,590.68,434.0,435.69,4.18,4.77,4.77,23.68,23.95,23.66,371.7,35.55,34.2,35.89,34.52,313.0,193.0,175.0,681.0,56.0,38.0,9.0,366.0,98.0,42.0,10.23,11.84,13.47,23.0,14.0,19.0,694.0,506.0,512.3,5.64,8.28,8.28,32.91,33.22,32.4,104.88,118.57,2080.0,2258.0,0.0,0.0,0.0,0.0,0.0,0.0,regular
8478519,2025,Anthony Cirelli,TBL,C,all,49,51329.0,1097.0,43.43,0.55,0.55,0.53,0.53,0.53,0.53,232.0,103.05,15.66,8.56,22.8,3.63,48.39,37.96,14.51,15.82,14.68,9.0,11.0,90.0,47.0,27.0,164.0,35.0,15.0,15.0,3.0,11.0,0.0,46.0,50.0,75.0,122.0,8.0,19.0,347.0,32.0,21.0,34.0,70.0,42.0,25.0,2.51,5.32,7.84,5.0,6.0,4.0,165.68,137.0,138.24,10.0,1.96,3.76,5.57,12.05,12.2,11.77,1097.0,171.0,204.0,155.0,567.0,165.0,131.0,185.0,616.0,347.0,374.0,127624.0,19.0,21.0,9.0,30.0,504.85,65.99,58.92,66.68,59.59,446.0,245.0,250.0,941.0,62.0,72.0,9.0,455.0,157.0,79.0,14.9,19.47,31.63,22.0,23.0,17.0,954.83,691.0,700.42,8.33,15.8,15.8,58.52,59.17,55.56,459.93,53.51,49.58,53.34,49.41,421.0,200.0,223.0,844.0,38.0,68.0,8.0,422.0,134.0,65.0,13.01,16.44,24.07,6.0,11.0,21.0,836.71,621.0,618.51,8.19,14.7,14.9,46.81,46.69,44.83,108.53,87.95,2030.0,1770.0,0.0,0.0,0.0,0.0,0.0,0.0,regular
8479383,2025,Boris Katchouk,TBL,L,all,3,2194.0,49.0,0.75,0.56,0.6,0.57,0.54,0.58,0.57,25.0,0.91,0.15,0.1,0.29,0.04,0.23,0.18,0.15,0.13,0.13,0.0,0.0,0.0,1.0,0.0,1.0,0.0,0.0,0.0,0.0,0.0,0.0,0.0,1.0,0.0,1.0,0.0,0.0,7.0,5.0,0.0,0.0,0.0,1.0,0.0,0.0,0.15,0.0,0.0,0.0,0.0,0.85,1.0,0.88,0.0,0.02,0.0,0.0,0.17,0.15,0.15,49.0,9.0,5.0,8.0,27.0,11.0,6.0,6.0,26.0,7.0,12.0,8606.0,0.0,0.0,0.0,2.0,22.53,2.42,2.21,2.34,2.13,17.0,11.0,8.0,36.0,1.0,2.0,0.0,17.0,9.0,2.0,0.55,1.36,0.5,1.0,0.0,0.0,34.84,28.0,27.42,0.33,0.32,0.32,2.42,2.34,2.18,14.27,1.9,1.85,1.93,1.89,10.0,10.0,7.0,27.0,1.0,1.0,0.0,16.0,1.0,3.0,0.46,0.14,1.3,0.0,0.0,1.0,27.62,20.0,20.3,0.19,0.01,0.01,2.08,2.12,2.07,10.29,6.98,143.0,121.0,0.0,0.0,0.0,0.0,0.0,0.0,regular
8479542,2025,Brandon Hagel,TBL,L,all,48,56442.0,1109.0,63.57,0.6,0.52,0.56,0.52,0.57,0.51,145.0,168.24,23.73,12.02,36.33,5.49,85.62,63.81,22.23,24.05,22.53,18.0,8.0,143.0,84.0,91.0,318.0,52.0,26.0,19.0,3.0,32.0,0.0,73.0,77.0,117.0,201.0,15.0,32.0,21.0,38.0,22.0,48.0,142.0,64.0,21.0,5.13,8.23,10.36,8.0,10.0,8.0,324.84,227.0,231.56,10.0,2.69,3.31,2.83,23.59,23.88,22.7,1109.0,172.0,177.0,134.0,626.0,193.0,153.0,198.0,565.0,21.0,26.0,118911.0,32.0,42.0,21.0,28.0,612.92,77.89,70.1,78.67,70.87,529.0,304.0,287.0,1120.0,70.0,81.0,6.0,556.0,193.0,84.0,18.1,24.32,35.46,22.0,28.0,20.0,1138.51,833.0,844.95,10.33,16.1,16.1,72.12,72.92,68.45,470.59,52.28,48.65,52.15,48.51,428.0,208.0,231.0,867.0,36.0,54.0,6.0,438.0,143.0,55.0,13.99,17.69,20.59,10.0,9.0,17.0,858.71,636.0,632.86,7.9,11.02,11.02,49.16,49.02,46.58,93.66,87.97,1802.0,1695.0,0.0,0.0,0.0,0.0,0.0,0.0,regular
8478010,2025,Brayden Point,TBL,C,all,37,40040.0,757.0,28.69,0.63,0.5,0.59,0.48,0.58,0.48,157.0,84.52,10.89,6.95,17.26,3.1,44.92,28.88,10.42,11.04,10.55,10.0,9.0,82.0,30.0,31.0,143.0,30.0,11.0,17.0,1.0,18.0,0.0,34.0,32.0,71.0,101.0,4.0,8.0,173.0,4.0,5.0,22.0,61.0,40.0,11.0,2.01,4.99,3.89,4.0,4.0,3.0,145.36,112.0,113.1,6.0,1.71,3.12,2.29,10.3,10.43,10.11,757.0,200.0,59.0,92.0,406.0,95.0,111.0,127.0,424.0,173.0,204.0,94513.0,8.0,14.0,7.0,13.0,418.74,48.4,43.91,48.69,44.2,365.0,204.0,208.0,777.0,55.0,45.0,3.0,381.0,142.0,46.0,12.15,17.23,19.01,19.0,21.0,15.0,785.85,569.0,574.14,7.52,10.64,10.64,45.27,45.64,43.56,301.54,28.19,26.53,28.16,26.52,291.0,121.0,122.0,534.0,29.0,34.0,3.0,316.0,66.0,30.0,9.69,8.21,10.29,11.0,7.0,11.0,528.83,412.0,409.78,3.92,7.09,7.09,25.01,25.09,24.26,80.16,79.15,1374.0,1504.0,0.0,0.0,0.0,0.0,0.0,0.0,regular
8480426,2025,Charle-Edouard D'Astous,TBL,D,all,43,50028.0,1032.0,20.45,0.55,0.56,0.54,0.54,0.54,0.54,152.0,52.85,2.89,3.37,14.52,1.85,30.28,22.08,2.62,2.98,2.7,3.0,11.0,52.0,23.0,49.0,124.0,17.0,3.0,10.0,0.0,12.0,0.0,19.0,31.0,49.0,72.0,22.0,47.0,0.0,53.0,14.0,37.0,67.0,6.0,2.0,1.72,0.67,0.49,2.0,1.0,0.0,127.33,75.0,76.7,24.0,0.73,2.16,0.65,2.96,3.02,2.88,1032.0,116.0,87.0,177.0,652.0,156.0,116.0,148.0,612.0,0.0,0.0,106730.0,47.0,21.0,9.0,45.0,426.47,43.92,41.11,44.8,41.93,379.0,199.0,217.0,795.0,42.0,60.0,4.0,395.0,134.0,49.0,11.82,16.75,15.35,11.0,22.0,9.0,813.66,578.0,588.2,6.63,12.83,12.93,37.63,38.37,37.19,361.37,35.98,34.25,35.65,33.95,323.0,170.0,175.0,668.0,43.0,38.0,5.0,372.0,77.0,44.0,11.66,9.36,14.97,20.0,10.0,13.0,655.28,493.0,486.88,5.11,7.22,7.22,33.88,33.69,32.6,110.29,85.55,1799.0,1553.0,0.0,0.0,0.0,0.0,0.0,0.0,regular
8483447,2025,Conor Geekie,TBL,C,all,6,3609.0,88.0,1.02,0.53,0.52,0.52,0.45,0.51,0.44,61.0,6.78,1.13,0.33,1.46,0.2,3.31,2.57,0.94,1.11,0.92,0.0,1.0,5.0,4.0,3.0,12.0,1.0,0.0,0.0,0.0,2.0,0.0,1.0,6.0,5.0,9.0,2.0,4.0,8.0,15.0,0.0,5.0,7.0,0.0,2.0,0.19,0.0,0.94,0.0,0.0,0.0,11.67,9.0,8.63,2.0,0.07,0.0,0.0,1.21,1.19,0.99,88.0,17.0,11.0,13.0,47.0,15.0,14.0,9.0,50.0,8.0,13.0,18286.0,4.0,2.0,1.0,5.0,27.27,2.36,2.17,2.37,2.18,21.0,16.0,16.0,53.0,2.0,1.0,0.0,32.0,2.0,3.0,0.8,0.35,1.21,2.0,0.0,0.0,53.53,37.0,37.19,0.33,0.03,0.03,2.66,2.68,2.48,25.76,2.1,2.05,2.05,1.99,21.0,15.0,12.0,48.0,2.0,3.0,0.0,30.0,3.0,3.0,0.81,0.35,0.94,2.0,0.0,0.0,47.68,36.0,35.86,0.31,0.94,0.94,1.47,1.45,1.42,17.48,15.92,277.0,339.0,0.0,0.0,0.0,0.0,0.0,0.0,regular
8480876,2025,Curtis Douglas,TBL,C,all,27,9671.0,244.0,3.38,0.58,0.54,0.53,0.52,0.55,0.52,319.0,19.41,1.83,1.4,4.68,0.74,9.64,7.71,1.58,1.81,1.55,2.0,0.0,15.0,11.0,5.0,31.0,2.0,0.0,3.0,0.0,2.0,0.0,12.0,9.0,15.0,26.0,12.0,45.0,2.0,29.0,3.0,9.0,19.0,4.0,3.0,0.52,0.42,0.89,0.0,0.0,0.0,31.8,26.0,26.44,2.0,0.3,0.3,0.65,1.48,1.48,1.25,244.0,37.0,12.0,62.0,133.0,37.0,36.0,24.0,147.0,2.0,2.0,87927.0,45.0,39.0,9.0,6.0,79.08,6.72,5.95,6.77,5.99,68.0,39.0,27.0,134.0,5.0,13.0,1.0,81.0,19.0,7.0,2.28,2.19,2.24,2.0,3.0,0.0,135.71,107.0,107.72,1.02,2.59,2.59,5.15,5.2,4.84,65.44,4.83,4.76,4.75,4.68,59.0,29.0,29.0,117.0,4.0,9.0,0.0,69.0,15.0,4.0,2.1,1.63,1.11,2.0,2.0,0.0,114.3,88.0,86.32,0.82,1.6,1.6,4.04,4.01,3.96,92.45,77.85,1472.0,1350.0,0.0,0.0,0.0,0.0,0.0,0.0,regular
8478178,2025,Darren Raddysh,TBL,D,all,47,63561.0,1088.0,55.55,0.63,0.5,0.61,0.49,0.61,0.48,96.0,131.0,9.73,8.56,32.26,4.33,80.44,53.7,8.85,9.74,8.86,16.0,17.0,124.0,65.0,88.0,277.0,49.0,16.0,10.0,0.0,26.0,0.0,71.0,66.0,108.0,173.0,10.0,23.0,0.0,46.0,9.0,51.0,164.0,16.0,9.0,4.07,1.86,3.8,7.0,3.0,6.0,278.39,189.0,189.31,24.0,2.01,2.2,0.71,11.04,11.04,10.11,1088.0,163.0,123.0,152.0,650.0,121.0,126.0,196.0,645.0,0.0,0.0,108113.0,23.0,13.0,5.0,46.0,701.11,84.12,76.17,84.73,76.75,603.0,352.0,328.0,1283.0,83.0,89.0,8.0,658.0,201.0,96.0,20.46,24.43,39.22,30.0,20.0,33.0,1299.11,955.0,963.17,11.76,20.15,20.15,75.73,76.33,71.87,458.68,50.05,45.96,49.86,45.77,397.0,222.0,200.0,819.0,40.0,55.0,8.0,443.0,120.0,56.0,13.0,14.76,22.28,16.0,8.0,16.0,809.15,619.0,614.8,6.78,12.08,12.08,44.75,44.59,42.38,83.84,85.26,1584.0,1652.0,0.0,0.0,0.0,0.0,0.0,0.0,regular
8483398,2025,Declan Carlile,TBL,D,all,32,27588.0,598.0,4.87,0.47,0.57,0.48,0.55,0.46,0.55,171.0,27.26,1.27,1.44,8.22,0.9,15.37,10.8,1.24,1.29,1.26,0.0,2.0,27.0,11.0,35.0,73.0,3.0,1.0,2.0,0.0,10.0,0.0,16.0,9.0,26.0,37.0,9.0,21.0,0.0,31.0,5.0,16.0,33.0,5.0,0.0,0.77,0.5,0.0,1.0,0.0,0.0,75.16,38.0,38.48,12.0,0.3,0.15,0.17,1.4,1.42,1.4,598.0,49.0,46.0,94.0,409.0,67.0,94.0,61.0,376.0,0.0,0.0,89682.0,21.0,19.0,8.0,24.0,185.25,15.35,14.86,15.75,15.26,164.0,86.0,125.0,375.0,17.0,19.0,2.0,183.0,57.0,10.0,6.07,6.81,2.45,9.0,7.0,1.0,388.27,250.0,255.32,2.54,3.1,3.35,14.53,14.82,14.58,218.75,17.55,17.0,17.43,16.88,200.0,94.0,112.0,406.0,16.0,24.0,0.0,224.0,55.0,15.0,6.69,6.93,3.92,8.0,7.0,1.0,398.72,294.0,291.31,3.0,4.28,4.28,16.26,16.16,15.81,99.39,75.53,1560.0,1259.0,0.0,0.0,0.0,0.0,0.0,0.0,regular
8483752,2025,Dominic James,TBL,C,all,38,27406.0,572.0,15.97,0.54,0.58,0.55,0.55,0.53,0.55,364.0,54.26,4.55,3.65,12.87,1.8,29.09,21.05,4.36,4.56,4.37,7.0,0.0,46.0,27.0,26.0,99.0,12.0,5.0,4.0,1.0,9.0,0.0,30.0,25.0,41.0,68.0,3.0,6.0,111.0,52.0,9.0,37.0,49.0,22.0,2.0,1.58,2.54,0.43,3.0,1.0,1.0,99.54,73.0,73.11,12.0,0.76,0.79,1.09,4.22,4.23,4.11,572.0,89.0,41.0,95.0,347.0,112.0,75.0,73.0,312.0,111.0,119.0,111352.0,6.0,18.0,9.0,13.0,217.01,18.95,17.8,19.18,18.0,189.0,110.0,133.0,432.0,18.0,33.0,4.0,219.0,64.0,16.0,6.58,7.41,4.95,7.0,6.0,5.0,437.67,299.0,300.97,3.16,5.99,5.99,16.11,16.22,15.74,197.49,15.91,15.49,15.87,15.45,177.0,89.0,93.0,359.0,14.0,21.0,0.0,207.0,47.0,12.0,6.29,6.25,3.37,9.0,5.0,0.0,355.83,266.0,265.17,2.69,3.68,3.68,14.92,14.91,14.69,119.82,86.78,1922.0,1574.0,0.0,0.0,0.0,0.0,0.0,0.0,regular
8482929,2025,Emil Lilleberg,TBL,D,all,32,33300.0,718.0,8.65,0.45,0.58,0.46,0.54,0.47,0.54,141.0,32.31,1.49,1.81,9.44,1.03,17.88,13.36,1.42,1.48,1.41,3.0,1.0,24.0,21.0,17.0,62.0,6.0,2.0,3.0,0.0,3.0,0.0,19.0,18.0,22.0,43.0,17.0,43.0,0.0,53.0,5.0,25.0,40.0,5.0,0.0,0.91,0.59,0.0,1.0,1.0,0.0,62.48,45.0,45.31,14.0,0.37,0.67,0.17,1.7,1.69,1.62,718.0,71.0,89.0,121.0,437.0,88.0,96.0,89.0,445.0,0.0,0.0,82786.0,43.0,33.0,11.0,33.0,255.66,24.36,23.17,24.73,23.5,238.0,106.0,116.0,460.0,27.0,34.0,2.0,247.0,72.0,25.0,7.63,8.74,8.0,9.0,13.0,5.0,470.96,344.0,350.76,3.39,6.33,6.32,21.43,21.7,21.23,290.0,30.15,28.43,30.05,28.36,264.0,127.0,141.0,532.0,25.0,38.0,4.0,276.0,75.0,40.0,7.88,9.31,12.96,8.0,6.0,11.0,526.32,391.0,388.92,4.49,8.92,8.92,25.72,25.78,25.27,89.55,63.57,1453.0,1221.0,0.0,0.0,0.0,0.0,0.0,0.0,regular
8478416,2025,Erik Cernak,TBL,D,all,34,37458.0,859.0,5.25,0.47,0.6,0.42,0.57,0.41,0.58,136.0,30.36,1.11,1.67,9.46,1.02,18.3,12.44,1.08,1.12,1.09,2.0,4.0,28.0,16.0,24.0,68.0,6.0,0.0,3.0,0.0,9.0,0.0,18.0,14.0,28.0,44.0,13.0,31.0,0.0,69.0,6.0,32.0,42.0,2.0,0.0,0.93,0.18,0.0,0.0,0.0,0.0,69.24,44.0,44.87,21.0,0.34,0.52,0.0,1.45,1.47,1.43,859.0,64.0,164.0,147.0,484.0,74.0,76.0,100.0,609.0,0.0,0.0,86792.0,31.0,9.0,3.0,63.0,241.26,28.9,27.13,29.41,27.6,200.0,134.0,142.0,476.0,27.0,25.0,1.0,233.0,70.0,31.0,6.95,8.59,13.36,8.0,14.0,5.0,486.15,334.0,339.75,3.45,5.52,5.28,27.07,27.5,26.05,346.02,33.19,30.77,33.04,30.63,315.0,161.0,191.0,667.0,36.0,33.0,5.0,353.0,91.0,32.0,10.93,10.85,11.41,17.0,11.0,8.0,660.63,476.0,471.85,5.79,6.93,6.93,32.04,31.96,30.34,92.75,62.42,1566.0,1166.0,0.0,0.0,0.0,0.0,0.0,0.0,regular
8482201,2025,Gage Goncalves,TBL,C,all,49,35766.0,768.0,18.08,0.58,0.56,0.54,0.53,0.53,0.53,446.0,47.92,5.89,3.45,10.01,1.51,25.26,17.88,5.73,5.92,5.75,2.0,8.0,42.0,22.0,20.0,84.0,16.0,6.0,5.0,0.0,8.0,0.0,22.0,23.0,36.0,58.0,8.0,19.0,6.0,51.0,11.0,38.0,37.0,19.0,8.0,1.49,2.24,2.16,1.0,3.0,2.0,85.33,64.0,64.87,12.0,0.76,0.74,1.29,5.36,5.42,5.3,768.0,125.0,53.0,136.0,454.0,146.0,115.0,113.0,394.0,6.0,13.0,142887.0,19.0,20.0,10.0,19.0,300.16,28.55,26.96,28.9,27.27,263.0,146.0,166.0,575.0,36.0,42.0,3.0,283.0,97.0,29.0,9.05,11.18,8.32,15.0,16.0,5.0,582.54,409.0,413.15,4.56,6.89,6.88,26.23,26.46,25.53,268.48,21.08,20.34,21.09,20.34,233.0,133.0,129.0,495.0,19.0,32.0,2.0,292.0,56.0,18.0,8.75,7.19,5.13,13.0,4.0,2.0,489.28,366.0,363.92,3.52,5.39,5.39,19.21,19.2,18.8,148.42,118.0,2366.0,2129.0,0.0,0.0,0.0,0.0,0.0,0.0,regular
8482655,2025,J.J. Moser,TBL,D,all,51,68172.0,1296.0,39.7,0.52,0.58,0.51,0.55,0.51,0.55,119.0,79.67,5.13,4.3,23.36,2.7,44.92,33.59,4.44,5.19,4.5,5.0,8.0,74.0,40.0,51.0,165.0,18.0,5.0,7.0,0.0,16.0,0.0,58.0,28.0,69.0,109.0,10.0,20.0,0.0,39.0,16.0,51.0,104.0,7.0,3.0,2.76,0.8,1.56,4.0,1.0,0.0,168.47,114.0,115.78,36.0,0.9,1.67,1.32,4.7,4.79,4.17,1296.0,119.0,189.0,204.0,784.0,187.0,140.0,206.0,763.0,0.0,0.0,117981.0,20.0,32.0,16.0,68.0,612.68,66.26,62.24,67.1,63.04,530.0,311.0,294.0,1135.0,68.0,77.0,8.0,611.0,158.0,72.0,19.7,18.85,27.71,29.0,22.0,17.0,1156.38,841.0,854.01,8.38,14.79,14.55,60.1,60.97,58.4,601.09,61.83,56.49,61.32,56.01,527.0,284.0,262.0,1073.0,43.0,75.0,8.0,577.0,171.0,63.0,17.85,21.45,22.53,13.0,14.0,16.0,1058.19,811.0,802.77,9.87,15.48,15.48,56.22,55.85,52.76,117.89,84.53,1955.0,1619.0,0.0,0.0,0.0,0.0,0.0,0.0,regular
8482090,2025,Jack Finley,TBL,C,all,20,10243.0,270.0,1.65,0.51,0.58,0.47,0.55,0.46,0.55,222.0,10.81,1.77,0.79,2.34,0.37,5.64,4.08,1.59,1.77,1.59,0.0,1.0,10.0,5.0,1.0,16.0,3.0,2.0,6.0,1.0,0.0,0.0,3.0,4.0,8.0,13.0,8.0,21.0,74.0,33.0,0.0,5.0,8.0,5.0,2.0,0.36,0.56,0.85,0.0,1.0,1.0,16.19,15.0,15.09,3.0,0.17,1.81,0.85,1.09,1.11,1.04,270.0,47.0,45.0,42.0,136.0,31.0,30.0,40.0,169.0,74.0,84.0,62873.0,21.0,9.0,3.0,4.0,69.8,7.11,6.39,7.1,6.36,60.0,35.0,35.0,130.0,5.0,10.0,1.0,67.0,18.0,10.0,1.99,2.08,3.04,1.0,3.0,1.0,130.93,95.0,95.03,1.0,2.89,2.89,5.22,5.2,4.86,80.4,6.75,6.5,6.81,6.56,63.0,47.0,37.0,147.0,3.0,8.0,0.0,86.0,18.0,6.0,2.23,2.27,2.25,1.0,1.0,1.0,149.24,110.0,111.66,1.02,1.71,1.71,6.06,6.18,6.0,61.54,43.7,1067.0,867.0,0.0,0.0,0.0,0.0,0.0,0.0,regular
8477404,2025,Jake Guentzel,TBL,C,all,53,64981.0,1163.0,58.6,0.64,0.5,0.6,0.49,0.6,0.49,139.0,162.99,24.71,13.79,34.23,5.34,78.23,52.69,21.11,24.86,21.24,18.0,15.0,140.0,69.0,43.0,252.0,57.0,24.0,30.0,5.0,21.0,0.0,81.0,53.0,116.0,185.0,10.0,23.0,107.0,22.0,18.0,48.0,100.0,84.0,25.0,3.88,10.58,10.26,5.0,14.0,5.0,254.95,209.0,210.14,13.0,3.32,6.19,8.29,19.76,19.89,18.59,1163.0,247.0,114.0,162.0,640.0,161.0,148.0,221.0,633.0,107.0,117.0,128372.0,23.0,35.0,16.0,30.0,711.74,84.03,76.82,84.5,77.25,615.0,351.0,332.0,1298.0,89.0,88.0,11.0,633.0,252.0,81.0,20.21,31.25,32.57,29.0,33.0,27.0,1310.57,966.0,971.89,13.05,18.73,18.73,78.35,78.72,74.81,475.74,48.03,45.3,47.86,45.16,436.0,216.0,208.0,860.0,53.0,57.0,7.0,483.0,117.0,52.0,14.8,14.45,18.78,19.0,16.0,18.0,850.81,652.0,647.83,6.85,10.85,10.65,44.23,44.1,42.63,104.67,104.74,1895.0,1963.0,0.0,0.0,0.0,0.0,0.0,0.0,regular
8481592,2025,Jakob Pelletier,TBL,L,all,2,1085.0,31.0,0.21,0.67,0.5,0.5,0.48,0.58,0.46,23.0,2.36,0.11,0.12,0.47,0.06,1.05,1.19,0.11,0.12,0.12,0.0,0.0,0.0,3.0,0.0,3.0,0.0,0.0,0.0,0.0,0.0,0.0,2.0,1.0,0.0,3.0,0.0,0.0,1.0,3.0,0.0,1.0,2.0,1.0,0.0,0.03,0.09,0.0,0.0,0.0,0.0,3.31,3.0,3.3,0.0,0.02,0.0,0.0,0.14,0.15,0.15,31.0,4.0,4.0,10.0,13.0,4.0,4.0,4.0,19.0,1.0,0.0,6115.0,0.0,0.0,0.0,2.0,7.87,0.4,0.4,0.41,0.41,5.0,6.0,2.0,13.0,0.0,1.0,0.0,9.0,2.0,0.0,0.16,0.24,0.0,0.0,0.0,0.0,12.83,11.0,11.09,0.09,0.15,0.15,0.34,0.36,0.35,6.2,0.2,0.2,0.19,0.19,6.0,2.0,5.0,13.0,0.0,0.0,0.0,7.0,1.0,0.0,0.09,0.11,0.0,0.0,0.0,0.0,12.77,8.0,7.85,0.05,0.0,0.0,0.25,0.24,0.24,5.56,5.65,93.0,100.0,0.0,0.0,0.0,0.0,0.0,0.0,regular
8481719,2025,Max Crozier,TBL,D,all,34,32634.0,673.0,13.65,0.48,0.55,0.51,0.54,0.5,0.54,165.0,43.8,1.83,2.26,11.88,1.43,25.31,19.29,1.77,1.84,1.79,4.0,5.0,44.0,18.0,36.0,98.0,10.0,1.0,6.0,0.0,10.0,0.0,23.0,22.0,43.0,61.0,12.0,30.0,0.0,38.0,5.0,18.0,58.0,3.0,1.0,1.26,0.3,0.27,1.0,0.0,0.0,99.69,62.0,63.08,13.0,0.46,1.5,0.27,2.01,2.02,1.97,673.0,62.0,56.0,90.0,465.0,88.0,115.0,90.0,380.0,0.0,0.0,91812.0,30.0,18.0,6.0,31.0,256.78,22.97,21.91,23.52,22.4,216.0,132.0,133.0,481.0,23.0,35.0,3.0,251.0,74.0,23.0,8.15,8.81,6.01,10.0,11.0,2.0,492.24,348.0,354.48,3.54,6.5,6.76,19.75,20.09,19.67,257.96,24.69,23.48,24.8,23.57,236.0,108.0,122.0,466.0,22.0,30.0,1.0,245.0,71.0,28.0,7.15,9.03,8.51,5.0,10.0,7.0,462.61,344.0,342.45,3.87,6.54,6.54,22.03,22.17,21.61,93.3,75.08,1562.0,1328.0,0.0,0.0,0.0,0.0,0.0,0.0,regular
8482168,2025,Maxim Groshev,TBL,D,all,2,1380.0,30.0,-0.22,0.25,0.53,0.3,0.42,0.32,0.46,12.0,0.63,0.01,0.04,0.15,0.02,0.45,0.34,0.01,0.01,0.01,0.0,1.0,1.0,0.0,0.0,1.0,1.0,0.0,0.0,0.0,0.0,0.0,1.0,0.0,1.0,1.0,0.0,0.0,0.0,0.0,0.0,1.0,1.0,0.0,0.0,0.01,0.0,0.0,0.0,0.0,0.0,1.13,1.0,1.05,1.0,0.01,0.0,0.0,0.02,0.02,0.02,30.0,0.0,7.0,4.0,19.0,2.0,9.0,1.0,18.0,0.0,0.0,6120.0,0.0,0.0,0.0,1.0,9.26,0.91,0.86,0.91,0.85,10.0,3.0,3.0,16.0,1.0,2.0,1.0,10.0,2.0,1.0,0.35,0.25,0.31,0.0,0.0,1.0,16.55,13.0,13.02,0.13,0.47,0.47,0.56,0.55,0.54,22.19,2.7,2.32,2.75,2.37,21.0,7.0,9.0,37.0,0.0,4.0,0.0,15.0,11.0,2.0,0.44,1.44,0.82,0.0,0.0,0.0,37.17,28.0,28.05,0.3,1.14,1.14,1.85,1.91,1.79,6.63,5.82,84.0,114.0,0.0,0.0,0.0,0.0,0.0,0.0,regular
8482070,2025,Mitchell Chaffee,TBL,R,all,7,3986.0,95.0,0.84,0.62,0.49,0.54,0.47,0.53,0.45,69.0,7.09,0.9,0.51,1.61,0.22,3.34,2.42,0.8,0.91,0.8,0.0,0.0,8.0,1.0,1.0,10.0,0.0,0.0,2.0,0.0,3.0,0.0,2.0,2.0,8.0,9.0,2.0,4.0,1.0,19.0,0.0,5.0,4.0,4.0,1.0,0.1,0.55,0.25,0.0,0.0,0.0,10.02,9.0,9.02,2.0,0.11,0.33,0.55,0.45,0.47,0.45,95.0,14.0,7.0,16.0,58.0,17.0,17.0,5.0,56.0,1.0,2.0,21509.0,4.0,4.0,2.0,2.0,34.63,3.9,3.28,3.9,3.29,26.0,20.0,18.0,64.0,0.0,6.0,0.0,34.0,7.0,5.0,0.95,0.94,2.0,0.0,0.0,0.0,64.26,46.0,46.23,0.48,1.25,1.25,3.12,3.14,2.72,28.98,2.42,2.38,2.41,2.38,27.0,13.0,14.0,54.0,0.0,4.0,0.0,30.0,6.0,4.0,0.66,0.68,1.08,0.0,0.0,0.0,54.77,40.0,40.69,0.37,0.94,0.94,1.85,1.89,1.87,18.79,19.22,339.0,381.0,0.0,0.0,0.0,0.0,0.0,0.0,regular
8477426,2025,Nick Paul,TBL,L,all,34,28946.0,607.0,12.53,0.52,0.55,0.54,0.54,0.52,0.54,251.0,57.16,6.64,4.54,13.15,2.07,28.99,20.61,6.23,6.74,6.33,2.0,4.0,48.0,28.0,17.0,93.0,12.0,6.0,8.0,2.0,14.0,0.0,26.0,22.0,42.0,70.0,6.0,18.0,202.0,42.0,7.0,20.0,47.0,21.0,8.0,1.55,2.75,2.34,0.0,4.0,2.0,94.39,76.0,76.54,7.0,1.05,1.5,2.83,4.86,4.9,4.78,607.0,113.0,82.0,108.0,304.0,94.0,76.0,92.0,345.0,202.0,169.0,95524.0,18.0,18.0,6.0,16.0,238.82,22.6,21.16,22.97,21.51,215.0,107.0,143.0,465.0,19.0,30.0,3.0,226.0,72.0,24.0,6.78,8.58,7.25,4.0,9.0,6.0,472.28,322.0,324.96,3.83,5.81,5.81,20.63,20.84,19.9,217.02,20.87,19.5,20.6,19.24,203.0,89.0,111.0,403.0,24.0,22.0,3.0,211.0,57.0,24.0,6.23,6.97,7.67,13.0,7.0,4.0,392.64,292.0,287.58,2.97,5.12,5.12,18.73,18.55,17.99,98.37,79.21,1610.0,1356.0,0.0,0.0,0.0,0.0,0.0,0.0,regular
8476453,2025,Nikita Kucherov,TBL,R,all,49,59716.0,1050.0,83.08,0.67,0.45,0.63,0.46,0.64,0.45,123.0,180.43,24.82,11.53,40.07,6.09,98.56,67.94,23.72,24.98,23.87,34.0,24.0,146.0,103.0,102.0,351.0,86.0,28.0,12.0,0.0,29.0,0.0,96.0,84.0,118.0,221.0,10.0,22.0,0.0,19.0,12.0,81.0,176.0,49.0,24.0,6.26,5.85,12.72,8.0,10.0,10.0,355.67,249.0,251.79,8.0,2.66,1.77,1.66,25.83,26.01,25.01,1050.0,230.0,75.0,117.0,628.0,154.0,166.0,218.0,512.0,0.0,2.0,119021.0,22.0,34.0,17.0,20.0,737.95,93.9,87.82,94.52,88.43,638.0,367.0,311.0,1316.0,105.0,75.0,6.0,660.0,252.0,93.0,21.71,30.94,41.24,32.0,39.0,34.0,1333.73,1005.0,1016.34,13.12,15.62,15.62,91.4,92.11,87.14,424.08,46.84,43.73,46.99,43.91,384.0,188.0,188.0,760.0,43.0,54.0,7.0,401.0,119.0,52.0,13.06,14.56,19.23,18.0,8.0,17.0,757.24,572.0,572.25,5.89,11.79,11.79,40.93,41.21,39.52,77.26,96.1,1590.0,1864.0,0.0,0.0,0.0,0.0,0.0,0.0,regular
8477416,2025,Oliver Bjorkstrand,TBL,R,all,53,44512.0,862.0,24.63,0.67,0.52,0.61,0.51,0.62,0.5,403.0,105.14,10.79,7.82,23.33,3.56,59.31,37.19,10.15,10.87,10.23,12.0,4.0,86.0,56.0,51.0,193.0,24.0,8.0,18.0,1.0,23.0,1.0,54.0,38.0,78.0,134.0,5.0,10.0,5.0,44.0,10.0,27.0,94.0,38.0,10.0,2.76,4.51,3.51,1.0,4.0,3.0,194.33,142.0,142.48,5.0,1.83,4.15,2.26,10.35,10.41,10.08,862.0,199.0,68.0,145.0,450.0,124.0,101.0,130.0,507.0,5.0,7.0,148841.0,10.0,21.0,9.0,20.0,433.86,47.57,44.9,47.81,45.15,381.0,208.0,225.0,814.0,44.0,54.0,7.0,401.0,138.0,50.0,11.36,16.92,19.29,9.0,11.0,24.0,824.14,589.0,593.05,7.75,11.27,11.27,44.05,44.3,42.46,271.75,23.93,22.91,23.8,22.81,254.0,114.0,143.0,511.0,26.0,25.0,1.0,286.0,54.0,28.0,8.18,6.4,9.34,14.0,6.0,6.0,503.84,368.0,363.97,3.5,6.16,6.16,21.26,21.18,20.9,141.13,128.84,2379.0,2312.0,0.0,0.0,0.0,0.0,0.0,0.0,regular
8480995,2025,Pontus Holmberg,TBL,R,all,46,37272.0,821.0,21.86,0.56,0.55,0.53,0.54,0.52,0.53,378.0,74.68,8.83,5.37,16.86,2.63,39.91,29.4,8.35,9.21,8.69,5.0,2.0,63.0,40.0,32.0,135.0,15.0,8.0,10.0,1.0,18.0,0.0,31.0,36.0,55.0,95.0,7.0,14.0,16.0,38.0,9.0,29.0,77.0,14.0,12.0,3.18,1.81,3.84,4.0,1.0,3.0,140.15,103.0,105.75,5.0,1.13,2.38,2.99,6.96,7.13,6.99,821.0,90.0,106.0,200.0,425.0,146.0,90.0,105.0,480.0,16.0,27.0,130778.0,14.0,28.0,14.0,24.0,288.27,26.19,24.95,27.18,25.85,241.0,155.0,168.0,564.0,23.0,41.0,2.0,302.0,62.0,32.0,8.57,7.55,10.07,11.0,7.0,5.0,583.22,396.0,406.48,3.9,8.39,8.39,21.69,22.33,21.87,263.62,20.33,19.62,20.07,19.36,232.0,128.0,133.0,493.0,18.0,25.0,2.0,283.0,58.0,19.0,8.19,7.0,5.15,9.0,6.0,3.0,481.71,360.0,353.63,3.56,4.25,4.25,19.65,19.41,18.96,137.86,113.34,2255.0,1954.0,0.0,0.0,0.0,0.0,0.0,0.0,regular
8474151,2025,Ryan McDonagh,TBL,D,all,20,23713.0,506.0,9.73,0.52,0.6,0.42,0.57,0.44,0.56,54.0,25.17,1.22,1.4,6.84,0.87,15.34,11.34,1.2,1.2,1.18,5.0,0.0,21.0,16.0,17.0,54.0,9.0,4.0,1.0,0.0,4.0,0.0,13.0,15.0,17.0,33.0,0.0,0.0,0.0,9.0,8.0,21.0,34.0,3.0,0.0,0.84,0.38,0.0,2.0,2.0,0.0,54.02,37.0,37.03,17.0,0.28,0.29,0.0,1.5,1.48,1.46,506.0,45.0,108.0,74.0,279.0,51.0,39.0,63.0,353.0,0.0,0.0,49070.0,0.0,4.0,2.0,34.0,168.92,20.27,19.49,20.11,19.34,132.0,103.0,82.0,317.0,17.0,19.0,1.0,171.0,43.0,21.0,4.93,5.55,9.79,5.0,7.0,5.0,315.95,235.0,234.32,2.39,4.2,4.17,18.49,18.37,17.76,220.07,18.68,17.64,18.7,17.66,196.0,104.0,131.0,431.0,21.0,22.0,3.0,228.0,57.0,15.0,6.6,6.73,5.35,9.0,6.0,6.0,428.46,300.0,298.9,3.69,4.21,4.21,18.15,18.21,17.68,51.63,33.91,896.0,667.0,0.0,0.0,0.0,0.0,0.0,0.0,regular
8477149,2025,Scott Sabourin,TBL,R,all,9,4429.0,109.0,1.85,0.69,0.48,0.52,0.51,0.55,0.51,100.0,7.96,1.21,0.56,1.82,0.28,3.58,2.55,1.01,1.24,1.03,1.0,1.0,5.0,5.0,1.0,11.0,3.0,1.0,2.0,0.0,0.0,0.0,6.0,1.0,4.0,9.0,12.0,33.0,0.0,15.0,0.0,4.0,5.0,2.0,3.0,0.14,0.24,0.83,1.0,0.0,0.0,10.9,10.0,9.85,0.0,0.12,0.57,0.83,0.5,0.48,0.47,109.0,10.0,11.0,24.0,64.0,15.0,17.0,14.0,63.0,0.0,2.0,28571.0,33.0,21.0,6.0,4.0,34.88,3.89,3.54,3.81,3.46,32.0,15.0,7.0,54.0,4.0,8.0,0.0,31.0,10.0,6.0,0.92,1.09,1.88,1.0,3.0,0.0,52.76,47.0,46.1,0.46,2.04,2.04,2.31,2.3,2.18,28.37,1.77,1.74,1.79,1.76,25.0,13.0,12.0,50.0,4.0,2.0,0.0,31.0,7.0,0.0,1.04,0.73,0.0,3.0,1.0,0.0,49.7,38.0,38.11,0.35,0.13,0.13,1.99,2.02,1.99,27.36,29.13,468.0,448.0,0.0,0.0,0.0,0.0,0.0,0.0,regular
8481547,2025,Simon Lundmark,TBL,D,all,1,1005.0,24.0,0.23,0.42,0.44,0.41,0.61,0.45,0.55,5.0,0.69,0.01,0.02,0.22,0.02,0.42,0.31,0.01,0.01,0.01,0.0,0.0,1.0,0.0,0.0,1.0,0.0,0.0,0.0,0.0,1.0,0.0,0.0,0.0,1.0,1.0,0.0,0.0,0.0,2.0,0.0,0.0,1.0,0.0,0.0,0.01,0.0,0.0,0.0,0.0,0.0,0.94,1.0,0.95,0.0,0.0,0.0,0.0,0.01,0.01,0.01,24.0,3.0,0.0,5.0,16.0,2.0,1.0,4.0,17.0,0.0,0.0,2595.0,0.0,2.0,1.0,2.0,7.2,0.38,0.38,0.37,0.37,7.0,3.0,1.0,11.0,1.0,1.0,0.0,9.0,1.0,0.0,0.23,0.15,0.0,1.0,0.0,0.0,10.51,10.0,9.65,0.08,0.15,0.15,0.31,0.3,0.3,8.98,0.53,0.52,0.53,0.52,9.0,3.0,4.0,16.0,0.0,1.0,0.0,10.0,2.0,0.0,0.32,0.21,0.0,0.0,0.0,0.0,16.75,12.0,12.48,0.1,0.12,0.12,0.51,0.51,0.51,2.39,3.07,54.0,35.0,0.0,0.0,0.0,0.0,0.0,0.0,regular
8477463,2025,Steven Santini,TBL,D,all,9,6242.0,139.0,1.13,0.47,0.54,0.48,0.54,0.44,0.54,51.0,4.03,0.11,0.23,1.14,0.14,2.56,1.83,0.1,0.11,0.1,1.0,0.0,3.0,3.0,10.0,16.0,1.0,0.0,0.0,0.0,0.0,0.0,2.0,4.0,3.0,6.0,1.0,2.0,0.0,7.0,0.0,4.0,6.0,0.0,0.0,0.11,0.0,0.0,0.0,0.0,0.0,16.43,6.0,6.18,4.0,0.04,0.0,0.04,0.11,0.12,0.11,139.0,13.0,9.0,28.0,89.0,10.0,18.0,14.0,97.0,0.0,0.0,26261.0,2.0,0.0,0.0,6.0,36.83,3.1,2.98,3.14,3.02,34.0,15.0,28.0,77.0,3.0,4.0,0.0,34.0,13.0,2.0,1.15,1.5,0.45,2.0,1.0,0.0,80.24,49.0,49.81,0.47,0.64,0.64,2.94,2.97,2.93,46.14,3.5,3.36,3.52,3.37,41.0,21.0,20.0,82.0,2.0,7.0,0.0,49.0,9.0,4.0,1.51,1.01,0.98,2.0,0.0,0.0,80.86,62.0,61.69,0.55,1.01,1.01,3.04,3.02,2.95,29.25,25.25,446.0,384.0,0.0,0.0,0.0,0.0,0.0,0.0,regular
8475167,2025,Victor Hedman,TBL,D,all,19,23394.0,455.0,12.82,0.57,0.54,0.55,0.51,0.53,0.51,53.0,36.12,1.57,2.28,9.88,1.17,22.24,14.87,1.51,1.58,1.52,6.0,6.0,27.0,25.0,30.0,82.0,12.0,0.0,2.0,0.0,8.0,0.0,26.0,16.0,27.0,52.0,3.0,6.0,0.0,8.0,5.0,28.0,49.0,3.0,0.0,1.28,0.29,0.0,0.0,0.0,0.0,82.31,52.0,52.16,19.0,0.52,0.16,0.24,1.85,1.86,1.82,455.0,53.0,28.0,64.0,310.0,50.0,74.0,70.0,261.0,0.0,0.0,45789.0,6.0,10.0,5.0,29.0,221.98,24.34,20.56,24.47,20.69,191.0,110.0,136.0,437.0,19.0,32.0,4.0,208.0,69.0,24.0,6.21,8.49,9.64,6.0,10.0,3.0,438.36,301.0,302.15,3.78,6.48,6.41,21.72,21.87,20.46,194.69,18.6,17.96,18.73,18.08,192.0,74.0,91.0,357.0,15.0,24.0,4.0,196.0,46.0,24.0,5.94,5.47,7.19,5.0,4.0,6.0,357.88,266.0,267.58,3.02,4.47,4.47,17.16,17.23,16.99,41.99,35.27,724.0,709.0,0.0,0.0,0.0,0.0,0.0,0.0,regular
8476826,2025,Yanni Gourde,TBL,C,all,53,52359.0,1113.0,23.66,0.49,0.57,0.49,0.55,0.48,0.54,280.0,89.28,9.82,5.75,19.83,2.8,41.52,36.28,9.28,9.97,9.41,10.0,4.0,74.0,42.0,31.0,147.0,21.0,7.0,10.0,1.0,19.0,0.0,36.0,44.0,67.0,109.0,18.0,41.0,251.0,69.0,15.0,50.0,73.0,28.0,15.0,2.1,3.18,4.55,3.0,3.0,1.0,151.86,116.0,118.9,9.0,1.25,2.06,3.49,7.58,7.82,7.63,1113.0,114.0,168.0,225.0,606.0,197.0,147.0,154.0,615.0,251.0,305.0,140994.0,41.0,31.0,14.0,24.0,380.02,36.93,35.31,37.62,35.94,315.0,202.0,216.0,733.0,30.0,54.0,4.0,387.0,83.0,47.0,11.04,9.78,16.12,11.0,10.0,9.0,751.7,517.0,525.93,5.19,11.43,11.43,30.69,31.22,30.64,418.04,39.16,36.49,39.11,36.43,364.0,200.0,212.0,776.0,35.0,38.0,3.0,414.0,108.0,42.0,12.33,13.03,13.8,17.0,10.0,8.0,766.41,564.0,557.85,6.48,7.63,7.63,38.02,37.92,36.47,151.77,113.61,2460.0,2047.0,0.0,0.0,0.0,0.0,0.0,0.0,regular
8476878,2025,Zemgus Girgensons,TBL,C,all,46,41561.0,941.0,14.09,0.44,0.59,0.46,0.56,0.46,0.56,313.0,66.97,8.91,4.76,15.9,2.4,31.7,24.34,8.51,9.19,8.77,2.0,5.0,56.0,32.0,21.0,109.0,13.0,6.0,11.0,0.0,11.0,0.0,33.0,27.0,50.0,82.0,9.0,18.0,41.0,120.0,3.0,24.0,51.0,24.0,13.0,1.78,2.94,4.18,2.0,2.0,2.0,113.32,88.0,90.73,5.0,1.04,2.33,3.36,6.58,6.75,6.63,941.0,95.0,144.0,214.0,488.0,132.0,110.0,121.0,578.0,41.0,72.0,126297.0,18.0,14.0,7.0,28.0,283.7,28.72,27.16,29.51,27.86,235.0,155.0,148.0,538.0,21.0,37.0,1.0,294.0,62.0,34.0,8.67,7.39,12.66,8.0,7.0,6.0,555.32,390.0,399.22,3.78,7.89,7.9,24.61,25.12,24.36,338.89,37.05,34.07,36.62,33.67,299.0,160.0,178.0,637.0,30.0,40.0,6.0,323.0,86.0,50.0,9.64,10.24,17.18,11.0,7.0,12.0,624.83,459.0,451.92,5.45,8.65,8.65,33.85,33.57,32.01,137.29,94.08,2252.0,1751.0,0.0,0.0,0.0,0.0,0.0,0.0,regular
8479318,2025,Auston Matthews,TOR,C,all,49,61453.0,1188.0,47.73,0.53,0.45,0.5,0.44,0.52,0.44,69.0,211.15,24.54,16.11,47.32,7.03,109.69,77.31,23.81,24.69,23.96,12.0,8.0,191.0,91.0,62.0,344.0,46.0,26.0,21.0,2.0,29.0,2.0,95.0,109.0,165.0,256.0,8.0,16.0,483.0,29.0,24.0,45.0,187.0,73.0,22.0,7.4,8.64,8.5,8.0,13.0,5.0,345.8,282.0,284.03,16.0,3.65,4.13,4.44,23.74,23.87,23.43,1188.0,232.0,160.0,207.0,589.0,110.0,142.0,191.0,745.0,483.0,338.0,117632.0,16.0,12.0,7.0,66.0,602.38,64.53,61.33,64.46,61.27,552.0,258.0,242.0,1052.0,71.0,64.0,7.0,569.0,178.0,63.0,18.29,21.45,24.78,25.0,28.0,18.0,1049.83,810.0,809.89,10.31,11.93,11.97,62.87,62.81,60.82,561.64,58.39,55.49,58.87,55.92,513.0,248.0,280.0,1041.0,64.0,57.0,4.0,557.0,137.0,67.0,16.44,16.85,25.09,25.0,20.0,19.0,1049.06,761.0,767.66,8.65,12.21,12.21,54.82,55.21,53.3,80.78,96.86,1642.0,2107.0,0.0,0.0,0.0,0.0,0.0,0.0,regular
8482259,2025,Bobby McMann,TOR,C,all,54,49605.0,1060.0,26.93,0.51,0.48,0.49,0.45,0.49,0.45,330.0,118.49,11.59,7.91,27.54,3.97,61.65,48.33,10.99,11.57,10.97,10.0,3.0,110.0,51.0,39.0,200.0,30.0,17.0,12.0,2.0,17.0,1.0,57.0,57.0,93.0,144.0,12.0,30.0,6.0,120.0,13.0,23.0,119.0,30.0,12.0,3.32,3.54,4.74,6.0,5.0,6.0,199.72,161.0,160.32,5.0,1.73,1.44,2.44,10.89,10.85,10.67,1060.0,131.0,116.0,162.0,651.0,170.0,154.0,160.0,576.0,6.0,3.0,147853.0,30.0,19.0,8.0,22.0,452.32,40.72,38.73,40.58,38.61,402.0,210.0,215.0,827.0,45.0,48.0,5.0,464.0,107.0,41.0,13.32,13.12,14.27,16.0,19.0,10.0,823.94,612.0,608.82,6.64,7.9,7.9,39.46,39.4,38.29,460.6,39.41,37.83,39.66,38.06,404.0,235.0,206.0,845.0,43.0,42.0,3.0,498.0,105.0,36.0,14.17,12.67,12.57,21.0,13.0,9.0,854.14,639.0,645.76,6.4,8.22,8.22,37.58,37.86,36.68,118.44,129.61,2141.0,2645.0,0.0,0.0,0.0,0.0,0.0,0.0,regular
8478443,2025,Brandon Carlo,TOR,D,all,32,37593.0,909.0,1.6,0.42,0.51,0.4,0.49,0.41,0.49,120.0,39.27,2.01,2.02,10.38,1.26,22.11,18.22,1.92,2.0,1.9,0.0,4.0,38.0,18.0,32.0,88.0,4.0,0.0,2.0,0.0,11.0,0.0,19.0,24.0,38.0,56.0,8.0,16.0,0.0,32.0,3.0,37.0,54.0,0.0,2.0,1.11,0.0,0.9,0.0,0.0,0.0,86.89,56.0,55.36,32.0,0.41,0.06,0.24,2.18,2.17,2.13,909.0,60.0,125.0,162.0,562.0,100.0,136.0,105.0,568.0,0.0,0.0,79221.0,16.0,6.0,3.0,62.0,289.32,26.84,25.93,26.64,25.74,254.0,137.0,133.0,524.0,33.0,26.0,3.0,292.0,72.0,27.0,9.05,8.53,9.25,15.0,13.0,5.0,517.32,391.0,386.77,3.93,4.94,4.94,25.83,25.61,25.2,403.04,36.76,34.52,37.28,35.03,367.0,188.0,231.0,786.0,40.0,41.0,6.0,428.0,89.0,38.0,11.59,11.17,14.0,15.0,15.0,10.0,800.63,555.0,563.03,6.78,7.83,8.44,35.1,35.65,34.03,67.93,65.47,1259.0,1299.0,0.0,0.0,0.0,0.0,0.0,0.0,regular
8475714,2025,Calle Jarnkrok,TOR,C,all,35,24225.0,587.0,1.04,0.38,0.49,0.36,0.48,0.35,0.48,366.0,34.31,3.64,2.07,8.12,1.06,16.91,14.19,3.54,3.64,3.53,1.0,0.0,33.0,13.0,5.0,51.0,7.0,6.0,3.0,0.0,9.0,0.0,14.0,14.0,27.0,40.0,3.0,6.0,11.0,23.0,4.0,11.0,33.0,7.0,6.0,0.91,0.87,1.86,2.0,2.0,2.0,50.36,46.0,45.33,3.0,0.43,0.84,0.89,3.19,3.16,3.14,587.0,27.0,108.0,115.0,337.0,67.0,81.0,69.0,370.0,11.0,5.0,104007.0,6.0,2.0,1.0,5.0,141.43,11.92,11.66,11.85,11.59,132.0,61.0,70.0,263.0,10.0,9.0,1.0,150.0,28.0,15.0,4.01,3.42,4.49,5.0,2.0,3.0,260.74,193.0,190.99,1.83,2.46,2.46,11.29,11.18,11.09,256.71,19.63,18.5,19.98,18.83,221.0,130.0,121.0,472.0,20.0,27.0,3.0,293.0,38.0,20.0,8.04,4.64,6.95,11.0,4.0,5.0,481.91,351.0,357.1,4.29,5.0,5.61,18.3,18.59,17.93,87.41,92.37,1663.0,1814.0,0.0,0.0,0.0,0.0,0.0,0.0,regular
8475690,2025,Chris Tanev,TOR,D,all,11,11862.0,302.0,2.2,0.53,0.55,0.41,0.5,0.41,0.5,47.0,7.11,0.16,0.35,1.98,0.23,4.15,3.13,0.16,0.16,0.16,1.0,1.0,8.0,2.0,8.0,18.0,2.0,0.0,0.0,0.0,5.0,0.0,2.0,3.0,8.0,10.0,0.0,0.0,0.0,2.0,5.0,8.0,10.0,0.0,0.0,0.16,0.0,0.0,0.0,0.0,0.0,18.07,10.0,10.03,7.0,0.07,0.0,0.0,0.23,0.23,0.22,302.0,17.0,57.0,46.0,182.0,37.0,24.0,27.0,214.0,0.0,0.0,28088.0,0.0,4.0,2.0,15.0,78.43,9.83,9.38,9.89,9.44,76.0,31.0,34.0,141.0,13.0,3.0,1.0,82.0,16.0,9.0,2.53,2.04,5.26,4.0,2.0,7.0,143.85,107.0,109.26,0.99,0.68,0.68,10.14,10.22,9.8,113.03,8.57,8.15,8.69,8.25,90.0,64.0,52.0,206.0,7.0,13.0,1.0,120.0,30.0,4.0,3.61,3.63,1.33,2.0,4.0,1.0,204.84,154.0,153.04,2.19,1.32,1.32,9.44,9.52,9.18,26.42,21.93,467.0,474.0,0.0,0.0,0.0,0.0,0.0,0.0,regular
8478057,2025,Dakota Joshua,TOR,C,all,36,26613.0,639.0,7.0,0.43,0.5,0.42,0.47,0.41,0.48,321.0,35.94,4.79,2.98,7.46,1.14,17.44,12.19,4.57,4.84,4.6,3.0,1.0,32.0,14.0,10.0,56.0,10.0,6.0,4.0,1.0,7.0,0.0,17.0,12.0,26.0,40.0,6.0,15.0,2.0,127.0,7.0,13.0,23.0,19.0,4.0,0.97,2.4,1.43,2.0,4.0,0.0,56.12,46.0,46.0,3.0,0.64,0.91,1.06,4.38,4.4,4.25,639.0,20.0,94.0,127.0,398.0,82.0,102.0,90.0,365.0,2.0,12.0,104436.0,15.0,23.0,10.0,26.0,182.12,16.18,15.45,16.3,15.56,158.0,90.0,106.0,354.0,18.0,19.0,2.0,185.0,49.0,14.0,5.2,6.24,4.75,11.0,5.0,2.0,354.72,248.0,249.21,2.46,3.32,3.32,15.33,15.41,15.11,260.07,21.26,20.3,21.44,20.48,237.0,120.0,131.0,488.0,23.0,27.0,5.0,293.0,41.0,23.0,8.41,4.95,7.89,12.0,7.0,4.0,489.65,357.0,358.39,3.82,5.85,6.55,18.53,18.65,18.12,88.86,89.55,1588.0,1809.0,0.0,0.0,0.0,0.0,0.0,0.0,regular
8477541,2025,Dakota Mermis,TOR,D,all,11,8598.0,215.0,0.33,0.46,0.48,0.45,0.45,0.45,0.44,62.0,6.91,0.19,0.36,1.99,0.24,4.35,2.87,0.19,0.19,0.19,0.0,0.0,5.0,5.0,5.0,15.0,1.0,1.0,0.0,0.0,2.0,0.0,3.0,4.0,4.0,9.0,4.0,11.0,0.0,8.0,2.0,8.0,10.0,0.0,0.0,0.19,0.0,0.0,1.0,0.0,0.0,14.91,10.0,10.01,5.0,0.07,0.0,0.0,0.26,0.26,0.26,215.0,12.0,13.0,24.0,166.0,35.0,32.0,29.0,119.0,0.0,0.0,31824.0,11.0,12.0,3.0,9.0,67.8,5.64,5.53,5.73,5.62,58.0,32.0,32.0,122.0,3.0,5.0,1.0,70.0,12.0,8.0,1.99,1.27,2.37,2.0,0.0,1.0,124.13,90.0,91.85,0.89,1.46,1.46,5.07,5.18,5.12,77.67,6.54,6.07,6.43,5.97,69.0,39.0,40.0,148.0,6.0,7.0,0.0,83.0,20.0,5.0,2.6,2.32,1.61,4.0,2.0,0.0,144.52,108.0,105.73,1.11,1.86,1.86,5.78,5.68,5.53,24.08,26.11,459.0,569.0,0.0,0.0,0.0,0.0,0.0,0.0,regular
8484158,2025,Easton Cowan,TOR,R,all,43,34892.0,724.0,16.88,0.51,0.47,0.52,0.44,0.51,0.45,360.0,71.66,6.66,4.88,16.32,2.33,38.0,28.8,6.58,6.68,6.6,5.0,5.0,66.0,31.0,27.0,124.0,17.0,7.0,5.0,1.0,10.0,0.0,36.0,39.0,59.0,90.0,7.0,14.0,2.0,45.0,6.0,43.0,71.0,22.0,4.0,2.34,2.79,1.52,5.0,1.0,1.0,124.2,97.0,97.49,14.0,1.06,0.97,0.73,6.99,7.04,6.98,724.0,106.0,45.0,97.0,476.0,101.0,124.0,93.0,406.0,2.0,4.0,122800.0,14.0,18.0,9.0,23.0,317.16,28.56,27.75,28.65,27.86,277.0,149.0,181.0,607.0,28.0,32.0,3.0,308.0,92.0,26.0,9.22,11.45,7.89,11.0,12.0,5.0,604.6,426.0,426.55,4.97,5.63,5.63,27.89,28.09,27.72,304.16,27.44,26.49,27.72,26.75,278.0,134.0,141.0,553.0,22.0,31.0,1.0,316.0,69.0,27.0,9.16,8.76,9.52,12.0,5.0,5.0,560.7,412.0,415.36,4.05,6.49,6.5,24.99,25.06,24.81,92.14,104.56,1768.0,2218.0,0.0,0.0,0.0,0.0,0.0,0.0,regular
8481567,2025,Henry Thrun,TOR,D,all,4,3567.0,80.0,-0.45,0.35,0.49,0.41,0.49,0.43,0.5,23.0,3.48,0.08,0.19,0.95,0.12,2.15,1.51,0.07,0.08,0.07,0.0,0.0,4.0,1.0,0.0,5.0,0.0,0.0,0.0,0.0,1.0,0.0,3.0,1.0,4.0,5.0,0.0,0.0,0.0,3.0,0.0,1.0,5.0,0.0,0.0,0.08,0.0,0.0,0.0,0.0,0.0,4.81,5.0,4.88,1.0,0.04,0.0,0.0,0.12,0.11,0.11,80.0,5.0,13.0,11.0,51.0,6.0,11.0,9.0,54.0,0.0,0.0,11002.0,0.0,0.0,0.0,4.0,21.71,1.45,1.44,1.39,1.38,22.0,7.0,9.0,38.0,1.0,0.0,0.0,21.0,8.0,0.0,0.57,0.89,0.0,1.0,0.0,0.0,36.26,29.0,28.09,0.25,0.0,0.0,1.7,1.63,1.62,29.08,2.7,2.58,2.85,2.74,24.0,15.0,16.0,55.0,2.0,4.0,0.0,29.0,8.0,2.0,0.89,0.96,0.85,2.0,0.0,0.0,59.63,39.0,41.42,0.4,0.99,0.99,2.1,2.21,2.18,8.42,8.88,181.0,186.0,0.0,0.0,0.0,0.0,0.0,0.0,regular
8484901,2025,Jacob Quillan,TOR,C,all,4,1834.0,46.0,-0.19,0.3,0.53,0.37,0.49,0.25,0.5,47.0,0.76,0.01,0.03,0.25,0.03,0.38,0.31,0.01,0.01,0.01,0.0,0.0,1.0,0.0,1.0,2.0,0.0,0.0,0.0,0.0,1.0,0.0,0.0,0.0,1.0,1.0,0.0,0.0,7.0,9.0,0.0,2.0,1.0,0.0,0.0,0.01,0.0,0.0,0.0,0.0,0.0,1.94,1.0,0.92,0.0,0.01,0.0,0.0,0.01,0.01,0.01,46.0,2.0,4.0,8.0,32.0,10.0,7.0,3.0,26.0,7.0,9.0,13073.0,0.0,0.0,0.0,0.0,5.17,0.45,0.45,0.44,0.44,6.0,1.0,9.0,16.0,2.0,0.0,0.0,6.0,0.0,1.0,0.18,0.0,0.27,2.0,0.0,0.0,15.51,7.0,6.8,0.07,0.0,0.0,0.53,0.52,0.52,15.03,1.05,1.04,1.13,1.11,13.0,8.0,6.0,27.0,0.0,1.0,0.0,18.0,2.0,1.0,0.48,0.23,0.34,0.0,0.0,0.0,28.98,21.0,22.37,0.18,0.34,0.34,0.9,0.97,0.95,11.61,10.36,225.0,236.0,0.0,0.0,0.0,0.0,0.0,0.0,regular
8476931,2025,Jake McCabe,TOR,D,all,53,70681.0,1596.0,11.4,0.48,0.48,0.4,0.49,0.41,0.49,108.0,50.66,2.5,3.03,14.8,1.62,28.94,20.11,2.38,2.49,2.37,7.0,7.0,46.0,25.0,41.0,112.0,17.0,3.0,5.0,0.0,12.0,0.0,22.0,29.0,43.0,68.0,14.0,31.0,0.0,77.0,18.0,63.0,65.0,6.0,0.0,1.73,0.76,0.0,3.0,0.0,0.0,111.3,71.0,70.52,41.0,0.63,0.89,0.22,2.9,2.89,2.81,1596.0,92.0,312.0,224.0,968.0,199.0,153.0,201.0,1043.0,0.0,0.0,123178.0,31.0,11.0,4.0,125.0,501.9,53.54,51.57,53.67,51.67,479.0,199.0,238.0,916.0,60.0,48.0,6.0,490.0,135.0,53.0,15.34,16.95,21.26,22.0,20.0,18.0,911.29,678.0,676.88,7.1,8.37,8.27,52.37,52.48,51.45,709.88,58.57,55.52,59.07,55.97,629.0,342.0,378.0,1349.0,58.0,76.0,6.0,757.0,158.0,56.0,22.18,18.52,17.88,26.0,21.0,11.0,1363.43,971.0,978.96,11.84,11.65,11.65,58.77,59.22,56.86,101.19,107.84,2005.0,2060.0,0.0,0.0,0.0,0.0,0.0,0.0,regular
8475166,2025,John Tavares,TOR,C,all,55,59271.0,1165.0,39.25,0.59,0.43,0.55,0.42,0.56,0.42,216.0,156.43,20.59,13.43,33.56,5.4,81.12,51.91,18.73,20.69,18.83,12.0,14.0,137.0,69.0,59.0,265.0,45.0,19.0,19.0,4.0,32.0,1.0,67.0,68.0,118.0,187.0,10.0,20.0,514.0,51.0,21.0,51.0,109.0,70.0,27.0,4.02,8.43,8.14,4.0,9.0,6.0,265.42,206.0,207.05,13.0,3.13,3.8,4.83,18.9,19.01,17.69,1165.0,236.0,115.0,166.0,648.0,128.0,154.0,209.0,674.0,514.0,361.0,141956.0,20.0,20.0,9.0,13.0,606.72,65.84,61.29,65.82,61.25,538.0,277.0,269.0,1084.0,62.0,66.0,9.0,563.0,178.0,74.0,16.9,22.03,26.92,21.0,19.0,22.0,1080.37,815.0,812.62,10.57,12.98,12.98,63.43,63.4,60.74,464.42,45.77,44.68,46.24,45.14,434.0,210.0,226.0,870.0,65.0,36.0,3.0,489.0,116.0,39.0,15.49,14.22,16.07,26.0,25.0,14.0,882.3,644.0,651.19,6.47,6.09,6.09,46.16,46.59,45.96,95.34,127.25,1942.0,2678.0,0.0,0.0,0.0,0.0,0.0,0.0,regular
8483546,2025,Marshall Rifai,TOR,D,all,1,580.0,14.0,-0.17,0.25,0.65,0.38,0.68,0.29,0.66,6.0,0.74,0.01,0.03,0.25,0.02,0.33,0.37,0.01,0.01,0.01,0.0,0.0,1.0,0.0,1.0,2.0,0.0,0.0,0.0,0.0,0.0,0.0,0.0,1.0,1.0,1.0,0.0,0.0,0.0,0.0,0.0,1.0,1.0,0.0,0.0,0.01,0.0,0.0,0.0,0.0,0.0,2.01,1.0,1.03,1.0,0.01,0.0,0.0,0.01,0.02,0.01,14.0,1.0,1.0,0.0,12.0,1.0,1.0,4.0,8.0,0.0,0.0,3320.0,0.0,0.0,0.0,1.0,3.54,0.21,0.21,0.22,0.22,4.0,1.0,5.0,10.0,1.0,0.0,0.0,4.0,1.0,0.0,0.13,0.08,0.0,0.0,1.0,0.0,10.21,5.0,5.09,0.04,0.0,0.0,0.25,0.26,0.26,8.73,0.63,0.6,0.62,0.59,8.0,4.0,4.0,16.0,1.0,2.0,0.0,11.0,0.0,1.0,0.41,0.0,0.22,1.0,0.0,0.0,15.86,12.0,11.92,0.11,0.27,0.27,0.47,0.46,0.45,3.51,1.9,82.0,39.0,0.0,0.0,0.0,0.0,0.0,0.0,regular
8481711,2025,Matias Maccelli,TOR,L,all,44,38717.0,805.0,15.74,0.53,0.47,0.52,0.45,0.54,0.45,308.0,59.91,6.28,4.4,13.67,2.07,32.83,21.75,5.98,6.08,5.81,5.0,9.0,52.0,29.0,27.0,108.0,21.0,7.0,6.0,0.0,7.0,0.0,33.0,28.0,45.0,74.0,4.0,8.0,3.0,12.0,7.0,36.0,54.0,21.0,6.0,1.85,2.62,1.81,4.0,3.0,0.0,107.26,81.0,80.07,11.0,1.0,0.82,1.44,5.83,5.72,5.63,805.0,121.0,57.0,124.0,503.0,116.0,118.0,136.0,435.0,3.0,4.0,122161.0,8.0,8.0,4.0,11.0,358.38,31.88,30.65,31.59,30.37,311.0,174.0,145.0,630.0,33.0,33.0,3.0,341.0,121.0,23.0,10.23,14.51,7.16,14.0,13.0,6.0,625.85,485.0,482.18,6.0,4.99,4.99,32.89,32.7,31.93,303.11,28.31,27.43,28.6,27.71,283.0,135.0,156.0,574.0,38.0,25.0,2.0,323.0,70.0,25.0,9.38,8.56,10.38,15.0,15.0,8.0,581.48,418.0,424.07,4.15,4.35,4.35,28.12,28.46,27.99,99.38,112.1,1847.0,2238.0,0.0,0.0,0.0,0.0,0.0,0.0,regular
8476988,2025,Matt Benning,TOR,D,all,1,746.0,21.0,-0.1,0.72,0.45,0.39,0.51,0.46,0.46,6.0,0.0,0.0,0.0,0.0,0.0,0.0,0.0,0.0,0.0,0.0,0.0,0.0,0.0,0.0,1.0,1.0,0.0,0.0,0.0,0.0,0.0,0.0,0.0,0.0,0.0,0.0,0.0,0.0,0.0,0.0,0.0,1.0,0.0,0.0,0.0,0.0,0.0,0.0,0.0,0.0,0.0,1.1,0.0,0.0,1.0,0.0,0.0,0.0,0.0,0.0,0.0,21.0,0.0,2.0,4.0,15.0,3.0,3.0,1.0,14.0,0.0,0.0,3105.0,0.0,0.0,0.0,3.0,4.4,0.4,0.4,0.42,0.41,5.0,1.0,3.0,9.0,0.0,1.0,0.0,4.0,2.0,0.0,0.13,0.27,0.0,0.0,0.0,0.0,9.5,6.0,6.32,0.08,0.01,0.01,0.47,0.49,0.49,5.2,0.15,0.15,0.14,0.14,5.0,2.0,7.0,14.0,0.0,0.0,0.0,7.0,0.0,0.0,0.15,0.0,0.0,0.0,0.0,0.0,13.25,7.0,6.52,0.05,0.0,0.0,0.21,0.19,0.19,1.61,1.93,45.0,44.0,0.0,0.0,0.0,0.0,0.0,0.0,regular
8482720,2025,Matthew Knies,TOR,L,all,52,59350.0,1153.0,32.69,0.53,0.46,0.51,0.44,0.52,0.44,160.0,109.86,15.59,9.4,23.78,3.61,53.18,35.43,14.69,15.51,14.62,19.0,12.0,103.0,38.0,36.0,177.0,44.0,13.0,12.0,3.0,19.0,0.0,41.0,56.0,90.0,128.0,8.0,19.0,0.0,109.0,15.0,46.0,77.0,48.0,16.0,2.79,6.36,6.44,2.0,4.0,7.0,176.21,141.0,140.41,14.0,2.29,1.7,3.26,14.63,14.57,14.1,1153.0,222.0,126.0,176.0,629.0,120.0,167.0,210.0,656.0,0.0,3.0,130570.0,19.0,25.0,11.0,24.0,561.46,58.49,55.18,58.3,55.0,514.0,239.0,248.0,1001.0,59.0,57.0,6.0,521.0,174.0,58.0,15.89,21.0,21.59,19.0,26.0,14.0,998.39,753.0,751.64,9.9,11.16,11.16,57.23,57.1,55.22,514.7,52.13,50.39,52.43,50.67,477.0,229.0,263.0,969.0,62.0,55.0,6.0,528.0,124.0,54.0,16.44,15.28,20.41,26.0,21.0,15.0,975.94,706.0,710.94,7.83,9.06,9.05,50.91,51.24,50.26,96.19,111.99,1844.0,2391.0,0.0,0.0,0.0,0.0,0.0,0.0,regular
8477503,2025,Max Domi,TOR,C,all,53,47832.0,1035.0,22.32,0.55,0.47,0.51,0.44,0.52,0.45,340.0,88.64,6.57,5.66,21.33,2.83,48.35,34.26,6.25,6.5,6.19,16.0,5.0,84.0,35.0,39.0,158.0,30.0,9.0,13.0,0.0,23.0,0.0,30.0,44.0,75.0,110.0,13.0,32.0,104.0,26.0,13.0,66.0,92.0,25.0,2.0,2.73,3.12,0.71,4.0,5.0,0.0,156.57,119.0,118.03,15.0,1.25,3.19,1.27,6.56,6.47,6.3,1035.0,163.0,97.0,168.0,607.0,129.0,140.0,153.0,613.0,104.0,102.0,146195.0,32.0,34.0,13.0,23.0,462.81,42.49,40.26,42.41,40.17,438.0,184.0,197.0,819.0,40.0,50.0,5.0,460.0,127.0,35.0,13.49,15.47,13.54,12.0,20.0,8.0,816.72,622.0,620.61,7.53,9.44,9.44,40.58,40.49,39.25,419.62,35.27,34.1,35.77,34.57,375.0,202.0,195.0,772.0,49.0,35.0,8.0,449.0,94.0,34.0,13.62,11.15,10.5,21.0,15.0,13.0,784.14,577.0,584.21,5.77,6.4,7.02,34.02,34.47,33.81,113.25,128.91,2109.0,2638.0,0.0,0.0,0.0,0.0,0.0,0.0,regular
8476853,2025,Morgan Rielly,TOR,D,all,54,69860.0,1585.0,27.65,0.55,0.44,0.53,0.42,0.53,0.42,137.0,121.4,6.77,7.17,34.61,4.0,69.22,46.23,6.51,6.75,6.47,9.0,15.0,106.0,62.0,78.0,246.0,31.0,7.0,6.0,1.0,32.0,0.0,47.0,76.0,99.0,161.0,7.0,12.0,0.0,21.0,16.0,66.0,151.0,11.0,6.0,3.71,1.32,1.75,4.0,1.0,2.0,243.91,168.0,167.23,42.0,1.6,1.68,1.03,7.34,7.27,7.08,1585.0,280.0,111.0,233.0,961.0,103.0,253.0,226.0,1003.0,0.0,0.0,127767.0,12.0,10.0,5.0,74.0,722.55,69.56,65.73,69.24,65.46,637.0,333.0,298.0,1268.0,76.0,76.0,10.0,681.0,224.0,65.0,20.16,27.35,22.05,27.0,32.0,17.0,1257.51,970.0,963.79,11.68,15.16,14.97,66.27,66.1,64.21,631.41,57.84,55.73,58.53,56.41,605.0,262.0,271.0,1138.0,80.0,58.0,10.0,659.0,153.0,55.0,19.39,19.65,18.8,31.0,32.0,17.0,1153.0,867.0,877.35,8.99,10.65,11.26,55.56,56.21,55.12,89.19,112.39,1690.0,2351.0,0.0,0.0,0.0,0.0,0.0,0.0,regular
8481582,2025,Nicholas Robertson,TOR,L,all,52,39031.0,862.0,21.61,0.49,0.48,0.49,0.45,0.49,0.46,458.0,94.02,9.88,6.55,22.58,3.21,47.48,34.3,9.58,9.73,9.45,8.0,6.0,84.0,40.0,29.0,153.0,26.0,12.0,13.0,2.0,14.0,0.0,41.0,44.0,72.0,112.0,1.0,2.0,8.0,56.0,16.0,47.0,77.0,33.0,14.0,2.38,3.85,3.65,3.0,5.0,4.0,150.39,124.0,122.44,12.0,1.42,1.99,3.17,8.14,8.12,8.04,862.0,104.0,72.0,136.0,550.0,124.0,132.0,110.0,496.0,8.0,7.0,151396.0,2.0,14.0,7.0,27.0,344.67,29.3,28.15,28.99,27.89,310.0,153.0,162.0,625.0,35.0,45.0,5.0,339.0,97.0,27.0,9.82,11.72,7.77,11.0,15.0,9.0,617.34,463.0,458.59,5.03,8.44,7.98,26.36,26.19,25.85,350.63,30.56,29.61,31.25,30.27,314.0,167.0,174.0,655.0,32.0,34.0,4.0,374.0,75.0,32.0,10.58,9.41,10.57,14.0,10.0,8.0,663.56,481.0,486.92,4.7,7.29,7.29,27.97,28.42,28.03,123.2,133.08,2235.0,2684.0,0.0,0.0,0.0,0.0,0.0,0.0,regular
8478462,2025,Nicolas Roy,TOR,C,all,52,45752.0,1045.0,14.54,0.42,0.5,0.44,0.47,0.43,0.47,347.0,58.88,7.17,4.75,13.05,2.04,28.91,22.07,6.95,7.18,6.95,9.0,5.0,50.0,28.0,30.0,108.0,19.0,5.0,8.0,0.0,6.0,0.0,26.0,33.0,45.0,73.0,3.0,6.0,298.0,57.0,18.0,44.0,49.0,22.0,7.0,2.05,2.56,2.56,3.0,1.0,1.0,108.87,78.0,78.26,18.0,1.08,1.54,1.97,6.29,6.33,6.21,1045.0,71.0,180.0,152.0,642.0,131.0,141.0,151.0,622.0,298.0,259.0,144168.0,6.0,16.0,7.0,23.0,325.98,29.58,28.84,29.51,28.8,292.0,154.0,194.0,640.0,39.0,31.0,2.0,333.0,87.0,26.0,9.76,10.5,9.31,16.0,14.0,9.0,636.84,446.0,443.74,4.85,5.02,4.98,29.45,29.48,29.17,440.85,40.69,38.79,40.9,38.99,403.0,198.0,226.0,827.0,40.0,48.0,5.0,468.0,87.0,46.0,13.61,10.62,16.46,16.0,12.0,12.0,832.38,601.0,604.14,7.27,8.98,8.98,38.97,39.12,37.77,125.1,123.43,2205.0,2533.0,0.0,0.0,0.0,0.0,0.0,0.0,regular
8475171,2025,Oliver Ekman-Larsson,TOR,D,all,55,68532.0,1583.0,25.25,0.49,0.48,0.5,0.44,0.5,0.44,159.0,82.87,3.49,4.8,24.96,2.74,47.36,33.65,3.38,3.46,3.35,11.0,14.0,80.0,37.0,74.0,191.0,33.0,8.0,6.0,1.0,24.0,0.0,48.0,31.0,72.0,109.0,16.0,32.0,0.0,69.0,11.0,83.0,110.0,5.0,2.0,2.49,0.51,0.49,7.0,1.0,0.0,189.17,117.0,115.65,53.0,1.04,0.8,0.52,4.01,3.99,3.87,1583.0,231.0,155.0,225.0,972.0,132.0,200.0,265.0,986.0,0.0,0.0,132695.0,32.0,22.0,11.0,46.0,623.04,55.5,52.29,55.23,52.05,560.0,281.0,284.0,1125.0,72.0,68.0,9.0,615.0,174.0,52.0,17.78,21.47,16.25,29.0,30.0,13.0,1117.87,841.0,835.85,9.72,12.95,12.86,52.35,52.18,50.53,616.75,57.6,55.45,58.09,55.89,564.0,279.0,276.0,1119.0,66.0,61.0,5.0,658.0,125.0,60.0,19.45,16.11,22.04,35.0,20.0,11.0,1132.43,843.0,852.68,8.75,12.48,12.48,53.87,54.23,53.1,105.68,115.43,1901.0,2429.0,0.0,0.0,0.0,0.0,0.0,0.0,regular
8479026,2025,Philippe Myers,TOR,D,all,25,20720.0,496.0,-2.45,0.36,0.52,0.39,0.47,0.4,0.48,143.0,35.91,1.07,1.79,10.23,1.23,20.6,16.07,1.06,1.08,1.06,1.0,1.0,30.0,21.0,12.0,63.0,2.0,0.0,3.0,0.0,5.0,0.0,12.0,31.0,30.0,51.0,7.0,14.0,0.0,39.0,3.0,17.0,49.0,2.0,0.0,0.91,0.16,0.0,0.0,0.0,0.0,63.39,51.0,51.38,15.0,0.36,0.37,0.05,1.38,1.39,1.37,496.0,32.0,51.0,64.0,349.0,52.0,83.0,66.0,295.0,0.0,0.0,70294.0,14.0,2.0,1.0,30.0,149.63,10.46,10.23,10.49,10.26,125.0,77.0,58.0,260.0,13.0,14.0,0.0,162.0,30.0,10.0,4.17,3.65,2.63,8.0,5.0,0.0,261.72,202.0,203.29,1.89,2.53,2.53,9.82,9.88,9.78,224.23,18.56,17.87,18.72,18.03,207.0,99.0,98.0,404.0,27.0,23.0,4.0,235.0,54.0,17.0,6.3,6.58,5.68,9.0,12.0,6.0,401.79,306.0,306.33,3.42,3.45,4.15,17.83,17.96,17.4,69.4,63.65,1092.0,1232.0,0.0,0.0,0.0,0.0,0.0,0.0,regular
8476872,2025,Scott Laughton,TOR,C,all,37,30348.0,746.0,5.93,0.38,0.51,0.35,0.49,0.37,0.49,281.0,57.8,5.59,3.45,13.13,2.04,27.8,25.0,5.51,5.69,5.6,2.0,0.0,43.0,34.0,6.0,83.0,10.0,8.0,7.0,1.0,8.0,1.0,24.0,29.0,35.0,69.0,6.0,12.0,248.0,68.0,10.0,28.0,55.0,17.0,5.0,1.46,2.23,1.9,2.0,4.0,2.0,81.68,77.0,76.06,10.0,0.72,1.63,0.74,5.58,5.68,5.65,746.0,24.0,208.0,119.0,395.0,99.0,86.0,87.0,474.0,248.0,188.0,105466.0,12.0,18.0,10.0,26.0,201.32,18.67,17.63,18.71,17.65,170.0,98.0,73.0,341.0,16.0,21.0,3.0,197.0,46.0,25.0,4.54,5.73,8.41,4.0,8.0,4.0,337.46,268.0,265.79,2.44,4.83,4.83,16.29,16.31,15.83,337.55,31.09,28.96,31.32,29.17,306.0,160.0,170.0,636.0,23.0,44.0,4.0,359.0,74.0,33.0,9.98,9.09,12.03,9.0,9.0,5.0,640.39,466.0,469.11,5.71,6.98,6.98,29.82,29.96,28.49,90.03,87.85,1700.0,1741.0,0.0,0.0,0.0,0.0,0.0,0.0,regular
8481122,2025,Simon Benoit,TOR,D,all,47,48790.0,1211.0,-5.43,0.38,0.5,0.37,0.49,0.37,0.49,227.0,33.62,1.93,1.83,8.87,1.14,19.64,14.58,1.8,1.91,1.77,0.0,3.0,29.0,19.0,37.0,85.0,3.0,0.0,3.0,0.0,12.0,0.0,13.0,20.0,29.0,48.0,13.0,29.0,0.0,124.0,9.0,45.0,44.0,3.0,1.0,0.82,0.45,0.66,0.0,0.0,0.0,83.94,48.0,47.35,33.0,0.37,0.4,0.17,2.14,2.11,1.97,1211.0,42.0,212.0,168.0,789.0,142.0,165.0,145.0,759.0,0.0,0.0,122879.0,29.0,23.0,10.0,72.0,299.24,26.72,25.92,26.49,25.68,255.0,149.0,148.0,552.0,25.0,29.0,3.0,300.0,77.0,27.0,8.56,9.79,8.37,9.0,10.0,6.0,545.36,404.0,399.05,4.05,5.27,5.44,25.33,25.01,24.65,489.95,43.38,41.57,44.14,42.31,435.0,242.0,262.0,939.0,39.0,56.0,4.0,531.0,100.0,46.0,15.07,11.84,16.48,20.0,8.0,11.0,953.91,677.0,686.67,7.64,10.58,11.28,39.74,40.35,39.08,106.06,105.29,2021.0,2103.0,0.0,0.0,0.0,0.0,0.0,0.0,regular
8478904,2025,Steven Lorentz,TOR,C,all,48,33988.0,813.0,7.8,0.38,0.51,0.35,0.49,0.36,0.49,459.0,50.97,5.67,3.2,11.92,1.64,23.75,19.82,5.4,5.58,5.31,5.0,5.0,48.0,18.0,13.0,79.0,14.0,4.0,4.0,1.0,9.0,0.0,23.0,26.0,44.0,62.0,1.0,2.0,38.0,105.0,11.0,24.0,38.0,19.0,9.0,0.86,2.14,2.66,0.0,3.0,1.0,77.78,66.0,65.21,11.0,0.68,1.12,1.21,5.14,5.05,5.02,813.0,27.0,180.0,152.0,454.0,115.0,110.0,99.0,489.0,38.0,33.0,141981.0,2.0,4.0,2.0,30.0,219.82,19.87,19.19,19.83,19.15,195.0,102.0,89.0,386.0,23.0,19.0,4.0,220.0,54.0,23.0,5.5,6.54,7.83,6.0,10.0,7.0,382.34,297.0,294.87,2.71,3.75,3.75,18.84,18.8,18.54,377.64,32.72,30.8,33.06,31.13,335.0,187.0,183.0,705.0,29.0,47.0,4.0,412.0,78.0,32.0,11.12,9.62,11.98,13.0,8.0,8.0,714.61,522.0,527.6,6.57,7.71,8.41,30.88,31.19,29.9,121.18,117.31,2291.0,2362.0,0.0,0.0,0.0,0.0,0.0,0.0,regular
8479442,2025,Troy Stecher,TOR,D,all,42,48615.0,1099.0,8.95,0.45,0.47,0.43,0.48,0.42,0.48,153.0,48.97,2.25,2.71,13.93,1.73,28.84,21.54,2.18,2.22,2.15,3.0,5.0,44.0,27.0,48.0,119.0,10.0,2.0,7.0,0.0,10.0,0.0,26.0,26.0,42.0,69.0,9.0,18.0,0.0,22.0,11.0,49.0,66.0,3.0,2.0,1.32,0.27,0.66,2.0,0.0,0.0,118.49,71.0,70.54,37.0,0.55,0.98,0.4,2.4,2.37,2.33,1099.0,66.0,154.0,159.0,720.0,146.0,157.0,116.0,680.0,0.0,0.0,105614.0,18.0,6.0,3.0,47.0,356.18,34.84,33.09,35.01,33.26,327.0,157.0,179.0,663.0,35.0,39.0,5.0,348.0,102.0,34.0,9.98,12.01,12.86,13.0,14.0,8.0,665.98,484.0,485.73,4.91,7.23,7.44,32.31,32.58,31.88,481.48,41.87,39.24,42.02,39.37,434.0,223.0,221.0,878.0,32.0,53.0,3.0,509.0,100.0,48.0,15.53,11.85,14.49,24.0,4.0,4.0,883.02,657.0,659.83,7.63,10.37,10.37,39.13,39.11,37.58,83.72,93.21,1646.0,1812.0,0.0,0.0,0.0,0.0,0.0,0.0,regular
8477939,2025,William Nylander,TOR,R,all,38,42417.0,838.0,36.01,0.58,0.43,0.54,0.42,0.54,0.43,133.0,96.85,11.53,6.5,21.23,2.9,48.96,35.88,10.87,11.53,10.86,22.0,9.0,80.0,47.0,44.0,171.0,48.0,17.0,8.0,0.0,15.0,0.0,34.0,53.0,63.0,110.0,7.0,14.0,19.0,4.0,16.0,39.0,87.0,30.0,10.0,2.71,3.86,4.96,5.0,8.0,4.0,169.95,127.0,126.48,6.0,1.49,2.0,1.46,11.55,11.54,11.4,838.0,191.0,71.0,129.0,447.0,71.0,111.0,155.0,501.0,19.0,33.0,96621.0,14.0,12.0,6.0,14.0,415.86,47.05,43.66,47.09,43.67,369.0,189.0,194.0,752.0,58.0,44.0,6.0,374.0,133.0,51.0,11.62,16.43,19.0,25.0,19.0,14.0,749.94,558.0,556.87,7.34,9.79,9.96,44.43,44.42,42.66,343.86,33.59,32.52,34.03,32.92,335.0,138.0,169.0,642.0,47.0,31.0,2.0,354.0,82.0,37.0,10.51,10.32,12.77,22.0,17.0,8.0,649.72,473.0,478.06,4.78,6.14,6.14,32.23,32.58,31.99,64.53,85.55,1316.0,1822.0,0.0,0.0,0.0,0.0,0.0,0.0,regular
8477021,2025,Alexander Kerfoot,UTA,C,all,9,5583.0,146.0,0.67,0.32,0.57,0.38,0.55,0.36,0.54,90.0,8.91,0.57,0.7,2.37,0.37,5.04,3.94,0.57,0.57,0.57,0.0,0.0,11.0,2.0,2.0,15.0,1.0,1.0,0.0,0.0,3.0,0.0,5.0,4.0,10.0,12.0,3.0,8.0,18.0,3.0,1.0,4.0,10.0,3.0,0.0,0.28,0.29,0.0,0.0,1.0,0.0,15.24,13.0,13.17,1.0,0.16,0.0,0.0,0.73,0.73,0.73,146.0,14.0,24.0,18.0,90.0,27.0,16.0,22.0,81.0,18.0,24.0,26896.0,8.0,2.0,1.0,8.0,29.56,2.27,2.23,2.29,2.25,29.0,12.0,29.0,70.0,1.0,2.0,0.0,33.0,6.0,2.0,1.12,0.68,0.47,0.0,1.0,0.0,71.22,41.0,41.82,0.48,0.47,0.47,2.28,2.3,2.29,54.47,4.8,4.56,4.81,4.56,55.0,19.0,39.0,113.0,6.0,4.0,1.0,58.0,13.0,3.0,1.81,1.66,1.33,3.0,2.0,1.0,111.66,74.0,73.38,0.91,0.25,0.25,5.47,5.46,5.2,26.56,20.37,480.0,393.0,0.0,0.0,0.0,0.0,0.0,0.0,regular
8475461,2025,Andrew Agozzino,UTA,L,all,2,736.0,20.0,-0.21,0.46,0.5,0.26,0.47,0.38,0.5,22.0,0.74,0.01,0.03,0.26,0.03,0.35,0.32,0.01,0.01,0.01,0.0,0.0,0.0,1.0,0.0,1.0,0.0,0.0,0.0,0.0,0.0,0.0,0.0,1.0,0.0,1.0,0.0,0.0,3.0,4.0,1.0,1.0,1.0,0.0,0.0,0.01,0.0,0.0,0.0,0.0,0.0,1.03,1.0,1.03,1.0,0.01,0.0,0.0,0.02,0.02,0.02,20.0,3.0,0.0,2.0,15.0,1.0,8.0,1.0,10.0,3.0,4.0,6640.0,0.0,2.0,1.0,1.0,3.79,0.44,0.43,0.44,0.43,3.0,2.0,0.0,5.0,0.0,1.0,0.0,4.0,0.0,1.0,0.17,0.0,0.27,0.0,0.0,0.0,4.93,5.0,4.89,0.05,0.27,0.27,0.22,0.23,0.22,5.58,0.53,0.53,0.51,0.51,5.0,3.0,6.0,14.0,0.0,0.0,0.0,6.0,2.0,0.0,0.19,0.33,0.0,0.0,0.0,0.0,13.67,8.0,7.88,0.08,0.0,0.0,0.61,0.59,0.59,5.47,5.57,100.0,111.0,0.0,0.0,0.0,0.0,0.0,0.0,regular
8480849,2025,Barrett Hayton,UTA,C,all,50,45898.0,1041.0,26.1,0.63,0.47,0.58,0.5,0.59,0.5,314.0,94.88,14.51,7.25,22.2,3.5,44.42,32.12,13.78,14.6,13.87,5.0,7.0,90.0,34.0,24.0,148.0,19.0,7.0,13.0,1.0,15.0,0.0,38.0,51.0,83.0,117.0,14.0,30.0,301.0,19.0,12.0,32.0,68.0,35.0,21.0,2.39,4.43,7.69,1.0,2.0,4.0,149.7,124.0,124.88,12.0,1.65,2.38,6.04,10.12,10.18,10.01,1041.0,160.0,129.0,167.0,585.0,152.0,118.0,176.0,595.0,301.0,266.0,134893.0,30.0,26.0,13.0,23.0,442.7,46.22,43.91,46.2,43.9,416.0,183.0,210.0,809.0,41.0,54.0,5.0,438.0,110.0,51.0,13.17,14.27,18.78,17.0,11.0,13.0,808.93,599.0,598.31,6.73,12.3,12.3,40.66,40.65,39.77,310.9,27.37,26.15,27.74,26.51,278.0,138.0,173.0,589.0,29.0,34.0,6.0,310.0,79.0,27.0,9.31,9.7,8.36,14.0,8.0,7.0,594.98,416.0,419.96,4.3,6.34,6.34,25.32,25.55,24.64,110.12,124.23,2170.0,2139.0,0.0,0.0,0.0,0.0,0.0,0.0,regular
8479293,2025,Brandon Tanev,UTA,L,all,42,23889.0,603.0,1.04,0.41,0.51,0.46,0.52,0.47,0.52,482.0,34.01,2.83,2.3,7.7,1.08,18.18,13.91,2.78,2.85,2.81,1.0,1.0,31.0,15.0,14.0,60.0,2.0,0.0,2.0,0.0,3.0,0.0,25.0,16.0,31.0,46.0,10.0,23.0,3.0,117.0,6.0,27.0,34.0,10.0,2.0,0.99,1.21,0.63,0.0,0.0,0.0,60.59,46.0,45.86,13.0,0.48,0.36,0.79,2.52,2.54,2.53,603.0,45.0,54.0,106.0,398.0,98.0,80.0,54.0,371.0,3.0,11.0,128223.0,23.0,23.0,10.0,26.0,165.63,12.32,11.78,12.44,11.87,139.0,85.0,95.0,319.0,5.0,15.0,1.0,182.0,33.0,9.0,5.56,4.16,2.6,2.0,2.0,1.0,321.13,224.0,224.82,2.18,2.9,2.9,11.59,11.68,11.45,186.38,17.96,17.1,18.02,17.17,164.0,86.0,121.0,371.0,19.0,20.0,2.0,170.0,66.0,14.0,5.49,8.14,4.33,8.0,9.0,2.0,371.44,250.0,250.01,2.68,4.21,4.21,16.43,16.5,16.11,119.85,117.36,2106.0,1954.0,0.0,0.0,0.0,0.0,0.0,0.0,regular
8479343,2025,Clayton Keller,UTA,R,all,55,63116.0,1242.0,57.63,0.6,0.45,0.62,0.47,0.63,0.47,148.0,161.2,17.31,11.43,35.12,5.24,90.83,59.06,16.54,17.41,16.64,21.0,13.0,145.0,74.0,50.0,269.0,50.0,16.0,17.0,3.0,21.0,0.0,97.0,68.0,129.0,203.0,8.0,16.0,12.0,8.0,18.0,65.0,156.0,49.0,14.0,5.73,5.83,5.75,6.0,4.0,6.0,268.7,219.0,218.99,8.0,2.58,4.68,3.73,16.17,16.21,15.76,1242.0,298.0,94.0,204.0,646.0,138.0,180.0,218.0,706.0,12.0,16.0,135851.0,16.0,24.0,12.0,21.0,662.42,69.92,65.5,70.24,65.82,598.0,303.0,301.0,1202.0,76.0,63.0,10.0,642.0,194.0,65.0,20.76,23.77,25.38,30.0,24.0,22.0,1204.21,901.0,903.85,11.13,14.44,15.0,66.05,66.36,63.02,403.37,47.29,44.69,47.5,44.89,340.0,200.0,196.0,736.0,38.0,45.0,4.0,363.0,129.0,48.0,10.91,15.86,20.51,13.0,14.0,11.0,742.08,540.0,544.41,5.35,8.14,8.14,44.5,44.65,43.45,101.71,121.97,2039.0,2309.0,0.0,0.0,0.0,0.0,0.0,0.0,regular
8484388,2025,Daniil But,UTA,L,all,28,21149.0,469.0,12.15,0.65,0.47,0.59,0.49,0.58,0.48,263.0,52.86,6.26,4.21,11.77,1.77,24.86,19.13,5.98,6.33,6.04,2.0,2.0,43.0,25.0,25.0,93.0,7.0,3.0,12.0,1.0,7.0,0.0,24.0,22.0,40.0,65.0,4.0,8.0,6.0,16.0,4.0,18.0,40.0,16.0,12.0,1.32,1.83,3.11,1.0,1.0,1.0,93.88,68.0,69.13,3.0,0.93,2.67,1.91,5.28,5.35,5.26,469.0,57.0,39.0,66.0,307.0,82.0,72.0,61.0,254.0,6.0,14.0,79954.0,8.0,8.0,4.0,18.0,203.48,21.31,20.1,21.46,20.24,185.0,91.0,129.0,405.0,15.0,30.0,2.0,188.0,55.0,33.0,5.27,6.8,9.24,6.0,4.0,5.0,408.24,276.0,278.15,3.45,6.88,6.74,18.02,18.15,17.71,146.05,11.54,11.11,11.4,10.99,138.0,59.0,87.0,284.0,10.0,13.0,0.0,153.0,35.0,9.0,4.48,4.3,2.76,5.0,4.0,1.0,281.94,197.0,196.0,1.93,2.28,2.28,11.19,11.11,10.96,69.38,77.15,1295.0,1356.0,0.0,0.0,0.0,0.0,0.0,0.0,regular
8484386,2025,Dmitri Simashev,UTA,D,all,24,22281.0,497.0,0.48,0.46,0.51,0.47,0.53,0.49,0.54,120.0,23.22,0.93,1.21,6.38,0.75,12.85,9.88,0.9,0.92,0.89,1.0,0.0,23.0,9.0,10.0,42.0,1.0,0.0,3.0,0.0,9.0,0.0,8.0,12.0,23.0,32.0,4.0,8.0,0.0,8.0,1.0,26.0,30.0,2.0,0.0,0.65,0.28,0.0,0.0,0.0,0.0,41.24,32.0,31.46,13.0,0.24,0.64,0.14,1.03,1.02,1.01,497.0,49.0,46.0,102.0,300.0,58.0,68.0,49.0,322.0,0.0,0.0,64611.0,8.0,2.0,1.0,26.0,174.24,14.81,13.94,14.95,14.05,161.0,73.0,74.0,308.0,7.0,21.0,0.0,173.0,47.0,14.0,4.9,5.81,4.1,5.0,2.0,0.0,309.13,234.0,234.88,2.38,4.41,4.41,12.78,12.89,12.64,180.36,17.38,16.91,17.36,16.88,164.0,79.0,103.0,346.0,17.0,17.0,2.0,169.0,61.0,13.0,5.17,7.88,4.34,5.0,9.0,3.0,348.37,243.0,243.79,2.49,3.82,3.82,16.05,16.03,15.76,58.19,55.4,1039.0,931.0,0.0,0.0,0.0,0.0,0.0,0.0,regular
8482699,2025,Dylan Guenther,UTA,R,all,53,54924.0,1125.0,53.28,0.55,0.48,0.6,0.49,0.6,0.49,222.0,197.87,18.55,12.91,45.51,6.5,111.38,74.15,17.61,18.65,17.7,18.0,3.0,171.0,98.0,78.0,347.0,45.0,24.0,19.0,2.0,30.0,0.0,102.0,94.0,147.0,245.0,11.0,22.0,21.0,43.0,11.0,44.0,191.0,63.0,15.0,5.99,7.39,5.17,10.0,11.0,3.0,348.13,269.0,269.42,18.0,2.98,4.36,3.58,17.94,18.04,17.67,1125.0,204.0,127.0,179.0,615.0,157.0,159.0,195.0,614.0,21.0,30.0,136843.0,22.0,16.0,8.0,19.0,604.98,62.33,58.43,62.34,58.45,534.0,288.0,272.0,1094.0,63.0,63.0,7.0,584.0,171.0,67.0,17.27,20.29,24.76,21.0,24.0,18.0,1094.29,822.0,822.15,9.88,14.22,15.09,57.13,57.23,54.82,395.28,50.18,46.95,50.28,47.06,347.0,191.0,204.0,742.0,39.0,51.0,7.0,376.0,110.0,52.0,12.4,14.23,23.55,15.0,12.0,12.0,742.56,538.0,540.2,5.53,12.21,12.22,43.48,43.52,41.95,102.8,111.84,2066.0,2172.0,0.0,0.0,0.0,0.0,0.0,0.0,regular
8474013,2025,Ian Cole,UTA,D,all,55,60464.0,1302.0,18.3,0.44,0.53,0.42,0.56,0.43,0.55,237.0,50.34,2.54,2.92,14.09,1.9,28.5,22.05,2.31,2.59,2.34,8.0,6.0,42.0,30.0,43.0,115.0,16.0,2.0,2.0,0.0,10.0,0.0,26.0,32.0,40.0,70.0,15.0,33.0,0.0,55.0,9.0,64.0,68.0,2.0,2.0,1.7,0.22,0.63,2.0,0.0,0.0,115.97,72.0,72.35,53.0,0.59,0.18,0.73,2.4,2.44,2.38,1302.0,78.0,208.0,157.0,859.0,161.0,171.0,194.0,776.0,0.0,0.0,138503.0,33.0,15.0,6.0,108.0,430.51,43.69,42.27,44.03,42.58,381.0,213.0,221.0,815.0,50.0,41.0,9.0,436.0,108.0,50.0,13.2,13.07,17.42,12.0,17.0,21.0,822.86,594.0,598.05,5.75,8.92,9.04,40.41,40.75,40.04,574.32,55.9,53.39,55.7,53.22,476.0,300.0,351.0,1127.0,53.0,61.0,11.0,565.0,161.0,50.0,16.84,20.02,19.05,16.0,21.0,16.0,1122.59,776.0,774.21,10.02,13.95,13.95,51.98,51.79,50.19,127.94,113.36,2426.0,1918.0,0.0,0.0,0.0,0.0,0.0,0.0,regular
8482175,2025,JJ Peterka,UTA,R,all,55,54615.0,1131.0,39.17,0.54,0.49,0.56,0.5,0.57,0.5,293.0,115.35,11.34,7.69,25.76,3.77,63.21,45.23,10.89,11.38,10.92,8.0,10.0,110.0,47.0,62.0,219.0,37.0,19.0,9.0,1.0,21.0,1.0,57.0,50.0,91.0,138.0,12.0,24.0,7.0,13.0,14.0,61.0,117.0,31.0,9.0,3.69,3.87,3.78,9.0,5.0,5.0,221.15,157.0,158.3,13.0,1.68,1.6,0.84,12.18,12.23,11.77,1131.0,213.0,82.0,185.0,651.0,187.0,184.0,180.0,580.0,7.0,15.0,144352.0,24.0,16.0,8.0,16.0,507.8,48.29,45.98,48.52,46.2,463.0,230.0,245.0,938.0,51.0,45.0,5.0,507.0,141.0,45.0,15.55,17.24,15.49,23.0,14.0,14.0,943.98,693.0,695.94,7.92,9.89,9.75,46.46,46.75,45.44,382.87,41.02,39.43,41.11,39.51,342.0,177.0,205.0,724.0,34.0,39.0,2.0,372.0,105.0,42.0,11.16,13.52,16.34,10.0,14.0,10.0,726.49,519.0,521.46,5.18,7.34,7.59,38.61,38.58,37.96,123.35,128.25,2303.0,2321.0,0.0,0.0,0.0,0.0,0.0,0.0,regular
8480855,2025,Jack McBain,UTA,C,all,55,46380.0,1124.0,24.24,0.48,0.51,0.48,0.53,0.47,0.53,413.0,91.7,13.11,7.13,20.95,3.26,44.87,31.68,12.03,13.14,12.05,8.0,5.0,79.0,42.0,37.0,158.0,19.0,6.0,14.0,1.0,17.0,0.0,43.0,41.0,73.0,115.0,22.0,56.0,285.0,190.0,8.0,37.0,67.0,30.0,24.0,2.23,3.64,7.24,1.0,2.0,3.0,159.32,121.0,121.27,12.0,1.57,2.82,4.18,10.5,10.54,9.96,1124.0,122.0,153.0,166.0,683.0,164.0,158.0,174.0,628.0,285.0,273.0,152587.0,56.0,36.0,12.0,37.0,396.71,42.93,40.54,43.23,40.83,330.0,206.0,238.0,774.0,37.0,46.0,3.0,373.0,104.0,59.0,10.95,12.81,19.17,11.0,17.0,9.0,779.65,536.0,539.13,5.74,9.03,9.03,39.63,39.96,38.49,442.66,47.19,44.9,47.06,44.79,391.0,210.0,223.0,824.0,48.0,64.0,14.0,419.0,136.0,46.0,12.76,16.8,17.63,14.0,17.0,17.0,821.06,601.0,601.19,7.1,14.35,14.6,39.7,39.61,38.26,128.71,122.08,2467.0,2221.0,0.0,0.0,0.0,0.0,0.0,0.0,regular
8478507,2025,John Marino,UTA,D,all,55,67427.0,1512.0,35.1,0.48,0.51,0.5,0.52,0.49,0.53,164.0,49.73,3.83,3.0,13.91,1.8,28.54,20.92,3.72,3.83,3.73,8.0,13.0,44.0,28.0,54.0,126.0,25.0,4.0,6.0,1.0,6.0,0.0,22.0,34.0,40.0,68.0,5.0,10.0,0.0,19.0,15.0,67.0,64.0,4.0,4.0,1.6,0.49,1.74,1.0,1.0,2.0,125.9,72.0,72.26,42.0,0.62,0.81,0.51,3.93,3.94,3.87,1512.0,149.0,179.0,235.0,949.0,174.0,211.0,228.0,899.0,0.0,0.0,131540.0,10.0,12.0,6.0,50.0,541.53,52.7,50.6,53.05,50.95,462.0,274.0,283.0,1019.0,67.0,52.0,6.0,545.0,136.0,55.0,17.21,17.16,18.34,22.0,26.0,19.0,1027.83,736.0,741.96,7.57,10.74,10.46,49.82,50.29,48.87,561.17,56.7,54.52,56.7,54.52,504.0,257.0,250.0,1011.0,46.0,80.0,13.0,536.0,168.0,57.0,15.69,20.73,20.29,15.0,13.0,18.0,1011.26,761.0,762.19,8.82,16.41,16.66,48.87,48.87,47.78,118.93,112.56,2222.0,2034.0,0.0,0.0,0.0,0.0,0.0,0.0,regular
8479977,2025,Kailer Yamamoto,UTA,R,all,33,22857.0,528.0,18.54,0.53,0.48,0.55,0.5,0.56,0.5,331.0,31.42,4.53,2.29,6.29,1.08,15.16,11.64,4.3,4.53,4.29,5.0,2.0,31.0,10.0,10.0,51.0,16.0,9.0,1.0,1.0,7.0,0.0,13.0,11.0,22.0,32.0,5.0,10.0,15.0,19.0,4.0,11.0,24.0,12.0,5.0,1.2,1.49,1.84,4.0,3.0,2.0,50.28,41.0,40.75,3.0,0.5,0.25,1.4,3.63,3.6,3.58,528.0,64.0,48.0,81.0,335.0,84.0,84.0,72.0,288.0,15.0,19.0,96567.0,10.0,16.0,8.0,9.0,186.57,16.03,15.59,16.3,15.86,167.0,87.0,98.0,352.0,23.0,11.0,1.0,188.0,55.0,11.0,5.6,6.83,3.6,9.0,10.0,4.0,353.34,254.0,255.53,2.65,2.49,2.49,16.19,16.43,16.22,147.57,14.42,13.94,14.45,13.95,127.0,74.0,88.0,289.0,12.0,16.0,1.0,151.0,34.0,16.0,4.69,4.13,5.61,5.0,5.0,2.0,289.86,201.0,202.0,2.0,3.57,3.57,12.86,12.84,12.59,82.42,88.59,1554.0,1536.0,0.0,0.0,0.0,0.0,0.0,0.0,regular
8479291,2025,Kevin Rooney,UTA,C,all,1,584.0,14.0,1.03,0.48,0.36,0.57,0.49,0.55,0.51,11.0,1.43,0.13,0.11,0.28,0.04,0.83,0.6,0.13,0.14,0.14,0.0,0.0,1.0,1.0,1.0,3.0,1.0,1.0,0.0,0.0,0.0,0.0,1.0,0.0,0.0,1.0,0.0,0.0,2.0,0.0,0.0,1.0,2.0,0.0,0.0,0.13,0.0,0.0,1.0,0.0,0.0,3.1,2.0,2.11,1.0,0.02,0.0,0.0,0.15,0.17,0.16,14.0,3.0,3.0,0.0,8.0,3.0,0.0,1.0,10.0,2.0,6.0,3016.0,0.0,0.0,0.0,0.0,4.28,0.2,0.2,0.22,0.22,4.0,2.0,2.0,8.0,1.0,0.0,0.0,6.0,0.0,0.0,0.2,0.0,0.0,1.0,0.0,0.0,8.23,6.0,6.1,0.05,0.0,0.0,0.25,0.27,0.26,3.81,0.22,0.22,0.21,0.21,3.0,2.0,1.0,6.0,0.0,0.0,0.0,4.0,1.0,0.0,0.12,0.11,0.0,0.0,0.0,0.0,5.82,5.0,4.88,0.04,0.0,0.0,0.26,0.25,0.25,2.7,4.74,40.0,42.0,0.0,0.0,0.0,0.0,0.0,0.0,regular
8478831,2025,Kevin Stenlund,UTA,C,all,54,47715.0,1122.0,8.28,0.34,0.55,0.39,0.56,0.39,0.56,369.0,61.39,6.25,3.54,14.21,1.93,29.87,25.2,5.73,6.35,5.83,5.0,3.0,48.0,33.0,33.0,114.0,12.0,4.0,3.0,0.0,9.0,0.0,31.0,34.0,44.0,77.0,10.0,20.0,418.0,28.0,10.0,34.0,61.0,14.0,6.0,1.92,1.86,2.47,1.0,1.0,2.0,116.51,81.0,82.22,15.0,0.78,0.41,1.02,6.0,6.08,5.6,1122.0,97.0,283.0,177.0,565.0,150.0,105.0,132.0,735.0,418.0,365.0,147652.0,20.0,12.0,6.0,44.0,297.02,25.69,24.53,25.94,24.75,257.0,152.0,175.0,584.0,20.0,23.0,2.0,323.0,65.0,21.0,8.89,8.01,8.8,4.0,7.0,9.0,590.16,409.0,412.24,4.0,3.82,3.82,25.88,26.11,25.2,466.54,49.28,46.15,49.19,46.07,405.0,229.0,275.0,909.0,45.0,57.0,7.0,454.0,130.0,50.0,13.94,16.08,19.27,14.0,16.0,15.0,905.17,634.0,631.77,8.87,12.69,12.69,45.47,45.37,43.37,143.15,117.04,2609.0,2065.0,0.0,0.0,0.0,0.0,0.0,0.0,regular
8478474,2025,Lawson Crouse,UTA,L,all,54,53308.0,1247.0,32.54,0.46,0.52,0.47,0.54,0.46,0.54,263.0,107.94,13.12,7.49,25.44,3.87,51.75,41.33,12.62,13.19,12.69,11.0,2.0,86.0,57.0,36.0,179.0,26.0,13.0,9.0,2.0,15.0,0.0,60.0,46.0,73.0,130.0,8.0,16.0,23.0,144.0,10.0,32.0,80.0,49.0,14.0,2.69,5.9,4.54,3.0,8.0,2.0,180.21,143.0,143.95,10.0,1.64,1.59,2.88,11.88,11.97,11.71,1247.0,140.0,253.0,222.0,632.0,166.0,140.0,184.0,757.0,23.0,39.0,142059.0,16.0,16.0,8.0,38.0,444.23,43.78,42.02,44.0,42.24,389.0,212.0,233.0,834.0,50.0,46.0,8.0,436.0,115.0,50.0,12.52,14.34,16.93,15.0,18.0,17.0,840.37,601.0,605.58,6.41,8.82,8.83,41.35,41.6,40.54,513.17,52.21,49.15,52.2,49.16,446.0,247.0,251.0,944.0,42.0,74.0,15.0,512.0,121.0,60.0,15.39,15.25,21.57,13.0,11.0,18.0,942.13,693.0,692.91,9.19,15.39,15.64,45.76,45.74,43.91,123.52,113.33,2351.0,2043.0,0.0,0.0,0.0,0.0,0.0,0.0,regular
8477070,2025,Liam O'Brien,UTA,C,all,30,16310.0,401.0,2.04,0.44,0.53,0.46,0.52,0.46,0.53,348.0,35.34,3.61,2.5,8.98,1.27,18.33,13.31,3.43,3.68,3.49,1.0,0.0,25.0,23.0,19.0,67.0,3.0,2.0,5.0,0.0,9.0,0.0,19.0,13.0,23.0,46.0,6.0,21.0,5.0,87.0,1.0,7.0,32.0,12.0,4.0,1.03,1.48,1.1,0.0,1.0,1.0,69.7,48.0,49.7,3.0,0.54,1.14,0.85,3.3,3.38,3.27,401.0,42.0,32.0,76.0,251.0,60.0,58.0,45.0,238.0,5.0,3.0,92009.0,21.0,21.0,6.0,11.0,113.18,9.06,8.61,9.29,8.81,96.0,60.0,78.0,234.0,5.0,11.0,0.0,119.0,30.0,7.0,3.33,3.63,2.1,2.0,2.0,1.0,240.37,156.0,159.69,1.53,2.19,2.19,8.41,8.61,8.44,133.64,11.68,11.2,11.44,10.99,119.0,62.0,89.0,270.0,11.0,14.0,1.0,132.0,41.0,8.0,4.17,5.3,2.2,4.0,6.0,1.0,266.34,181.0,178.45,1.86,2.37,2.37,11.17,10.99,10.76,88.41,77.26,1552.0,1424.0,0.0,0.0,0.0,0.0,0.0,0.0,regular
8483431,2025,Logan Cooley,UTA,C,all,29,31006.0,621.0,24.91,0.56,0.47,0.57,0.49,0.59,0.51,104.0,69.47,9.72,5.44,14.76,2.29,34.8,24.0,9.2,9.77,9.25,5.0,4.0,59.0,32.0,10.0,101.0,23.0,14.0,5.0,3.0,9.0,1.0,35.0,27.0,45.0,77.0,11.0,22.0,133.0,34.0,11.0,37.0,55.0,25.0,11.0,1.94,3.31,4.46,4.0,3.0,7.0,101.22,91.0,91.43,9.0,1.28,1.37,3.17,7.82,7.9,7.62,621.0,110.0,57.0,92.0,362.0,95.0,89.0,116.0,321.0,133.0,189.0,74058.0,22.0,25.0,11.0,13.0,317.58,34.55,32.67,34.64,32.76,282.0,150.0,129.0,561.0,39.0,32.0,5.0,302.0,94.0,36.0,9.19,11.24,14.12,10.0,13.0,16.0,562.9,432.0,434.42,5.21,7.3,8.17,31.59,31.77,30.51,220.3,27.33,26.31,27.22,26.19,197.0,107.0,111.0,415.0,24.0,27.0,3.0,212.0,65.0,27.0,6.34,8.21,12.77,9.0,7.0,8.0,414.05,304.0,303.71,3.04,6.11,6.11,24.25,24.18,23.5,52.86,59.86,1089.0,1134.0,0.0,0.0,0.0,0.0,0.0,0.0,regular
8483472,2025,Maveric Lamoureux,UTA,D,all,5,4396.0,97.0,1.3,0.38,0.47,0.46,0.45,0.48,0.45,30.0,4.14,0.14,0.22,1.11,0.14,2.54,1.85,0.14,0.16,0.16,1.0,0.0,4.0,2.0,4.0,10.0,1.0,0.0,0.0,0.0,2.0,0.0,1.0,3.0,4.0,6.0,1.0,2.0,0.0,11.0,2.0,4.0,6.0,0.0,0.0,0.14,0.0,0.0,0.0,0.0,0.0,10.76,6.0,6.3,3.0,0.04,0.0,0.0,0.19,0.2,0.2,97.0,5.0,6.0,6.0,80.0,18.0,18.0,5.0,56.0,0.0,0.0,13604.0,2.0,0.0,0.0,9.0,35.07,2.25,2.19,2.33,2.27,29.0,19.0,18.0,66.0,5.0,2.0,0.0,43.0,3.0,2.0,1.22,0.34,0.69,4.0,1.0,0.0,68.58,48.0,49.46,0.4,0.31,0.31,2.34,2.45,2.39,38.45,3.64,3.38,3.71,3.46,33.0,18.0,27.0,78.0,1.0,6.0,0.0,38.0,9.0,4.0,1.11,1.24,1.29,0.0,1.0,0.0,77.11,51.0,51.22,0.49,1.61,1.61,2.52,2.55,2.44,12.92,14.85,213.0,259.0,0.0,0.0,0.0,0.0,0.0,0.0,regular
8479619,2025,Michael Carcone,UTA,L,all,53,39824.0,930.0,34.68,0.6,0.48,0.6,0.49,0.59,0.5,475.0,121.61,10.3,8.58,29.41,4.08,63.42,46.21,9.93,10.36,9.99,5.0,5.0,104.0,58.0,59.0,221.0,21.0,11.0,17.0,1.0,22.0,0.0,64.0,48.0,93.0,151.0,5.0,10.0,9.0,90.0,11.0,33.0,123.0,28.0,11.0,3.32,3.76,3.23,4.0,4.0,3.0,223.27,162.0,163.28,5.0,1.84,4.34,1.87,10.27,10.4,10.24,930.0,108.0,93.0,165.0,564.0,175.0,116.0,124.0,515.0,9.0,11.0,151767.0,10.0,18.0,9.0,13.0,429.07,41.63,39.54,41.84,39.75,366.0,211.0,238.0,815.0,32.0,55.0,4.0,408.0,114.0,55.0,11.27,14.3,16.06,12.0,11.0,9.0,819.61,577.0,579.31,6.53,11.13,11.58,36.58,36.88,36.01,297.58,28.26,26.47,28.15,26.36,252.0,149.0,144.0,545.0,23.0,36.0,5.0,300.0,75.0,26.0,9.61,9.44,9.21,8.0,10.0,5.0,544.1,401.0,400.43,4.09,7.46,7.46,24.89,24.85,24.24,124.09,134.91,2321.0,2375.0,0.0,0.0,0.0,0.0,0.0,0.0,regular
8479410,2025,Mikhail Sergachev,UTA,D,all,55,80489.0,1594.0,37.72,0.48,0.52,0.51,0.52,0.51,0.52,59.0,103.95,6.22,6.49,28.75,3.45,62.42,43.67,5.83,6.19,5.81,9.0,20.0,111.0,40.0,103.0,254.0,37.0,8.0,7.0,0.0,24.0,0.0,55.0,57.0,103.0,143.0,17.0,34.0,0.0,25.0,21.0,83.0,137.0,8.0,6.0,2.89,0.94,2.38,5.0,0.0,3.0,251.15,151.0,149.9,56.0,1.46,1.83,1.02,6.66,6.63,6.21,1594.0,236.0,294.0,272.0,792.0,125.0,147.0,246.0,1076.0,0.0,0.0,118478.0,34.0,24.0,12.0,95.0,727.88,76.2,71.47,76.4,71.67,673.0,318.0,369.0,1360.0,74.0,72.0,9.0,714.0,197.0,80.0,21.26,24.43,30.51,27.0,23.0,24.0,1360.39,991.0,992.27,11.84,15.84,16.99,71.05,71.18,67.95,706.15,80.95,75.73,81.03,75.82,618.0,336.0,364.0,1318.0,74.0,86.0,13.0,666.0,201.0,87.0,20.56,24.84,35.56,28.0,24.0,22.0,1319.97,954.0,956.3,12.24,19.18,19.18,74.02,74.03,70.97,95.44,88.31,1881.0,1727.0,0.0,0.0,0.0,0.0,0.0,0.0,regular
8477220,2025,Nate Schmidt,UTA,D,all,55,66416.0,1529.0,34.25,0.51,0.5,0.52,0.51,0.51,0.52,168.0,69.57,3.18,4.02,19.71,2.46,42.48,30.15,3.11,3.17,3.1,7.0,7.0,58.0,44.0,57.0,159.0,18.0,4.0,6.0,0.0,16.0,0.0,41.0,35.0,54.0,98.0,7.0,14.0,0.0,56.0,12.0,55.0,95.0,6.0,1.0,2.3,0.6,0.28,2.0,1.0,1.0,158.96,102.0,101.91,42.0,0.83,1.27,0.21,3.8,3.79,3.7,1529.0,165.0,185.0,235.0,944.0,184.0,202.0,217.0,926.0,0.0,0.0,132551.0,14.0,14.0,7.0,61.0,564.27,55.24,52.97,55.58,53.31,492.0,271.0,282.0,1045.0,59.0,59.0,7.0,557.0,144.0,62.0,17.04,17.95,20.25,23.0,20.0,16.0,1052.55,763.0,768.77,7.95,12.38,12.67,50.52,51.01,49.82,533.39,52.13,49.64,52.38,49.87,483.0,242.0,248.0,973.0,46.0,71.0,9.0,527.0,145.0,53.0,15.61,18.24,18.28,12.0,17.0,17.0,976.36,725.0,727.95,8.64,13.93,14.17,46.6,46.74,45.13,116.39,117.13,2196.0,2072.0,0.0,0.0,0.0,0.0,0.0,0.0,regular
8480084,2025,Nick DeSimone,UTA,D,all,30,25362.0,585.0,11.33,0.56,0.5,0.56,0.51,0.56,0.5,174.0,30.95,1.65,1.7,8.77,1.01,17.99,12.89,1.61,1.64,1.6,1.0,2.0,29.0,15.0,21.0,65.0,5.0,2.0,3.0,0.0,9.0,0.0,19.0,11.0,27.0,42.0,3.0,6.0,0.0,15.0,3.0,23.0,39.0,4.0,1.0,0.97,0.43,0.25,2.0,0.0,0.0,64.86,44.0,43.76,14.0,0.34,0.96,0.32,1.66,1.65,1.64,585.0,38.0,49.0,89.0,409.0,89.0,91.0,62.0,343.0,0.0,0.0,83307.0,6.0,2.0,1.0,18.0,225.41,19.19,18.6,19.19,18.6,195.0,114.0,133.0,442.0,16.0,21.0,3.0,228.0,62.0,19.0,6.64,7.26,5.28,8.0,6.0,2.0,441.04,309.0,307.29,3.0,4.35,4.24,17.94,17.87,17.63,182.6,14.97,14.5,15.03,14.58,162.0,84.0,106.0,352.0,14.0,15.0,2.0,183.0,54.0,9.0,5.7,6.65,2.62,5.0,8.0,1.0,353.59,246.0,247.6,2.45,2.61,2.61,14.81,14.87,14.59,76.35,76.22,1357.0,1324.0,0.0,0.0,0.0,0.0,0.0,0.0,regular
8477951,2025,Nick Schmaltz,UTA,C,all,55,65059.0,1313.0,54.87,0.55,0.48,0.58,0.49,0.58,0.49,118.0,143.94,16.99,10.91,30.1,4.62,76.48,51.88,15.9,17.05,15.97,23.0,5.0,129.0,62.0,65.0,256.0,47.0,19.0,19.0,3.0,23.0,0.0,66.0,64.0,110.0,172.0,10.0,20.0,279.0,16.0,31.0,57.0,121.0,52.0,18.0,3.99,6.79,6.21,5.0,8.0,6.0,258.5,191.0,192.63,14.0,2.54,3.5,3.1,16.44,16.55,15.61,1313.0,304.0,117.0,204.0,688.0,139.0,193.0,218.0,763.0,279.0,319.0,133908.0,20.0,32.0,16.0,32.0,622.63,66.43,62.23,66.74,62.54,566.0,283.0,289.0,1138.0,70.0,59.0,10.0,605.0,180.0,64.0,19.16,22.1,25.18,26.0,22.0,22.0,1140.13,849.0,851.96,10.47,13.31,14.18,62.73,63.04,59.79,455.0,54.96,52.35,55.28,52.65,394.0,219.0,211.0,824.0,48.0,46.0,8.0,404.0,152.0,57.0,11.6,18.72,24.64,12.0,19.0,17.0,830.19,613.0,617.34,6.61,11.56,11.56,50.01,50.22,48.93,105.21,114.29,2103.0,2221.0,0.0,0.0,0.0,0.0,0.0,0.0,regular
8476874,2025,Olli Mtt,UTA,D,all,19,13578.0,306.0,2.02,0.48,0.53,0.52,0.54,0.52,0.55,112.0,11.2,0.36,0.56,3.36,0.38,6.52,4.83,0.36,0.36,0.36,0.0,1.0,9.0,7.0,6.0,22.0,1.0,0.0,0.0,0.0,2.0,0.0,7.0,7.0,9.0,16.0,1.0,2.0,0.0,1.0,2.0,14.0,16.0,0.0,0.0,0.36,0.0,0.0,0.0,0.0,0.0,22.09,16.0,16.07,9.0,0.11,0.0,0.03,0.44,0.44,0.44,306.0,25.0,12.0,42.0,227.0,47.0,38.0,39.0,182.0,0.0,0.0,55292.0,2.0,0.0,0.0,16.0,102.8,8.46,8.24,8.72,8.49,87.0,55.0,63.0,205.0,8.0,7.0,0.0,106.0,30.0,6.0,2.99,3.48,1.99,1.0,4.0,3.0,208.22,142.0,144.7,1.4,1.22,1.22,8.63,8.89,8.77,95.97,9.06,8.78,8.93,8.65,85.0,46.0,61.0,192.0,12.0,13.0,1.0,89.0,34.0,8.0,2.76,4.09,2.21,3.0,8.0,1.0,189.71,131.0,129.44,1.34,2.53,2.53,7.87,7.77,7.67,48.65,43.87,917.0,766.0,0.0,0.0,0.0,0.0,0.0,0.0,regular
8480434,2025,Sean Durzi,UTA,D,all,34,41506.0,900.0,21.27,0.5,0.5,0.55,0.49,0.55,0.48,105.0,59.75,3.64,3.65,16.45,1.97,33.42,24.87,3.6,3.67,3.63,5.0,8.0,57.0,27.0,62.0,146.0,17.0,4.0,3.0,0.0,12.0,1.0,30.0,34.0,53.0,80.0,8.0,18.0,0.0,19.0,7.0,43.0,76.0,6.0,2.0,1.93,0.85,0.86,1.0,3.0,0.0,146.03,84.0,84.73,22.0,0.81,0.42,0.11,4.34,4.37,4.32,900.0,109.0,102.0,144.0,545.0,126.0,128.0,116.0,530.0,0.0,0.0,81373.0,18.0,14.0,7.0,61.0,407.29,38.63,36.47,38.76,36.58,364.0,186.0,223.0,773.0,29.0,45.0,2.0,404.0,106.0,40.0,12.55,13.38,12.69,17.0,7.0,5.0,775.29,550.0,551.36,6.28,10.16,10.0,34.9,35.02,33.93,337.79,38.12,36.08,38.2,36.16,296.0,159.0,177.0,632.0,39.0,37.0,7.0,323.0,94.0,38.0,10.67,11.8,15.65,20.0,9.0,10.0,632.37,455.0,455.79,4.69,8.89,8.89,33.92,33.96,32.91,69.75,71.12,1267.0,1335.0,0.0,0.0,0.0,0.0,0.0,0.0,regular
8482691,2025,Aatu Raty,VAN,C,all,44,32066.0,779.0,12.41,0.44,0.46,0.48,0.5,0.47,0.49,415.0,61.2,5.79,4.37,14.77,2.02,32.24,23.8,5.65,5.61,5.47,5.0,4.0,43.0,40.0,18.0,101.0,12.0,3.0,7.0,0.0,7.0,0.0,31.0,35.0,40.0,80.0,9.0,18.0,295.0,104.0,8.0,25.0,61.0,17.0,5.0,2.24,2.32,1.23,2.0,0.0,1.0,97.82,83.0,80.72,8.0,0.93,1.36,1.04,5.68,5.52,5.45,779.0,85.0,176.0,91.0,427.0,94.0,95.0,93.0,497.0,295.0,192.0,129091.0,18.0,8.0,4.0,9.0,262.8,20.62,20.07,20.15,19.61,205.0,154.0,141.0,500.0,18.0,26.0,3.0,287.0,54.0,18.0,8.81,7.15,4.66,7.0,7.0,4.0,485.05,359.0,350.22,3.7,5.09,5.28,19.05,18.61,18.35,294.69,26.75,25.38,27.03,25.66,239.0,160.0,145.0,544.0,20.0,40.0,4.0,294.0,78.0,27.0,8.44,9.7,8.61,5.0,8.0,7.0,554.41,399.0,405.81,4.61,7.05,7.05,24.31,24.53,23.95,113.82,131.8,2153.0,2178.0,0.0,0.0,0.0,0.0,0.0,0.0,regular
8483395,2025,Arshdeep Bains,VAN,L,all,28,15466.0,370.0,2.85,0.51,0.45,0.49,0.5,0.49,0.49,307.0,17.71,2.55,1.62,4.31,0.63,7.59,5.3,2.33,2.54,2.33,2.0,2.0,18.0,4.0,9.0,31.0,5.0,1.0,3.0,0.0,3.0,0.0,7.0,8.0,17.0,21.0,6.0,12.0,2.0,24.0,6.0,11.0,8.0,12.0,2.0,0.34,1.72,0.5,0.0,1.0,0.0,30.89,22.0,21.94,2.0,0.35,0.52,1.02,1.89,1.92,1.89,370.0,34.0,10.0,60.0,266.0,59.0,71.0,32.0,208.0,2.0,12.0,86641.0,12.0,0.0,0.0,5.0,127.11,11.79,11.3,11.58,11.11,109.0,60.0,63.0,232.0,8.0,21.0,1.0,121.0,37.0,11.0,3.23,5.05,3.51,1.0,4.0,3.0,228.0,169.0,166.46,1.9,3.74,3.74,9.94,9.88,9.76,127.4,11.11,10.82,11.09,10.81,122.0,51.0,71.0,244.0,10.0,20.0,1.0,120.0,42.0,11.0,3.18,5.07,2.86,3.0,5.0,2.0,245.82,173.0,174.4,1.76,3.26,3.26,9.61,9.61,9.54,71.0,86.37,1457.0,1476.0,0.0,0.0,0.0,0.0,0.0,0.0,regular
8485385,2025,Braeden Cootes,VAN,C,all,3,1940.0,44.0,-1.63,0.16,0.42,0.33,0.47,0.33,0.47,34.0,0.0,0.0,0.0,0.0,0.0,0.0,0.0,0.0,0.0,0.0,0.0,0.0,0.0,0.0,0.0,0.0,0.0,0.0,0.0,0.0,0.0,0.0,0.0,0.0,0.0,0.0,0.0,0.0,5.0,3.0,0.0,4.0,0.0,0.0,0.0,0.0,0.0,0.0,0.0,0.0,0.0,0.0,0.0,0.0,2.0,0.0,0.0,0.0,0.0,0.0,0.0,44.0,3.0,2.0,5.0,34.0,9.0,5.0,2.0,28.0,5.0,8.0,8860.0,0.0,0.0,0.0,1.0,11.13,0.46,0.46,0.46,0.46,10.0,5.0,6.0,21.0,0.0,0.0,0.0,14.0,1.0,0.0,0.38,0.09,0.0,0.0,0.0,0.0,20.85,15.0,14.89,0.12,0.0,0.0,0.58,0.58,0.58,23.46,2.53,2.35,2.61,2.43,20.0,10.0,13.0,43.0,2.0,4.0,0.0,17.0,10.0,3.0,0.54,1.25,0.74,1.0,1.0,0.0,45.44,30.0,31.79,0.36,0.87,0.87,2.01,2.1,2.05,6.15,8.61,130.0,147.0,0.0,0.0,0.0,0.0,0.0,0.0,regular
8478444,2025,Brock Boeser,VAN,R,all,50,57103.0,1065.0,19.33,0.52,0.43,0.54,0.48,0.53,0.47,138.0,132.06,15.79,9.84,29.31,4.46,71.86,47.74,13.57,15.8,13.58,10.0,3.0,114.0,65.0,63.0,242.0,25.0,12.0,18.0,1.0,24.0,0.0,56.0,69.0,102.0,167.0,3.0,6.0,50.0,30.0,8.0,35.0,126.0,30.0,23.0,4.08,4.17,7.54,6.0,2.0,4.0,238.85,179.0,177.68,10.0,2.36,4.24,5.29,12.87,12.87,12.16,1065.0,231.0,135.0,180.0,519.0,130.0,147.0,192.0,596.0,50.0,62.0,125654.0,6.0,12.0,6.0,20.0,568.35,62.42,56.49,62.11,56.19,490.0,285.0,277.0,1052.0,48.0,78.0,8.0,573.0,122.0,80.0,16.58,15.45,30.4,15.0,11.0,22.0,1039.52,775.0,767.32,10.82,17.52,17.83,55.41,55.08,52.15,503.93,57.91,54.89,58.53,55.52,455.0,230.0,214.0,899.0,63.0,59.0,7.0,479.0,133.0,73.0,14.81,16.98,26.11,18.0,22.0,23.0,913.04,685.0,695.93,7.57,10.96,10.96,54.51,55.11,53.43,91.69,120.59,1930.0,2119.0,0.0,0.0,0.0,0.0,0.0,0.0,regular
8478856,2025,Conor Garland,VAN,R,all,44,50811.0,991.0,17.67,0.44,0.46,0.49,0.47,0.49,0.47,125.0,108.88,10.03,8.09,24.22,3.81,61.73,43.12,9.64,9.95,9.56,10.0,5.0,93.0,58.0,37.0,188.0,22.0,7.0,14.0,1.0,25.0,0.0,58.0,47.0,86.0,144.0,12.0,30.0,11.0,27.0,18.0,54.0,119.0,23.0,9.0,3.7,2.9,3.43,3.0,0.0,4.0,185.08,151.0,148.49,12.0,1.8,2.96,1.58,10.25,10.17,9.88,991.0,157.0,195.0,168.0,471.0,145.0,128.0,158.0,560.0,11.0,16.0,109229.0,30.0,42.0,18.0,24.0,482.07,47.8,46.09,47.27,45.58,428.0,232.0,221.0,881.0,33.0,69.0,3.0,497.0,103.0,60.0,14.89,12.92,19.98,9.0,9.0,15.0,865.02,660.0,648.4,8.4,12.96,12.96,43.24,42.75,41.69,500.55,59.81,57.0,60.39,57.59,420.0,255.0,226.0,901.0,50.0,53.0,3.0,474.0,133.0,68.0,15.34,16.68,27.79,14.0,13.0,23.0,913.19,675.0,685.12,8.16,9.56,9.56,58.41,59.0,57.1,86.53,99.91,1673.0,1863.0,0.0,0.0,0.0,0.0,0.0,0.0,regular
8480144,2025,David Kampf,VAN,C,all,32,29252.0,659.0,7.47,0.39,0.49,0.45,0.53,0.44,0.51,195.0,32.67,3.76,2.52,7.8,1.15,16.22,12.56,3.63,3.66,3.54,3.0,1.0,33.0,11.0,13.0,57.0,6.0,2.0,5.0,0.0,7.0,0.0,14.0,16.0,31.0,42.0,3.0,6.0,241.0,36.0,6.0,16.0,26.0,13.0,5.0,0.92,1.53,1.31,0.0,2.0,0.0,55.23,44.0,42.69,5.0,0.54,1.22,1.17,3.13,3.01,2.96,659.0,64.0,150.0,132.0,313.0,99.0,61.0,74.0,425.0,241.0,216.0,87367.0,6.0,8.0,4.0,17.0,214.9,19.0,18.29,18.57,17.88,192.0,106.0,99.0,397.0,13.0,23.0,2.0,237.0,41.0,20.0,7.05,5.35,6.59,7.0,3.0,3.0,386.36,298.0,290.82,2.91,4.38,4.38,17.53,17.15,16.63,279.5,29.61,27.3,29.77,27.47,241.0,137.0,117.0,495.0,30.0,30.0,2.0,288.0,57.0,33.0,9.6,7.14,12.86,11.0,7.0,12.0,500.94,378.0,382.06,4.65,6.11,6.11,28.15,28.4,27.15,82.99,84.68,1561.0,1412.0,0.0,0.0,0.0,0.0,0.0,0.0,regular
8475762,2025,Derek Forbort,VAN,D,all,2,1672.0,39.0,-0.53,0.18,0.36,0.24,0.45,0.26,0.44,10.0,0.78,0.07,0.04,0.15,0.02,0.4,0.32,0.07,0.07,0.07,0.0,0.0,1.0,0.0,0.0,1.0,0.0,0.0,0.0,0.0,0.0,0.0,0.0,1.0,1.0,1.0,1.0,2.0,0.0,2.0,0.0,5.0,1.0,0.0,0.0,0.07,0.0,0.0,0.0,0.0,0.0,0.97,1.0,0.96,4.0,0.01,0.0,0.0,0.08,0.08,0.08,39.0,4.0,7.0,5.0,23.0,2.0,5.0,6.0,26.0,0.0,0.0,5528.0,2.0,0.0,0.0,4.0,4.64,0.43,0.43,0.44,0.44,5.0,1.0,2.0,8.0,1.0,0.0,0.0,5.0,1.0,0.0,0.24,0.18,0.0,1.0,0.0,0.0,8.4,6.0,6.07,0.05,0.0,0.0,0.48,0.49,0.49,13.33,1.96,1.88,1.91,1.83,11.0,6.0,9.0,26.0,1.0,2.0,0.0,10.0,2.0,5.0,0.34,0.25,1.37,1.0,0.0,0.0,25.44,17.0,16.86,0.22,0.52,0.52,1.67,1.63,1.62,2.99,5.43,79.0,98.0,0.0,0.0,0.0,0.0,0.0,0.0,regular
8482055,2025,Drew O'Connor,VAN,L,all,55,46035.0,992.0,21.0,0.41,0.47,0.48,0.49,0.47,0.49,422.0,97.88,12.16,6.86,21.6,3.17,46.84,38.38,11.5,12.0,11.34,7.0,1.0,79.0,50.0,41.0,170.0,21.0,13.0,12.0,4.0,14.0,0.0,47.0,43.0,66.0,116.0,11.0,22.0,46.0,42.0,11.0,44.0,84.0,26.0,19.0,2.9,3.34,5.92,6.0,3.0,4.0,167.22,129.0,127.35,10.0,1.5,2.51,4.79,8.87,8.75,8.49,992.0,110.0,83.0,169.0,630.0,161.0,140.0,144.0,547.0,46.0,43.0,155022.0,22.0,16.0,8.0,18.0,374.78,30.59,29.11,30.13,28.67,297.0,218.0,193.0,708.0,31.0,41.0,6.0,408.0,72.0,35.0,11.49,9.02,10.08,13.0,13.0,5.0,695.22,515.0,507.89,5.23,8.6,8.22,27.59,27.22,26.53,428.47,44.13,42.06,44.69,42.61,372.0,206.0,197.0,775.0,44.0,49.0,7.0,404.0,127.0,47.0,12.43,15.54,16.17,15.0,17.0,12.0,787.37,578.0,585.81,6.77,10.76,10.76,40.14,40.6,39.82,138.04,152.71,2541.0,2615.0,0.0,0.0,0.0,0.0,0.0,0.0,regular
8480012,2025,Elias Pettersson,VAN,C,all,47,55469.0,1080.0,27.02,0.54,0.41,0.54,0.46,0.54,0.45,117.0,109.21,12.53,8.88,24.29,3.82,61.27,38.22,11.55,12.3,11.35,13.0,8.0,87.0,62.0,46.0,195.0,34.0,13.0,14.0,1.0,15.0,0.0,54.0,53.0,74.0,136.0,7.0,14.0,434.0,44.0,23.0,43.0,95.0,36.0,18.0,3.18,4.03,5.32,6.0,4.0,3.0,192.08,149.0,146.9,10.0,2.06,1.77,4.89,9.71,9.68,9.29,1080.0,214.0,198.0,175.0,493.0,92.0,145.0,188.0,655.0,434.0,514.0,116488.0,14.0,28.0,14.0,80.0,579.0,66.28,59.7,65.61,59.09,493.0,294.0,262.0,1049.0,53.0,101.0,9.0,559.0,136.0,92.0,16.3,16.76,33.21,18.0,12.0,23.0,1032.1,787.0,776.49,11.35,21.42,21.42,56.21,55.86,52.72,484.28,55.64,53.11,56.2,53.65,424.0,238.0,234.0,896.0,60.0,36.0,5.0,478.0,122.0,62.0,15.73,15.34,24.57,24.0,19.0,17.0,914.94,662.0,674.44,7.45,8.04,8.04,55.06,55.69,53.65,79.63,116.34,1753.0,2045.0,0.0,0.0,0.0,0.0,0.0,0.0,regular
8483678,2025,Elias Pettersson,VAN,D,all,45,38234.0,885.0,2.33,0.36,0.49,0.42,0.5,0.42,0.5,237.0,36.39,1.09,1.84,11.47,1.22,21.23,15.15,1.01,1.07,0.99,1.0,5.0,23.0,29.0,39.0,91.0,7.0,1.0,3.0,0.0,5.0,0.0,22.0,21.0,22.0,51.0,7.0,14.0,0.0,79.0,11.0,45.0,51.0,1.0,0.0,0.93,0.15,0.0,1.0,0.0,0.0,89.03,52.0,51.07,38.0,0.38,0.33,0.09,1.37,1.35,1.26,885.0,70.0,79.0,129.0,607.0,129.0,130.0,114.0,512.0,0.0,0.0,126285.0,14.0,16.0,8.0,53.0,274.85,21.53,20.58,21.13,20.23,235.0,139.0,146.0,520.0,22.0,31.0,2.0,293.0,57.0,24.0,8.11,7.43,5.99,10.0,9.0,3.0,510.89,374.0,368.88,3.79,5.22,5.22,20.1,19.83,19.42,391.67,38.03,36.41,38.43,36.81,337.0,188.0,185.0,710.0,34.0,46.0,7.0,378.0,108.0,39.0,12.05,13.55,12.42,12.0,14.0,8.0,722.7,525.0,532.71,5.93,9.92,9.92,34.03,34.31,33.54,115.11,121.13,2096.0,2060.0,0.0,0.0,0.0,0.0,0.0,0.0,regular
8475169,2025,Evander Kane,VAN,L,all,54,54454.0,1081.0,23.43,0.5,0.44,0.52,0.47,0.51,0.47,268.0,151.3,12.97,10.8,36.37,5.33,81.64,58.89,12.33,12.89,12.27,12.0,4.0,130.0,76.0,81.0,287.0,25.0,9.0,20.0,1.0,32.0,0.0,70.0,75.0,121.0,197.0,24.0,54.0,17.0,89.0,11.0,54.0,160.0,33.0,13.0,4.6,4.3,4.07,2.0,4.0,3.0,282.48,206.0,203.34,11.0,2.37,3.23,3.5,11.84,11.78,11.42,1081.0,178.0,117.0,161.0,625.0,179.0,170.0,192.0,540.0,17.0,29.0,143003.0,54.0,42.0,18.0,21.0,519.49,52.57,49.12,52.25,48.85,446.0,263.0,270.0,979.0,46.0,73.0,5.0,534.0,108.0,67.0,15.24,14.24,23.09,18.0,9.0,19.0,961.65,709.0,699.51,8.35,14.29,14.67,46.24,46.13,44.74,506.23,52.38,50.24,53.0,50.84,459.0,225.0,214.0,898.0,52.0,47.0,3.0,489.0,139.0,56.0,15.76,17.78,18.84,20.0,16.0,16.0,916.05,684.0,697.47,7.27,8.68,8.68,50.97,51.66,50.21,112.38,141.2,2196.0,2446.0,0.0,0.0,0.0,0.0,0.0,0.0,regular
8480078,2025,Filip Chytil,VAN,C,all,11,10348.0,210.0,3.29,0.52,0.45,0.52,0.43,0.51,0.44,63.0,25.51,3.15,2.17,5.71,0.87,12.92,9.2,3.04,3.12,3.02,0.0,0.0,23.0,11.0,5.0,39.0,3.0,3.0,5.0,1.0,4.0,0.0,12.0,10.0,20.0,31.0,3.0,6.0,60.0,4.0,4.0,12.0,21.0,8.0,5.0,0.93,1.01,1.21,0.0,2.0,1.0,38.5,34.0,33.32,3.0,0.47,0.63,1.25,2.37,2.35,2.33,210.0,42.0,16.0,38.0,114.0,29.0,30.0,38.0,113.0,60.0,59.0,29852.0,6.0,0.0,0.0,4.0,95.35,8.9,8.46,8.87,8.41,89.0,44.0,47.0,180.0,5.0,17.0,2.0,102.0,20.0,11.0,3.31,2.8,2.78,0.0,2.0,3.0,177.35,133.0,131.53,1.58,2.82,2.82,7.65,7.59,7.33,94.93,8.28,8.01,8.51,8.22,82.0,47.0,35.0,164.0,9.0,7.0,0.0,95.0,28.0,6.0,2.76,3.49,2.04,2.0,5.0,2.0,170.27,129.0,133.8,1.26,0.68,0.68,8.86,9.08,8.82,24.13,30.08,415.0,561.0,0.0,0.0,0.0,0.0,0.0,0.0,regular
8479425,2025,Filip Hronek,VAN,D,all,55,81299.0,1500.0,34.1,0.45,0.47,0.5,0.48,0.49,0.48,94.0,86.8,4.82,5.18,22.93,2.92,51.69,36.46,4.46,4.76,4.4,15.0,12.0,78.0,46.0,68.0,192.0,32.0,5.0,14.0,0.0,15.0,0.0,48.0,42.0,73.0,119.0,7.0,14.0,0.0,86.0,23.0,62.0,112.0,10.0,2.0,2.49,1.3,1.03,2.0,2.0,1.0,187.4,124.0,121.59,49.0,1.15,2.89,0.59,5.38,5.32,5.01,1500.0,185.0,220.0,259.0,836.0,147.0,199.0,208.0,946.0,0.0,0.0,119758.0,14.0,12.0,6.0,77.0,712.31,70.62,65.58,69.71,64.74,606.0,377.0,362.0,1345.0,62.0,95.0,6.0,737.0,161.0,85.0,22.45,21.25,26.92,21.0,22.0,19.0,1319.7,983.0,967.61,11.41,18.41,18.33,63.7,63.13,60.2,743.83,85.05,80.24,85.54,80.73,651.0,355.0,324.0,1330.0,72.0,82.0,9.0,712.0,203.0,91.0,22.96,25.27,36.81,22.0,20.0,30.0,1346.26,1006.0,1017.29,12.01,15.33,15.33,81.73,82.25,79.26,98.01,111.78,1904.0,2060.0,0.0,0.0,0.0,0.0,0.0,0.0,regular
8478498,2025,Jake DeBrusk,VAN,L,all,54,56052.0,1131.0,26.06,0.54,0.42,0.54,0.47,0.55,0.46,248.0,183.14,25.51,16.57,38.99,6.02,85.28,59.63,23.86,25.22,23.59,8.0,7.0,154.0,78.0,36.0,268.0,28.0,13.0,32.0,3.0,21.0,0.0,87.0,79.0,141.0,219.0,4.0,8.0,11.0,50.0,8.0,30.0,140.0,55.0,37.0,4.21,6.74,14.57,1.0,4.0,8.0,264.24,232.0,229.03,14.0,4.15,7.56,8.58,21.08,20.88,20.23,1131.0,252.0,154.0,191.0,534.0,110.0,150.0,155.0,716.0,11.0,15.0,141105.0,8.0,18.0,8.0,22.0,573.7,64.21,57.97,63.49,57.3,496.0,284.0,259.0,1039.0,51.0,91.0,9.0,552.0,141.0,87.0,15.88,17.43,30.91,14.0,16.0,21.0,1027.65,780.0,772.71,11.47,20.41,20.41,55.28,54.8,51.81,473.95,54.28,51.77,54.65,52.13,405.0,245.0,222.0,872.0,47.0,50.0,8.0,471.0,115.0,64.0,14.61,14.29,25.38,16.0,15.0,16.0,885.14,650.0,657.86,7.05,8.73,8.73,52.61,53.0,51.07,102.28,138.9,2145.0,2455.0,0.0,0.0,0.0,0.0,0.0,0.0,regular
8483476,2025,Jonathan Lekkerimki,VAN,R,all,11,7609.0,156.0,0.45,0.4,0.44,0.45,0.45,0.45,0.45,105.0,11.36,0.92,0.59,2.7,0.38,6.37,4.03,0.86,0.92,0.86,0.0,1.0,10.0,5.0,8.0,23.0,3.0,2.0,1.0,0.0,2.0,0.0,4.0,6.0,8.0,13.0,0.0,0.0,0.0,8.0,1.0,7.0,11.0,4.0,0.0,0.38,0.55,0.0,2.0,0.0,0.0,23.16,15.0,15.11,2.0,0.14,0.07,0.0,1.06,1.06,0.99,156.0,28.0,6.0,18.0,104.0,17.0,28.0,16.0,95.0,0.0,0.0,32529.0,0.0,4.0,2.0,3.0,56.43,4.68,4.1,4.67,4.09,46.0,31.0,31.0,108.0,3.0,8.0,0.0,60.0,12.0,5.0,2.03,1.49,1.16,2.0,1.0,0.0,107.43,77.0,76.89,1.05,0.92,0.92,4.81,4.8,4.4,70.35,7.14,6.73,7.29,6.87,62.0,33.0,36.0,131.0,4.0,9.0,0.0,65.0,21.0,9.0,1.9,2.44,2.81,0.0,2.0,2.0,136.06,95.0,98.26,0.99,1.73,1.73,6.4,6.57,6.34,23.77,30.51,472.0,587.0,0.0,0.0,0.0,0.0,0.0,0.0,regular
8476425,2025,Joseph LaBate,VAN,C,all,1,572.0,16.0,-0.1,0.61,0.28,0.42,0.54,0.47,0.55,12.0,2.33,0.36,0.21,0.47,0.06,1.05,0.85,0.36,0.38,0.38,0.0,0.0,2.0,1.0,0.0,3.0,0.0,0.0,0.0,0.0,0.0,0.0,1.0,2.0,2.0,3.0,0.0,0.0,1.0,6.0,0.0,0.0,2.0,0.0,1.0,0.08,0.0,0.28,0.0,0.0,0.0,2.82,3.0,2.94,0.0,0.04,0.0,0.0,0.41,0.42,0.42,16.0,1.0,0.0,1.0,14.0,2.0,1.0,1.0,12.0,1.0,1.0,3028.0,0.0,0.0,0.0,2.0,5.07,0.51,0.51,0.52,0.52,3.0,4.0,3.0,10.0,0.0,0.0,0.0,6.0,0.0,1.0,0.22,0.0,0.28,0.0,0.0,0.0,9.22,7.0,6.83,0.08,0.0,0.0,0.59,0.6,0.6,5.4,0.33,0.33,0.32,0.31,4.0,4.0,6.0,14.0,1.0,0.0,0.0,7.0,1.0,0.0,0.17,0.16,0.0,1.0,0.0,0.0,13.57,8.0,7.68,0.08,0.0,0.0,0.41,0.39,0.39,1.58,4.06,59.0,51.0,0.0,0.0,0.0,0.0,0.0,0.0,regular
8480748,2025,Kiefer Sherwood,VAN,L,all,44,46304.0,967.0,27.82,0.51,0.45,0.53,0.48,0.54,0.48,196.0,134.52,12.87,8.66,31.63,4.52,72.48,54.85,12.48,12.76,12.38,5.0,1.0,109.0,76.0,46.0,231.0,23.0,17.0,13.0,2.0,21.0,0.0,74.0,60.0,92.0,168.0,11.0,22.0,13.0,210.0,18.0,47.0,143.0,30.0,12.0,3.81,4.23,4.83,4.0,6.0,7.0,228.83,185.0,183.87,14.0,1.95,2.96,2.52,12.31,12.24,12.08,967.0,144.0,127.0,146.0,550.0,172.0,125.0,161.0,509.0,13.0,19.0,114853.0,22.0,34.0,17.0,21.0,452.21,44.67,41.8,44.52,41.67,379.0,239.0,191.0,809.0,43.0,54.0,7.0,477.0,88.0,53.0,12.88,11.39,20.41,12.0,9.0,22.0,802.66,618.0,614.22,7.3,12.4,12.09,39.89,39.81,38.3,401.65,43.63,41.32,43.55,41.25,361.0,174.0,171.0,706.0,53.0,54.0,8.0,371.0,111.0,53.0,11.37,14.48,17.78,18.0,18.0,17.0,708.01,535.0,535.82,6.49,10.44,10.44,39.69,39.62,38.55,88.53,110.12,1815.0,1937.0,0.0,0.0,0.0,0.0,0.0,0.0,regular
8483499,2025,Liam Ohgren,VAN,L,all,42,28493.0,610.0,5.34,0.4,0.49,0.45,0.48,0.43,0.48,410.0,51.18,3.96,3.31,13.49,1.82,28.63,20.8,3.93,3.92,3.88,4.0,0.0,52.0,20.0,48.0,120.0,7.0,3.0,4.0,0.0,5.0,0.0,31.0,29.0,49.0,69.0,0.0,0.0,6.0,52.0,5.0,18.0,56.0,14.0,2.0,1.82,1.73,0.41,3.0,0.0,0.0,119.35,72.0,71.5,6.0,0.7,0.77,0.22,4.44,4.4,4.37,610.0,63.0,46.0,103.0,398.0,90.0,110.0,52.0,358.0,6.0,7.0,125776.0,0.0,12.0,6.0,24.0,205.45,15.3,14.91,15.12,14.74,188.0,94.0,140.0,422.0,9.0,20.0,0.0,225.0,43.0,14.0,6.38,5.64,3.29,5.0,3.0,1.0,417.35,282.0,278.46,2.73,3.24,3.24,14.79,14.61,14.41,267.22,22.87,21.74,22.98,21.87,242.0,126.0,144.0,512.0,14.0,27.0,4.0,288.0,53.0,27.0,8.56,5.86,8.45,4.0,4.0,6.0,517.26,368.0,369.89,3.66,5.7,5.7,20.83,20.95,20.54,111.35,117.25,1986.0,2128.0,0.0,0.0,0.0,0.0,0.0,0.0,regular
8481024,2025,Linus Karlsson,VAN,C,all,52,35791.0,835.0,25.91,0.6,0.43,0.59,0.47,0.59,0.46,480.0,94.75,13.77,7.93,23.39,3.62,44.98,30.31,12.58,13.67,12.48,8.0,5.0,82.0,42.0,24.0,148.0,24.0,11.0,18.0,4.0,15.0,0.0,44.0,36.0,71.0,113.0,8.0,16.0,11.0,63.0,13.0,30.0,72.0,28.0,24.0,2.62,4.06,7.09,2.0,5.0,4.0,146.21,124.0,122.65,8.0,1.84,3.44,6.57,9.03,8.92,8.37,835.0,118.0,47.0,103.0,567.0,145.0,101.0,110.0,479.0,11.0,25.0,154466.0,16.0,28.0,14.0,13.0,371.58,40.34,37.18,40.01,36.86,322.0,184.0,196.0,702.0,36.0,63.0,5.0,355.0,95.0,56.0,10.59,12.46,17.29,9.0,12.0,15.0,692.29,506.0,500.59,6.52,12.18,12.18,34.68,34.46,32.73,260.81,26.94,25.58,27.31,25.95,242.0,114.0,130.0,486.0,35.0,33.0,6.0,267.0,58.0,31.0,8.46,7.56,10.91,17.0,10.0,8.0,497.25,356.0,362.81,3.69,5.89,5.89,24.73,25.13,24.31,121.68,158.77,2396.0,2714.0,0.0,0.0,0.0,0.0,0.0,0.0,regular
8482117,2025,Lukas Reichel,VAN,L,all,19,13969.0,301.0,0.37,0.44,0.46,0.43,0.48,0.41,0.49,167.0,20.74,2.41,1.53,4.32,0.63,11.24,7.87,2.29,2.39,2.27,2.0,1.0,15.0,13.0,8.0,36.0,5.0,2.0,1.0,0.0,6.0,0.0,10.0,9.0,13.0,26.0,3.0,6.0,46.0,7.0,2.0,13.0,14.0,13.0,1.0,0.59,1.43,0.39,1.0,1.0,0.0,36.4,28.0,28.21,4.0,0.33,0.1,0.39,2.35,2.37,2.35,301.0,35.0,18.0,54.0,194.0,36.0,53.0,49.0,163.0,46.0,71.0,55947.0,6.0,0.0,0.0,11.0,105.04,8.85,8.52,8.92,8.59,87.0,55.0,56.0,198.0,12.0,12.0,0.0,99.0,37.0,6.0,2.82,4.28,1.76,4.0,7.0,1.0,198.76,142.0,142.68,1.48,2.2,2.2,8.13,8.23,8.09,149.61,11.45,11.21,11.56,11.31,136.0,69.0,60.0,265.0,16.0,17.0,2.0,160.0,37.0,8.0,4.86,4.63,1.96,10.0,5.0,1.0,266.29,205.0,205.57,2.19,2.27,2.27,11.37,11.46,11.27,49.15,57.09,861.0,948.0,0.0,0.0,0.0,0.0,0.0,0.0,regular
8476907,2025,Mackenzie MacEachern,VAN,L,all,8,4888.0,124.0,2.5,0.36,0.45,0.43,0.46,0.41,0.46,84.0,6.37,0.61,0.51,1.31,0.17,3.16,2.24,0.61,0.6,0.6,3.0,0.0,6.0,2.0,2.0,10.0,4.0,1.0,1.0,0.0,2.0,0.0,2.0,2.0,5.0,7.0,1.0,2.0,1.0,10.0,1.0,3.0,5.0,3.0,0.0,0.14,0.47,0.0,1.0,0.0,0.0,10.17,8.0,8.08,1.0,0.11,0.19,0.0,0.71,0.71,0.71,124.0,12.0,14.0,19.0,79.0,22.0,18.0,19.0,65.0,1.0,1.0,24779.0,2.0,2.0,1.0,6.0,33.78,2.13,2.12,2.18,2.17,27.0,19.0,20.0,66.0,5.0,1.0,1.0,37.0,9.0,0.0,0.94,1.18,0.0,2.0,3.0,0.0,66.23,46.0,46.53,0.42,0.19,0.19,2.36,2.42,2.41,46.58,3.78,3.68,3.78,3.67,37.0,28.0,23.0,88.0,5.0,4.0,1.0,50.0,12.0,3.0,1.61,1.49,0.67,2.0,3.0,0.0,87.25,65.0,64.55,0.67,0.61,0.61,3.84,3.8,3.74,20.73,25.03,365.0,422.0,0.0,0.0,0.0,0.0,0.0,0.0,regular
8482079,2025,Marco Rossi,VAN,C,all,25,27439.0,514.0,13.31,0.46,0.48,0.5,0.47,0.49,0.48,97.0,41.69,5.24,3.25,9.44,1.36,22.32,15.38,5.05,5.23,5.03,5.0,5.0,36.0,21.0,19.0,76.0,15.0,5.0,6.0,1.0,7.0,0.0,24.0,15.0,31.0,52.0,2.0,4.0,169.0,16.0,6.0,21.0,37.0,11.0,9.0,1.37,1.33,2.53,1.0,2.0,2.0,76.36,57.0,57.28,5.0,0.72,1.24,0.85,5.12,5.13,5.04,514.0,91.0,50.0,80.0,293.0,63.0,91.0,94.0,266.0,169.0,173.0,64270.0,4.0,8.0,4.0,20.0,240.34,23.57,21.46,23.71,21.6,215.0,118.0,126.0,459.0,24.0,28.0,3.0,249.0,57.0,27.0,7.7,7.12,8.75,11.0,7.0,6.0,460.29,333.0,334.83,3.97,5.66,5.66,21.88,21.99,20.24,251.57,27.61,26.97,27.77,27.12,242.0,103.0,115.0,460.0,33.0,18.0,3.0,263.0,56.0,26.0,7.98,7.25,12.38,10.0,9.0,14.0,463.41,345.0,348.54,3.87,3.69,3.69,27.79,27.94,27.54,49.74,54.68,988.0,1092.0,0.0,0.0,0.0,0.0,0.0,0.0,regular
8477969,2025,Marcus Pettersson,VAN,D,all,55,69981.0,1384.0,1.03,0.38,0.5,0.4,0.54,0.4,0.53,153.0,60.4,3.83,2.95,16.07,2.03,34.38,27.74,3.29,3.81,3.27,2.0,7.0,45.0,42.0,39.0,126.0,10.0,1.0,6.0,0.0,9.0,0.0,35.0,36.0,44.0,86.0,25.0,56.0,0.0,49.0,11.0,58.0,83.0,1.0,3.0,1.66,0.1,2.07,0.0,0.0,1.0,123.39,87.0,86.01,39.0,0.61,1.15,0.09,4.34,4.31,3.77,1384.0,108.0,275.0,236.0,765.0,176.0,177.0,199.0,832.0,0.0,0.0,131076.0,56.0,22.0,8.0,92.0,468.99,42.89,41.04,42.3,40.48,406.0,235.0,235.0,876.0,40.0,61.0,3.0,482.0,117.0,42.0,14.06,14.97,13.85,14.0,19.0,7.0,858.22,641.0,630.63,6.43,10.58,10.19,39.12,38.59,37.5,723.5,70.72,66.65,71.39,67.31,642.0,330.0,360.0,1332.0,72.0,86.0,8.0,721.0,170.0,81.0,22.97,20.69,27.06,25.0,20.0,27.0,1347.94,972.0,983.58,12.33,15.46,15.46,67.58,68.26,65.84,125.74,126.12,2373.0,2058.0,0.0,0.0,0.0,0.0,0.0,0.0,regular
8484136,2025,Max Sasson,VAN,C,all,48,32784.0,778.0,12.38,0.45,0.47,0.52,0.49,0.5,0.49,453.0,52.71,5.23,3.56,12.17,1.74,28.07,20.22,5.14,5.24,5.16,2.0,0.0,48.0,23.0,14.0,85.0,12.0,10.0,4.0,0.0,9.0,0.0,25.0,23.0,38.0,61.0,10.0,20.0,117.0,19.0,5.0,24.0,48.0,16.0,7.0,1.5,1.93,1.79,2.0,6.0,2.0,83.81,71.0,70.51,10.0,0.78,0.74,0.93,5.07,5.12,5.06,778.0,68.0,31.0,111.0,568.0,131.0,130.0,86.0,431.0,117.0,159.0,142773.0,20.0,6.0,3.0,27.0,273.82,22.25,21.46,22.1,21.33,230.0,145.0,169.0,544.0,19.0,31.0,2.0,300.0,49.0,26.0,8.07,6.63,7.55,5.0,8.0,6.0,535.51,375.0,370.67,3.77,5.82,5.71,20.3,20.24,19.97,279.96,27.66,26.38,27.99,26.73,254.0,124.0,118.0,496.0,25.0,41.0,6.0,267.0,76.0,35.0,7.96,9.51,10.19,4.0,13.0,8.0,505.12,378.0,382.86,4.03,7.85,7.85,23.84,24.19,23.7,126.96,144.49,2340.0,2426.0,0.0,0.0,0.0,0.0,0.0,0.0,regular
8482496,2025,Nils Aman,VAN,C,all,2,1039.0,23.0,-0.28,0.62,0.41,0.39,0.5,0.6,0.49,23.0,0.76,0.06,0.05,0.15,0.03,0.38,0.34,0.06,0.05,0.05,0.0,0.0,1.0,0.0,2.0,3.0,0.0,0.0,0.0,0.0,0.0,0.0,0.0,1.0,1.0,1.0,0.0,0.0,1.0,2.0,0.0,1.0,1.0,0.0,0.0,0.06,0.0,0.0,0.0,0.0,0.0,2.82,1.0,0.95,1.0,0.01,0.0,0.0,0.07,0.06,0.06,23.0,2.0,0.0,1.0,20.0,3.0,3.0,3.0,14.0,1.0,1.0,6161.0,0.0,0.0,0.0,1.0,8.51,0.65,0.65,0.66,0.66,6.0,6.0,3.0,15.0,1.0,0.0,0.0,11.0,0.0,1.0,0.36,0.0,0.28,1.0,0.0,0.0,14.4,12.0,11.84,0.13,0.0,0.0,0.77,0.78,0.78,4.86,0.4,0.39,0.39,0.38,5.0,3.0,15.0,23.0,1.0,0.0,0.0,7.0,1.0,0.0,0.24,0.16,0.0,1.0,0.0,0.0,22.69,8.0,7.93,0.08,0.0,0.0,0.48,0.46,0.46,4.35,6.19,105.0,105.0,0.0,0.0,0.0,0.0,0.0,0.0,regular
8481535,2025,Nils Hoglander,VAN,L,all,18,12448.0,281.0,4.3,0.49,0.5,0.55,0.53,0.52,0.51,194.0,21.83,1.63,1.5,5.17,0.81,12.65,9.24,1.59,1.63,1.58,1.0,1.0,18.0,13.0,13.0,44.0,2.0,0.0,3.0,0.0,7.0,0.0,9.0,12.0,18.0,31.0,3.0,6.0,0.0,28.0,2.0,10.0,28.0,1.0,2.0,1.02,0.09,0.53,0.0,0.0,0.0,42.59,31.0,30.23,0.0,0.32,0.76,0.53,1.43,1.39,1.35,281.0,41.0,22.0,31.0,187.0,52.0,39.0,34.0,156.0,0.0,0.0,53233.0,6.0,10.0,5.0,4.0,99.7,8.76,8.54,8.56,8.35,87.0,52.0,69.0,208.0,6.0,11.0,3.0,110.0,19.0,10.0,3.4,2.3,3.07,1.0,2.0,3.0,200.78,139.0,135.42,1.52,2.82,2.82,7.46,7.29,7.2,93.35,9.16,8.84,9.32,8.98,83.0,45.0,43.0,171.0,5.0,8.0,0.0,97.0,23.0,8.0,3.38,2.93,2.86,2.0,2.0,1.0,178.38,128.0,132.14,1.31,1.42,1.42,9.05,9.26,9.04,51.92,51.24,922.0,829.0,0.0,0.0,0.0,0.0,0.0,0.0,regular
8480058,2025,P.O Joseph,VAN,D,all,19,14998.0,362.0,1.82,0.42,0.47,0.47,0.49,0.47,0.49,110.0,13.13,0.56,0.78,4.13,0.42,7.88,5.22,0.55,0.56,0.55,1.0,2.0,15.0,4.0,16.0,35.0,3.0,0.0,1.0,0.0,2.0,0.0,9.0,7.0,15.0,19.0,1.0,2.0,0.0,6.0,5.0,12.0,17.0,2.0,0.0,0.33,0.23,0.0,0.0,0.0,0.0,34.43,19.0,18.84,10.0,0.16,0.11,0.13,0.59,0.58,0.57,362.0,20.0,30.0,43.0,269.0,46.0,40.0,41.0,235.0,0.0,0.0,54912.0,2.0,2.0,1.0,19.0,128.63,8.82,8.65,8.64,8.49,99.0,77.0,59.0,235.0,7.0,8.0,1.0,147.0,21.0,8.0,4.01,2.68,2.13,5.0,1.0,1.0,230.41,176.0,172.92,1.66,1.79,1.93,8.55,8.44,8.37,141.26,12.02,11.62,12.24,11.84,134.0,61.0,67.0,262.0,20.0,15.0,3.0,151.0,33.0,11.0,4.61,4.19,3.21,10.0,8.0,2.0,269.53,195.0,199.23,2.14,2.95,2.95,11.21,11.41,11.19,47.88,53.96,909.0,951.0,0.0,0.0,0.0,0.0,0.0,0.0,regular
8476927,2025,Teddy Blueger,VAN,C,all,8,7723.0,169.0,1.95,0.36,0.53,0.36,0.48,0.34,0.5,45.0,12.47,1.86,0.73,2.65,0.4,5.83,5.53,1.82,1.81,1.77,0.0,0.0,15.0,2.0,6.0,23.0,4.0,4.0,1.0,0.0,2.0,0.0,2.0,8.0,11.0,13.0,1.0,2.0,53.0,18.0,0.0,7.0,10.0,4.0,3.0,0.24,0.44,1.18,0.0,3.0,1.0,22.06,17.0,16.32,2.0,0.16,0.08,0.21,1.8,1.76,1.74,169.0,13.0,42.0,26.0,88.0,27.0,18.0,27.0,97.0,53.0,61.0,21677.0,2.0,0.0,0.0,4.0,43.53,4.71,4.53,4.59,4.42,42.0,18.0,29.0,89.0,5.0,5.0,0.0,45.0,10.0,5.0,1.32,1.14,2.25,1.0,3.0,1.0,86.57,60.0,58.29,0.54,0.78,0.78,4.47,4.37,4.22,87.0,8.21,7.02,8.41,7.22,82.0,34.0,40.0,156.0,7.0,11.0,2.0,87.0,19.0,10.0,2.79,2.1,3.31,0.0,3.0,4.0,160.24,116.0,118.51,1.42,2.25,2.25,7.37,7.51,6.93,22.55,20.36,349.0,384.0,0.0,0.0,0.0,0.0,0.0,0.0,regular
8484240,2025,Tom Willander,VAN,D,all,43,38730.0,868.0,8.73,0.48,0.46,0.49,0.5,0.48,0.49,221.0,45.63,1.76,2.74,13.75,1.55,28.39,18.81,1.7,1.75,1.7,3.0,9.0,39.0,28.0,35.0,102.0,16.0,4.0,8.0,0.0,12.0,0.0,19.0,24.0,35.0,63.0,5.0,10.0,0.0,9.0,6.0,36.0,65.0,1.0,1.0,1.44,0.1,0.22,4.0,0.0,0.0,99.44,67.0,65.53,22.0,0.57,1.82,0.22,2.11,2.08,2.02,868.0,104.0,67.0,109.0,588.0,96.0,135.0,92.0,545.0,0.0,0.0,118724.0,10.0,6.0,3.0,41.0,323.07,30.89,29.42,30.56,29.1,287.0,157.0,177.0,621.0,31.0,48.0,6.0,332.0,75.0,37.0,9.1,9.25,12.55,13.0,8.0,10.0,606.09,444.0,434.72,5.26,10.16,10.16,25.99,25.66,25.1,359.39,33.01,31.78,33.74,32.48,320.0,166.0,151.0,637.0,33.0,46.0,6.0,366.0,81.0,39.0,11.06,10.35,11.6,12.0,10.0,11.0,653.0,486.0,495.95,4.99,8.46,8.46,29.54,30.13,29.51,103.25,121.66,1950.0,1982.0,0.0,0.0,0.0,0.0,0.0,0.0,regular
8474574,2025,Tyler Myers,VAN,D,all,55,66626.0,1366.0,4.25,0.38,0.5,0.42,0.52,0.42,0.52,183.0,75.78,3.05,4.16,20.97,2.55,45.05,34.23,2.87,3.04,2.85,3.0,4.0,70.0,40.0,49.0,159.0,8.0,1.0,9.0,0.0,16.0,0.0,35.0,49.0,69.0,109.0,20.0,40.0,0.0,64.0,20.0,56.0,106.0,3.0,1.0,2.53,0.31,0.2,0.0,0.0,1.0,157.69,110.0,109.73,42.0,0.85,1.93,0.22,3.67,3.67,3.46,1366.0,77.0,255.0,193.0,841.0,202.0,170.0,197.0,797.0,0.0,0.0,134431.0,40.0,18.0,9.0,90.0,511.25,45.78,43.6,45.37,43.19,429.0,264.0,249.0,942.0,32.0,60.0,3.0,533.0,99.0,61.0,14.94,12.66,18.18,11.0,12.0,9.0,929.63,693.0,686.81,6.81,11.62,11.62,40.98,40.65,39.44,713.06,74.25,70.64,74.83,71.23,623.0,336.0,327.0,1286.0,86.0,77.0,8.0,682.0,191.0,86.0,21.02,23.51,29.72,22.0,37.0,27.0,1303.71,959.0,971.98,11.89,14.36,14.36,71.78,72.45,70.09,122.85,122.58,2307.0,2104.0,0.0,0.0,0.0,0.0,0.0,0.0,regular
8483768,2025,Victor Mancini,VAN,D,all,10,8184.0,164.0,-3.7,0.32,0.46,0.37,0.47,0.35,0.46,56.0,5.1,0.19,0.3,1.63,0.16,2.85,1.88,0.17,0.18,0.17,0.0,0.0,6.0,1.0,9.0,16.0,0.0,0.0,0.0,0.0,0.0,0.0,4.0,3.0,6.0,7.0,1.0,5.0,0.0,12.0,0.0,5.0,7.0,0.0,0.0,0.19,0.0,0.0,0.0,0.0,0.0,15.41,7.0,6.7,5.0,0.06,0.0,0.0,0.25,0.24,0.22,164.0,18.0,5.0,17.0,124.0,16.0,26.0,15.0,107.0,0.0,0.0,28219.0,5.0,5.0,1.0,13.0,49.54,3.72,3.59,3.72,3.58,44.0,23.0,32.0,99.0,1.0,5.0,1.0,53.0,12.0,2.0,1.6,1.56,0.56,0.0,0.0,1.0,96.5,67.0,65.77,0.68,0.71,0.71,3.69,3.65,3.53,89.71,7.8,7.36,7.95,7.52,83.0,39.0,49.0,171.0,8.0,10.0,0.0,90.0,26.0,6.0,2.89,3.35,1.56,3.0,5.0,0.0,178.76,122.0,126.45,1.23,2.06,2.06,6.97,7.14,7.0,24.73,29.14,454.0,515.0,0.0,0.0,0.0,0.0,0.0,0.0,regular
8484798,2025,Zeev Buium,VAN,D,all,51,58832.0,1047.0,14.88,0.53,0.46,0.54,0.46,0.53,0.47,186.0,54.5,3.62,3.45,15.14,1.81,31.94,21.03,3.52,3.62,3.52,9.0,6.0,49.0,28.0,69.0,146.0,20.0,5.0,6.0,1.0,11.0,0.0,32.0,23.0,44.0,72.0,7.0,14.0,0.0,15.0,10.0,53.0,67.0,7.0,3.0,1.72,0.85,1.05,2.0,1.0,2.0,145.81,77.0,77.2,33.0,0.8,1.97,1.0,3.43,3.46,3.37,1047.0,160.0,76.0,141.0,670.0,120.0,157.0,128.0,642.0,0.0,0.0,128346.0,14.0,22.0,10.0,31.0,555.57,54.31,51.08,54.33,51.09,502.0,258.0,290.0,1050.0,43.0,74.0,7.0,569.0,130.0,61.0,16.66,16.33,21.31,15.0,15.0,13.0,1047.25,760.0,758.24,9.48,16.45,16.65,47.13,47.09,44.82,478.66,47.97,46.11,48.23,46.38,449.0,213.0,215.0,877.0,40.0,40.0,3.0,494.0,121.0,47.0,14.07,15.44,18.46,13.0,14.0,13.0,886.63,662.0,666.91,6.68,7.65,7.65,47.01,47.41,46.35,100.77,116.35,1945.0,2262.0,0.0,0.0,0.0,0.0,0.0,0.0,regular
8482125,2025,Alexander Holtz,VGK,R,all,24,16381.0,355.0,3.92,0.47,0.54,0.45,0.5,0.45,0.51,236.0,28.89,3.15,2.13,7.01,0.94,14.76,11.01,2.94,3.19,2.97,2.0,3.0,24.0,15.0,16.0,55.0,7.0,2.0,3.0,0.0,3.0,0.0,17.0,14.0,22.0,37.0,4.0,10.0,2.0,23.0,1.0,17.0,26.0,9.0,4.0,0.8,1.25,1.09,1.0,1.0,0.0,55.19,39.0,39.09,3.0,0.46,0.61,1.07,2.53,2.54,2.5,355.0,45.0,29.0,50.0,231.0,58.0,51.0,45.0,201.0,2.0,10.0,71156.0,10.0,2.0,1.0,11.0,112.91,9.7,9.11,9.77,9.18,100.0,54.0,71.0,225.0,13.0,11.0,1.0,117.0,25.0,12.0,3.41,3.06,3.22,5.0,5.0,3.0,226.57,154.0,154.7,1.64,2.3,2.3,9.03,9.07,8.81,136.26,10.97,10.71,11.08,10.82,122.0,68.0,83.0,273.0,14.0,15.0,2.0,154.0,24.0,12.0,4.43,3.21,3.33,7.0,5.0,2.0,275.61,190.0,192.78,1.84,3.02,3.02,9.79,9.91,9.8,61.72,51.6,1131.0,1110.0,0.0,0.0,0.0,0.0,0.0,0.0,regular
8477018,2025,Ben Hutton,VGK,D,all,48,42759.0,911.0,15.72,0.54,0.53,0.49,0.51,0.5,0.52,257.0,56.77,2.44,3.07,16.53,2.0,32.9,24.06,2.34,2.49,2.39,3.0,6.0,63.0,18.0,45.0,126.0,15.0,6.0,10.0,0.0,16.0,0.0,26.0,23.0,57.0,75.0,8.0,17.0,0.0,24.0,14.0,41.0,77.0,3.0,1.0,1.87,0.26,0.31,6.0,0.0,0.0,125.49,81.0,81.14,29.0,0.63,1.78,0.41,2.65,2.69,2.62,911.0,106.0,63.0,128.0,614.0,151.0,124.0,122.0,514.0,0.0,0.0,134031.0,17.0,21.0,9.0,48.0,341.56,31.33,29.62,31.15,29.5,292.0,169.0,186.0,647.0,34.0,39.0,7.0,334.0,96.0,31.0,9.93,11.8,9.6,13.0,14.0,7.0,641.3,461.0,458.3,4.89,9.2,9.2,27.02,26.9,26.36,335.73,26.81,25.75,26.87,25.82,287.0,173.0,204.0,664.0,34.0,38.0,8.0,359.0,76.0,25.0,10.39,9.58,6.84,14.0,15.0,5.0,669.43,460.0,464.04,4.64,6.52,6.52,24.94,25.05,24.53,116.64,101.96,2167.0,2057.0,0.0,0.0,0.0,0.0,0.0,0.0,regular
8483890,2025,Braeden Bowman,VGK,R,all,39,32923.0,689.0,15.9,0.58,0.53,0.53,0.51,0.53,0.51,298.0,69.66,10.01,6.3,15.06,2.21,30.53,21.9,9.16,10.08,9.24,6.0,6.0,54.0,32.0,25.0,111.0,19.0,7.0,13.0,2.0,12.0,0.0,15.0,39.0,47.0,79.0,2.0,4.0,3.0,11.0,9.0,15.0,38.0,33.0,15.0,1.49,4.55,3.96,1.0,4.0,2.0,111.53,86.0,86.22,5.0,1.45,2.16,3.11,8.34,8.4,8.14,689.0,116.0,53.0,104.0,416.0,95.0,90.0,113.0,391.0,3.0,8.0,111159.0,4.0,4.0,2.0,18.0,298.85,28.2,26.64,28.21,26.67,267.0,135.0,150.0,552.0,30.0,38.0,5.0,281.0,90.0,31.0,7.83,11.51,8.86,10.0,13.0,7.0,549.27,402.0,400.71,5.02,6.8,6.8,26.41,26.48,25.78,256.15,20.84,20.2,21.04,20.39,210.0,146.0,125.0,481.0,39.0,25.0,5.0,274.0,63.0,19.0,8.37,7.25,5.22,21.0,11.0,7.0,491.44,356.0,362.42,3.5,4.59,4.59,19.74,19.9,19.64,95.95,83.62,1753.0,1685.0,0.0,0.0,0.0,0.0,0.0,0.0,regular
8476438,2025,Brandon Saad,VGK,L,all,39,32471.0,705.0,10.78,0.49,0.55,0.48,0.52,0.48,0.53,309.0,65.47,7.38,5.11,13.8,2.18,33.0,25.53,7.22,7.26,7.11,4.0,1.0,64.0,23.0,26.0,113.0,7.0,2.0,8.0,0.0,16.0,0.0,33.0,28.0,62.0,85.0,7.0,14.0,8.0,9.0,8.0,26.0,53.0,26.0,8.0,2.01,3.21,2.16,0.0,1.0,1.0,112.17,87.0,86.21,8.0,1.09,1.22,0.91,7.56,7.48,7.43,705.0,80.0,93.0,118.0,414.0,122.0,92.0,98.0,393.0,8.0,20.0,111475.0,14.0,4.0,2.0,17.0,266.15,22.78,22.0,22.56,21.81,241.0,120.0,144.0,505.0,15.0,23.0,3.0,265.0,73.0,23.0,7.44,9.06,6.28,4.0,6.0,5.0,500.47,361.0,357.72,3.73,4.5,4.66,21.85,21.75,21.41,278.23,23.67,22.74,23.9,22.96,232.0,154.0,161.0,547.0,20.0,34.0,2.0,304.0,53.0,29.0,8.94,6.17,8.56,5.0,8.0,7.0,547.16,386.0,387.78,4.32,6.01,6.01,21.98,22.14,21.54,103.93,83.77,1845.0,1697.0,0.0,0.0,0.0,0.0,0.0,0.0,regular
8475188,2025,Brayden McNabb,VGK,D,all,38,47406.0,989.0,8.63,0.49,0.58,0.46,0.54,0.46,0.55,108.0,46.93,2.05,2.6,12.27,1.63,26.35,21.11,1.99,2.07,2.01,1.0,0.0,33.0,33.0,40.0,106.0,3.0,2.0,2.0,0.0,7.0,0.0,26.0,29.0,31.0,64.0,8.0,18.0,0.0,63.0,13.0,29.0,62.0,3.0,1.0,1.45,0.35,0.24,2.0,0.0,0.0,105.63,66.0,65.68,17.0,0.54,0.46,0.48,2.11,2.11,2.05,989.0,114.0,179.0,162.0,534.0,125.0,102.0,139.0,623.0,0.0,0.0,93042.0,18.0,16.0,8.0,98.0,359.41,34.69,33.77,34.81,33.88,329.0,155.0,204.0,688.0,28.0,33.0,2.0,351.0,100.0,33.0,10.78,12.77,11.15,7.0,12.0,9.0,690.24,484.0,484.48,4.99,5.78,5.43,34.26,34.33,33.9,414.41,36.33,35.28,36.45,35.4,358.0,209.0,257.0,824.0,44.0,34.0,0.0,430.0,100.0,37.0,12.77,11.99,11.57,23.0,8.0,13.0,826.35,567.0,569.38,6.5,6.28,6.28,36.55,36.7,36.03,91.81,66.88,1633.0,1371.0,0.0,0.0,0.0,0.0,0.0,0.0,regular
8479353,2025,Brett Howden,VGK,C,all,39,34815.0,785.0,14.95,0.5,0.55,0.49,0.52,0.5,0.53,277.0,53.62,5.96,4.04,11.89,1.75,27.54,20.82,5.85,6.06,5.95,3.0,3.0,46.0,26.0,9.0,81.0,15.0,9.0,1.0,1.0,6.0,0.0,26.0,30.0,37.0,63.0,10.0,20.0,199.0,66.0,8.0,34.0,42.0,26.0,4.0,1.61,3.3,1.04,2.0,7.0,0.0,81.98,72.0,72.94,13.0,0.89,0.01,1.42,5.42,5.52,5.47,785.0,68.0,113.0,171.0,433.0,123.0,98.0,108.0,456.0,199.0,194.0,109598.0,20.0,22.0,11.0,9.0,273.21,25.83,25.12,25.87,25.17,248.0,120.0,144.0,512.0,23.0,23.0,2.0,263.0,79.0,26.0,8.01,10.02,7.8,7.0,10.0,6.0,509.87,368.0,367.32,4.02,4.18,4.18,25.61,25.62,25.2,269.79,25.76,24.53,25.96,24.73,232.0,136.0,166.0,534.0,32.0,44.0,4.0,260.0,80.0,28.0,7.07,10.0,8.69,12.0,12.0,8.0,538.49,368.0,371.57,4.27,7.01,7.01,23.02,23.28,22.74,99.74,82.93,1813.0,1661.0,0.0,0.0,0.0,0.0,0.0,0.0,regular
8481133,2025,Cole Reinhardt,VGK,L,all,38,21908.0,493.0,4.77,0.48,0.56,0.47,0.52,0.48,0.52,433.0,28.76,2.51,1.9,6.75,0.89,14.57,11.37,2.5,2.56,2.55,2.0,2.0,25.0,13.0,20.0,58.0,6.0,2.0,3.0,1.0,3.0,0.0,14.0,16.0,23.0,36.0,6.0,12.0,4.0,72.0,3.0,18.0,26.0,11.0,1.0,0.91,1.36,0.24,0.0,2.0,0.0,58.3,38.0,38.27,5.0,0.4,0.13,0.33,2.58,2.63,2.63,493.0,38.0,51.0,80.0,324.0,82.0,72.0,42.0,297.0,4.0,4.0,118033.0,12.0,20.0,10.0,6.0,145.14,10.99,10.67,11.02,10.72,130.0,71.0,80.0,281.0,9.0,15.0,2.0,162.0,28.0,11.0,4.44,3.28,3.26,4.0,3.0,2.0,281.1,201.0,201.31,1.94,2.87,2.87,10.06,10.16,10.05,159.65,11.72,11.46,11.81,11.54,132.0,90.0,91.0,313.0,13.0,13.0,1.0,178.0,34.0,10.0,5.02,4.18,2.53,6.0,5.0,2.0,317.36,222.0,224.23,2.21,1.98,1.98,11.95,12.0,11.84,114.53,89.64,2022.0,1847.0,0.0,0.0,0.0,0.0,0.0,0.0,regular
8476925,2025,Colton Sissons,VGK,C,all,41,29044.0,700.0,3.75,0.37,0.56,0.4,0.53,0.4,0.54,403.0,49.43,5.59,3.61,11.36,1.66,24.82,19.96,5.35,5.64,5.4,1.0,2.0,43.0,24.0,14.0,81.0,6.0,3.0,3.0,2.0,9.0,0.0,24.0,28.0,40.0,64.0,6.0,15.0,234.0,61.0,5.0,22.0,46.0,11.0,10.0,1.27,1.33,3.0,0.0,0.0,3.0,80.6,67.0,66.77,7.0,0.78,0.56,2.73,3.64,3.68,3.63,700.0,53.0,142.0,116.0,389.0,113.0,82.0,75.0,430.0,234.0,191.0,122302.0,15.0,21.0,8.0,26.0,181.11,14.01,13.53,14.1,13.62,167.0,79.0,95.0,341.0,10.0,18.0,3.0,197.0,33.0,16.0,5.3,3.9,4.81,2.0,3.0,5.0,339.25,246.0,245.38,2.49,3.87,3.87,12.64,12.73,12.52,262.34,24.03,22.83,24.15,22.94,218.0,145.0,152.0,515.0,21.0,32.0,4.0,280.0,55.0,28.0,8.34,7.02,8.66,7.0,6.0,8.0,516.71,363.0,365.23,4.15,5.86,5.86,22.32,22.43,21.75,116.3,89.61,2086.0,1819.0,0.0,0.0,0.0,0.0,0.0,0.0,regular
8479639,2025,Dylan Coghlan,VGK,D,all,2,1795.0,39.0,-0.33,0.44,0.58,0.43,0.51,0.38,0.53,11.0,2.06,0.07,0.12,0.75,0.07,1.15,0.83,0.07,0.07,0.07,0.0,0.0,1.0,2.0,1.0,4.0,0.0,0.0,0.0,0.0,2.0,0.0,0.0,1.0,1.0,3.0,1.0,2.0,0.0,4.0,0.0,2.0,3.0,0.0,0.0,0.07,0.0,0.0,0.0,0.0,0.0,3.84,3.0,2.97,1.0,0.03,0.0,0.0,0.1,0.09,0.09,39.0,10.0,1.0,7.0,21.0,5.0,3.0,6.0,25.0,0.0,0.0,5405.0,2.0,0.0,0.0,4.0,11.54,1.11,1.04,1.06,1.01,10.0,5.0,8.0,23.0,1.0,0.0,0.0,12.0,0.0,3.0,0.4,0.0,0.71,1.0,0.0,0.0,21.75,15.0,14.51,0.19,0.0,0.0,1.29,1.25,1.18,17.43,1.4,1.35,1.42,1.37,15.0,9.0,7.0,31.0,2.0,4.0,0.0,19.0,5.0,0.0,0.64,0.76,0.0,1.0,1.0,0.0,31.99,24.0,24.27,0.24,0.5,0.5,1.14,1.17,1.16,6.84,4.9,96.0,91.0,0.0,0.0,0.0,0.0,0.0,0.0,regular
8477964,2025,Ivan Barbashev,VGK,L,all,55,53494.0,1069.0,34.64,0.53,0.54,0.5,0.52,0.51,0.52,311.0,95.37,11.75,7.27,22.14,3.2,47.31,34.33,11.28,11.61,11.14,15.0,8.0,84.0,42.0,27.0,153.0,38.0,15.0,11.0,4.0,15.0,0.0,34.0,51.0,69.0,111.0,4.0,8.0,8.0,88.0,13.0,61.0,75.0,39.0,12.0,2.78,5.06,3.92,3.0,6.0,6.0,149.66,126.0,123.82,13.0,1.62,3.05,3.33,10.04,9.93,9.74,1069.0,185.0,92.0,161.0,631.0,161.0,144.0,159.0,605.0,8.0,29.0,149246.0,8.0,18.0,9.0,31.0,475.41,45.54,42.84,45.4,42.74,439.0,203.0,232.0,874.0,54.0,48.0,12.0,466.0,129.0,47.0,13.89,16.45,15.2,15.0,23.0,16.0,866.35,642.0,637.92,7.14,11.47,11.47,41.21,41.13,40.15,450.65,41.17,39.54,41.51,39.89,366.0,254.0,255.0,875.0,40.0,48.0,5.0,482.0,97.0,41.0,14.7,11.76,14.71,21.0,11.0,8.0,886.87,620.0,628.63,6.22,9.33,9.33,38.06,38.4,37.39,128.36,107.7,2400.0,2240.0,0.0,0.0,0.0,0.0,0.0,0.0,regular
8478403,2025,Jack Eichel,VGK,C,all,48,61631.0,1085.0,61.88,0.61,0.47,0.56,0.49,0.57,0.48,69.0,178.15,15.22,11.59,39.63,5.75,96.17,71.65,14.56,15.34,14.68,21.0,24.0,178.0,62.0,67.0,307.0,64.0,19.0,22.0,3.0,35.0,0.0,86.0,78.0,159.0,221.0,5.0,10.0,365.0,30.0,21.0,81.0,182.0,43.0,15.0,4.99,5.18,5.05,8.0,7.0,4.0,308.02,240.0,240.86,18.0,2.66,6.17,2.23,15.65,15.81,15.34,1085.0,217.0,129.0,159.0,580.0,121.0,132.0,213.0,619.0,365.0,417.0,115309.0,10.0,28.0,14.0,29.0,668.24,78.23,72.99,78.36,73.13,618.0,273.0,303.0,1194.0,95.0,88.0,19.0,588.0,208.0,95.0,16.77,26.15,35.31,18.0,37.0,40.0,1191.81,891.0,890.55,12.49,19.04,19.04,71.68,71.8,68.97,484.34,50.57,48.49,50.69,48.62,408.0,253.0,263.0,924.0,56.0,45.0,8.0,499.0,111.0,51.0,16.12,13.6,20.86,22.0,16.0,18.0,930.24,661.0,665.31,7.15,9.78,9.78,47.95,48.08,46.56,69.6,77.4,1665.0,1767.0,0.0,0.0,0.0,0.0,0.0,0.0,regular
8477034,2025,Jaycob Megna,VGK,D,all,4,2549.0,54.0,-1.02,0.34,0.59,0.45,0.54,0.43,0.55,24.0,0.66,0.02,0.04,0.17,0.02,0.45,0.3,0.02,0.02,0.02,0.0,0.0,1.0,0.0,0.0,1.0,0.0,0.0,0.0,0.0,0.0,0.0,0.0,1.0,1.0,1.0,1.0,2.0,0.0,6.0,0.0,2.0,1.0,0.0,0.0,0.02,0.0,0.0,0.0,0.0,0.0,0.97,1.0,0.97,2.0,0.01,0.0,0.0,0.03,0.03,0.03,54.0,2.0,8.0,5.0,39.0,12.0,5.0,8.0,29.0,0.0,0.0,12216.0,2.0,0.0,0.0,1.0,15.4,1.31,1.2,1.26,1.16,12.0,9.0,6.0,27.0,0.0,1.0,0.0,17.0,3.0,1.0,0.49,0.44,0.39,0.0,0.0,0.0,26.7,21.0,20.78,0.2,0.16,0.16,1.34,1.3,1.26,22.03,2.54,2.37,2.49,2.33,14.0,14.0,5.0,33.0,5.0,4.0,2.0,16.0,10.0,2.0,0.58,1.37,0.58,1.0,4.0,0.0,32.6,28.0,27.59,0.39,0.59,0.75,2.17,2.15,2.11,9.65,6.78,185.0,158.0,0.0,0.0,0.0,0.0,0.0,0.0,regular
8478468,2025,Jeremy Lauzon,VGK,D,all,41,42415.0,942.0,8.2,0.44,0.56,0.45,0.53,0.45,0.53,179.0,46.02,2.13,2.75,12.54,1.65,27.53,20.4,2.1,2.08,2.04,3.0,5.0,40.0,27.0,40.0,107.0,8.0,0.0,4.0,0.0,16.0,0.0,24.0,23.0,40.0,67.0,18.0,48.0,0.0,152.0,7.0,28.0,62.0,3.0,2.0,1.47,0.25,0.42,0.0,0.0,0.0,105.64,67.0,65.89,17.0,0.56,0.95,0.1,2.59,2.53,2.49,942.0,72.0,141.0,158.0,571.0,115.0,113.0,125.0,589.0,0.0,0.0,108039.0,48.0,43.0,14.0,66.0,300.28,24.02,23.3,24.17,23.44,271.0,140.0,168.0,579.0,33.0,23.0,5.0,318.0,67.0,26.0,8.87,7.96,7.19,13.0,12.0,8.0,574.53,411.0,408.76,4.04,4.72,4.72,23.35,23.45,23.1,358.15,30.85,29.52,31.43,30.09,290.0,204.0,214.0,708.0,41.0,41.0,9.0,382.0,78.0,34.0,10.71,9.58,10.55,17.0,11.0,13.0,724.01,494.0,504.56,5.47,8.26,8.26,28.05,28.57,28.04,105.19,82.17,1852.0,1630.0,0.0,0.0,0.0,0.0,0.0,0.0,regular
8480007,2025,Jonas Rondbjerg,VGK,R,all,4,2899.0,68.0,0.75,0.6,0.51,0.47,0.5,0.47,0.5,40.0,6.92,0.92,0.54,1.67,0.2,3.39,2.28,0.92,0.94,0.94,1.0,0.0,6.0,3.0,3.0,12.0,1.0,0.0,1.0,0.0,3.0,0.0,3.0,2.0,6.0,9.0,0.0,0.0,0.0,0.0,1.0,0.0,4.0,4.0,1.0,0.18,0.52,0.22,0.0,0.0,0.0,11.99,9.0,9.15,0.0,0.12,0.35,0.17,0.87,0.88,0.88,68.0,8.0,4.0,12.0,44.0,8.0,5.0,9.0,46.0,0.0,0.0,11501.0,0.0,0.0,0.0,0.0,21.02,2.31,2.22,2.34,2.24,20.0,9.0,9.0,38.0,2.0,3.0,1.0,19.0,7.0,3.0,0.47,0.85,0.99,0.0,1.0,1.0,37.96,29.0,29.08,0.32,0.93,0.93,1.7,1.71,1.7,23.63,1.57,1.55,1.58,1.57,21.0,12.0,9.0,42.0,4.0,1.0,0.0,28.0,5.0,0.0,0.9,0.67,0.0,4.0,0.0,0.0,43.16,33.0,33.72,0.32,0.05,0.05,1.84,1.84,1.83,7.9,7.49,183.0,181.0,0.0,0.0,0.0,0.0,0.0,0.0,regular
8481527,2025,Kaedan Korczak,VGK,D,all,55,55774.0,1174.0,16.48,0.53,0.54,0.5,0.52,0.51,0.52,242.0,53.67,2.5,3.07,15.69,1.68,29.39,21.67,2.43,2.5,2.43,4.0,5.0,49.0,25.0,47.0,121.0,12.0,3.0,4.0,0.0,9.0,0.0,26.0,32.0,46.0,71.0,8.0,16.0,0.0,83.0,8.0,71.0,65.0,9.0,0.0,1.55,0.95,0.0,1.0,2.0,0.0,120.74,74.0,73.29,50.0,0.64,1.39,0.41,2.74,2.74,2.67,1174.0,106.0,114.0,176.0,778.0,162.0,145.0,153.0,714.0,0.0,0.0,146966.0,16.0,8.0,4.0,76.0,432.29,36.92,35.74,36.82,35.66,378.0,212.0,245.0,835.0,37.0,39.0,6.0,432.0,125.0,33.0,12.68,14.73,9.52,13.0,14.0,10.0,828.46,590.0,585.15,6.04,8.11,8.45,34.51,34.39,33.87,413.34,33.15,32.07,33.72,32.61,324.0,245.0,267.0,836.0,37.0,44.0,3.0,442.0,91.0,36.0,12.55,10.6,10.0,17.0,13.0,7.0,846.15,569.0,576.34,5.78,8.18,8.18,30.74,31.1,30.54,136.98,115.72,2439.0,2279.0,0.0,0.0,0.0,0.0,0.0,0.0,regular
8478434,2025,Keegan Kolesar,VGK,R,all,55,37994.0,906.0,10.38,0.47,0.55,0.46,0.52,0.46,0.53,559.0,55.5,4.37,3.27,13.17,1.77,27.13,23.3,4.21,4.38,4.22,7.0,2.0,51.0,22.0,24.0,97.0,14.0,5.0,7.0,2.0,13.0,0.0,24.0,24.0,46.0,68.0,10.0,32.0,9.0,190.0,3.0,24.0,55.0,13.0,5.0,1.34,1.55,1.48,0.0,3.0,2.0,95.88,73.0,72.48,4.0,0.68,1.93,1.11,3.94,3.95,3.87,906.0,68.0,113.0,180.0,545.0,161.0,94.0,110.0,541.0,9.0,14.0,164746.0,32.0,28.0,8.0,29.0,262.2,21.82,21.25,21.81,21.25,240.0,119.0,156.0,515.0,19.0,28.0,5.0,281.0,55.0,23.0,7.55,6.77,7.5,4.0,8.0,7.0,507.9,359.0,356.18,3.49,5.77,5.77,19.49,19.48,19.25,299.41,24.82,23.75,25.14,24.06,252.0,162.0,183.0,597.0,31.0,35.0,3.0,321.0,70.0,23.0,9.54,8.85,6.43,19.0,8.0,4.0,603.44,414.0,418.82,4.45,5.4,5.4,23.87,24.19,23.63,152.08,124.05,2759.0,2518.0,0.0,0.0,0.0,0.0,0.0,0.0,regular
8475913,2025,Mark Stone,VGK,R,all,39,46041.0,825.0,53.15,0.65,0.46,0.61,0.47,0.62,0.46,119.0,101.78,14.54,8.83,21.53,3.28,47.09,34.73,13.04,14.4,12.94,24.0,11.0,88.0,42.0,27.0,157.0,55.0,20.0,12.0,4.0,9.0,0.0,52.0,37.0,68.0,110.0,2.0,7.0,2.0,17.0,18.0,45.0,73.0,37.0,20.0,2.19,4.57,7.77,1.0,9.0,10.0,156.11,130.0,129.16,7.0,2.14,3.44,6.02,10.66,10.64,10.28,825.0,160.0,102.0,126.0,437.0,87.0,82.0,151.0,505.0,2.0,7.0,98090.0,7.0,25.0,11.0,31.0,517.3,61.86,56.51,61.74,56.43,470.0,220.0,238.0,928.0,78.0,68.0,16.0,472.0,145.0,73.0,13.92,17.96,29.97,18.0,27.0,33.0,918.79,690.0,685.17,9.89,17.23,17.23,54.51,54.43,51.58,308.14,33.26,31.75,33.53,32.02,259.0,158.0,186.0,603.0,38.0,36.0,5.0,304.0,73.0,40.0,8.87,9.06,15.34,13.0,13.0,12.0,611.02,417.0,422.22,4.69,7.52,7.52,30.43,30.74,29.77,61.32,72.19,1389.0,1569.0,0.0,0.0,0.0,0.0,0.0,0.0,regular
8478483,2025,Mitch Marner,VGK,R,all,55,66237.0,1184.0,54.99,0.62,0.48,0.6,0.47,0.61,0.47,135.0,122.52,11.64,8.75,30.36,4.32,68.41,44.52,11.05,11.67,11.09,27.0,14.0,112.0,56.0,80.0,248.0,56.0,15.0,20.0,3.0,20.0,2.0,60.0,51.0,97.0,153.0,7.0,14.0,79.0,20.0,25.0,73.0,127.0,32.0,9.0,3.91,4.24,3.49,7.0,4.0,4.0,247.08,168.0,167.29,21.0,2.06,4.0,2.05,11.65,11.64,11.32,1184.0,247.0,112.0,171.0,654.0,114.0,154.0,201.0,715.0,79.0,125.0,136503.0,14.0,18.0,10.0,34.0,701.64,80.57,73.87,80.43,73.78,651.0,289.0,343.0,1283.0,91.0,90.0,15.0,629.0,222.0,89.0,17.95,27.5,35.12,24.0,31.0,36.0,1278.3,940.0,936.86,13.23,21.28,21.28,72.53,72.45,68.97,447.68,48.5,46.53,48.71,46.74,387.0,224.0,254.0,865.0,48.0,51.0,9.0,446.0,110.0,55.0,12.94,14.06,21.5,13.0,14.0,21.0,875.25,611.0,617.05,6.33,9.54,9.54,45.3,45.51,44.38,93.32,100.37,1991.0,2250.0,0.0,0.0,0.0,0.0,0.0,0.0,regular
8478396,2025,Noah Hanifin,VGK,D,all,45,63287.0,1253.0,28.32,0.52,0.55,0.52,0.51,0.52,0.52,80.0,97.35,4.75,5.58,27.28,3.23,55.98,41.18,4.54,4.72,4.51,7.0,11.0,93.0,45.0,71.0,209.0,20.0,2.0,12.0,1.0,28.0,0.0,44.0,52.0,91.0,136.0,4.0,6.0,0.0,29.0,29.0,65.0,129.0,5.0,4.0,2.63,0.51,1.61,1.0,0.0,1.0,206.34,138.0,137.37,47.0,1.2,2.12,1.75,4.2,4.18,4.04,1253.0,166.0,125.0,197.0,765.0,167.0,158.0,178.0,750.0,0.0,0.0,103041.0,6.0,2.0,1.0,75.0,547.18,50.46,47.3,49.99,46.91,512.0,232.0,281.0,1025.0,48.0,59.0,11.0,543.0,154.0,47.0,15.04,19.55,15.88,16.0,20.0,12.0,1009.12,744.0,735.55,8.39,14.01,14.02,44.76,44.54,43.22,501.19,46.79,44.87,47.11,45.19,434.0,255.0,269.0,958.0,51.0,63.0,5.0,528.0,110.0,51.0,15.8,13.46,17.52,20.0,17.0,14.0,967.41,689.0,696.33,7.49,11.61,11.61,42.66,42.94,41.84,93.6,75.71,1646.0,1557.0,0.0,0.0,0.0,0.0,0.0,0.0,regular
8481604,2025,Pavel Dorofeyev,VGK,R,all,55,58107.0,1051.0,46.02,0.65,0.48,0.63,0.46,0.62,0.47,255.0,165.4,21.56,12.02,37.07,5.54,86.74,55.07,20.0,21.58,20.01,11.0,6.0,147.0,71.0,90.0,308.0,41.0,24.0,18.0,3.0,36.0,0.0,74.0,66.0,123.0,194.0,9.0,18.0,0.0,22.0,10.0,42.0,129.0,64.0,25.0,4.15,7.51,9.9,5.0,11.0,8.0,306.87,218.0,217.16,9.0,2.82,3.2,4.76,19.62,19.61,18.41,1051.0,245.0,90.0,132.0,584.0,135.0,133.0,191.0,592.0,0.0,1.0,144633.0,18.0,12.0,6.0,22.0,632.37,71.55,65.23,71.4,65.08,571.0,276.0,357.0,1204.0,69.0,84.0,9.0,573.0,188.0,86.0,15.91,23.03,32.61,22.0,22.0,25.0,1197.65,847.0,842.59,12.2,19.58,19.58,64.18,64.07,60.58,373.41,38.35,36.8,38.61,37.07,318.0,196.0,194.0,708.0,40.0,34.0,6.0,396.0,76.0,42.0,12.05,9.36,16.95,12.0,14.0,14.0,717.27,514.0,520.52,4.92,6.66,6.66,36.61,36.84,35.8,102.34,110.52,2070.0,2407.0,0.0,0.0,0.0,0.0,0.0,0.0,regular
8478397,2025,Rasmus Andersson,VGK,D,all,54,77644.0,1795.0,33.33,0.47,0.5,0.48,0.52,0.47,0.51,89.0,141.45,9.15,9.11,38.41,4.8,81.65,55.87,8.8,9.1,8.75,16.0,6.0,131.0,68.0,91.0,290.0,33.0,11.0,12.0,1.0,35.0,0.0,64.0,77.0,120.0,188.0,21.0,45.0,0.0,30.0,19.0,72.0,176.0,16.0,7.0,4.35,1.8,3.01,4.0,4.0,3.0,287.72,199.0,197.77,51.0,2.07,4.56,2.12,9.1,9.03,8.73,1795.0,215.0,285.0,243.0,1052.0,133.0,196.0,242.0,1224.0,0.0,0.0,118905.0,45.0,37.0,17.0,102.0,650.19,66.72,63.8,66.9,63.96,602.0,282.0,344.0,1228.0,73.0,70.0,10.0,657.0,154.0,73.0,18.76,18.99,28.97,27.0,20.0,26.0,1225.13,884.0,884.63,10.14,17.01,16.53,60.33,60.3,58.7,742.78,76.22,71.02,76.28,71.07,663.0,346.0,346.0,1355.0,67.0,83.0,12.0,736.0,183.0,90.0,22.2,22.1,31.92,24.0,17.0,26.0,1360.79,1009.0,1009.69,11.89,19.16,19.21,68.9,69.03,66.68,89.99,90.59,2018.0,1844.0,0.0,0.0,0.0,0.0,0.0,0.0,regular
8475191,2025,Reilly Smith,VGK,R,all,51,42123.0,941.0,11.93,0.44,0.56,0.46,0.53,0.46,0.53,420.0,67.33,6.12,4.39,15.56,2.17,34.7,27.07,5.96,6.09,5.93,4.0,3.0,58.0,32.0,26.0,116.0,16.0,9.0,2.0,0.0,11.0,0.0,44.0,24.0,49.0,81.0,1.0,2.0,17.0,19.0,10.0,50.0,66.0,20.0,4.0,2.2,2.46,1.46,3.0,4.0,2.0,113.44,90.0,88.24,18.0,0.96,0.31,0.58,6.5,6.44,6.33,941.0,89.0,97.0,163.0,592.0,145.0,127.0,114.0,555.0,17.0,34.0,145839.0,2.0,8.0,4.0,10.0,325.08,25.4,24.51,25.34,24.46,296.0,146.0,171.0,613.0,21.0,31.0,1.0,342.0,80.0,20.0,9.63,9.72,6.06,11.0,7.0,3.0,609.67,442.0,439.49,4.56,5.17,5.02,24.94,24.86,24.44,376.8,32.68,31.7,33.1,32.11,308.0,206.0,193.0,707.0,37.0,40.0,7.0,383.0,98.0,33.0,10.71,12.0,9.97,15.0,15.0,7.0,716.43,514.0,521.02,5.67,7.33,7.33,31.03,31.37,30.87,137.32,106.16,2435.0,2171.0,0.0,0.0,0.0,0.0,0.0,0.0,regular
8477447,2025,Shea Theodore,VGK,D,all,44,62656.0,1257.0,31.65,0.52,0.55,0.5,0.53,0.5,0.53,59.0,88.05,5.14,5.69,23.87,2.8,49.65,37.86,5.07,5.07,5.0,9.0,10.0,92.0,33.0,81.0,206.0,26.0,7.0,9.0,0.0,22.0,0.0,44.0,43.0,85.0,118.0,4.0,8.0,0.0,1.0,14.0,51.0,110.0,12.0,3.0,2.96,1.5,0.68,6.0,0.0,1.0,204.67,125.0,124.54,42.0,1.22,2.02,0.38,5.99,5.92,5.85,1257.0,167.0,195.0,213.0,682.0,145.0,132.0,187.0,793.0,0.0,0.0,99519.0,8.0,12.0,6.0,64.0,538.49,57.56,55.07,57.56,55.06,514.0,208.0,290.0,1012.0,62.0,54.0,9.0,506.0,146.0,70.0,15.3,18.43,23.83,17.0,22.0,23.0,1011.68,722.0,721.31,8.44,11.81,11.8,54.2,54.26,52.76,535.69,52.28,50.12,52.6,50.45,460.0,268.0,280.0,1008.0,50.0,47.0,4.0,545.0,134.0,49.0,16.86,16.55,18.87,19.0,16.0,15.0,1018.03,728.0,735.35,8.18,8.8,8.8,51.66,52.02,50.64,79.54,64.64,1642.0,1477.0,0.0,0.0,0.0,0.0,0.0,0.0,regular
8479550,2025,Tanner Laczynski,VGK,C,all,9,5519.0,125.0,1.71,0.46,0.53,0.48,0.51,0.46,0.5,90.0,12.11,1.39,1.03,2.81,0.43,6.74,4.6,1.23,1.36,1.2,1.0,1.0,12.0,5.0,5.0,22.0,2.0,0.0,1.0,0.0,2.0,0.0,11.0,3.0,12.0,17.0,2.0,4.0,34.0,2.0,2.0,5.0,12.0,3.0,2.0,0.42,0.37,0.6,0.0,0.0,0.0,21.94,17.0,16.97,3.0,0.21,0.16,0.38,1.23,1.21,1.15,125.0,10.0,10.0,21.0,84.0,22.0,19.0,11.0,73.0,34.0,33.0,27583.0,4.0,4.0,2.0,5.0,39.18,2.89,2.7,2.88,2.7,40.0,15.0,26.0,81.0,3.0,3.0,0.0,45.0,8.0,2.0,1.32,0.97,0.6,2.0,1.0,0.0,80.99,55.0,54.97,0.58,0.47,0.47,3.0,3.0,2.92,45.8,3.44,3.39,3.51,3.46,45.0,20.0,24.0,89.0,6.0,2.0,0.0,53.0,9.0,3.0,1.56,0.96,0.92,3.0,2.0,1.0,93.62,65.0,67.21,0.64,0.3,0.3,3.78,3.83,3.79,22.43,19.97,456.0,431.0,0.0,0.0,0.0,0.0,0.0,0.0,regular
8476881,2025,Tomas Hertl,VGK,C,all,55,57836.0,1083.0,54.21,0.66,0.47,0.64,0.46,0.63,0.47,251.0,167.52,26.46,15.58,33.44,5.69,85.85,54.04,24.14,26.29,23.98,14.0,12.0,145.0,77.0,69.0,291.0,48.0,22.0,21.0,4.0,33.0,1.0,75.0,70.0,123.0,200.0,10.0,25.0,507.0,74.0,12.0,37.0,118.0,69.0,35.0,3.62,8.76,14.08,3.0,5.0,14.0,288.37,222.0,220.39,7.0,3.93,5.34,6.91,23.42,23.39,22.24,1083.0,267.0,127.0,151.0,538.0,129.0,124.0,208.0,622.0,507.0,373.0,144904.0,25.0,32.0,15.0,27.0,633.48,75.51,69.26,75.2,68.98,556.0,294.0,369.0,1219.0,76.0,84.0,13.0,568.0,193.0,89.0,15.84,24.01,35.66,20.0,25.0,31.0,1208.49,850.0,843.19,12.41,19.69,19.69,68.16,67.97,64.41,361.01,38.81,37.26,38.91,37.36,309.0,186.0,198.0,693.0,47.0,32.0,6.0,366.0,88.0,41.0,11.19,10.92,16.71,18.0,15.0,14.0,695.55,495.0,497.62,4.99,5.94,5.94,37.86,37.97,36.87,98.39,110.05,2055.0,2422.0,0.0,0.0,0.0,0.0,0.0,0.0,regular
8476448,2025,William Karlsson,VGK,C,all,14,12723.0,274.0,7.79,0.56,0.52,0.49,0.51,0.51,0.52,85.0,29.43,3.87,1.92,6.06,0.91,14.01,11.23,3.73,3.83,3.7,2.0,1.0,30.0,8.0,10.0,48.0,7.0,4.0,1.0,1.0,5.0,0.0,12.0,16.0,26.0,34.0,2.0,4.0,91.0,3.0,3.0,11.0,25.0,8.0,5.0,0.67,1.01,2.19,1.0,0.0,3.0,48.08,38.0,37.61,2.0,0.41,0.07,0.71,3.58,3.54,3.48,274.0,20.0,43.0,36.0,175.0,43.0,36.0,32.0,163.0,91.0,67.0,38657.0,4.0,2.0,1.0,13.0,106.35,11.14,10.89,11.06,10.82,101.0,43.0,62.0,206.0,7.0,6.0,1.0,105.0,30.0,9.0,2.95,3.67,4.51,1.0,1.0,5.0,206.3,144.0,143.17,1.44,1.38,1.38,11.2,11.14,11.02,103.03,8.87,8.73,9.03,8.89,92.0,49.0,71.0,212.0,10.0,6.0,1.0,107.0,26.0,8.0,2.88,3.45,2.54,1.0,5.0,4.0,212.29,141.0,141.74,1.63,0.96,0.96,9.53,9.63,9.5,33.19,30.32,664.0,627.0,0.0,0.0,0.0,0.0,0.0,0.0,regular
8476392,2025,Adam Lowry,WPG,C,all,43,37212.0,904.0,16.56,0.42,0.49,0.45,0.5,0.45,0.5,296.0,60.0,8.47,4.7,13.16,2.32,29.16,23.2,8.06,8.49,8.08,5.0,5.0,45.0,36.0,19.0,100.0,14.0,4.0,8.0,0.0,9.0,1.0,30.0,29.0,41.0,77.0,4.0,17.0,291.0,85.0,6.0,24.0,49.0,19.0,13.0,1.79,2.55,4.13,0.0,4.0,0.0,99.93,81.0,81.45,9.0,1.02,2.28,2.84,6.65,6.66,6.56,904.0,62.0,206.0,154.0,482.0,138.0,70.0,130.0,566.0,291.0,252.0,119271.0,17.0,23.0,8.0,30.0,257.08,25.77,24.5,25.97,24.71,236.0,118.0,130.0,484.0,23.0,30.0,6.0,265.0,57.0,32.0,7.34,7.38,11.04,8.0,9.0,6.0,487.88,354.0,357.29,3.63,7.74,7.57,21.82,22.0,21.69,315.65,35.04,32.67,35.02,32.65,267.0,162.0,161.0,590.0,35.0,46.0,5.0,289.0,94.0,46.0,8.67,11.58,14.79,15.0,8.0,12.0,590.47,429.0,429.06,5.38,9.66,9.66,30.76,30.77,29.03,96.24,100.11,1859.0,1860.0,0.0,0.0,0.0,0.0,0.0,0.0,regular
8480113,2025,Alex Iafallo,WPG,L,all,55,50330.0,1048.0,18.69,0.45,0.48,0.48,0.48,0.48,0.48,324.0,80.43,10.49,7.47,17.41,2.64,39.88,29.1,9.68,10.56,9.75,5.0,6.0,71.0,36.0,23.0,130.0,20.0,9.0,11.0,1.0,13.0,0.0,39.0,35.0,62.0,98.0,6.0,12.0,13.0,74.0,8.0,19.0,68.0,24.0,15.0,1.99,3.23,5.28,3.0,3.0,3.0,130.88,107.0,107.74,5.0,1.8,1.82,3.15,9.14,9.2,8.76,1048.0,148.0,146.0,190.0,564.0,138.0,133.0,144.0,633.0,13.0,17.0,149399.0,12.0,12.0,6.0,40.0,365.76,35.89,33.83,36.11,34.07,321.0,186.0,210.0,717.0,37.0,39.0,6.0,378.0,91.0,38.0,10.48,11.24,14.18,14.0,11.0,12.0,721.2,507.0,510.5,6.15,8.0,8.0,34.05,34.21,33.23,404.47,43.94,40.65,43.99,40.7,359.0,196.0,223.0,778.0,38.0,67.0,8.0,395.0,103.0,57.0,11.53,12.76,19.64,19.0,9.0,10.0,773.91,555.0,552.88,6.66,13.94,14.14,36.45,36.46,34.97,124.2,132.22,2260.0,2442.0,0.0,0.0,0.0,0.0,0.0,0.0,regular
8483471,2025,Brad Lambert,WPG,C,all,4,2166.0,49.0,-0.24,0.32,0.46,0.36,0.5,0.36,0.52,46.0,3.07,0.22,0.21,0.68,0.08,1.68,1.15,0.22,0.22,0.22,0.0,0.0,3.0,1.0,2.0,6.0,1.0,1.0,0.0,0.0,0.0,0.0,3.0,0.0,2.0,3.0,1.0,2.0,0.0,3.0,0.0,3.0,3.0,1.0,0.0,0.06,0.16,0.0,0.0,1.0,0.0,5.99,4.0,4.02,2.0,0.04,0.0,0.0,0.26,0.26,0.26,49.0,6.0,1.0,4.0,38.0,8.0,8.0,5.0,28.0,0.0,1.0,12234.0,2.0,0.0,0.0,1.0,14.44,1.23,1.14,1.26,1.16,13.0,6.0,7.0,26.0,1.0,2.0,0.0,14.0,3.0,2.0,0.38,0.37,0.48,0.0,1.0,0.0,26.45,19.0,18.99,0.23,0.48,0.48,0.98,1.0,0.97,24.94,2.58,2.27,2.59,2.28,25.0,9.0,12.0,46.0,2.0,4.0,1.0,26.0,5.0,3.0,0.73,0.84,1.01,1.0,0.0,1.0,44.87,34.0,33.89,0.35,0.92,0.92,2.01,1.99,1.73,9.26,11.07,194.0,195.0,0.0,0.0,0.0,0.0,0.0,0.0,regular
8481043,2025,Cole Koepke,WPG,L,all,39,23450.0,558.0,7.65,0.34,0.5,0.38,0.5,0.4,0.49,419.0,52.98,4.84,3.53,12.86,1.84,24.71,22.23,4.76,4.9,4.82,3.0,3.0,46.0,24.0,17.0,87.0,11.0,5.0,4.0,1.0,6.0,0.0,19.0,36.0,41.0,65.0,2.0,4.0,0.0,122.0,10.0,15.0,50.0,14.0,6.0,1.6,1.74,1.49,2.0,1.0,2.0,87.4,70.0,70.69,7.0,0.76,0.55,0.86,4.73,4.79,4.74,558.0,28.0,135.0,91.0,304.0,81.0,73.0,68.0,336.0,0.0,0.0,118040.0,4.0,6.0,3.0,8.0,159.26,12.42,12.04,12.51,12.12,151.0,65.0,62.0,278.0,12.0,14.0,2.0,168.0,34.0,14.0,4.64,4.23,3.56,3.0,7.0,2.0,279.73,216.0,218.1,2.15,2.61,2.61,11.96,12.02,11.82,241.28,23.98,22.51,24.06,22.56,210.0,116.0,123.0,449.0,17.0,29.0,0.0,241.0,56.0,29.0,7.31,7.3,9.37,10.0,2.0,5.0,446.72,326.0,325.4,4.16,5.97,5.97,22.18,22.21,21.28,104.32,106.22,1823.0,1854.0,0.0,0.0,0.0,0.0,0.0,0.0,regular
8482149,2025,Cole Perfetti,WPG,C,all,41,35749.0,730.0,20.46,0.57,0.45,0.55,0.47,0.54,0.47,283.0,88.74,9.98,6.58,19.03,2.87,47.05,34.49,9.83,10.06,9.9,8.0,4.0,75.0,45.0,42.0,162.0,18.0,6.0,11.0,2.0,21.0,0.0,36.0,46.0,69.0,114.0,6.0,12.0,4.0,32.0,13.0,37.0,80.0,29.0,11.0,2.46,3.54,3.99,0.0,2.0,4.0,163.31,120.0,120.54,12.0,1.49,2.8,2.23,9.25,9.26,9.19,730.0,129.0,41.0,125.0,435.0,120.0,97.0,109.0,404.0,4.0,5.0,113534.0,12.0,8.0,4.0,19.0,311.65,29.55,28.08,29.82,28.33,268.0,161.0,178.0,607.0,28.0,35.0,9.0,329.0,64.0,36.0,8.79,8.04,12.71,8.0,6.0,14.0,610.75,429.0,431.58,4.84,8.84,8.84,25.54,25.69,25.26,267.24,22.51,22.0,22.33,21.83,236.0,131.0,131.0,498.0,25.0,20.0,1.0,281.0,69.0,17.0,8.11,8.22,6.18,6.0,14.0,5.0,493.99,367.0,363.96,3.55,2.94,2.94,23.14,23.03,22.69,86.28,105.57,1633.0,1827.0,0.0,0.0,0.0,0.0,0.0,0.0,regular
8476525,2025,Colin Miller,WPG,D,all,15,12382.0,259.0,0.2,0.42,0.52,0.49,0.47,0.49,0.48,83.0,17.56,0.57,1.0,4.67,0.58,10.8,8.38,0.55,0.57,0.55,1.0,0.0,16.0,10.0,22.0,48.0,1.0,0.0,1.0,0.0,3.0,1.0,8.0,13.0,16.0,26.0,3.0,6.0,0.0,25.0,2.0,11.0,26.0,0.0,0.0,0.57,0.0,0.0,0.0,0.0,0.0,47.39,26.0,25.81,7.0,0.21,0.66,0.0,0.78,0.78,0.76,259.0,21.0,24.0,40.0,174.0,40.0,40.0,29.0,150.0,0.0,0.0,41631.0,6.0,10.0,5.0,10.0,97.91,7.65,7.28,7.87,7.48,84.0,54.0,57.0,195.0,4.0,7.0,1.0,113.0,19.0,6.0,3.29,2.14,2.22,3.0,0.0,1.0,197.48,138.0,139.38,1.56,1.96,1.96,7.25,7.39,7.28,107.65,10.45,9.82,10.3,9.68,103.0,43.0,55.0,201.0,12.0,13.0,3.0,108.0,26.0,12.0,3.49,3.4,3.56,7.0,4.0,1.0,200.14,146.0,145.67,1.58,2.09,2.09,9.94,9.78,9.37,38.5,34.94,614.0,695.0,0.0,0.0,0.0,0.0,0.0,0.0,regular
8483526,2025,Danil Zhilkin,WPG,C,all,4,1977.0,44.0,-0.62,0.32,0.46,0.24,0.46,0.32,0.44,47.0,4.05,0.35,0.24,0.79,0.13,1.69,1.81,0.35,0.33,0.33,0.0,0.0,2.0,3.0,0.0,5.0,0.0,0.0,0.0,0.0,0.0,0.0,2.0,3.0,2.0,5.0,0.0,0.0,6.0,3.0,0.0,1.0,4.0,0.0,1.0,0.11,0.0,0.24,0.0,0.0,0.0,4.99,5.0,5.02,0.0,0.05,0.0,0.0,0.4,0.38,0.38,44.0,1.0,5.0,6.0,32.0,1.0,6.0,6.0,31.0,6.0,13.0,12423.0,0.0,0.0,0.0,4.0,7.43,0.59,0.59,0.58,0.58,7.0,3.0,2.0,12.0,2.0,0.0,0.0,8.0,1.0,1.0,0.17,0.18,0.24,1.0,1.0,0.0,12.0,10.0,10.16,0.11,0.0,0.0,0.7,0.69,0.69,15.19,1.24,1.16,1.26,1.18,12.0,9.0,18.0,39.0,0.0,2.0,0.0,17.0,3.0,1.0,0.5,0.44,0.3,0.0,0.0,0.0,37.79,21.0,20.78,0.25,0.49,0.49,1.01,1.0,0.98,11.57,13.53,175.0,208.0,0.0,0.0,0.0,0.0,0.0,0.0,regular
8476331,2025,Dylan DeMelo,WPG,D,all,55,71180.0,1494.0,18.1,0.46,0.48,0.45,0.5,0.46,0.49,155.0,59.52,1.75,3.0,17.22,1.9,34.57,27.56,1.73,1.78,1.75,4.0,10.0,52.0,34.0,42.0,128.0,17.0,3.0,6.0,0.0,16.0,0.0,25.0,36.0,49.0,83.0,17.0,34.0,0.0,82.0,18.0,56.0,84.0,2.0,0.0,1.48,0.27,0.0,3.0,0.0,0.0,129.7,86.0,87.35,36.0,0.6,1.65,0.17,2.2,2.21,2.18,1494.0,162.0,209.0,242.0,881.0,157.0,198.0,186.0,953.0,0.0,0.0,128549.0,34.0,14.0,7.0,82.0,533.36,53.98,51.68,54.41,52.09,495.0,238.0,228.0,961.0,54.0,57.0,10.0,537.0,134.0,62.0,15.97,17.02,20.99,22.0,18.0,14.0,968.91,733.0,739.36,7.57,13.23,13.23,48.32,48.63,47.48,623.94,62.5,57.71,62.61,57.78,563.0,287.0,342.0,1192.0,60.0,72.0,10.0,624.0,153.0,73.0,19.07,18.71,24.73,21.0,21.0,18.0,1189.05,850.0,848.12,10.38,16.9,16.9,55.99,56.01,53.85,106.11,113.64,2016.0,2028.0,0.0,0.0,0.0,0.0,0.0,0.0,regular
8480049,2025,Dylan Samberg,WPG,D,all,39,49794.0,1029.0,12.3,0.41,0.51,0.45,0.52,0.45,0.51,124.0,52.96,2.29,2.89,14.96,1.79,30.41,23.66,2.23,2.29,2.23,2.0,7.0,48.0,28.0,50.0,126.0,9.0,0.0,2.0,0.0,18.0,0.0,27.0,29.0,48.0,76.0,4.0,8.0,0.0,34.0,16.0,38.0,70.0,5.0,1.0,1.43,0.51,0.35,0.0,0.0,0.0,125.17,76.0,76.06,26.0,0.6,0.32,0.48,2.41,2.41,2.38,1029.0,64.0,181.0,174.0,610.0,162.0,98.0,131.0,638.0,0.0,0.0,92289.0,8.0,4.0,2.0,63.0,351.28,31.16,29.62,31.12,29.59,326.0,160.0,175.0,661.0,28.0,37.0,4.0,372.0,80.0,34.0,10.2,9.76,11.2,6.0,15.0,7.0,661.68,486.0,487.13,4.77,8.31,8.32,27.61,27.62,27.27,444.72,45.34,42.26,45.4,42.32,383.0,221.0,218.0,822.0,41.0,60.0,2.0,430.0,120.0,54.0,13.04,14.51,17.78,18.0,14.0,9.0,821.71,604.0,603.35,7.59,12.89,12.89,40.03,40.12,38.39,78.46,75.99,1462.0,1374.0,0.0,0.0,0.0,0.0,0.0,0.0,regular
8483510,2025,Elias Salomonsson,WPG,D,all,12,12176.0,273.0,0.57,0.31,0.51,0.43,0.47,0.41,0.46,54.0,17.54,0.89,0.98,4.83,0.6,10.19,7.51,0.85,0.92,0.88,0.0,0.0,15.0,10.0,14.0,39.0,0.0,0.0,0.0,0.0,4.0,0.0,9.0,12.0,15.0,25.0,0.0,0.0,0.0,12.0,2.0,14.0,22.0,2.0,1.0,0.43,0.22,0.24,0.0,0.0,0.0,39.36,25.0,25.21,9.0,0.2,0.0,0.24,0.85,0.87,0.86,273.0,14.0,33.0,48.0,178.0,44.0,33.0,27.0,169.0,0.0,0.0,31937.0,0.0,0.0,0.0,12.0,74.72,4.98,4.9,5.08,4.99,67.0,38.0,47.0,152.0,5.0,3.0,0.0,83.0,19.0,3.0,2.12,2.13,0.74,4.0,1.0,0.0,154.24,105.0,106.94,0.99,0.65,0.65,5.32,5.44,5.37,112.98,11.28,10.89,11.08,10.7,109.0,44.0,46.0,199.0,9.0,11.0,0.0,111.0,27.0,15.0,3.47,3.42,4.39,4.0,3.0,2.0,196.84,153.0,151.42,1.68,2.26,2.26,10.7,10.52,10.29,29.03,27.67,463.0,527.0,0.0,0.0,0.0,0.0,0.0,0.0,regular
8480014,2025,Gabriel Vilardi,WPG,C,all,55,61458.0,1109.0,42.68,0.56,0.43,0.54,0.45,0.54,0.45,184.0,124.79,19.44,10.86,26.98,4.27,62.14,41.31,17.88,19.48,17.93,14.0,14.0,109.0,56.0,45.0,210.0,49.0,21.0,16.0,6.0,20.0,1.0,63.0,44.0,88.0,144.0,7.0,14.0,35.0,14.0,10.0,43.0,91.0,46.0,28.0,3.44,5.92,10.07,5.0,6.0,10.0,212.17,165.0,166.44,11.0,2.54,3.51,7.08,14.9,14.97,14.23,1109.0,255.0,71.0,161.0,622.0,143.0,191.0,229.0,546.0,35.0,39.0,138271.0,14.0,44.0,22.0,22.0,589.94,68.01,63.25,68.32,63.56,538.0,269.0,257.0,1064.0,79.0,72.0,14.0,563.0,167.0,77.0,17.8,20.73,29.48,30.0,22.0,27.0,1072.39,807.0,812.74,10.78,18.12,18.12,60.67,60.93,58.12,501.9,54.28,51.48,54.23,51.44,472.0,208.0,215.0,895.0,55.0,58.0,7.0,491.0,123.0,66.0,14.72,15.14,24.42,16.0,23.0,16.0,892.56,680.0,677.23,7.04,12.32,12.12,49.21,49.07,48.07,92.09,121.87,1913.0,2325.0,0.0,0.0,0.0,0.0,0.0,0.0,regular
8474679,2025,Gustav Nyquist,WPG,R,all,34,26430.0,581.0,8.67,0.56,0.47,0.54,0.47,0.55,0.47,276.0,44.69,3.68,3.61,10.01,1.53,24.77,17.4,3.61,3.63,3.56,6.0,3.0,42.0,19.0,21.0,82.0,9.0,0.0,7.0,0.0,9.0,0.0,26.0,19.0,42.0,61.0,2.0,4.0,8.0,20.0,10.0,17.0,47.0,12.0,2.0,1.83,1.41,0.43,0.0,0.0,0.0,81.21,61.0,60.18,3.0,0.79,1.46,0.76,3.7,3.66,3.63,581.0,103.0,45.0,92.0,341.0,82.0,83.0,71.0,345.0,8.0,11.0,96911.0,4.0,10.0,5.0,16.0,244.25,23.58,22.38,23.55,22.36,218.0,117.0,117.0,452.0,17.0,30.0,1.0,256.0,51.0,28.0,7.56,6.0,10.02,3.0,5.0,9.0,452.46,335.0,334.28,4.25,6.32,6.32,21.51,21.57,20.93,201.01,18.66,17.71,18.56,17.64,179.0,93.0,118.0,390.0,14.0,21.0,1.0,197.0,49.0,26.0,5.77,5.87,7.02,6.0,7.0,1.0,389.43,272.0,271.41,2.91,4.78,4.78,16.8,16.82,16.47,73.03,82.93,1395.0,1600.0,0.0,0.0,0.0,0.0,0.0,0.0,regular
8477938,2025,Haydn Fleury,WPG,D,all,17,14205.0,314.0,-2.93,0.38,0.5,0.39,0.48,0.39,0.49,86.0,14.16,1.03,0.86,3.81,0.47,7.9,5.92,1.01,1.01,0.99,0.0,0.0,11.0,9.0,8.0,28.0,0.0,0.0,3.0,0.0,3.0,0.0,7.0,7.0,11.0,20.0,3.0,6.0,0.0,23.0,5.0,11.0,18.0,1.0,1.0,0.44,0.14,0.45,0.0,0.0,0.0,27.75,20.0,19.61,7.0,0.18,0.86,0.52,0.69,0.67,0.66,314.0,18.0,42.0,30.0,224.0,47.0,37.0,43.0,187.0,0.0,0.0,47328.0,6.0,0.0,0.0,26.0,97.93,10.58,9.61,10.61,9.64,87.0,46.0,42.0,175.0,6.0,16.0,1.0,94.0,23.0,16.0,2.63,3.02,4.93,2.0,2.0,2.0,176.14,133.0,133.15,1.45,4.01,4.01,8.01,8.03,7.76,152.36,16.94,15.92,17.02,16.0,134.0,73.0,70.0,277.0,19.0,23.0,4.0,148.0,36.0,23.0,4.63,4.56,7.74,7.0,6.0,6.0,275.78,207.0,207.01,2.59,4.82,4.82,14.71,14.76,14.24,40.7,41.32,717.0,789.0,0.0,0.0,0.0,0.0,0.0,0.0,regular
8482192,2025,Isaak Phillips,WPG,D,all,2,983.0,24.0,-0.17,0.24,0.5,0.34,0.5,0.32,0.53,12.0,2.19,0.04,0.09,0.5,0.06,1.28,1.02,0.04,0.04,0.04,0.0,0.0,3.0,0.0,1.0,4.0,0.0,0.0,0.0,0.0,2.0,0.0,1.0,0.0,3.0,3.0,1.0,2.0,0.0,1.0,0.0,2.0,3.0,0.0,0.0,0.04,0.0,0.0,0.0,0.0,0.0,4.16,3.0,3.04,0.0,0.02,0.0,0.0,0.06,0.06,0.06,24.0,3.0,5.0,2.0,14.0,4.0,3.0,1.0,16.0,0.0,0.0,6217.0,2.0,4.0,1.0,1.0,4.38,0.1,0.1,0.1,0.1,4.0,2.0,4.0,10.0,0.0,0.0,0.0,6.0,0.0,0.0,0.1,0.0,0.0,0.0,0.0,0.0,10.51,6.0,6.18,0.04,0.0,0.0,0.14,0.14,0.14,9.14,0.31,0.3,0.3,0.3,6.0,7.0,6.0,19.0,0.0,0.0,0.0,13.0,0.0,0.0,0.31,0.0,0.0,0.0,0.0,0.0,18.34,13.0,12.59,0.1,0.0,0.0,0.4,0.4,0.4,5.67,5.57,103.0,101.0,0.0,0.0,0.0,0.0,0.0,0.0,regular
8473604,2025,Jonathan Toews,WPG,C,all,55,49911.0,1074.0,16.0,0.53,0.46,0.54,0.46,0.54,0.46,331.0,84.35,12.47,7.19,19.51,3.01,39.48,27.35,11.25,12.57,11.34,7.0,5.0,74.0,35.0,21.0,130.0,19.0,7.0,17.0,3.0,13.0,0.0,38.0,34.0,67.0,102.0,15.0,30.0,430.0,14.0,16.0,39.0,68.0,22.0,19.0,2.18,2.79,7.5,0.0,2.0,5.0,130.79,109.0,109.38,9.0,1.72,4.05,6.06,8.13,8.17,7.96,1074.0,208.0,128.0,169.0,569.0,138.0,149.0,140.0,647.0,430.0,275.0,149818.0,30.0,12.0,6.0,25.0,446.84,43.76,40.09,43.93,40.25,383.0,226.0,230.0,839.0,28.0,59.0,5.0,455.0,98.0,56.0,12.3,11.83,19.63,10.0,7.0,11.0,844.53,609.0,611.45,7.7,14.9,14.9,36.56,36.69,34.86,383.49,39.08,36.78,38.97,36.66,335.0,191.0,199.0,725.0,33.0,40.0,3.0,387.0,92.0,47.0,11.9,10.9,16.27,9.0,15.0,9.0,720.07,526.0,523.28,5.48,7.06,7.06,37.49,37.39,35.69,116.34,137.08,2138.0,2495.0,0.0,0.0,0.0,0.0,0.0,0.0,regular
8477504,2025,Josh Morrissey,WPG,D,all,55,81091.0,1507.0,43.15,0.56,0.41,0.53,0.45,0.54,0.44,75.0,105.22,5.16,7.25,28.53,3.63,66.66,44.77,4.86,5.14,4.84,19.0,13.0,102.0,54.0,78.0,234.0,42.0,10.0,15.0,0.0,38.0,0.0,48.0,45.0,92.0,146.0,11.0,22.0,0.0,25.0,14.0,68.0,148.0,5.0,3.0,3.71,0.53,0.92,9.0,0.0,1.0,232.76,156.0,155.64,36.0,1.6,3.36,0.42,6.34,6.32,6.01,1507.0,270.0,149.0,233.0,855.0,103.0,209.0,243.0,952.0,0.0,0.0,118638.0,22.0,16.0,8.0,93.0,729.06,80.84,75.57,81.01,75.72,654.0,339.0,319.0,1312.0,92.0,85.0,15.0,697.0,202.0,94.0,21.18,25.06,34.6,33.0,31.0,28.0,1315.3,993.0,997.15,12.8,20.62,20.62,73.01,73.17,69.88,619.82,63.67,58.82,63.58,58.72,558.0,289.0,309.0,1156.0,62.0,67.0,10.0,619.0,155.0,73.0,17.94,19.1,26.63,14.0,26.0,22.0,1151.21,847.0,842.77,9.02,14.53,14.53,58.16,58.04,55.81,79.26,112.47,1665.0,2064.0,0.0,0.0,0.0,0.0,0.0,0.0,regular
8478398,2025,Kyle Connor,WPG,L,all,55,69560.0,1221.0,56.78,0.53,0.44,0.52,0.46,0.52,0.46,90.0,181.09,19.17,12.43,39.78,6.2,96.71,70.72,18.25,19.23,18.31,26.0,13.0,179.0,66.0,71.0,316.0,63.0,24.0,21.0,4.0,29.0,0.0,87.0,84.0,155.0,221.0,6.0,12.0,0.0,13.0,11.0,47.0,170.0,58.0,17.0,5.98,6.92,6.27,10.0,9.0,5.0,317.83,245.0,246.11,12.0,2.76,4.78,3.2,18.72,18.78,18.12,1221.0,288.0,85.0,181.0,667.0,167.0,212.0,251.0,591.0,0.0,0.0,130169.0,12.0,20.0,10.0,9.0,641.16,73.41,69.23,73.51,69.35,578.0,301.0,296.0,1175.0,87.0,70.0,11.0,608.0,192.0,79.0,19.72,23.68,30.02,33.0,29.0,25.0,1179.59,879.0,882.61,11.62,16.53,16.53,68.51,68.66,66.01,599.58,66.22,61.09,66.29,61.15,568.0,247.0,250.0,1065.0,73.0,72.0,9.0,582.0,149.0,84.0,17.3,18.14,30.77,23.0,27.0,23.0,1064.03,815.0,813.38,9.03,14.42,14.42,60.83,60.82,58.37,86.68,109.93,1802.0,2155.0,0.0,0.0,0.0,0.0,0.0,0.0,regular
8479378,2025,Logan Stanley,WPG,D,all,54,53639.0,1077.0,10.42,0.43,0.49,0.45,0.49,0.44,0.5,252.0,77.41,2.93,4.41,21.72,2.56,47.15,34.24,2.87,2.94,2.88,4.0,5.0,57.0,56.0,62.0,175.0,18.0,9.0,7.0,2.0,21.0,0.0,37.0,39.0,48.0,104.0,31.0,77.0,0.0,89.0,10.0,43.0,107.0,6.0,0.0,2.21,0.72,0.0,7.0,2.0,0.0,177.98,113.0,114.36,37.0,0.89,1.69,0.31,3.5,3.54,3.49,1077.0,77.0,111.0,149.0,740.0,153.0,177.0,150.0,597.0,0.0,0.0,142203.0,77.0,47.0,16.0,67.0,386.05,34.98,33.54,35.38,33.93,326.0,210.0,229.0,765.0,37.0,36.0,7.0,414.0,81.0,41.0,12.24,10.39,12.35,16.0,10.0,11.0,773.88,536.0,541.7,5.52,7.83,7.83,32.67,32.99,32.57,498.88,46.48,44.78,46.4,44.71,455.0,228.0,250.0,933.0,41.0,68.0,5.0,504.0,118.0,61.0,14.59,14.21,17.68,20.0,12.0,9.0,929.03,683.0,681.09,7.34,12.78,12.78,41.04,41.04,40.36,123.01,126.28,2175.0,2221.0,0.0,0.0,0.0,0.0,0.0,0.0,regular
8474568,2025,Luke Schenn,WPG,D,all,41,33910.0,750.0,0.45,0.39,0.5,0.41,0.5,0.4,0.51,230.0,31.61,1.06,1.63,9.07,1.17,18.96,15.11,1.03,1.07,1.04,3.0,2.0,30.0,17.0,33.0,80.0,6.0,1.0,1.0,0.0,11.0,0.0,21.0,13.0,29.0,46.0,10.0,27.0,0.0,131.0,6.0,37.0,46.0,0.0,1.0,0.75,0.0,0.31,1.0,0.0,0.0,82.22,47.0,48.12,26.0,0.33,0.24,0.0,1.39,1.41,1.37,750.0,45.0,95.0,92.0,518.0,92.0,104.0,86.0,468.0,0.0,0.0,115106.0,27.0,19.0,5.0,50.0,214.92,18.97,18.11,19.12,18.27,187.0,109.0,137.0,433.0,18.0,19.0,5.0,228.0,47.0,21.0,6.44,5.82,6.71,7.0,7.0,4.0,438.87,296.0,299.14,2.92,4.04,4.04,17.84,18.04,17.84,327.34,30.07,28.86,29.92,28.73,267.0,182.0,174.0,623.0,36.0,34.0,3.0,332.0,83.0,34.0,9.47,9.7,10.9,17.0,12.0,7.0,616.44,449.0,445.07,5.2,6.47,6.47,28.8,28.72,28.1,98.64,98.85,1768.0,1786.0,0.0,0.0,0.0,0.0,0.0,0.0,regular
8476460,2025,Mark Scheifele,WPG,C,all,55,69413.0,1185.0,56.8,0.55,0.43,0.54,0.44,0.54,0.45,92.0,129.4,18.43,10.47,27.57,4.74,71.17,47.64,17.45,18.43,17.46,23.0,17.0,114.0,66.0,35.0,215.0,67.0,27.0,14.0,1.0,17.0,1.0,52.0,69.0,87.0,153.0,6.0,12.0,398.0,23.0,16.0,73.0,98.0,66.0,16.0,4.25,7.86,6.32,9.0,12.0,6.0,216.42,180.0,180.95,12.0,2.44,4.18,2.52,18.34,18.38,17.39,1185.0,284.0,108.0,175.0,618.0,164.0,196.0,246.0,579.0,398.0,463.0,130316.0,12.0,36.0,18.0,29.0,663.68,76.46,71.44,76.51,71.5,599.0,312.0,311.0,1222.0,91.0,76.0,12.0,628.0,201.0,82.0,20.14,24.65,31.69,35.0,31.0,25.0,1225.88,911.0,914.16,11.91,17.96,17.96,70.42,70.56,67.37,579.17,63.35,58.26,63.37,58.27,546.0,242.0,240.0,1028.0,66.0,70.0,8.0,567.0,140.0,81.0,17.07,17.11,29.17,22.0,24.0,20.0,1025.94,788.0,785.96,8.48,14.36,14.36,57.47,57.42,55.07,83.63,112.8,1755.0,2192.0,0.0,0.0,0.0,0.0,0.0,0.0,regular
8480289,2025,Morgan Barron,WPG,C,all,46,34882.0,838.0,16.32,0.38,0.5,0.41,0.5,0.42,0.5,400.0,79.51,7.24,5.24,17.91,2.53,39.31,32.78,7.05,7.29,7.11,5.0,5.0,72.0,33.0,20.0,125.0,17.0,7.0,7.0,1.0,13.0,0.0,44.0,34.0,65.0,98.0,12.0,24.0,188.0,104.0,15.0,25.0,77.0,20.0,8.0,2.6,2.67,1.96,1.0,4.0,2.0,126.29,105.0,105.91,9.0,1.11,1.76,1.09,7.26,7.36,7.31,838.0,49.0,226.0,148.0,415.0,134.0,104.0,112.0,488.0,188.0,206.0,132147.0,24.0,24.0,12.0,24.0,247.57,20.58,19.86,20.73,20.0,223.0,115.0,106.0,444.0,21.0,24.0,2.0,258.0,59.0,21.0,7.66,7.38,5.54,7.0,9.0,5.0,446.18,338.0,339.81,3.44,4.36,4.36,19.66,19.78,19.42,340.99,32.95,31.24,33.2,31.47,289.0,176.0,173.0,638.0,26.0,44.0,3.0,356.0,74.0,35.0,10.78,9.16,13.01,12.0,6.0,8.0,638.67,465.0,465.3,6.01,10.04,10.04,28.93,29.11,28.19,110.49,111.15,2046.0,2021.0,0.0,0.0,0.0,0.0,0.0,0.0,regular
8480145,2025,Neal Pionk,WPG,D,all,40,54696.0,1097.0,12.25,0.43,0.5,0.48,0.5,0.48,0.5,84.0,75.1,2.33,4.34,21.27,2.38,45.37,32.3,2.27,2.33,2.27,4.0,2.0,76.0,32.0,66.0,174.0,8.0,2.0,4.0,0.0,24.0,0.0,33.0,45.0,74.0,106.0,8.0,19.0,0.0,84.0,11.0,47.0,108.0,0.0,0.0,2.33,0.0,0.0,2.0,0.0,0.0,173.91,108.0,107.89,36.0,0.97,1.07,0.1,3.2,3.19,3.12,1097.0,108.0,179.0,170.0,640.0,114.0,127.0,158.0,698.0,0.0,0.0,90420.0,19.0,11.0,4.0,64.0,462.06,45.6,42.59,45.59,42.59,407.0,231.0,233.0,871.0,37.0,56.0,3.0,479.0,102.0,57.0,13.92,13.0,18.68,12.0,12.0,13.0,874.85,638.0,639.4,7.39,10.95,10.95,42.04,42.14,40.22,512.9,60.41,56.25,60.42,56.27,453.0,245.0,254.0,952.0,48.0,73.0,5.0,501.0,121.0,76.0,15.26,15.07,30.08,13.0,11.0,24.0,948.41,698.0,695.77,8.67,15.11,15.11,53.97,54.01,51.62,72.37,72.73,1344.0,1361.0,0.0,0.0,0.0,0.0,0.0,0.0,regular
8482787,2025,Nikita Chibrikov,WPG,R,all,8,4414.0,105.0,-0.62,0.29,0.52,0.44,0.46,0.41,0.48,90.0,6.53,0.47,0.41,1.4,0.22,3.59,2.9,0.47,0.47,0.47,0.0,0.0,5.0,4.0,7.0,16.0,0.0,0.0,0.0,0.0,2.0,0.0,2.0,5.0,5.0,9.0,5.0,12.0,0.0,10.0,2.0,6.0,7.0,2.0,0.0,0.29,0.18,0.0,0.0,0.0,0.0,15.62,9.0,9.15,2.0,0.09,0.0,0.0,0.56,0.56,0.55,105.0,18.0,7.0,20.0,60.0,8.0,15.0,20.0,62.0,0.0,0.0,24386.0,12.0,4.0,2.0,5.0,23.91,1.11,1.11,1.11,1.1,15.0,19.0,24.0,58.0,3.0,0.0,0.0,30.0,4.0,0.0,0.71,0.4,0.0,2.0,1.0,0.0,57.15,34.0,34.43,0.3,0.0,0.0,1.41,1.4,1.39,34.34,2.68,2.65,2.71,2.68,29.0,19.0,26.0,74.0,3.0,4.0,0.0,37.0,9.0,2.0,1.16,0.97,0.55,2.0,0.0,1.0,72.89,48.0,47.59,0.5,0.55,0.55,2.63,2.64,2.63,27.18,25.11,390.0,463.0,0.0,0.0,0.0,0.0,0.0,0.0,regular
8475799,2025,Nino Niederreiter,WPG,R,all,54,45047.0,966.0,18.7,0.58,0.45,0.55,0.46,0.55,0.46,412.0,79.84,12.47,6.13,18.78,2.61,34.86,26.15,11.1,12.52,11.17,6.0,5.0,72.0,29.0,26.0,127.0,19.0,8.0,10.0,3.0,11.0,0.0,36.0,36.0,64.0,93.0,7.0,14.0,3.0,66.0,7.0,36.0,54.0,26.0,21.0,1.46,3.49,7.52,1.0,2.0,5.0,128.42,101.0,101.48,11.0,1.4,1.92,5.39,8.48,8.59,8.28,966.0,118.0,117.0,172.0,559.0,164.0,111.0,116.0,575.0,3.0,3.0,151082.0,14.0,14.0,7.0,20.0,378.92,37.53,34.85,37.5,34.84,348.0,174.0,194.0,716.0,26.0,47.0,6.0,402.0,68.0,52.0,10.95,8.93,17.65,8.0,6.0,12.0,718.38,522.0,522.51,6.27,10.8,10.97,32.83,32.91,31.97,310.16,27.23,26.01,27.05,25.85,261.0,163.0,167.0,591.0,24.0,42.0,2.0,318.0,69.0,37.0,9.23,8.44,9.56,12.0,10.0,2.0,587.13,424.0,422.16,4.41,8.56,8.56,23.08,23.05,22.62,119.09,146.49,2195.0,2573.0,0.0,0.0,0.0,0.0,0.0,0.0,regular
8484135,2025,Parker Ford,WPG,C,all,11,6480.0,152.0,-0.55,0.24,0.51,0.36,0.49,0.38,0.5,121.0,10.73,0.97,0.81,2.56,0.38,5.68,4.6,0.96,1.02,1.01,1.0,0.0,7.0,8.0,5.0,20.0,1.0,0.0,0.0,0.0,5.0,0.0,5.0,5.0,7.0,15.0,2.0,4.0,29.0,20.0,2.0,1.0,12.0,1.0,2.0,0.39,0.1,0.49,0.0,0.0,0.0,21.38,15.0,15.68,0.0,0.17,0.0,0.26,0.88,0.93,0.92,152.0,8.0,22.0,21.0,101.0,19.0,28.0,20.0,85.0,29.0,36.0,33466.0,4.0,2.0,1.0,11.0,38.35,2.51,2.49,2.63,2.61,32.0,20.0,20.0,72.0,3.0,2.0,0.0,44.0,5.0,3.0,1.18,0.63,0.7,1.0,2.0,0.0,75.97,52.0,54.51,0.5,0.35,0.35,2.65,2.78,2.77,64.7,7.78,7.04,7.58,6.85,50.0,36.0,44.0,130.0,5.0,11.0,0.0,53.0,19.0,14.0,1.57,2.47,3.73,2.0,2.0,1.0,124.28,86.0,83.24,1.13,2.2,2.2,6.72,6.56,6.11,31.84,30.2,517.0,542.0,0.0,0.0,0.0,0.0,0.0,0.0,regular
8476871,2025,Tanner Pearson,WPG,L,all,47,30560.0,764.0,5.87,0.43,0.48,0.42,0.49,0.44,0.49,486.0,46.09,5.11,2.84,11.1,1.48,22.88,17.58,4.95,5.16,4.99,2.0,1.0,41.0,20.0,18.0,79.0,10.0,7.0,3.0,0.0,4.0,0.0,19.0,28.0,34.0,54.0,10.0,23.0,4.0,63.0,5.0,24.0,44.0,9.0,8.0,1.11,1.27,2.73,1.0,4.0,2.0,80.41,61.0,62.19,15.0,0.6,0.34,0.87,4.85,4.88,4.78,764.0,47.0,115.0,134.0,468.0,113.0,113.0,105.0,433.0,4.0,14.0,140113.0,23.0,11.0,4.0,24.0,225.73,19.67,18.92,19.92,19.17,199.0,106.0,100.0,405.0,18.0,19.0,0.0,228.0,56.0,21.0,6.04,7.23,6.38,6.0,9.0,3.0,409.62,305.0,308.77,3.19,3.09,3.09,19.76,19.99,19.47,282.1,26.12,24.93,25.97,24.79,256.0,129.0,169.0,554.0,23.0,32.0,4.0,284.0,67.0,34.0,8.26,7.94,9.92,9.0,6.0,8.0,548.69,385.0,381.97,4.37,6.59,6.59,23.9,23.78,23.12,118.52,127.21,2121.0,2230.0,0.0,0.0,0.0,0.0,0.0,0.0,regular
8476480,2025,Vladislav Namestnikov,WPG,C,all,54,45544.0,1013.0,13.64,0.52,0.47,0.51,0.47,0.51,0.47,393.0,70.71,8.25,5.74,15.91,2.71,39.07,28.32,7.75,8.34,7.85,4.0,2.0,66.0,34.0,31.0,131.0,13.0,7.0,9.0,1.0,11.0,0.0,33.0,40.0,59.0,93.0,7.0,18.0,81.0,70.0,7.0,43.0,71.0,17.0,12.0,2.52,1.98,3.75,3.0,1.0,3.0,131.98,100.0,100.72,13.0,1.31,1.14,1.88,7.67,7.74,7.58,1013.0,146.0,97.0,183.0,587.0,160.0,121.0,117.0,615.0,81.0,122.0,150585.0,18.0,16.0,8.0,33.0,365.77,33.98,31.64,34.18,31.84,335.0,177.0,193.0,705.0,22.0,47.0,4.0,400.0,65.0,47.0,10.93,8.23,14.81,8.0,8.0,6.0,710.62,512.0,515.32,6.04,9.55,9.55,30.48,30.67,29.77,352.06,31.81,30.38,31.71,30.29,312.0,171.0,191.0,674.0,32.0,43.0,5.0,366.0,78.0,39.0,10.56,9.46,11.79,10.0,12.0,10.0,673.16,483.0,481.26,5.26,8.43,8.43,28.65,28.64,28.01,124.34,140.85,2232.0,2494.0,0.0,0.0,0.0,0.0,0.0,0.0,regular
8471214,2025,Alex Ovechkin,WSH,L,all,57,61505.0,1143.0,48.71,0.62,0.45,0.61,0.45,0.6,0.46,238.0,190.99,23.32,12.52,45.85,6.96,104.67,67.68,22.19,23.35,22.22,19.0,6.0,158.0,103.0,108.0,369.0,47.0,22.0,17.0,2.0,21.0,0.0,107.0,94.0,136.0,239.0,8.0,16.0,2.0,95.0,6.0,50.0,178.0,58.0,25.0,6.21,6.79,10.31,9.0,3.0,10.0,370.28,261.0,261.65,10.0,2.91,3.02,4.1,22.14,22.1,21.41,1143.0,326.0,0.0,153.0,664.0,82.0,222.0,182.0,657.0,2.0,1.0,146506.0,16.0,10.0,5.0,10.0,692.59,79.49,73.09,79.46,73.06,594.0,345.0,321.0,1260.0,73.0,83.0,12.0,651.0,197.0,91.0,20.53,24.18,34.79,23.0,20.0,30.0,1256.99,939.0,936.06,12.39,17.94,18.5,73.38,73.27,69.38,459.56,48.78,47.3,49.25,47.76,432.0,196.0,188.0,816.0,43.0,44.0,6.0,453.0,122.0,53.0,14.52,14.14,20.11,18.0,8.0,17.0,819.5,628.0,630.86,6.04,9.07,9.42,45.39,45.84,45.29,110.37,132.8,2194.0,2630.0,0.0,0.0,0.0,0.0,0.0,0.0,regular
8481656,2025,Aliaksei Protas,WSH,C,all,54,59579.0,1246.0,45.88,0.49,0.53,0.52,0.5,0.53,0.5,182.0,143.9,15.71,9.41,32.14,4.71,69.79,59.23,14.94,15.93,15.15,12.0,7.0,120.0,71.0,42.0,233.0,37.0,18.0,10.0,5.0,18.0,0.0,65.0,80.0,102.0,173.0,9.0,18.0,15.0,26.0,16.0,64.0,129.0,44.0,18.0,4.31,5.35,6.05,5.0,5.0,8.0,234.78,191.0,192.62,24.0,2.05,1.74,3.56,14.2,14.38,14.02,1246.0,162.0,179.0,188.0,717.0,182.0,163.0,190.0,711.0,15.0,22.0,137332.0,18.0,24.0,12.0,32.0,564.16,53.79,51.68,54.07,51.95,493.0,280.0,265.0,1038.0,59.0,64.0,9.0,570.0,155.0,48.0,18.3,18.76,16.73,22.0,22.0,15.0,1041.16,773.0,776.79,8.07,10.72,10.52,51.34,51.53,50.38,503.3,56.78,53.11,57.05,53.33,423.0,256.0,274.0,953.0,59.0,55.0,10.0,451.0,162.0,66.0,14.86,19.88,22.04,17.0,21.0,21.0,956.34,679.0,680.92,7.87,11.08,11.46,53.19,53.31,51.93,127.66,113.44,2262.0,2283.0,0.0,0.0,0.0,0.0,0.0,0.0,regular
8478463,2025,Anthony Beauvillier,WSH,L,all,57,53741.0,1145.0,23.48,0.52,0.51,0.5,0.5,0.51,0.51,359.0,132.71,13.95,9.63,30.22,4.49,68.15,50.55,13.38,14.0,13.43,3.0,4.0,120.0,57.0,35.0,212.0,18.0,11.0,12.0,0.0,19.0,0.0,66.0,69.0,109.0,166.0,10.0,20.0,16.0,74.0,10.0,29.0,115.0,50.0,12.0,4.06,6.45,3.44,5.0,6.0,0.0,213.92,177.0,178.27,6.0,2.08,1.99,4.39,11.64,11.68,11.36,1145.0,148.0,114.0,170.0,713.0,160.0,178.0,157.0,650.0,16.0,18.0,154270.0,20.0,10.0,5.0,31.0,497.45,47.24,45.13,47.28,45.18,441.0,240.0,230.0,911.0,44.0,61.0,6.0,497.0,139.0,45.0,14.93,17.19,15.11,19.0,15.0,10.0,912.86,681.0,682.39,6.94,12.34,12.34,41.84,41.93,40.8,483.49,43.68,42.33,44.3,42.93,432.0,228.0,248.0,908.0,43.0,52.0,6.0,487.0,126.0,47.0,15.14,14.95,13.58,16.0,15.0,12.0,912.68,660.0,662.45,6.99,9.36,9.73,40.94,41.35,40.74,142.62,137.9,2543.0,2538.0,0.0,0.0,0.0,0.0,0.0,0.0,regular
8482167,2025,Bogdan Trineyev,WSH,R,all,2,1263.0,31.0,0.63,0.54,0.49,0.62,0.49,0.63,0.49,23.0,2.39,0.14,0.1,0.4,0.07,1.18,1.12,0.14,0.13,0.13,0.0,0.0,1.0,2.0,0.0,3.0,0.0,0.0,0.0,0.0,0.0,0.0,1.0,2.0,1.0,3.0,0.0,0.0,0.0,1.0,1.0,1.0,2.0,1.0,0.0,0.03,0.11,0.0,0.0,0.0,0.0,2.89,3.0,2.96,0.0,0.02,0.0,0.0,0.16,0.15,0.15,31.0,2.0,3.0,7.0,19.0,6.0,8.0,5.0,12.0,0.0,0.0,5937.0,0.0,0.0,0.0,2.0,13.66,0.61,0.6,0.6,0.59,13.0,6.0,5.0,24.0,0.0,0.0,0.0,17.0,2.0,0.0,0.42,0.19,0.0,0.0,0.0,0.0,23.18,19.0,18.72,0.15,0.0,0.0,0.76,0.75,0.73,7.57,0.52,0.51,0.53,0.52,8.0,3.0,4.0,15.0,0.0,1.0,0.0,8.0,3.0,0.0,0.22,0.3,0.0,0.0,0.0,0.0,15.5,11.0,11.1,0.09,0.01,0.01,0.6,0.61,0.6,4.53,4.64,91.0,96.0,0.0,0.0,0.0,0.0,0.0,0.0,regular
8479520,2025,Brandon Duhaime,WSH,R,all,57,37631.0,944.0,3.09,0.42,0.53,0.41,0.52,0.41,0.52,549.0,47.63,5.26,3.56,11.63,1.75,23.94,17.86,4.96,5.27,4.97,0.0,2.0,40.0,24.0,29.0,93.0,6.0,4.0,7.0,0.0,8.0,0.0,22.0,23.0,36.0,60.0,20.0,58.0,11.0,111.0,6.0,17.0,41.0,15.0,8.0,1.27,1.83,2.16,3.0,1.0,0.0,93.0,64.0,64.3,8.0,0.79,1.48,2.17,3.87,3.88,3.79,944.0,35.0,215.0,152.0,542.0,125.0,107.0,116.0,596.0,11.0,22.0,170380.0,58.0,44.0,13.0,38.0,247.31,22.38,21.4,22.37,21.41,221.0,116.0,150.0,487.0,13.0,30.0,3.0,244.0,68.0,25.0,7.07,8.43,6.88,6.0,4.0,3.0,489.04,337.0,339.19,3.41,6.21,6.21,19.57,19.62,19.31,351.6,31.23,30.15,31.26,30.19,298.0,180.0,220.0,698.0,31.0,39.0,4.0,369.0,80.0,29.0,11.36,10.09,9.79,11.0,10.0,10.0,696.12,478.0,477.85,5.46,7.12,7.12,29.57,29.71,29.06,167.48,150.35,2967.0,2748.0,0.0,0.0,0.0,0.0,0.0,0.0,regular
8481517,2025,Brett Leason,WSH,R,all,6,3089.0,72.0,0.61,0.54,0.48,0.64,0.48,0.61,0.5,62.0,2.11,0.27,0.17,0.42,0.07,1.25,0.83,0.27,0.26,0.26,0.0,0.0,1.0,2.0,1.0,4.0,0.0,0.0,0.0,0.0,0.0,0.0,1.0,2.0,1.0,3.0,0.0,0.0,2.0,10.0,0.0,1.0,2.0,0.0,1.0,0.05,0.0,0.21,0.0,0.0,0.0,3.98,3.0,2.95,1.0,0.04,0.0,0.0,0.3,0.3,0.3,72.0,5.0,11.0,8.0,48.0,12.0,7.0,9.0,44.0,2.0,3.0,18772.0,0.0,0.0,0.0,0.0,25.93,1.85,1.81,1.8,1.76,17.0,19.0,11.0,47.0,0.0,3.0,0.0,30.0,3.0,3.0,0.77,0.36,0.73,0.0,0.0,0.0,46.13,36.0,35.2,0.34,0.69,0.69,1.5,1.47,1.46,16.61,1.59,1.52,1.63,1.56,17.0,6.0,4.0,27.0,2.0,2.0,1.0,17.0,3.0,3.0,0.38,0.47,0.74,0.0,0.0,2.0,27.93,23.0,23.56,0.23,0.52,0.52,1.3,1.34,1.33,16.7,17.82,286.0,305.0,0.0,0.0,0.0,0.0,0.0,0.0,regular
8481580,2025,Connor McMichael,WSH,C,all,55,56238.0,1271.0,27.59,0.47,0.52,0.47,0.51,0.46,0.52,271.0,112.28,13.67,8.54,25.29,4.03,53.82,42.65,12.99,13.67,12.96,17.0,6.0,105.0,43.0,33.0,181.0,31.0,8.0,14.0,3.0,16.0,1.0,47.0,62.0,97.0,140.0,8.0,16.0,210.0,30.0,20.0,40.0,92.0,41.0,15.0,3.53,5.24,4.91,0.0,5.0,3.0,180.0,148.0,147.05,10.0,1.9,2.24,3.82,11.76,11.69,11.5,1271.0,150.0,183.0,215.0,723.0,143.0,184.0,173.0,771.0,210.0,278.0,144471.0,16.0,14.0,7.0,30.0,452.71,46.12,44.04,46.37,44.22,415.0,204.0,253.0,872.0,48.0,52.0,9.0,444.0,124.0,51.0,13.75,14.99,17.38,15.0,18.0,15.0,869.88,619.0,618.19,6.9,9.61,10.0,43.02,43.13,42.17,539.55,51.74,49.72,51.72,49.69,489.0,239.0,261.0,989.0,52.0,55.0,6.0,524.0,148.0,56.0,16.08,17.61,18.04,16.0,22.0,14.0,987.14,728.0,725.77,8.53,9.0,9.58,50.68,50.65,49.46,136.32,124.14,2454.0,2329.0,0.0,0.0,0.0,0.0,0.0,0.0,regular
8480990,2025,Declan Chisholm,WSH,D,all,21,17528.0,353.0,4.52,0.4,0.51,0.48,0.51,0.46,0.52,121.0,18.03,0.57,1.05,4.85,0.59,11.39,8.54,0.57,0.6,0.6,2.0,1.0,19.0,8.0,19.0,46.0,4.0,1.0,1.0,0.0,6.0,0.0,12.0,7.0,18.0,26.0,2.0,4.0,0.0,8.0,5.0,22.0,27.0,0.0,0.0,0.57,0.0,0.0,1.0,0.0,0.0,47.18,27.0,27.93,14.0,0.2,0.18,0.0,0.78,0.81,0.81,353.0,15.0,30.0,49.0,259.0,47.0,60.0,32.0,214.0,0.0,0.0,59374.0,4.0,9.0,3.0,19.0,134.26,10.4,10.14,10.63,10.36,120.0,65.0,90.0,275.0,10.0,15.0,1.0,142.0,36.0,7.0,4.03,4.57,1.8,5.0,5.0,0.0,280.15,185.0,189.5,1.77,2.26,2.29,9.89,10.02,9.87,158.99,15.76,15.02,15.5,14.77,123.0,90.0,82.0,295.0,12.0,22.0,2.0,156.0,35.0,22.0,4.81,4.58,6.37,3.0,7.0,2.0,290.11,213.0,209.9,2.22,4.71,4.71,13.27,13.11,12.85,52.69,50.7,988.0,955.0,0.0,0.0,0.0,0.0,0.0,0.0,regular
8475795,2025,Dylan McIlrath,WSH,D,all,11,6065.0,137.0,-0.6,0.5,0.5,0.43,0.51,0.42,0.51,67.0,4.56,0.23,0.28,1.2,0.15,3.11,2.03,0.23,0.22,0.22,0.0,0.0,4.0,3.0,5.0,12.0,0.0,0.0,1.0,0.0,1.0,0.0,3.0,2.0,4.0,7.0,2.0,10.0,0.0,23.0,0.0,6.0,6.0,1.0,0.0,0.11,0.12,0.0,0.0,0.0,0.0,11.27,7.0,6.72,4.0,0.06,0.13,0.0,0.28,0.27,0.27,137.0,5.0,22.0,28.0,82.0,19.0,20.0,10.0,88.0,0.0,0.0,33898.0,10.0,10.0,2.0,6.0,33.16,3.14,3.05,3.1,3.02,29.0,17.0,23.0,69.0,1.0,3.0,0.0,35.0,9.0,2.0,1.23,1.3,0.6,1.0,0.0,0.0,68.33,46.0,45.76,0.46,0.6,0.6,3.0,2.98,2.94,45.23,3.12,3.08,3.24,3.2,45.0,18.0,30.0,93.0,2.0,2.0,0.0,54.0,8.0,1.0,1.71,1.16,0.25,0.0,1.0,1.0,94.85,63.0,63.78,0.59,0.18,0.18,3.54,3.67,3.64,34.78,34.12,601.0,580.0,0.0,0.0,0.0,0.0,0.0,0.0,regular
8478440,2025,Dylan Strome,WSH,C,all,55,61679.0,1159.0,42.9,0.63,0.45,0.58,0.46,0.59,0.47,169.0,111.11,14.74,8.94,23.72,3.96,58.27,39.36,13.48,14.85,13.59,15.0,14.0,108.0,41.0,38.0,187.0,45.0,16.0,20.0,6.0,23.0,0.0,45.0,45.0,92.0,133.0,12.0,24.0,578.0,10.0,11.0,48.0,88.0,41.0,20.0,3.13,4.96,6.65,3.0,5.0,8.0,188.09,149.0,149.63,11.0,2.14,4.95,4.49,12.4,12.49,11.94,1159.0,308.0,69.0,189.0,593.0,112.0,205.0,208.0,634.0,578.0,398.0,139132.0,24.0,14.0,7.0,35.0,682.9,80.45,74.09,80.63,74.28,608.0,323.0,300.0,1231.0,82.0,88.0,16.0,658.0,179.0,94.0,21.73,22.29,36.43,33.0,20.0,29.0,1232.03,931.0,931.2,11.83,20.0,20.55,71.73,71.82,68.14,483.52,48.28,46.86,48.81,47.36,437.0,223.0,239.0,899.0,46.0,41.0,4.0,485.0,120.0,55.0,15.43,14.14,18.7,20.0,8.0,18.0,901.93,660.0,662.83,6.39,8.39,8.39,46.27,46.69,46.05,103.12,127.63,2110.0,2446.0,0.0,0.0,0.0,0.0,0.0,0.0,regular
8483573,2025,Ethen Frank,WSH,C,all,46,35061.0,791.0,21.29,0.58,0.49,0.52,0.48,0.54,0.49,400.0,74.25,9.21,5.64,16.02,2.56,39.09,27.49,8.53,9.31,8.62,7.0,5.0,71.0,29.0,31.0,131.0,23.0,11.0,10.0,1.0,12.0,0.0,34.0,33.0,60.0,89.0,7.0,14.0,1.0,39.0,8.0,18.0,65.0,23.0,12.0,2.82,2.72,3.67,4.0,4.0,3.0,130.81,100.0,99.98,5.0,1.29,2.14,2.33,8.17,8.2,7.87,791.0,77.0,118.0,126.0,470.0,111.0,98.0,95.0,487.0,1.0,5.0,132971.0,14.0,14.0,7.0,30.0,322.5,31.98,29.65,32.24,29.88,300.0,140.0,153.0,593.0,36.0,37.0,7.0,319.0,83.0,38.0,10.42,10.37,11.18,16.0,12.0,8.0,595.92,440.0,443.06,5.31,8.32,8.32,28.97,29.15,27.98,273.65,23.0,22.34,22.96,22.31,245.0,127.0,168.0,540.0,21.0,35.0,3.0,295.0,50.0,27.0,9.16,5.81,8.02,10.0,5.0,6.0,539.97,372.0,371.43,3.47,6.25,6.25,20.21,20.35,20.09,120.81,125.69,2134.0,2312.0,0.0,0.0,0.0,0.0,0.0,0.0,regular
8482148,2025,Hendrix Lapierre,WSH,C,all,54,27611.0,611.0,14.33,0.57,0.51,0.56,0.49,0.56,0.5,602.0,50.12,7.08,3.83,11.88,1.84,23.66,17.72,6.5,7.13,6.53,2.0,5.0,42.0,24.0,13.0,79.0,9.0,2.0,10.0,1.0,2.0,0.0,27.0,25.0,40.0,64.0,5.0,12.0,82.0,34.0,5.0,23.0,37.0,15.0,14.0,1.63,1.67,3.78,0.0,1.0,1.0,79.52,66.0,66.17,3.0,0.83,2.25,2.74,5.16,5.21,5.09,611.0,54.0,49.0,81.0,427.0,107.0,83.0,74.0,347.0,82.0,129.0,169600.0,12.0,8.0,4.0,16.0,252.1,23.3,22.06,23.45,22.2,216.0,128.0,149.0,493.0,16.0,35.0,3.0,245.0,72.0,27.0,7.86,8.27,7.17,9.0,5.0,2.0,495.41,344.0,345.83,3.47,7.32,7.19,19.59,19.69,19.37,199.19,17.72,17.02,17.69,17.0,176.0,93.0,117.0,386.0,16.0,24.0,2.0,206.0,39.0,24.0,6.09,4.95,6.68,6.0,6.0,4.0,385.73,269.0,269.2,2.55,5.83,5.59,14.69,14.68,14.49,158.13,154.93,2781.0,2872.0,0.0,0.0,0.0,0.0,0.0,0.0,regular
8483491,2025,Ivan Miroshnichenko,WSH,L,all,4,2509.0,57.0,0.57,0.64,0.4,0.49,0.46,0.48,0.47,39.0,8.49,0.54,0.56,2.12,0.29,4.98,3.51,0.52,0.55,0.53,0.0,0.0,5.0,7.0,3.0,15.0,0.0,0.0,3.0,0.0,1.0,0.0,5.0,3.0,5.0,12.0,1.0,2.0,0.0,7.0,0.0,1.0,9.0,3.0,0.0,0.2,0.34,0.0,0.0,0.0,0.0,14.53,12.0,11.77,0.0,0.12,0.59,0.0,0.66,0.66,0.64,57.0,6.0,9.0,7.0,35.0,6.0,13.0,7.0,31.0,0.0,0.0,12167.0,2.0,2.0,1.0,3.0,24.35,2.17,2.07,2.18,2.08,16.0,18.0,17.0,51.0,1.0,4.0,0.0,25.0,5.0,4.0,0.56,0.55,1.06,1.0,0.0,0.0,49.37,34.0,33.05,0.36,0.84,0.84,1.68,1.67,1.63,26.08,1.25,1.24,1.3,1.29,21.0,16.0,16.0,53.0,0.0,0.0,0.0,34.0,3.0,0.0,0.98,0.27,0.0,0.0,0.0,0.0,55.66,37.0,38.98,0.3,0.0,0.0,1.55,1.61,1.6,9.83,14.62,197.0,235.0,0.0,0.0,0.0,0.0,0.0,0.0,regular
8479345,2025,Jakob Chychrun,WSH,D,all,55,77706.0,1244.0,56.55,0.59,0.44,0.59,0.44,0.59,0.45,98.0,196.59,14.49,12.1,52.21,6.46,111.85,76.89,13.57,14.42,13.49,10.0,14.0,174.0,100.0,123.0,397.0,43.0,19.0,18.0,3.0,46.0,0.0,91.0,100.0,155.0,255.0,22.0,49.0,0.0,46.0,26.0,76.0,235.0,28.0,11.0,6.32,3.59,4.59,11.0,4.0,4.0,394.1,274.0,271.97,49.0,2.8,2.64,3.81,13.48,13.41,12.87,1244.0,215.0,94.0,180.0,755.0,91.0,219.0,205.0,729.0,0.0,0.0,122844.0,49.0,29.0,13.0,77.0,845.12,89.07,83.24,89.66,83.74,730.0,420.0,391.0,1541.0,87.0,100.0,18.0,834.0,215.0,101.0,26.71,26.18,36.18,37.0,20.0,30.0,1545.39,1150.0,1154.56,13.95,20.94,21.69,81.34,81.65,78.49,590.64,61.11,59.37,61.49,59.73,524.0,278.0,272.0,1074.0,47.0,59.0,6.0,569.0,157.0,76.0,17.84,18.44,24.84,14.0,10.0,23.0,1079.57,802.0,805.57,7.84,10.95,11.3,57.66,58.03,57.16,91.55,116.4,1775.0,2278.0,0.0,0.0,0.0,0.0,0.0,0.0,regular
8474590,2025,John Carlson,WSH,D,all,53,73516.0,1279.0,48.89,0.52,0.5,0.52,0.49,0.52,0.5,96.0,120.37,8.84,7.4,30.35,4.08,67.83,51.51,8.26,8.82,8.24,19.0,16.0,110.0,60.0,83.0,253.0,45.0,10.0,16.0,0.0,21.0,0.0,55.0,68.0,100.0,160.0,14.0,26.0,0.0,20.0,35.0,80.0,141.0,22.0,7.0,3.8,2.56,2.48,7.0,2.0,1.0,252.91,170.0,169.14,52.0,1.64,3.94,1.27,9.22,9.19,8.78,1279.0,160.0,177.0,159.0,783.0,98.0,153.0,194.0,834.0,0.0,1.0,119495.0,26.0,12.0,6.0,78.0,729.09,81.7,75.88,81.55,75.74,635.0,357.0,335.0,1327.0,83.0,83.0,13.0,694.0,208.0,90.0,22.08,24.88,34.75,32.0,26.0,25.0,1327.14,992.0,991.22,11.64,18.13,18.27,75.07,75.08,71.99,673.64,74.47,71.17,74.98,71.64,591.0,325.0,316.0,1232.0,73.0,81.0,6.0,621.0,214.0,81.0,19.48,24.96,30.02,20.0,27.0,26.0,1236.45,916.0,918.85,10.72,15.36,15.36,69.84,70.2,68.55,95.2,94.61,1885.0,1952.0,0.0,0.0,0.0,0.0,0.0,0.0,regular
8482088,2025,Justin Sourdif,WSH,R,all,53,46566.0,1010.0,30.48,0.56,0.5,0.53,0.49,0.54,0.5,382.0,97.68,11.79,7.0,22.53,3.24,48.57,36.87,11.19,11.83,11.22,8.0,5.0,79.0,51.0,36.0,166.0,25.0,12.0,10.0,4.0,15.0,0.0,44.0,49.0,67.0,118.0,9.0,21.0,221.0,67.0,13.0,34.0,82.0,36.0,12.0,2.77,4.39,4.63,2.0,4.0,6.0,167.18,130.0,131.07,14.0,1.55,3.15,3.02,10.32,10.28,9.82,1010.0,105.0,155.0,156.0,594.0,154.0,145.0,137.0,574.0,221.0,255.0,146784.0,21.0,49.0,19.0,24.0,430.41,43.23,40.93,43.47,41.12,394.0,189.0,217.0,800.0,43.0,49.0,10.0,416.0,125.0,42.0,12.8,15.45,14.98,10.0,16.0,17.0,802.62,583.0,586.56,6.17,10.24,10.02,39.38,39.47,38.38,374.14,34.1,32.68,34.23,32.79,327.0,175.0,204.0,706.0,26.0,44.0,4.0,364.0,104.0,34.0,11.17,12.6,10.34,9.0,12.0,5.0,708.27,502.0,503.66,5.19,7.58,7.58,31.71,31.81,31.16,133.61,135.62,2426.0,2509.0,0.0,0.0,0.0,0.0,0.0,0.0,regular
8480796,2025,Martin Fehrvry,WSH,D,all,56,63830.0,1213.0,20.93,0.42,0.55,0.42,0.54,0.43,0.54,230.0,60.78,3.99,3.31,15.88,1.92,32.47,26.42,3.76,3.96,3.73,6.0,10.0,59.0,25.0,49.0,133.0,20.0,4.0,9.0,0.0,12.0,0.0,17.0,42.0,55.0,80.0,10.0,23.0,0.0,64.0,10.0,36.0,75.0,4.0,5.0,1.89,0.5,1.6,3.0,1.0,0.0,134.76,84.0,85.2,22.0,0.68,1.56,1.63,3.04,3.06,3.03,1213.0,54.0,245.0,187.0,727.0,150.0,135.0,154.0,774.0,0.0,0.0,140479.0,23.0,13.0,5.0,117.0,491.0,46.93,45.51,46.99,45.59,448.0,226.0,226.0,900.0,48.0,56.0,6.0,492.0,138.0,44.0,15.05,16.31,15.58,14.0,22.0,12.0,905.95,674.0,676.87,6.49,10.42,10.01,43.41,43.61,42.9,656.77,65.28,61.96,65.62,62.23,564.0,324.0,368.0,1256.0,59.0,77.0,10.0,628.0,197.0,63.0,19.85,23.83,21.61,16.0,24.0,19.0,1256.03,888.0,887.73,10.77,14.54,14.54,61.52,61.73,59.83,138.16,113.48,2473.0,2135.0,0.0,0.0,0.0,0.0,0.0,0.0,regular
8478911,2025,Matt Roy,WSH,D,all,54,67208.0,1195.0,24.43,0.44,0.54,0.46,0.52,0.47,0.53,158.0,73.74,2.86,4.02,21.4,2.57,41.82,33.33,2.81,2.86,2.82,10.0,4.0,69.0,37.0,54.0,160.0,15.0,1.0,12.0,0.0,14.0,0.0,51.0,28.0,68.0,105.0,5.0,10.0,0.0,79.0,8.0,48.0,100.0,5.0,1.0,2.06,0.52,0.27,1.0,0.0,0.0,159.11,106.0,105.77,37.0,0.83,2.58,0.26,3.42,3.42,3.37,1195.0,71.0,179.0,159.0,786.0,139.0,165.0,143.0,748.0,0.0,0.0,129601.0,10.0,18.0,9.0,106.0,546.73,48.99,47.11,49.47,47.5,502.0,250.0,278.0,1030.0,49.0,62.0,8.0,573.0,128.0,51.0,17.89,15.6,15.5,22.0,16.0,11.0,1031.64,752.0,755.19,7.4,11.66,11.53,44.87,45.09,44.31,638.23,61.46,57.8,61.71,58.06,572.0,291.0,337.0,1200.0,54.0,62.0,10.0,625.0,169.0,69.0,19.74,20.37,21.35,16.0,17.0,21.0,1201.51,863.0,865.18,10.14,12.54,13.3,58.31,58.61,56.94,132.38,111.1,2247.0,2064.0,0.0,0.0,0.0,0.0,0.0,0.0,regular
8475343,2025,Nic Dowd,WSH,C,all,49,45785.0,1038.0,10.46,0.34,0.55,0.39,0.54,0.39,0.54,297.0,48.36,4.97,3.41,10.83,1.63,25.16,20.0,4.88,4.99,4.9,3.0,9.0,44.0,22.0,18.0,84.0,16.0,4.0,3.0,0.0,13.0,0.0,20.0,26.0,40.0,62.0,18.0,39.0,338.0,90.0,15.0,33.0,39.0,24.0,3.0,1.42,2.82,0.73,3.0,1.0,0.0,84.3,66.0,66.26,8.0,0.74,0.57,0.67,5.04,5.08,5.03,1038.0,44.0,276.0,177.0,541.0,154.0,125.0,141.0,618.0,338.0,347.0,133426.0,39.0,27.0,12.0,39.0,303.33,24.82,24.23,24.91,24.31,268.0,151.0,168.0,587.0,20.0,27.0,2.0,316.0,82.0,21.0,8.36,9.92,6.54,7.0,8.0,5.0,592.03,419.0,422.78,3.95,4.89,5.02,23.76,23.9,23.58,491.16,47.27,45.28,47.35,45.37,426.0,235.0,273.0,934.0,43.0,56.0,5.0,473.0,144.0,44.0,15.21,17.47,14.59,12.0,17.0,14.0,935.01,661.0,660.99,8.17,9.76,9.76,45.68,45.78,44.37,134.61,109.92,2406.0,2051.0,0.0,0.0,0.0,0.0,0.0,0.0,regular
8479400,2025,Pierre-Luc Dubois,WSH,L,all,6,5592.0,113.0,1.85,0.46,0.49,0.55,0.5,0.53,0.46,32.0,10.82,0.74,0.76,3.43,0.42,5.79,3.86,0.73,0.74,0.72,0.0,0.0,9.0,6.0,4.0,19.0,0.0,0.0,0.0,0.0,2.0,0.0,6.0,7.0,9.0,15.0,1.0,2.0,33.0,6.0,1.0,2.0,12.0,3.0,0.0,0.36,0.38,0.0,0.0,0.0,0.0,19.11,15.0,15.06,0.0,0.17,0.0,0.01,0.9,0.9,0.88,113.0,20.0,16.0,15.0,62.0,22.0,16.0,18.0,57.0,33.0,45.0,16008.0,2.0,4.0,2.0,3.0,50.27,4.39,4.29,4.42,4.32,45.0,24.0,34.0,103.0,3.0,3.0,0.0,54.0,10.0,5.0,1.8,1.19,1.4,1.0,2.0,0.0,102.84,69.0,68.72,0.79,0.35,0.35,4.84,4.88,4.78,45.37,5.22,4.98,5.2,4.98,43.0,19.0,21.0,83.0,3.0,5.0,0.0,45.0,11.0,6.0,1.04,1.51,2.67,1.0,1.0,1.0,83.82,62.0,62.1,0.61,1.23,1.27,4.56,4.58,4.48,14.38,15.27,266.0,271.0,0.0,0.0,0.0,0.0,0.0,0.0,regular
8480873,2025,Rasmus Sandin,WSH,D,all,50,56456.0,1058.0,18.12,0.5,0.53,0.47,0.51,0.48,0.52,197.0,65.0,3.16,3.5,19.23,2.12,36.24,27.74,3.07,3.17,3.08,8.0,8.0,63.0,29.0,42.0,134.0,18.0,2.0,5.0,0.0,18.0,0.0,23.0,44.0,61.0,90.0,4.0,8.0,0.0,58.0,19.0,61.0,86.0,4.0,2.0,2.16,0.4,0.6,2.0,0.0,0.0,133.5,92.0,91.97,39.0,0.72,0.59,0.47,3.42,3.43,3.37,1058.0,96.0,145.0,156.0,661.0,107.0,137.0,127.0,687.0,0.0,0.0,126055.0,8.0,6.0,3.0,82.0,443.77,41.33,39.68,41.18,39.55,397.0,208.0,240.0,845.0,43.0,46.0,6.0,448.0,117.0,40.0,13.71,14.69,12.93,16.0,16.0,11.0,842.11,605.0,603.76,6.21,8.79,8.79,38.74,38.58,37.6,490.46,41.81,40.5,42.09,40.79,446.0,217.0,285.0,948.0,45.0,43.0,3.0,492.0,131.0,40.0,14.57,15.85,11.38,23.0,13.0,9.0,950.18,663.0,665.2,7.19,6.96,7.37,41.63,41.83,41.1,128.69,113.96,2203.0,2103.0,0.0,0.0,0.0,0.0,0.0,0.0,regular
8484186,2025,Ryan Leonard,WSH,R,all,50,43302.0,891.0,27.79,0.57,0.5,0.54,0.49,0.55,0.5,377.0,116.64,10.39,7.56,27.26,3.81,63.38,44.61,9.92,10.42,9.95,14.0,6.0,99.0,58.0,62.0,219.0,30.0,10.0,14.0,3.0,25.0,1.0,46.0,61.0,89.0,147.0,13.0,28.0,6.0,70.0,10.0,53.0,118.0,31.0,8.0,3.53,3.76,3.1,3.0,6.0,1.0,219.49,157.0,158.28,15.0,1.68,3.78,2.34,9.72,9.77,9.63,891.0,120.0,82.0,170.0,519.0,138.0,141.0,134.0,478.0,6.0,5.0,138933.0,28.0,48.0,25.0,18.0,416.53,43.98,41.89,44.07,41.97,370.0,199.0,194.0,763.0,46.0,46.0,10.0,415.0,104.0,50.0,12.85,12.44,18.69,14.0,13.0,19.0,765.23,569.0,570.74,6.84,10.3,10.66,40.16,40.21,39.09,342.07,33.58,32.73,33.74,32.87,286.0,181.0,193.0,660.0,26.0,30.0,2.0,333.0,94.0,40.0,10.09,11.45,12.05,8.0,10.0,8.0,660.93,467.0,468.4,4.6,5.22,5.22,32.96,33.05,32.57,124.79,126.88,2261.0,2345.0,0.0,0.0,0.0,0.0,0.0,0.0,regular
8477947,2025,Sonny Milano,WSH,L,all,30,16154.0,358.0,9.97,0.56,0.54,0.55,0.5,0.55,0.51,326.0,34.22,3.53,2.3,7.71,1.18,18.03,13.26,3.45,3.49,3.42,4.0,0.0,33.0,13.0,10.0,56.0,8.0,4.0,1.0,0.0,8.0,0.0,19.0,14.0,29.0,42.0,2.0,4.0,8.0,9.0,4.0,18.0,28.0,15.0,3.0,1.05,1.67,0.82,3.0,1.0,0.0,56.58,46.0,46.36,7.0,0.5,0.23,0.58,3.45,3.44,3.41,358.0,44.0,20.0,53.0,241.0,60.0,46.0,41.0,211.0,8.0,4.0,93188.0,4.0,6.0,3.0,3.0,149.55,14.63,13.99,14.39,13.77,140.0,62.0,74.0,276.0,14.0,16.0,3.0,141.0,46.0,15.0,5.33,5.29,4.01,8.0,4.0,2.0,276.37,202.0,201.06,2.13,3.66,3.66,13.1,12.96,12.77,123.19,11.62,11.17,11.77,11.32,116.0,49.0,63.0,228.0,12.0,17.0,1.0,116.0,36.0,13.0,3.52,4.34,3.77,4.0,6.0,2.0,231.1,165.0,167.41,1.54,3.88,3.88,9.28,9.53,9.43,88.15,76.23,1541.0,1522.0,0.0,0.0,0.0,0.0,0.0,0.0,regular
8476880,2025,Tom Wilson,WSH,R,all,48,55739.0,1115.0,51.89,0.56,0.49,0.56,0.48,0.58,0.48,126.0,115.93,18.22,9.59,25.32,4.36,59.95,41.58,17.09,18.29,17.15,13.0,13.0,104.0,55.0,43.0,202.0,48.0,22.0,22.0,4.0,18.0,1.0,47.0,49.0,82.0,137.0,18.0,48.0,14.0,127.0,11.0,54.0,102.0,35.0,22.0,3.94,4.75,9.52,3.0,10.0,9.0,203.49,159.0,159.95,18.0,2.38,3.96,2.12,18.48,18.52,17.61,1115.0,176.0,195.0,165.0,579.0,140.0,132.0,182.0,661.0,14.0,15.0,119611.0,48.0,48.0,18.0,31.0,593.92,65.78,61.32,66.19,61.66,540.0,271.0,244.0,1055.0,65.0,75.0,12.0,583.0,154.0,74.0,18.65,19.25,27.88,22.0,20.0,23.0,1060.8,811.0,815.9,10.24,12.7,12.7,63.33,63.53,60.83,442.95,52.52,48.36,52.6,48.4,394.0,200.0,242.0,836.0,44.0,55.0,6.0,389.0,139.0,66.0,11.59,16.6,24.33,12.0,12.0,20.0,835.42,594.0,594.17,7.18,12.77,13.18,46.52,46.53,45.16,95.77,98.86,1891.0,2046.0,0.0,0.0,0.0,0.0,0.0,0.0,regular
8477845,2025,Trevor van Riemsdyk,WSH,D,all,43,40119.0,824.0,3.85,0.45,0.54,0.44,0.52,0.45,0.52,237.0,28.41,2.16,1.67,7.61,1.03,14.6,11.93,2.03,2.17,2.04,1.0,4.0,24.0,15.0,25.0,64.0,6.0,1.0,3.0,1.0,5.0,0.0,7.0,23.0,23.0,38.0,8.0,16.0,0.0,6.0,9.0,31.0,30.0,4.0,5.0,0.55,0.44,1.17,0.0,0.0,1.0,64.0,39.0,39.16,20.0,0.35,0.6,0.88,1.62,1.63,1.59,824.0,42.0,109.0,129.0,544.0,97.0,106.0,81.0,540.0,0.0,0.0,117492.0,16.0,8.0,4.0,62.0,298.38,29.17,28.13,29.21,28.17,257.0,148.0,161.0,566.0,20.0,38.0,6.0,278.0,96.0,31.0,9.04,11.91,8.22,8.0,9.0,3.0,566.03,405.0,404.66,4.14,8.03,8.03,25.28,25.26,24.88,371.01,35.17,32.48,35.24,32.55,323.0,176.0,230.0,729.0,34.0,47.0,7.0,379.0,81.0,39.0,11.73,10.52,12.92,16.0,10.0,8.0,733.73,499.0,500.89,5.64,10.96,11.06,29.74,29.85,29.28,118.24,100.16,2046.0,1865.0,0.0,0.0,0.0,0.0,0.0,0.0,regular
