playerId,season,name,team,position,situation,games_played,icetime,shifts,gameScore,onIce_xGoalsPercentage,offIce_xGoalsPercentage,onIce_corsiPercentage,offIce_corsiPercentage,onIce_fenwickPercentage,offIce_fenwickPercentage,iceTimeRank,I_F_xOnGoal,I_F_xGoals,I_F_xRebounds,I_F_xFreeze,I_F_xPlayStopped,I_F_xPlayContinuedInZone,I_F_xPlayContinuedOutsideZone,I_F_flurryAdjustedxGoals,I_F_scoreVenueAdjustedxGoals,I_F_flurryScoreVenueAdjustedxGoals,I_F_primaryAssists,I_F_secondaryAssists,I_F_shotsOnGoal,I_F_missedShots,I_F_blockedShotAttempts,I_F_shotAttempts,I_F_points,I_F_goals,I_F_rebounds,I_F_reboundGoals,I_F_freeze,I_F_playStopped,I_F_playContinuedInZone,I_F_playContinuedOutsideZone,I_F_savedShotsOnGoal,I_F_savedUnblockedShotAttempts,penalties,I_F_penalityMinutes,I_F_faceOffsWon,I_F_hits,I_F_takeaways,I_F_giveaways,I_F_lowDangerShots,I_F_mediumDangerShots,I_F_highDangerShots,I_F_lowDangerxGoals,I_F_mediumDangerxGoals,I_F_highDangerxGoals,I_F_lowDangerGoals,I_F_mediumDangerGoals,I_F_highDangerGoals,I_F_scoreAdjustedShotsAttempts,I_F_unblockedShotAttempts,I_F_scoreAdjustedUnblockedShotAttempts,I_F_dZoneGiveaways,I_F_xGoalsFromxReboundsOfShots,I_F_xGoalsFromActualReboundsOfShots,I_F_reboundxGoals,I_F_xGoals_with_earned_rebounds,I_F_xGoals_with_earned_rebounds_scoreAdjusted,I_F_xGoals_with_earned_rebounds_scoreFlurryAdjusted,I_F_shifts,I_F_oZoneShiftStarts,I_F_dZoneShiftStarts,I_F_neutralZoneShiftStarts,I_F_flyShiftStarts,I_F_oZoneShiftEnds,I_F_dZoneShiftEnds,I_F_neutralZoneShiftEnds,I_F_flyShiftEnds,faceoffsWon,faceoffsLost,timeOnBench,penalityMinutes,penalityMinutesDrawn,penaltiesDrawn,shotsBlockedByPlayer,OnIce_F_xOnGoal,OnIce_F_xGoals,OnIce_F_flurryAdjustedxGoals,OnIce_F_scoreVenueAdjustedxGoals,OnIce_F_flurryScoreVenueAdjustedxGoals,OnIce_F_shotsOnGoal,OnIce_F_missedShots,OnIce_F_blockedShotAttempts,OnIce_F_shotAttempts,OnIce_F_goals,OnIce_F_rebounds,OnIce_F_reboundGoals,OnIce_F_lowDangerShots,OnIce_F_mediumDangerShots,OnIce_F_highDangerShots,OnIce_F_lowDangerxGoals,OnIce_F_mediumDangerxGoals,OnIce_F_highDangerxGoals,OnIce_F_lowDangerGoals,OnIce_F_mediumDangerGoals,OnIce_F_highDangerGoals,OnIce_F_scoreAdjustedShotsAttempts,OnIce_F_unblockedShotAttempts,OnIce_F_scoreAdjustedUnblockedShotAttempts,OnIce_F_xGoalsFromxReboundsOfShots,OnIce_F_xGoalsFromActualReboundsOfShots,OnIce_F_reboundxGoals,OnIce_F_xGoals_with_earned_rebounds,OnIce_F_xGoals_with_earned_rebounds_scoreAdjusted,OnIce_F_xGoals_with_earned_rebounds_scoreFlurryAdjusted,OnIce_A_xOnGoal,OnIce_A_xGoals,OnIce_A_flurryAdjustedxGoals,OnIce_A_scoreVenueAdjustedxGoals,OnIce_A_flurryScoreVenueAdjustedxGoals,OnIce_A_shotsOnGoal,OnIce_A_missedShots,OnIce_A_blockedShotAttempts,OnIce_A_shotAttempts,OnIce_A_goals,OnIce_A_rebounds,OnIce_A_reboundGoals,OnIce_A_lowDangerShots,OnIce_A_mediumDangerShots,OnIce_A_highDangerShots,OnIce_A_lowDangerxGoals,OnIce_A_mediumDangerxGoals,OnIce_A_highDangerxGoals,OnIce_A_lowDangerGoals,OnIce_A_mediumDangerGoals,OnIce_A_highDangerGoals,OnIce_A_scoreAdjustedShotsAttempts,OnIce_A_unblockedShotAttempts,OnIce_A_scoreAdjustedUnblockedShotAttempts,OnIce_A_xGoalsFromxReboundsOfShots,OnIce_A_xGoalsFromActualReboundsOfShots,OnIce_A_reboundxGoals,OnIce_A_xGoals_with_earned_rebounds,OnIce_A_xGoals_with_earned_rebounds_scoreAdjusted,OnIce_A_xGoals_with_earned_rebounds_scoreFlurryAdjusted,OffIce_F_xGoals,OffIce_A_xGoals,OffIce_F_shotAttempts,OffIce_A_shotAttempts,xGoalsForAfterShifts,xGoalsAgainstAfterShifts,corsiForAfterShifts,corsiAgainstAfterShifts,fenwickForAfterShifts,fenwickAgainstAfterShifts,season_type
8473986,2025,Alex Killorn,ANA,L,5on5,55,41228.0,892.0,23.13,0.53,0.51,0.53,0.51,0.54,0.51,334.0,85.89,7.68,6.14,20.23,2.87,44.34,32.74,7.41,7.61,7.35,4.0,4.0,78.0,36.0,24.0,138.0,12.0,4.0,12.0,0.0,23.0,0.0,43.0,32.0,74.0,110.0,11.0,22.0,25.0,46.0,13.0,37.0,84.0,26.0,4.0,2.91,3.63,1.14,0.0,4.0,0.0,136.54,114.0,112.92,8.0,1.3,2.36,1.86,7.11,7.07,6.98,892.0,104.0,111.0,161.0,516.0,168.0,124.0,125.0,475.0,25.0,43.0,121294.0,22.0,18.0,9.0,17.0,387.57,32.06,30.79,32.07,30.81,347.0,180.0,199.0,726.0,23.0,42.0,2.0,402.0,97.0,28.0,11.74,12.39,7.92,8.0,13.0,2.0,719.81,527.0,524.22,5.3,8.67,8.67,28.69,28.68,28.18,336.16,27.87,26.58,27.8,26.53,280.0,176.0,192.0,648.0,23.0,33.0,3.0,341.0,89.0,26.0,10.56,10.47,6.84,9.0,10.0,4.0,649.67,456.0,456.04,4.66,6.16,6.16,26.37,26.32,25.7,87.02,85.05,2084.0,1965.0,1.55,1.28,27.0,30.0,20.0,23.0,regular
8484762,2025,Beckett Sennecke,ANA,R,5on5,55,47978.0,1033.0,44.07,0.52,0.51,0.52,0.52,0.52,0.52,185.0,111.04,11.7,7.86,25.93,3.63,54.26,40.63,11.1,11.72,11.13,8.0,7.0,93.0,51.0,41.0,185.0,30.0,15.0,12.0,3.0,14.0,0.0,52.0,51.0,78.0,129.0,16.0,32.0,0.0,58.0,10.0,52.0,92.0,39.0,13.0,3.7,4.66,3.33,3.0,7.0,5.0,184.79,144.0,143.57,9.0,1.65,1.96,2.68,10.67,10.7,10.45,1033.0,131.0,91.0,208.0,603.0,131.0,190.0,166.0,546.0,0.0,0.0,114544.0,32.0,34.0,17.0,15.0,479.92,40.69,38.63,40.41,38.4,406.0,243.0,238.0,887.0,37.0,59.0,5.0,487.0,127.0,35.0,15.04,15.86,9.79,14.0,17.0,6.0,877.89,649.0,643.6,6.6,10.8,10.68,36.61,36.42,35.65,440.82,37.55,35.73,37.64,35.83,379.0,221.0,210.0,810.0,39.0,53.0,8.0,439.0,128.0,33.0,13.46,14.89,9.21,13.0,20.0,6.0,819.49,600.0,605.1,6.08,9.65,9.65,33.99,34.15,33.49,78.38,75.37,1923.0,1803.0,0.56,2.27,24.0,30.0,19.0,28.0,regular
8475184,2025,Chris Kreider,ANA,L,5on5,49,37152.0,854.0,34.27,0.52,0.52,0.55,0.51,0.54,0.52,297.0,75.36,8.23,5.56,18.38,2.63,39.49,28.71,7.95,8.2,7.92,3.0,2.0,60.0,43.0,34.0,137.0,13.0,8.0,6.0,0.0,17.0,0.0,33.0,39.0,52.0,95.0,7.0,14.0,8.0,44.0,10.0,39.0,65.0,31.0,7.0,2.47,3.77,1.99,4.0,3.0,1.0,133.96,103.0,101.65,17.0,1.2,0.95,2.09,7.33,7.27,7.21,854.0,123.0,78.0,169.0,484.0,103.0,123.0,131.0,497.0,8.0,15.0,107419.0,14.0,6.0,3.0,14.0,355.26,28.36,27.27,28.12,27.03,296.0,194.0,200.0,690.0,31.0,39.0,1.0,391.0,77.0,22.0,12.41,9.34,6.61,21.0,9.0,1.0,679.32,490.0,484.0,4.76,7.99,7.99,25.14,24.92,24.47,309.01,25.89,25.0,26.27,25.38,276.0,141.0,144.0,561.0,34.0,27.0,3.0,317.0,74.0,26.0,10.22,9.06,6.61,19.0,11.0,4.0,572.45,417.0,424.58,4.3,5.49,5.49,24.7,25.12,24.68,79.15,72.78,1842.0,1736.0,0.57,1.55,22.0,31.0,19.0,26.0,regular
8483445,2025,Cutter Gauthier,ANA,L,5on5,54,44876.0,962.0,57.29,0.52,0.51,0.54,0.5,0.54,0.51,223.0,161.66,11.4,9.65,40.57,5.37,85.47,66.54,10.91,11.39,10.92,10.0,6.0,144.0,75.0,61.0,280.0,30.0,14.0,17.0,0.0,31.0,0.0,81.0,76.0,130.0,205.0,7.0,14.0,23.0,42.0,11.0,47.0,173.0,38.0,8.0,4.77,4.7,1.93,6.0,8.0,0.0,276.94,219.0,217.23,13.0,1.99,2.94,1.96,11.44,11.44,11.27,962.0,115.0,93.0,157.0,597.0,135.0,155.0,158.0,514.0,23.0,33.0,114691.0,14.0,28.0,14.0,10.0,470.3,37.2,35.5,37.12,35.45,401.0,241.0,245.0,887.0,41.0,54.0,7.0,501.0,108.0,33.0,14.58,13.41,9.21,18.0,15.0,8.0,881.23,642.0,639.34,6.33,9.39,9.39,34.14,34.1,33.44,397.9,34.67,32.77,34.93,33.03,353.0,184.0,204.0,741.0,41.0,44.0,5.0,378.0,132.0,27.0,11.74,15.87,7.06,19.0,16.0,6.0,753.39,537.0,542.35,5.56,7.35,7.35,32.89,33.18,32.28,79.03,77.29,1861.0,1836.0,1.11,0.63,29.0,17.0,27.0,12.0,regular
8481563,2025,Drew Helleson,ANA,D,5on5,48,44444.0,991.0,8.58,0.46,0.53,0.49,0.53,0.49,0.53,187.0,32.42,0.95,1.69,9.7,1.07,19.54,14.05,0.94,0.95,0.94,2.0,4.0,31.0,16.0,56.0,103.0,8.0,2.0,6.0,0.0,3.0,0.0,16.0,20.0,29.0,45.0,10.0,20.0,0.0,48.0,21.0,36.0,47.0,0.0,0.0,0.95,0.0,0.0,2.0,0.0,0.0,102.84,47.0,47.64,25.0,0.34,1.0,0.0,1.29,1.3,1.28,991.0,101.0,109.0,163.0,618.0,125.0,133.0,126.0,607.0,0.0,0.0,96899.0,20.0,6.0,3.0,58.0,367.14,27.66,26.96,27.59,26.89,320.0,180.0,193.0,693.0,30.0,32.0,2.0,392.0,87.0,21.0,11.45,10.36,5.86,14.0,12.0,4.0,692.68,500.0,501.21,4.85,6.14,5.8,26.71,26.71,26.43,386.64,32.63,30.89,32.63,30.91,353.0,166.0,201.0,720.0,43.0,41.0,4.0,385.0,104.0,30.0,12.3,12.52,7.81,22.0,17.0,4.0,726.16,519.0,521.02,5.39,7.31,7.31,30.71,30.79,30.01,74.58,65.93,1747.0,1547.0,4.3,0.3,85.0,9.0,65.0,8.0,regular
8478366,2025,Frank Vatrano,ANA,R,5on5,38,23923.0,545.0,7.02,0.44,0.52,0.48,0.53,0.48,0.53,328.0,60.75,5.27,3.64,15.13,2.06,31.6,24.3,5.12,5.19,5.04,1.0,1.0,61.0,21.0,17.0,99.0,5.0,3.0,3.0,0.0,13.0,0.0,34.0,29.0,58.0,79.0,9.0,24.0,4.0,64.0,3.0,15.0,61.0,13.0,8.0,1.65,1.4,2.22,1.0,1.0,1.0,98.34,82.0,81.57,7.0,0.76,0.12,1.64,4.39,4.32,4.25,545.0,59.0,80.0,89.0,317.0,106.0,74.0,71.0,294.0,4.0,8.0,87196.0,24.0,20.0,7.0,17.0,203.61,15.14,14.79,14.93,14.59,193.0,88.0,114.0,395.0,12.0,18.0,1.0,228.0,42.0,11.0,6.49,5.43,3.23,3.0,7.0,2.0,391.32,281.0,279.53,2.62,3.2,3.2,14.56,14.42,14.23,228.67,18.95,18.21,19.09,18.35,198.0,109.0,118.0,425.0,21.0,27.0,4.0,231.0,62.0,14.0,7.37,7.49,4.08,6.0,12.0,3.0,429.81,307.0,310.1,3.1,4.95,4.95,17.1,17.21,16.92,67.09,61.42,1551.0,1399.0,0.58,0.98,13.0,15.0,11.0,14.0,regular
8482178,2025,Ian Moore,ANA,D,5on5,40,31765.0,747.0,13.33,0.56,0.51,0.53,0.51,0.55,0.51,200.0,51.6,3.16,2.81,14.82,1.74,28.35,21.12,3.03,3.14,3.02,3.0,2.0,38.0,34.0,31.0,103.0,7.0,2.0,2.0,0.0,17.0,0.0,22.0,29.0,36.0,70.0,9.0,18.0,0.0,16.0,13.0,30.0,64.0,5.0,3.0,1.64,0.67,0.85,1.0,1.0,0.0,102.34,72.0,72.38,17.0,0.58,0.31,0.71,3.03,3.04,2.98,747.0,76.0,80.0,99.0,492.0,101.0,108.0,75.0,463.0,0.0,0.0,85874.0,18.0,6.0,3.0,56.0,285.37,23.16,22.38,22.78,22.03,238.0,157.0,148.0,543.0,19.0,29.0,2.0,309.0,67.0,19.0,9.02,8.55,5.58,10.0,6.0,3.0,534.89,395.0,390.41,3.8,5.44,5.44,21.52,21.32,21.02,237.11,18.36,17.61,18.59,17.8,190.0,137.0,152.0,479.0,21.0,17.0,1.0,255.0,59.0,13.0,8.17,6.78,3.42,15.0,5.0,1.0,488.32,327.0,331.15,3.21,2.97,2.97,18.61,18.83,18.29,61.46,59.17,1452.0,1382.0,2.62,1.59,51.0,18.0,39.0,16.0,regular
8481605,2025,Jackson LaCombe,ANA,D,5on5,55,59473.0,1218.0,39.72,0.52,0.51,0.52,0.51,0.52,0.52,137.0,74.15,3.96,4.73,20.89,2.8,43.39,31.23,3.83,3.98,3.85,7.0,5.0,75.0,32.0,53.0,160.0,16.0,4.0,11.0,0.0,13.0,0.0,30.0,49.0,71.0,103.0,4.0,8.0,0.0,41.0,21.0,63.0,98.0,8.0,1.0,2.49,0.99,0.47,3.0,1.0,0.0,158.84,107.0,106.18,45.0,0.97,1.63,0.98,3.95,3.96,3.89,1218.0,141.0,197.0,233.0,647.0,109.0,104.0,206.0,799.0,0.0,0.0,103049.0,8.0,14.0,7.0,68.0,524.16,42.9,41.53,42.7,41.36,478.0,245.0,283.0,1006.0,40.0,55.0,5.0,564.0,121.0,38.0,16.55,15.44,10.9,17.0,15.0,8.0,997.19,723.0,718.15,7.22,9.89,9.95,40.17,40.05,39.39,483.63,40.32,38.49,40.34,38.55,424.0,232.0,255.0,911.0,48.0,50.0,6.0,491.0,131.0,34.0,15.61,15.27,9.44,22.0,20.0,6.0,915.95,656.0,658.44,6.75,9.38,9.38,37.7,37.72,36.86,76.18,72.61,1804.0,1702.0,5.23,0.58,110.0,11.0,92.0,10.0,regular
8476885,2025,Jacob Trouba,ANA,D,5on5,54,59548.0,1235.0,31.72,0.51,0.52,0.51,0.52,0.52,0.52,119.0,92.67,3.43,4.91,27.62,3.22,55.17,39.64,3.27,3.41,3.25,6.0,6.0,91.0,43.0,63.0,197.0,18.0,6.0,10.0,1.0,26.0,0.0,48.0,44.0,85.0,128.0,7.0,15.0,0.0,86.0,13.0,50.0,127.0,5.0,2.0,2.35,0.59,0.48,4.0,1.0,1.0,195.04,134.0,132.09,36.0,0.99,1.72,0.62,3.8,3.76,3.59,1235.0,118.0,154.0,224.0,739.0,140.0,127.0,183.0,785.0,0.0,0.0,99845.0,15.0,13.0,5.0,90.0,560.44,43.48,41.58,43.52,41.63,486.0,283.0,289.0,1058.0,40.0,69.0,7.0,608.0,123.0,38.0,17.54,15.67,10.27,17.0,17.0,6.0,1050.78,769.0,764.07,7.63,11.82,11.82,39.29,39.33,38.5,525.98,42.59,40.91,42.79,41.12,476.0,234.0,287.0,997.0,45.0,51.0,5.0,536.0,138.0,36.0,16.05,16.63,9.92,16.0,22.0,7.0,1001.97,710.0,714.25,7.1,9.57,9.57,40.12,40.28,39.49,73.33,67.89,1688.0,1573.0,6.46,1.41,128.0,23.0,107.0,22.0,regular
8478424,2025,Jansen Harkins,ANA,C,5on5,30,17303.0,418.0,2.58,0.44,0.53,0.46,0.52,0.47,0.53,304.0,24.35,2.54,1.89,5.53,0.81,13.35,8.94,2.4,2.49,2.34,0.0,0.0,20.0,14.0,12.0,46.0,3.0,3.0,3.0,1.0,3.0,1.0,14.0,10.0,17.0,31.0,5.0,13.0,79.0,86.0,4.0,18.0,21.0,11.0,2.0,0.61,1.34,0.59,0.0,2.0,1.0,45.45,34.0,33.54,6.0,0.4,0.43,0.96,1.98,1.96,1.88,418.0,44.0,39.0,60.0,275.0,61.0,73.0,44.0,240.0,79.0,87.0,70916.0,13.0,21.0,10.0,16.0,120.51,8.77,8.43,8.64,8.29,99.0,70.0,68.0,237.0,4.0,12.0,1.0,135.0,28.0,6.0,3.82,3.25,1.71,1.0,2.0,1.0,234.88,169.0,166.97,1.67,2.32,2.39,8.05,7.93,7.74,142.13,11.3,10.91,11.34,10.95,132.0,62.0,81.0,275.0,10.0,12.0,0.0,149.0,33.0,12.0,4.43,3.77,3.11,3.0,5.0,2.0,275.02,194.0,193.43,1.86,2.08,2.08,11.08,11.06,10.74,54.05,47.09,1239.0,1147.0,0.75,0.48,17.0,11.0,11.0,11.0,regular
8479705,2025,Jeffrey Viel,ANA,L,5on5,18,11845.0,279.0,6.63,0.57,0.51,0.56,0.5,0.6,0.5,148.0,31.23,3.18,2.38,7.57,1.09,15.99,11.79,3.01,3.17,2.99,1.0,0.0,25.0,17.0,13.0,55.0,3.0,2.0,2.0,1.0,4.0,0.0,20.0,14.0,23.0,40.0,9.0,27.0,1.0,54.0,3.0,5.0,31.0,7.0,4.0,1.18,0.91,1.1,1.0,0.0,1.0,55.13,42.0,42.29,1.0,0.5,0.43,1.13,2.55,2.54,2.46,279.0,28.0,35.0,54.0,162.0,45.0,32.0,44.0,158.0,1.0,1.0,41324.0,27.0,23.0,7.0,9.0,130.63,9.48,9.06,9.51,9.11,99.0,77.0,64.0,240.0,7.0,15.0,1.0,139.0,30.0,7.0,3.64,3.9,1.94,4.0,2.0,1.0,244.16,176.0,178.76,1.72,2.14,2.14,9.06,9.17,9.0,86.17,7.24,7.01,7.24,7.01,75.0,43.0,68.0,186.0,9.0,11.0,1.0,90.0,22.0,6.0,2.71,2.82,1.71,6.0,2.0,1.0,185.05,118.0,117.12,1.2,1.86,1.86,6.58,6.54,6.43,28.29,27.48,654.0,654.0,0.18,0.17,6.0,5.0,3.0,4.0,regular
8484153,2025,Leo Carlsson,ANA,C,5on5,44,36979.0,788.0,44.29,0.52,0.5,0.55,0.51,0.54,0.51,171.0,80.85,7.94,5.57,20.08,2.74,42.61,31.06,7.66,7.95,7.68,4.0,5.0,66.0,44.0,32.0,142.0,18.0,9.0,12.0,2.0,14.0,1.0,37.0,37.0,57.0,101.0,5.0,10.0,239.0,8.0,13.0,42.0,84.0,18.0,8.0,3.15,2.26,2.54,7.0,1.0,1.0,139.73,110.0,108.86,12.0,1.16,2.03,3.14,5.96,5.91,5.83,788.0,93.0,70.0,171.0,454.0,98.0,107.0,126.0,457.0,239.0,268.0,91592.0,10.0,20.0,10.0,12.0,357.91,28.58,27.41,28.53,27.37,315.0,178.0,191.0,684.0,29.0,46.0,4.0,394.0,76.0,23.0,12.14,9.59,6.86,20.0,6.0,3.0,673.55,493.0,487.26,4.78,9.12,9.12,24.24,24.13,23.71,305.93,26.84,25.48,27.09,25.71,256.0,159.0,150.0,565.0,31.0,31.0,2.0,302.0,85.0,28.0,9.64,10.11,7.08,13.0,16.0,2.0,575.26,415.0,420.32,4.3,5.89,5.89,25.25,25.49,24.9,66.78,66.16,1574.0,1540.0,1.4,0.7,19.0,11.0,17.0,10.0,regular
8482745,2025,Mason McTavish,ANA,C,5on5,50,40561.0,854.0,31.74,0.52,0.52,0.52,0.52,0.52,0.52,235.0,103.14,11.28,7.27,25.12,3.51,51.59,38.24,10.76,11.0,10.5,8.0,5.0,75.0,62.0,37.0,174.0,20.0,7.0,13.0,0.0,18.0,0.0,39.0,60.0,68.0,130.0,14.0,30.0,254.0,50.0,9.0,34.0,90.0,37.0,10.0,3.05,4.83,3.4,4.0,2.0,1.0,171.55,137.0,134.64,7.0,1.54,2.57,3.6,9.21,9.05,8.93,854.0,117.0,69.0,154.0,514.0,107.0,146.0,135.0,466.0,254.0,266.0,106113.0,30.0,24.0,12.0,24.0,409.34,34.76,33.1,34.33,32.7,338.0,219.0,218.0,775.0,33.0,46.0,3.0,423.0,103.0,31.0,13.09,12.87,8.81,17.0,10.0,6.0,764.24,557.0,550.36,5.62,8.71,8.71,31.68,31.35,30.72,383.89,32.55,31.11,32.89,31.46,337.0,181.0,184.0,702.0,41.0,45.0,7.0,375.0,119.0,24.0,11.9,14.02,6.63,20.0,16.0,5.0,715.22,518.0,526.29,5.31,7.58,7.58,30.27,30.67,30.05,74.7,70.16,1787.0,1653.0,0.8,1.39,24.0,24.0,18.0,22.0,regular
8475798,2025,Mikael Granlund,ANA,C,5on5,37,29448.0,644.0,22.89,0.51,0.52,0.49,0.53,0.51,0.54,198.0,53.18,4.85,3.66,12.58,1.85,28.84,21.21,4.49,4.78,4.43,4.0,6.0,47.0,26.0,21.0,94.0,16.0,6.0,4.0,1.0,6.0,0.0,31.0,26.0,41.0,67.0,4.0,8.0,171.0,20.0,10.0,26.0,54.0,13.0,6.0,1.81,1.49,1.55,3.0,2.0,1.0,92.43,73.0,72.5,8.0,0.76,0.67,1.6,4.01,4.01,3.89,644.0,77.0,93.0,122.0,352.0,82.0,93.0,103.0,366.0,171.0,184.0,81270.0,8.0,16.0,8.0,22.0,278.74,22.24,21.22,22.12,21.12,260.0,124.0,116.0,500.0,19.0,35.0,1.0,291.0,74.0,19.0,8.33,8.86,5.04,6.0,12.0,1.0,492.63,384.0,380.28,3.83,5.83,5.83,20.24,20.2,19.76,271.59,21.24,20.53,21.23,20.52,249.0,122.0,147.0,518.0,28.0,24.0,5.0,290.0,68.0,13.0,9.26,8.1,3.89,15.0,10.0,3.0,524.44,371.0,373.34,3.67,4.7,4.7,20.22,20.18,19.74,61.35,55.64,1429.0,1246.0,0.5,0.9,18.0,20.0,11.0,16.0,regular
8481754,2025,Nikita Nesterenko,ANA,C,5on5,29,19336.0,446.0,8.02,0.54,0.51,0.49,0.53,0.51,0.53,227.0,32.11,3.22,1.96,7.63,1.11,15.4,12.68,3.11,3.18,3.07,5.0,2.0,27.0,15.0,22.0,64.0,8.0,1.0,1.0,1.0,4.0,0.0,19.0,17.0,26.0,41.0,3.0,8.0,9.0,53.0,1.0,13.0,27.0,10.0,5.0,0.73,1.22,1.27,0.0,1.0,0.0,63.29,42.0,41.2,4.0,0.42,0.2,0.8,2.84,2.79,2.75,446.0,44.0,63.0,87.0,252.0,62.0,59.0,61.0,264.0,9.0,10.0,65294.0,8.0,8.0,4.0,7.0,162.81,13.36,12.94,13.23,12.83,133.0,89.0,86.0,308.0,10.0,18.0,2.0,170.0,38.0,14.0,4.52,4.95,3.89,2.0,6.0,2.0,305.85,222.0,220.0,2.16,2.94,2.94,12.57,12.47,12.28,156.29,11.45,10.93,11.58,11.04,146.0,66.0,107.0,319.0,12.0,9.0,0.0,165.0,42.0,5.0,5.0,4.99,1.47,7.0,3.0,2.0,321.32,212.0,214.06,2.09,1.43,1.43,12.12,12.21,11.84,50.99,48.43,1199.0,1047.0,1.05,0.42,18.0,12.0,15.0,9.0,regular
8482803,2025,Olen Zellweger,ANA,D,5on5,54,50439.0,1061.0,29.4,0.53,0.5,0.54,0.51,0.54,0.51,203.0,92.72,4.99,5.73,25.29,3.26,53.68,39.06,4.74,4.97,4.73,7.0,2.0,78.0,54.0,73.0,205.0,13.0,4.0,12.0,0.0,24.0,0.0,50.0,42.0,74.0,128.0,12.0,22.0,0.0,21.0,12.0,39.0,117.0,12.0,3.0,2.86,1.21,0.92,3.0,1.0,0.0,203.6,132.0,132.09,26.0,1.17,2.29,1.03,5.13,5.13,5.03,1061.0,84.0,76.0,155.0,746.0,159.0,190.0,123.0,589.0,0.0,0.0,109015.0,22.0,26.0,13.0,53.0,503.96,39.2,37.32,39.14,37.3,412.0,275.0,261.0,948.0,42.0,63.0,5.0,539.0,117.0,31.0,15.64,14.89,8.67,19.0,19.0,4.0,940.42,687.0,683.41,6.63,11.46,11.42,34.4,34.42,33.8,431.16,34.35,33.08,34.42,33.15,395.0,188.0,227.0,810.0,37.0,42.0,5.0,440.0,117.0,26.0,13.17,14.34,6.84,13.0,18.0,6.0,816.04,583.0,587.08,5.82,7.51,7.51,32.66,32.69,32.17,76.98,77.04,1807.0,1768.0,2.48,0.31,57.0,9.0,45.0,8.0,regular
8483490,2025,Pavel Mintyukov,ANA,D,5on5,50,45332.0,1019.0,16.6,0.51,0.52,0.49,0.53,0.5,0.53,211.0,55.32,3.1,3.26,15.58,1.9,32.11,22.04,2.95,3.03,2.89,2.0,5.0,42.0,36.0,45.0,123.0,12.0,5.0,7.0,0.0,12.0,0.0,29.0,25.0,37.0,73.0,2.0,4.0,0.0,22.0,10.0,38.0,69.0,7.0,2.0,1.85,0.68,0.58,2.0,3.0,0.0,121.93,78.0,77.23,23.0,0.66,1.73,0.65,3.11,3.07,2.97,1019.0,89.0,103.0,157.0,670.0,144.0,139.0,115.0,621.0,0.0,0.0,102121.0,4.0,12.0,6.0,55.0,398.2,34.04,32.67,33.75,32.41,327.0,219.0,198.0,744.0,28.0,47.0,3.0,418.0,96.0,32.0,13.35,11.66,9.02,12.0,13.0,3.0,740.42,546.0,543.2,5.48,9.1,9.08,30.44,30.24,29.66,400.17,33.05,31.56,33.37,31.85,345.0,196.0,218.0,759.0,34.0,38.0,5.0,414.0,94.0,33.0,13.27,11.05,8.73,18.0,11.0,5.0,770.57,541.0,546.94,5.34,7.52,7.52,30.89,31.2,30.39,75.98,69.56,1813.0,1593.0,3.23,0.52,65.0,9.0,52.0,8.0,regular
8475462,2025,Radko Gudas,ANA,D,5on5,42,37685.0,816.0,15.1,0.54,0.49,0.53,0.52,0.52,0.52,189.0,50.41,1.37,2.67,14.56,1.79,30.91,23.7,1.34,1.35,1.31,4.0,4.0,46.0,29.0,51.0,126.0,9.0,1.0,6.0,0.0,12.0,0.0,25.0,31.0,45.0,74.0,12.0,28.0,0.0,136.0,7.0,31.0,75.0,0.0,0.0,1.37,0.0,0.0,1.0,0.0,0.0,122.96,75.0,73.76,22.0,0.53,1.43,0.23,1.67,1.65,1.61,816.0,60.0,64.0,132.0,560.0,140.0,135.0,101.0,440.0,0.0,0.0,88288.0,28.0,14.0,4.0,60.0,365.83,30.81,29.29,30.55,29.04,302.0,201.0,202.0,705.0,26.0,49.0,4.0,390.0,85.0,28.0,11.86,10.57,8.39,11.0,11.0,4.0,692.28,503.0,497.33,4.95,9.22,9.55,26.2,25.95,25.45,332.34,26.04,25.26,26.36,25.58,295.0,162.0,179.0,636.0,31.0,33.0,7.0,357.0,81.0,19.0,11.48,9.38,5.18,13.0,14.0,4.0,650.26,457.0,463.72,4.54,5.84,5.84,24.73,25.03,24.6,60.17,62.04,1488.0,1398.0,3.15,0.28,65.0,6.0,57.0,6.0,regular
8477527,2025,Ross Johnston,ANA,L,5on5,53,30497.0,707.0,6.07,0.46,0.51,0.47,0.52,0.47,0.53,522.0,33.53,3.67,2.54,8.22,1.27,18.1,13.19,3.61,3.69,3.63,6.0,4.0,27.0,20.0,13.0,60.0,12.0,2.0,5.0,1.0,12.0,0.0,12.0,16.0,25.0,45.0,17.0,58.0,5.0,162.0,4.0,30.0,29.0,16.0,2.0,1.03,2.06,0.58,1.0,1.0,0.0,60.35,47.0,47.53,6.0,0.54,0.69,1.1,3.11,3.13,3.1,707.0,79.0,94.0,111.0,423.0,104.0,93.0,87.0,423.0,5.0,6.0,126171.0,58.0,39.0,9.0,14.0,209.04,17.0,16.62,16.94,16.56,174.0,121.0,135.0,430.0,20.0,27.0,5.0,230.0,50.0,15.0,6.4,6.43,4.17,4.0,10.0,6.0,428.35,295.0,293.69,2.92,4.8,4.8,15.12,15.15,14.98,247.42,19.69,18.98,19.8,19.07,227.0,109.0,149.0,485.0,24.0,22.0,3.0,261.0,55.0,20.0,8.01,6.35,5.33,9.0,11.0,4.0,487.29,336.0,337.21,3.35,4.49,4.49,18.55,18.56,18.09,94.88,90.04,2266.0,2051.0,1.22,1.07,27.0,35.0,21.0,27.0,regular
8480068,2025,Ryan Poehling,ANA,C,5on5,48,33502.0,771.0,22.34,0.5,0.52,0.5,0.52,0.51,0.52,364.0,51.49,4.82,3.66,12.21,1.83,26.65,20.82,4.65,4.91,4.74,12.0,2.0,41.0,29.0,19.0,89.0,17.0,3.0,5.0,1.0,10.0,0.0,17.0,35.0,38.0,67.0,3.0,6.0,220.0,23.0,7.0,27.0,54.0,11.0,5.0,1.87,1.49,1.47,1.0,1.0,1.0,89.7,70.0,70.27,8.0,0.78,1.04,1.46,4.14,4.25,4.2,771.0,77.0,124.0,123.0,447.0,120.0,76.0,100.0,475.0,220.0,221.0,109080.0,6.0,10.0,5.0,40.0,279.45,21.59,21.05,21.64,21.09,230.0,153.0,161.0,544.0,28.0,24.0,4.0,303.0,61.0,19.0,8.53,7.96,5.1,7.0,16.0,5.0,544.45,383.0,384.52,3.7,3.66,3.66,21.64,21.77,21.49,269.61,21.81,20.9,21.82,20.92,247.0,119.0,172.0,538.0,24.0,26.0,4.0,286.0,61.0,19.0,8.75,7.52,5.55,10.0,8.0,6.0,542.3,366.0,367.47,3.66,5.78,5.78,19.69,19.69,19.25,83.81,77.13,1916.0,1747.0,2.79,0.68,32.0,22.0,29.0,18.0,regular
8476458,2025,Ryan Strome,ANA,C,5on5,32,20501.0,469.0,10.51,0.59,0.52,0.55,0.52,0.55,0.53,285.0,41.8,4.68,3.15,9.9,1.61,21.87,15.85,4.54,4.62,4.48,2.0,3.0,32.0,26.0,19.0,77.0,7.0,2.0,9.0,0.0,6.0,1.0,18.0,22.0,30.0,56.0,11.0,27.0,82.0,16.0,5.0,18.0,41.0,13.0,4.0,1.57,1.91,1.2,1.0,1.0,0.0,75.73,58.0,57.53,6.0,0.67,1.98,1.41,3.87,3.81,3.79,469.0,61.0,45.0,87.0,276.0,82.0,74.0,69.0,244.0,82.0,89.0,75786.0,27.0,17.0,8.0,7.0,196.46,17.02,16.36,16.87,16.21,169.0,105.0,103.0,377.0,12.0,26.0,0.0,215.0,44.0,15.0,7.05,5.44,4.54,6.0,6.0,0.0,372.23,274.0,272.19,2.74,4.86,4.86,14.84,14.68,14.46,162.14,11.72,11.49,11.86,11.64,136.0,85.0,85.0,306.0,17.0,10.0,1.0,178.0,37.0,6.0,5.92,4.23,1.56,9.0,7.0,1.0,313.35,221.0,224.29,2.09,1.52,1.52,12.29,12.45,12.28,55.15,51.57,1292.0,1188.0,1.07,0.7,20.0,13.0,17.0,11.0,regular
8482118,2025,Sam Colangelo,ANA,R,5on5,9,5126.0,129.0,-0.52,0.36,0.48,0.43,0.51,0.38,0.51,86.0,7.55,0.54,0.38,2.05,0.25,3.93,2.85,0.53,0.57,0.56,0.0,0.0,7.0,3.0,7.0,17.0,1.0,1.0,1.0,0.0,1.0,0.0,4.0,3.0,6.0,9.0,2.0,4.0,1.0,11.0,1.0,8.0,7.0,3.0,0.0,0.14,0.4,0.0,0.0,1.0,0.0,17.86,10.0,10.31,3.0,0.08,0.15,0.09,0.54,0.57,0.57,129.0,16.0,13.0,14.0,86.0,21.0,22.0,14.0,72.0,1.0,1.0,21354.0,4.0,0.0,0.0,1.0,32.69,2.29,2.25,2.38,2.34,28.0,17.0,28.0,73.0,2.0,6.0,1.0,35.0,10.0,0.0,0.85,1.44,0.0,0.0,2.0,0.0,74.88,45.0,45.87,0.4,0.8,0.8,1.9,1.96,1.95,56.06,4.1,3.89,4.0,3.79,54.0,21.0,20.0,95.0,5.0,6.0,2.0,61.0,11.0,3.0,1.9,1.29,0.92,1.0,4.0,0.0,92.81,75.0,73.66,0.71,1.26,1.26,3.56,3.45,3.39,15.64,16.97,372.0,360.0,0.06,0.01,3.0,2.0,3.0,1.0,regular
8485512,2025,Tim Washe,ANA,C,5on5,12,7130.0,182.0,-0.11,0.43,0.51,0.41,0.52,0.43,0.52,118.0,9.9,0.83,0.69,2.85,0.37,5.3,3.95,0.82,0.85,0.84,0.0,0.0,6.0,8.0,4.0,18.0,1.0,1.0,2.0,1.0,1.0,0.0,5.0,5.0,5.0,13.0,0.0,0.0,57.0,28.0,4.0,4.0,10.0,4.0,0.0,0.34,0.49,0.0,0.0,1.0,0.0,18.09,14.0,14.12,2.0,0.14,0.35,0.36,0.61,0.63,0.63,182.0,12.0,34.0,27.0,109.0,15.0,28.0,19.0,120.0,57.0,39.0,29952.0,0.0,0.0,0.0,8.0,40.7,2.84,2.75,2.89,2.79,25.0,32.0,23.0,80.0,1.0,6.0,1.0,46.0,9.0,2.0,1.17,1.08,0.59,0.0,1.0,0.0,80.39,57.0,57.71,0.54,0.91,0.91,2.47,2.53,2.51,55.21,3.83,3.78,3.7,3.66,52.0,23.0,41.0,116.0,3.0,2.0,0.0,62.0,9.0,4.0,1.8,0.93,1.09,1.0,1.0,1.0,113.19,75.0,73.4,0.73,0.42,0.42,4.13,4.01,3.97,21.38,20.18,502.0,466.0,0.26,0.17,5.0,5.0,3.0,4.0,regular
8478873,2025,Troy Terry,ANA,R,5on5,44,35245.0,744.0,42.8,0.54,0.51,0.54,0.52,0.54,0.52,210.0,77.83,7.47,5.16,19.02,2.56,39.24,29.55,7.29,7.43,7.26,9.0,7.0,65.0,38.0,36.0,139.0,24.0,8.0,9.0,1.0,12.0,0.0,42.0,32.0,57.0,95.0,6.0,12.0,3.0,0.0,15.0,29.0,77.0,20.0,6.0,3.11,2.77,1.59,2.0,4.0,2.0,138.51,103.0,102.44,7.0,1.09,2.18,1.38,7.18,7.17,7.08,744.0,93.0,80.0,161.0,410.0,96.0,89.0,124.0,435.0,3.0,3.0,93334.0,12.0,12.0,6.0,9.0,333.54,26.91,25.83,26.62,25.57,291.0,169.0,166.0,626.0,34.0,37.0,3.0,371.0,63.0,26.0,11.75,7.8,7.36,22.0,8.0,4.0,619.74,460.0,455.27,4.47,7.31,7.43,23.96,23.77,23.36,293.02,23.38,22.41,23.74,22.74,264.0,131.0,146.0,541.0,33.0,27.0,4.0,305.0,69.0,21.0,9.7,8.48,5.2,18.0,13.0,2.0,552.14,395.0,402.06,4.04,4.85,4.85,22.57,22.93,22.38,69.7,67.86,1646.0,1544.0,0.73,0.98,25.0,21.0,22.0,17.0,regular
8482634,2025,Alex Steeves,BOS,C,5on5,37,23171.0,509.0,14.29,0.51,0.47,0.48,0.49,0.51,0.49,333.0,44.14,4.23,2.95,10.94,1.48,22.56,16.84,4.15,4.32,4.24,1.0,3.0,38.0,21.0,19.0,78.0,10.0,6.0,2.0,0.0,5.0,0.0,28.0,18.0,32.0,53.0,7.0,22.0,2.0,119.0,7.0,15.0,39.0,17.0,3.0,1.28,2.18,0.78,1.0,4.0,1.0,78.88,59.0,59.17,5.0,0.61,0.07,1.33,3.51,3.56,3.53,509.0,57.0,62.0,103.0,287.0,80.0,95.0,65.0,269.0,2.0,4.0,84386.0,22.0,20.0,6.0,23.0,186.58,15.28,14.87,15.52,15.11,172.0,80.0,100.0,352.0,17.0,27.0,1.0,192.0,44.0,16.0,5.73,5.6,3.95,5.0,9.0,3.0,358.3,252.0,254.8,2.47,3.41,3.41,14.34,14.53,14.31,180.6,14.8,14.25,14.75,14.2,165.0,81.0,131.0,377.0,14.0,13.0,2.0,186.0,46.0,14.0,5.24,5.59,3.97,8.0,4.0,2.0,372.85,246.0,243.82,2.46,3.13,3.13,14.13,14.04,13.83,56.89,63.68,1334.0,1386.0,1.19,0.43,29.0,11.0,24.0,10.0,regular
8479369,2025,Andrew Peeke,BOS,D,5on5,55,54098.0,1114.0,10.98,0.43,0.49,0.48,0.49,0.48,0.5,172.0,62.78,1.86,3.1,19.47,2.3,36.88,26.39,1.8,1.87,1.81,3.0,4.0,54.0,36.0,54.0,144.0,10.0,3.0,12.0,0.0,17.0,0.0,27.0,31.0,51.0,87.0,9.0,18.0,0.0,64.0,6.0,44.0,89.0,1.0,0.0,1.77,0.09,0.0,3.0,0.0,0.0,143.54,90.0,90.27,36.0,0.62,1.81,0.23,2.25,2.26,2.2,1114.0,70.0,132.0,178.0,734.0,139.0,176.0,153.0,646.0,0.0,0.0,105102.0,18.0,10.0,5.0,80.0,437.84,31.5,30.29,31.46,30.25,372.0,225.0,259.0,856.0,30.0,51.0,3.0,482.0,93.0,22.0,13.6,11.75,6.16,20.0,8.0,2.0,858.25,597.0,598.31,5.55,7.75,7.75,29.31,29.4,28.82,474.57,41.59,39.54,41.59,39.57,438.0,207.0,285.0,930.0,39.0,52.0,4.0,471.0,130.0,44.0,13.27,16.42,11.91,14.0,21.0,4.0,927.86,645.0,645.85,6.53,10.33,10.33,37.78,37.86,37.07,72.01,75.73,1653.0,1701.0,5.36,0.07,98.0,5.0,84.0,4.0,regular
8479999,2025,Casey Mittelstadt,BOS,C,5on5,46,35694.0,724.0,24.64,0.48,0.48,0.5,0.49,0.51,0.49,220.0,54.5,5.54,3.99,13.26,2.0,27.43,19.78,5.35,5.55,5.37,5.0,5.0,42.0,30.0,12.0,84.0,20.0,10.0,2.0,4.0,8.0,0.0,25.0,27.0,32.0,62.0,1.0,2.0,61.0,11.0,6.0,48.0,45.0,24.0,3.0,1.73,2.95,0.87,4.0,5.0,1.0,84.42,72.0,72.77,12.0,0.84,0.27,1.56,4.83,4.83,4.73,724.0,78.0,104.0,127.0,415.0,112.0,121.0,108.0,383.0,61.0,56.0,99434.0,2.0,16.0,8.0,15.0,295.52,23.6,22.3,23.42,22.14,262.0,142.0,138.0,542.0,31.0,39.0,6.0,316.0,70.0,18.0,9.56,9.02,5.02,21.0,9.0,1.0,541.41,404.0,403.46,3.97,6.93,6.93,20.65,20.47,19.88,289.1,25.19,24.03,25.6,24.43,259.0,133.0,153.0,545.0,25.0,35.0,1.0,287.0,80.0,25.0,8.4,10.08,6.7,14.0,9.0,2.0,550.9,392.0,397.64,4.04,7.19,7.19,22.04,22.41,21.9,66.16,72.45,1562.0,1641.0,0.13,0.7,11.0,13.0,4.0,11.0,regular
8479325,2025,Charlie McAvoy,BOS,D,5on5,44,44972.0,931.0,31.95,0.47,0.48,0.49,0.49,0.5,0.49,118.0,58.12,3.26,3.38,15.93,1.96,32.52,23.96,3.19,3.22,3.16,10.0,6.0,50.0,31.0,37.0,118.0,19.0,3.0,5.0,0.0,16.0,0.0,33.0,24.0,47.0,78.0,16.0,30.0,0.0,46.0,17.0,43.0,71.0,8.0,2.0,1.68,0.98,0.59,2.0,1.0,0.0,118.46,81.0,80.58,30.0,0.69,1.14,0.62,3.32,3.29,3.24,931.0,94.0,124.0,175.0,538.0,58.0,120.0,145.0,608.0,0.0,0.0,81439.0,30.0,16.0,8.0,59.0,383.61,32.2,30.61,32.34,30.72,345.0,176.0,202.0,723.0,41.0,42.0,6.0,397.0,92.0,32.0,11.66,11.37,9.17,18.0,16.0,7.0,726.67,521.0,521.81,5.2,8.75,9.18,28.22,28.32,27.64,392.52,35.75,34.05,35.96,34.29,327.0,200.0,218.0,745.0,32.0,55.0,3.0,380.0,108.0,39.0,11.17,13.87,10.72,16.0,13.0,3.0,745.4,527.0,527.98,5.56,11.03,11.03,30.29,30.55,29.89,49.6,54.62,1250.0,1285.0,2.52,0.45,73.0,9.0,49.0,7.0,regular
8477956,2025,David Pastrnak,BOS,R,5on5,51,47573.0,916.0,64.89,0.47,0.48,0.5,0.49,0.49,0.5,81.0,129.61,10.08,8.04,31.28,4.37,68.44,53.79,9.75,10.31,9.97,22.0,4.0,121.0,55.0,78.0,254.0,37.0,11.0,11.0,0.0,22.0,0.0,57.0,75.0,110.0,165.0,11.0,22.0,1.0,54.0,15.0,72.0,144.0,24.0,8.0,4.68,3.13,2.27,8.0,2.0,1.0,256.77,176.0,178.18,13.0,1.66,2.55,1.86,9.88,10.08,9.93,916.0,154.0,89.0,150.0,523.0,99.0,155.0,166.0,496.0,1.0,2.0,99040.0,22.0,32.0,16.0,18.0,380.4,30.97,29.82,31.36,30.19,342.0,180.0,220.0,742.0,45.0,25.0,4.0,409.0,89.0,24.0,13.01,11.16,6.8,19.0,19.0,7.0,749.75,522.0,526.49,5.08,5.4,5.87,30.18,30.58,30.05,396.96,34.29,32.67,34.28,32.68,350.0,191.0,204.0,745.0,35.0,43.0,2.0,401.0,105.0,35.0,11.57,13.21,9.51,17.0,14.0,4.0,743.35,541.0,541.16,5.43,8.18,8.18,31.55,31.64,30.99,65.03,71.45,1586.0,1645.0,0.68,1.16,18.0,37.0,14.0,28.0,regular
8477496,2025,Elias Lindholm,BOS,C,5on5,44,34199.0,711.0,27.83,0.46,0.47,0.47,0.5,0.47,0.5,239.0,54.21,4.56,3.44,13.33,1.94,28.13,21.59,4.28,4.6,4.31,5.0,6.0,44.0,29.0,29.0,102.0,16.0,5.0,7.0,0.0,4.0,0.0,28.0,29.0,39.0,68.0,11.0,22.0,291.0,27.0,5.0,25.0,53.0,16.0,4.0,1.73,1.92,0.91,1.0,3.0,1.0,101.9,73.0,73.23,5.0,0.72,1.23,1.09,4.19,4.22,4.14,711.0,125.0,95.0,118.0,373.0,57.0,121.0,112.0,421.0,291.0,251.0,93029.0,22.0,8.0,4.0,33.0,261.77,21.57,20.43,21.55,20.4,228.0,131.0,152.0,511.0,28.0,29.0,2.0,275.0,67.0,17.0,8.57,8.59,4.41,11.0,13.0,4.0,511.03,359.0,359.45,3.5,4.46,4.89,20.18,20.17,19.66,302.59,25.35,24.28,25.79,24.69,257.0,154.0,169.0,580.0,26.0,32.0,2.0,306.0,85.0,20.0,8.83,11.09,5.44,13.0,12.0,1.0,586.49,411.0,416.3,4.23,5.85,5.85,23.73,24.07,23.59,61.97,69.14,1492.0,1508.0,0.56,0.58,26.0,12.0,18.0,10.0,regular
8483489,2025,Fraser Minten,BOS,C,5on5,56,40490.0,856.0,29.45,0.51,0.46,0.5,0.49,0.5,0.49,354.0,69.25,7.8,4.8,16.12,2.29,34.97,26.03,7.42,7.82,7.45,6.0,5.0,60.0,32.0,35.0,127.0,21.0,10.0,6.0,1.0,10.0,0.0,33.0,33.0,50.0,82.0,7.0,14.0,229.0,96.0,14.0,23.0,62.0,17.0,13.0,2.35,2.13,3.32,5.0,3.0,2.0,127.55,92.0,92.16,3.0,1.02,1.17,2.61,6.21,6.28,6.18,856.0,103.0,74.0,167.0,512.0,125.0,164.0,113.0,454.0,229.0,233.0,121832.0,14.0,16.0,8.0,32.0,350.84,28.96,27.73,29.15,27.94,297.0,174.0,185.0,656.0,35.0,40.0,4.0,354.0,86.0,31.0,10.25,10.65,8.06,20.0,11.0,4.0,659.65,471.0,473.1,4.71,7.12,7.12,26.54,26.75,26.31,340.58,28.35,26.85,28.13,26.68,304.0,160.0,195.0,659.0,21.0,47.0,3.0,349.0,86.0,29.0,9.71,10.9,7.75,9.0,10.0,2.0,654.59,464.0,460.92,4.69,9.01,9.01,24.03,23.89,23.45,77.39,90.31,1897.0,2013.0,0.54,1.43,20.0,28.0,14.0,24.0,regular
8483567,2025,Georgii Merkulov,BOS,C,5on5,1,635.0,14.0,-0.35,0.56,0.45,0.41,0.51,0.39,0.44,12.0,0.79,0.01,0.03,0.3,0.03,0.3,0.33,0.01,0.01,0.01,0.0,0.0,0.0,1.0,0.0,1.0,0.0,0.0,0.0,0.0,0.0,0.0,0.0,1.0,0.0,1.0,0.0,0.0,0.0,0.0,0.0,0.0,1.0,0.0,0.0,0.01,0.0,0.0,0.0,0.0,0.0,0.92,1.0,0.92,0.0,0.01,0.0,0.0,0.02,0.02,0.02,14.0,2.0,0.0,2.0,10.0,2.0,4.0,1.0,7.0,0.0,0.0,2576.0,0.0,0.0,0.0,0.0,5.4,0.6,0.55,0.54,0.49,3.0,4.0,2.0,9.0,0.0,1.0,0.0,5.0,1.0,1.0,0.18,0.11,0.31,0.0,0.0,0.0,7.81,7.0,6.21,0.07,0.31,0.31,0.36,0.32,0.3,7.76,0.48,0.47,0.53,0.52,7.0,4.0,2.0,13.0,1.0,0.0,0.0,9.0,2.0,0.0,0.24,0.23,0.0,1.0,0.0,0.0,14.69,11.0,12.28,0.1,0.0,0.0,0.58,0.64,0.64,1.7,2.04,41.0,39.0,0.0,0.01,0.0,2.0,0.0,2.0,regular
8476854,2025,Hampus Lindholm,BOS,D,5on5,42,41673.0,871.0,17.25,0.51,0.44,0.5,0.46,0.51,0.46,131.0,48.66,1.86,2.48,15.11,1.64,26.33,19.58,1.82,1.9,1.86,7.0,1.0,48.0,19.0,46.0,113.0,11.0,3.0,4.0,1.0,13.0,0.0,22.0,25.0,45.0,64.0,14.0,30.0,0.0,3.0,10.0,36.0,66.0,0.0,1.0,1.66,0.0,0.2,3.0,0.0,0.0,114.05,67.0,68.31,24.0,0.5,0.73,0.13,2.24,2.28,2.25,871.0,65.0,114.0,158.0,534.0,81.0,118.0,131.0,541.0,0.0,0.0,80436.0,30.0,14.0,7.0,54.0,344.04,28.18,27.06,28.67,27.52,294.0,174.0,181.0,649.0,26.0,38.0,3.0,365.0,74.0,29.0,10.4,9.48,8.3,15.0,6.0,5.0,651.75,468.0,471.43,4.64,7.49,7.49,25.34,25.77,25.15,330.02,27.18,25.93,27.16,25.93,305.0,143.0,192.0,640.0,37.0,29.0,3.0,335.0,87.0,26.0,9.69,10.59,6.9,21.0,11.0,5.0,637.95,448.0,446.86,4.44,5.84,5.84,25.77,25.77,25.22,48.88,61.84,1184.0,1366.0,2.26,0.52,53.0,21.0,45.0,17.0,regular
8480035,2025,Henri Jokiharju,BOS,D,5on5,33,31450.0,663.0,10.1,0.5,0.47,0.51,0.49,0.52,0.49,124.0,31.77,0.92,1.74,9.75,1.18,18.85,13.56,0.9,0.92,0.9,4.0,3.0,23.0,23.0,31.0,77.0,7.0,0.0,4.0,0.0,11.0,0.0,20.0,11.0,23.0,46.0,6.0,12.0,0.0,17.0,5.0,38.0,46.0,0.0,0.0,0.92,0.0,0.0,0.0,0.0,0.0,76.39,46.0,45.99,33.0,0.35,0.74,0.18,1.1,1.1,1.07,663.0,44.0,79.0,116.0,424.0,80.0,99.0,87.0,397.0,0.0,0.0,64492.0,12.0,4.0,2.0,22.0,279.94,22.47,21.65,22.44,21.64,250.0,130.0,141.0,521.0,29.0,34.0,5.0,298.0,59.0,23.0,8.79,7.63,6.05,14.0,11.0,4.0,520.12,380.0,380.01,3.78,5.77,5.77,20.48,20.51,20.18,259.17,22.36,21.47,22.35,21.47,238.0,118.0,151.0,507.0,24.0,33.0,1.0,260.0,72.0,24.0,7.37,8.51,6.48,13.0,9.0,2.0,507.61,356.0,357.12,3.64,6.26,6.26,19.74,19.81,19.48,41.06,45.48,1043.0,1084.0,2.19,0.3,52.0,10.0,43.0,9.0,regular
8481219,2025,Jonathan Aspirot,BOS,D,5on5,36,32801.0,712.0,9.12,0.48,0.47,0.49,0.49,0.48,0.49,155.0,28.35,1.21,1.47,8.48,0.91,16.71,12.23,1.15,1.3,1.23,0.0,4.0,22.0,19.0,21.0,62.0,6.0,2.0,5.0,1.0,8.0,0.0,16.0,10.0,20.0,39.0,10.0,26.0,0.0,56.0,6.0,28.0,40.0,0.0,1.0,0.75,0.0,0.46,1.0,0.0,1.0,63.27,41.0,41.93,26.0,0.3,0.54,0.46,1.04,1.07,1.05,712.0,45.0,86.0,124.0,457.0,90.0,113.0,90.0,419.0,0.0,0.0,73561.0,26.0,14.0,4.0,40.0,265.56,22.61,21.51,23.01,21.91,236.0,124.0,150.0,510.0,34.0,31.0,2.0,277.0,56.0,27.0,8.2,7.03,7.36,15.0,13.0,6.0,524.93,360.0,367.33,3.56,6.52,6.52,19.65,20.04,19.72,283.98,24.06,23.07,23.89,22.9,243.0,146.0,144.0,533.0,14.0,40.0,1.0,290.0,76.0,23.0,8.5,9.36,6.2,5.0,8.0,1.0,526.88,389.0,384.44,4.1,6.76,6.76,21.39,21.26,20.88,48.7,55.03,1138.0,1197.0,3.17,0.35,61.0,5.0,50.0,5.0,regular
8480887,2025,Jordan Harris,BOS,D,5on5,5,4016.0,87.0,3.23,0.53,0.4,0.57,0.48,0.58,0.48,24.0,7.05,0.27,0.37,2.0,0.25,3.86,3.25,0.26,0.25,0.25,1.0,0.0,8.0,2.0,1.0,11.0,2.0,1.0,1.0,0.0,1.0,0.0,4.0,3.0,7.0,9.0,0.0,0.0,0.0,2.0,1.0,5.0,10.0,0.0,0.0,0.27,0.0,0.0,1.0,0.0,0.0,10.2,10.0,9.35,2.0,0.07,0.26,0.09,0.25,0.24,0.23,87.0,7.0,5.0,15.0,60.0,19.0,14.0,10.0,44.0,0.0,0.0,9210.0,0.0,0.0,0.0,2.0,42.54,2.92,2.88,2.81,2.76,36.0,21.0,20.0,77.0,3.0,6.0,0.0,47.0,8.0,2.0,1.3,1.13,0.49,3.0,0.0,0.0,73.63,57.0,54.25,0.55,0.83,0.59,2.89,2.79,2.75,31.33,2.55,2.48,2.66,2.6,27.0,15.0,16.0,58.0,3.0,4.0,1.0,31.0,9.0,2.0,0.83,1.23,0.49,0.0,3.0,0.0,60.44,42.0,43.93,0.42,0.55,0.55,2.42,2.52,2.5,5.09,7.67,151.0,163.0,0.44,0.0,8.0,0.0,7.0,0.0,regular
8482177,2025,Marat Khusnutdinov,BOS,C,5on5,51,37119.0,775.0,22.83,0.45,0.48,0.48,0.49,0.48,0.5,321.0,50.2,5.35,3.6,11.51,1.75,26.59,20.2,5.2,5.4,5.25,4.0,7.0,45.0,24.0,16.0,85.0,19.0,8.0,3.0,0.0,7.0,0.0,26.0,25.0,37.0,61.0,6.0,12.0,33.0,25.0,13.0,27.0,42.0,24.0,3.0,1.59,2.96,0.79,2.0,5.0,1.0,86.09,69.0,69.82,11.0,0.77,0.37,0.87,5.24,5.33,5.21,775.0,98.0,77.0,125.0,475.0,110.0,137.0,112.0,416.0,33.0,47.0,111006.0,12.0,22.0,11.0,25.0,291.21,22.8,22.21,23.09,22.51,255.0,142.0,164.0,561.0,31.0,24.0,2.0,310.0,68.0,19.0,9.28,8.09,5.44,14.0,13.0,4.0,568.8,397.0,402.17,3.86,4.83,4.83,21.82,22.24,21.86,319.2,27.53,25.94,27.53,25.96,276.0,156.0,164.0,596.0,22.0,39.0,1.0,322.0,77.0,33.0,9.17,9.45,8.91,10.0,10.0,2.0,592.21,432.0,430.77,4.41,7.82,7.82,24.12,24.12,23.72,73.38,79.48,1749.0,1792.0,0.9,0.44,27.0,13.0,21.0,11.0,regular
8480355,2025,Mark Kastelic,BOS,C,5on5,56,36067.0,815.0,16.68,0.46,0.48,0.47,0.49,0.47,0.5,464.0,76.43,8.29,5.24,19.09,2.64,36.51,28.23,7.98,8.38,8.07,5.0,1.0,59.0,41.0,30.0,130.0,12.0,6.0,12.0,1.0,10.0,0.0,39.0,33.0,53.0,94.0,23.0,64.0,167.0,153.0,14.0,25.0,64.0,24.0,12.0,1.81,3.12,3.35,2.0,2.0,2.0,130.25,100.0,99.98,10.0,1.12,2.5,2.22,7.19,7.29,7.15,815.0,77.0,122.0,180.0,436.0,127.0,118.0,112.0,458.0,167.0,105.0,126255.0,64.0,56.0,19.0,38.0,287.34,23.22,22.26,23.38,22.42,237.0,151.0,173.0,561.0,22.0,37.0,1.0,297.0,65.0,26.0,7.59,8.4,7.22,14.0,6.0,2.0,563.87,388.0,389.68,3.75,6.42,6.37,20.59,20.8,20.5,316.82,27.21,26.17,26.88,25.87,277.0,158.0,186.0,621.0,18.0,43.0,2.0,329.0,80.0,26.0,9.87,10.23,7.12,9.0,8.0,1.0,613.94,435.0,429.48,4.45,7.79,7.79,23.88,23.71,23.31,83.13,91.46,1992.0,2051.0,1.07,0.43,22.0,15.0,17.0,13.0,regular
8482511,2025,Mason Lohrei,BOS,D,5on5,51,45284.0,960.0,17.8,0.44,0.49,0.47,0.5,0.46,0.5,235.0,45.19,2.11,2.63,12.96,1.47,25.4,18.42,2.01,2.09,2.0,8.0,5.0,38.0,25.0,47.0,110.0,17.0,4.0,3.0,0.0,6.0,0.0,28.0,22.0,34.0,59.0,6.0,12.0,0.0,26.0,10.0,58.0,57.0,5.0,1.0,1.32,0.54,0.25,4.0,0.0,0.0,110.96,63.0,63.72,39.0,0.54,0.63,0.35,2.3,2.31,2.21,960.0,91.0,83.0,162.0,624.0,96.0,184.0,123.0,557.0,0.0,0.0,102010.0,12.0,6.0,3.0,60.0,361.0,27.11,26.13,27.15,26.18,324.0,166.0,215.0,705.0,30.0,40.0,2.0,387.0,83.0,20.0,11.58,10.0,5.53,21.0,8.0,1.0,709.87,490.0,492.4,4.76,6.35,6.6,25.27,25.37,24.85,416.54,33.83,32.4,34.2,32.73,354.0,214.0,237.0,805.0,24.0,50.0,3.0,433.0,107.0,28.0,12.16,14.15,7.53,12.0,11.0,1.0,807.67,568.0,571.44,5.65,8.95,8.95,30.54,30.69,30.15,70.93,74.94,1637.0,1641.0,2.01,0.24,60.0,10.0,45.0,8.0,regular
8481712,2025,Matj  Blmel,BOS,R,5on5,4,2218.0,43.0,-0.31,0.38,0.37,0.44,0.44,0.47,0.44,34.0,3.02,0.23,0.17,0.67,0.09,1.63,1.21,0.23,0.24,0.23,0.0,0.0,2.0,2.0,4.0,8.0,0.0,0.0,0.0,0.0,0.0,0.0,4.0,0.0,2.0,4.0,0.0,0.0,0.0,2.0,0.0,2.0,3.0,1.0,0.0,0.1,0.13,0.0,0.0,0.0,0.0,7.96,4.0,3.98,1.0,0.04,0.0,0.0,0.27,0.27,0.27,43.0,5.0,9.0,6.0,23.0,5.0,7.0,8.0,23.0,0.0,1.0,9428.0,0.0,0.0,0.0,2.0,16.72,1.01,1.0,1.01,1.0,18.0,5.0,7.0,30.0,0.0,1.0,0.0,20.0,3.0,0.0,0.66,0.35,0.0,0.0,0.0,0.0,29.59,23.0,22.55,0.21,0.08,0.08,1.14,1.14,1.14,19.2,1.65,1.59,1.64,1.59,16.0,10.0,12.0,38.0,2.0,1.0,1.0,20.0,5.0,1.0,0.61,0.73,0.32,0.0,1.0,1.0,38.46,26.0,26.5,0.25,0.32,0.32,1.59,1.58,1.55,4.83,8.08,155.0,196.0,0.05,0.08,2.0,2.0,2.0,2.0,regular
8483505,2025,Matthew Poitras,BOS,C,5on5,2,1345.0,31.0,2.13,0.51,0.52,0.61,0.47,0.56,0.46,16.0,5.55,0.49,0.39,1.08,0.16,2.57,2.31,0.46,0.51,0.49,0.0,0.0,7.0,0.0,0.0,7.0,1.0,1.0,1.0,0.0,2.0,0.0,2.0,1.0,6.0,6.0,1.0,2.0,4.0,0.0,0.0,0.0,6.0,0.0,1.0,0.28,0.0,0.21,1.0,0.0,0.0,7.8,7.0,7.56,0.0,0.08,0.21,0.21,0.36,0.38,0.36,31.0,3.0,3.0,9.0,16.0,6.0,5.0,7.0,13.0,4.0,8.0,4766.0,2.0,4.0,2.0,1.0,13.9,1.09,1.05,1.13,1.1,16.0,3.0,8.0,27.0,1.0,1.0,0.0,14.0,4.0,1.0,0.46,0.42,0.21,1.0,0.0,0.0,29.79,19.0,20.33,0.21,0.21,0.21,1.09,1.14,1.11,11.5,1.03,1.02,0.99,0.98,11.0,4.0,2.0,17.0,0.0,1.0,0.0,11.0,2.0,2.0,0.23,0.19,0.61,0.0,0.0,0.0,15.56,15.0,14.16,0.14,0.36,0.36,0.81,0.77,0.76,3.63,3.37,66.0,73.0,0.0,0.08,0.0,1.0,0.0,1.0,regular
8480828,2025,Michael Callahan,BOS,D,5on5,5,3513.0,81.0,1.27,0.6,0.42,0.58,0.48,0.65,0.47,29.0,2.81,0.12,0.14,0.85,0.1,1.59,1.2,0.12,0.12,0.12,0.0,0.0,3.0,1.0,0.0,4.0,0.0,0.0,0.0,0.0,3.0,0.0,1.0,0.0,3.0,4.0,0.0,0.0,0.0,2.0,2.0,3.0,4.0,0.0,0.0,0.12,0.0,0.0,0.0,0.0,0.0,3.72,4.0,3.8,2.0,0.03,0.0,0.0,0.15,0.15,0.15,81.0,3.0,10.0,15.0,53.0,16.0,10.0,11.0,44.0,0.0,0.0,11534.0,0.0,0.0,0.0,8.0,33.49,2.52,2.36,2.46,2.31,34.0,11.0,11.0,56.0,3.0,4.0,0.0,34.0,9.0,2.0,0.83,1.1,0.59,1.0,2.0,0.0,54.37,45.0,44.16,0.43,0.77,0.77,2.18,2.14,2.11,18.13,1.7,1.66,1.77,1.73,18.0,6.0,17.0,41.0,4.0,1.0,0.0,16.0,7.0,1.0,0.61,0.88,0.21,1.0,3.0,0.0,41.94,24.0,24.46,0.26,0.09,0.09,1.87,1.95,1.9,7.73,10.47,199.0,218.0,0.65,0.04,6.0,1.0,5.0,1.0,regular
8479591,2025,Michael Eyssimont,BOS,C,5on5,43,25921.0,583.0,17.04,0.46,0.45,0.51,0.47,0.5,0.47,415.0,73.95,4.28,5.15,18.4,2.47,39.74,29.96,4.21,4.2,4.13,2.0,3.0,74.0,26.0,31.0,131.0,10.0,5.0,9.0,0.0,17.0,0.0,41.0,28.0,69.0,95.0,11.0,25.0,2.0,31.0,1.0,30.0,87.0,11.0,2.0,2.51,1.24,0.53,2.0,3.0,0.0,129.37,100.0,98.33,14.0,1.05,1.55,0.72,4.61,4.55,4.5,583.0,62.0,73.0,108.0,340.0,101.0,86.0,86.0,310.0,2.0,3.0,97851.0,25.0,29.0,13.0,12.0,240.53,16.29,15.77,16.28,15.76,218.0,106.0,133.0,457.0,16.0,29.0,3.0,265.0,43.0,16.0,7.04,4.77,4.49,7.0,5.0,4.0,453.31,324.0,320.88,3.23,5.04,5.04,14.49,14.42,14.17,239.07,18.87,18.11,19.03,18.26,209.0,120.0,117.0,446.0,20.0,28.0,2.0,256.0,58.0,15.0,7.54,7.22,4.11,13.0,6.0,1.0,449.21,329.0,331.47,3.23,5.05,5.05,17.05,17.18,16.78,60.44,74.13,1468.0,1639.0,0.09,0.47,5.0,23.0,4.0,13.0,regular
8479987,2025,Morgan Geekie,BOS,C,5on5,55,44900.0,915.0,47.69,0.48,0.47,0.49,0.49,0.48,0.5,214.0,86.1,9.22,5.99,19.68,2.8,45.15,34.16,8.95,9.15,8.87,5.0,5.0,81.0,36.0,38.0,155.0,28.0,18.0,6.0,2.0,16.0,0.0,34.0,43.0,63.0,99.0,6.0,12.0,44.0,82.0,13.0,40.0,79.0,29.0,9.0,2.86,3.58,2.78,8.0,7.0,3.0,155.19,117.0,117.14,10.0,1.26,0.49,1.72,8.77,8.77,8.5,915.0,139.0,90.0,162.0,524.0,96.0,159.0,171.0,489.0,44.0,53.0,114790.0,12.0,30.0,15.0,17.0,353.51,28.84,27.69,29.04,27.87,314.0,169.0,208.0,691.0,35.0,36.0,3.0,374.0,85.0,24.0,11.34,10.6,6.9,16.0,14.0,5.0,693.23,483.0,484.86,4.65,6.07,6.26,27.23,27.45,26.78,381.08,31.84,30.76,32.24,31.15,339.0,180.0,212.0,731.0,29.0,45.0,4.0,385.0,108.0,26.0,11.12,13.53,7.18,10.0,16.0,3.0,735.14,519.0,522.51,5.34,7.82,7.82,29.36,29.64,29.08,75.88,84.24,1823.0,1883.0,0.54,0.84,16.0,24.0,13.0,21.0,regular
8477507,2025,Nikita Zadorov,BOS,D,5on5,55,58119.0,1196.0,17.3,0.46,0.48,0.49,0.49,0.49,0.49,130.0,62.18,2.25,3.21,18.48,2.0,35.43,25.63,2.19,2.24,2.18,7.0,6.0,56.0,31.0,63.0,150.0,14.0,1.0,6.0,0.0,17.0,0.0,32.0,31.0,55.0,86.0,34.0,77.0,0.0,114.0,21.0,60.0,83.0,4.0,0.0,1.77,0.48,0.0,1.0,0.0,0.0,150.48,87.0,86.36,46.0,0.66,0.7,0.09,2.81,2.8,2.73,1196.0,89.0,151.0,207.0,749.0,148.0,174.0,163.0,711.0,0.0,0.0,100959.0,77.0,43.0,17.0,63.0,486.77,38.3,36.56,38.37,36.64,435.0,224.0,256.0,915.0,46.0,56.0,6.0,513.0,113.0,33.0,15.22,14.12,8.97,22.0,19.0,5.0,917.43,659.0,659.45,6.47,8.81,9.06,35.7,35.79,35.02,511.16,44.55,42.47,44.25,42.21,457.0,242.0,264.0,963.0,29.0,72.0,2.0,514.0,142.0,43.0,15.05,17.24,12.28,15.0,12.0,2.0,958.04,699.0,696.71,7.27,13.89,13.89,37.94,37.87,37.17,66.15,72.3,1595.0,1671.0,4.15,0.24,97.0,11.0,72.0,7.0,regular
8478401,2025,Pavel Zacha,BOS,C,5on5,54,40066.0,832.0,30.56,0.47,0.47,0.49,0.49,0.5,0.49,327.0,61.63,6.67,4.23,15.08,2.15,31.38,24.49,5.92,6.69,5.94,6.0,4.0,62.0,22.0,13.0,97.0,17.0,7.0,12.0,0.0,12.0,0.0,18.0,35.0,55.0,77.0,11.0,22.0,257.0,36.0,10.0,32.0,60.0,17.0,7.0,2.36,2.22,2.08,5.0,2.0,0.0,98.06,84.0,84.07,7.0,0.89,2.57,2.52,5.03,5.01,4.83,832.0,86.0,122.0,153.0,471.0,107.0,121.0,130.0,474.0,257.0,223.0,116014.0,22.0,10.0,5.0,15.0,333.93,26.16,24.34,26.17,24.37,301.0,155.0,155.0,611.0,30.0,39.0,5.0,364.0,72.0,20.0,10.81,9.34,6.01,18.0,11.0,1.0,612.59,456.0,457.02,4.34,7.76,8.19,22.31,22.32,21.7,333.12,29.81,28.34,29.96,28.5,301.0,151.0,187.0,639.0,30.0,39.0,2.0,325.0,96.0,31.0,9.51,12.06,8.24,13.0,13.0,4.0,639.26,452.0,453.78,4.64,7.9,7.9,26.56,26.75,26.19,75.46,84.83,1849.0,1934.0,1.12,0.58,25.0,13.0,21.0,9.0,regular
8479362,2025,Riley Tufte,BOS,L,5on5,4,2493.0,50.0,0.25,0.47,0.44,0.43,0.49,0.49,0.47,36.0,3.82,0.14,0.22,0.79,0.1,1.94,1.81,0.14,0.15,0.15,0.0,0.0,2.0,3.0,0.0,5.0,0.0,0.0,0.0,0.0,1.0,0.0,0.0,4.0,2.0,5.0,0.0,0.0,0.0,7.0,0.0,1.0,4.0,1.0,0.0,0.05,0.09,0.0,0.0,0.0,0.0,5.04,5.0,5.03,0.0,0.04,0.0,0.0,0.18,0.19,0.19,50.0,1.0,6.0,7.0,36.0,11.0,4.0,8.0,27.0,0.0,0.0,9188.0,0.0,0.0,0.0,1.0,28.49,1.75,1.64,1.66,1.55,28.0,10.0,7.0,45.0,0.0,4.0,0.0,33.0,2.0,3.0,0.82,0.2,0.73,0.0,0.0,0.0,42.97,38.0,36.42,0.36,0.84,0.84,1.27,1.23,1.21,28.91,1.94,1.89,2.08,2.03,19.0,21.0,19.0,59.0,1.0,2.0,0.0,30.0,9.0,1.0,0.7,1.03,0.22,0.0,1.0,0.0,63.48,40.0,42.78,0.4,0.29,0.29,2.05,2.19,2.15,5.11,6.61,144.0,148.0,0.16,0.0,5.0,0.0,4.0,0.0,regular
8476374,2025,Sean Kuraly,BOS,C,5on5,56,35732.0,754.0,17.07,0.46,0.48,0.5,0.49,0.5,0.49,454.0,75.13,5.93,4.46,19.65,2.43,36.72,29.81,5.67,5.85,5.61,7.0,4.0,64.0,35.0,25.0,124.0,14.0,3.0,16.0,0.0,15.0,0.0,34.0,31.0,61.0,96.0,6.0,12.0,188.0,60.0,8.0,35.0,77.0,15.0,7.0,2.08,2.05,1.8,3.0,0.0,0.0,123.67,99.0,98.23,6.0,0.93,2.06,2.4,4.46,4.47,4.38,754.0,49.0,118.0,141.0,446.0,131.0,94.0,111.0,418.0,188.0,184.0,126590.0,12.0,6.0,3.0,22.0,310.38,23.28,22.57,23.33,22.63,277.0,145.0,184.0,606.0,23.0,43.0,2.0,342.0,55.0,25.0,9.07,6.98,7.23,14.0,5.0,4.0,607.87,422.0,421.96,4.05,6.92,6.92,20.42,20.48,20.13,306.49,27.22,26.06,27.17,26.02,265.0,154.0,193.0,612.0,24.0,44.0,1.0,309.0,81.0,29.0,9.17,10.1,7.95,13.0,10.0,1.0,610.29,419.0,418.24,4.39,7.82,7.82,23.78,23.75,23.29,83.07,91.45,1947.0,2060.0,0.4,0.92,9.0,23.0,8.0,16.0,regular
8479661,2025,Tanner Jeannot,BOS,L,5on5,52,35762.0,762.0,17.38,0.48,0.48,0.49,0.49,0.48,0.5,379.0,65.43,7.68,4.75,15.67,2.26,31.99,23.65,7.27,7.73,7.33,6.0,6.0,56.0,30.0,42.0,128.0,18.0,6.0,7.0,2.0,10.0,1.0,37.0,25.0,50.0,80.0,14.0,43.0,6.0,157.0,2.0,34.0,49.0,29.0,8.0,1.75,3.49,2.44,2.0,2.0,2.0,129.36,86.0,86.74,14.0,1.01,1.54,2.31,6.38,6.41,6.32,762.0,71.0,93.0,173.0,425.0,123.0,137.0,108.0,394.0,6.0,6.0,115160.0,43.0,33.0,9.0,33.0,303.81,25.17,24.05,25.22,24.11,253.0,155.0,175.0,583.0,24.0,38.0,3.0,310.0,72.0,26.0,8.56,9.17,7.44,13.0,7.0,4.0,584.75,408.0,408.89,4.06,6.93,6.93,22.29,22.4,22.06,325.77,26.74,25.67,26.61,25.56,291.0,153.0,174.0,618.0,22.0,52.0,3.0,327.0,98.0,19.0,9.52,12.3,4.92,10.0,11.0,1.0,615.12,444.0,441.28,4.56,8.36,8.36,22.93,22.86,22.46,75.29,82.34,1811.0,1877.0,0.73,0.72,25.0,15.0,19.0,12.0,regular
8481599,2025,Victor Soderstrom,BOS,D,5on5,8,6508.0,132.0,0.75,0.43,0.54,0.43,0.52,0.44,0.53,47.0,7.52,0.2,0.34,2.64,0.28,4.44,3.09,0.2,0.2,0.19,0.0,1.0,8.0,3.0,4.0,15.0,1.0,0.0,1.0,0.0,3.0,0.0,3.0,4.0,8.0,11.0,0.0,0.0,0.0,1.0,2.0,11.0,11.0,0.0,0.0,0.2,0.0,0.0,0.0,0.0,0.0,14.86,11.0,10.87,8.0,0.07,0.19,0.03,0.24,0.24,0.23,132.0,17.0,11.0,19.0,85.0,11.0,24.0,15.0,82.0,0.0,0.0,17609.0,0.0,0.0,0.0,10.0,47.33,3.85,3.74,3.81,3.71,40.0,25.0,27.0,92.0,6.0,6.0,1.0,49.0,13.0,3.0,1.43,1.73,0.69,3.0,3.0,0.0,90.61,65.0,64.43,0.62,0.89,0.89,3.59,3.55,3.51,60.11,5.01,4.66,5.29,4.91,46.0,37.0,39.0,122.0,2.0,11.0,0.0,63.0,16.0,4.0,1.89,2.16,0.96,2.0,0.0,0.0,125.55,83.0,85.11,0.87,1.89,1.89,3.99,4.16,4.04,13.31,11.26,292.0,268.0,0.15,0.15,7.0,3.0,6.0,2.0,regular
8478042,2025,Viktor Arvidsson,BOS,L,5on5,44,31580.0,672.0,31.25,0.48,0.47,0.49,0.48,0.5,0.48,299.0,111.31,9.37,7.46,27.69,3.85,56.34,44.28,8.8,9.37,8.8,5.0,6.0,96.0,53.0,48.0,197.0,21.0,10.0,19.0,2.0,19.0,1.0,47.0,53.0,86.0,139.0,5.0,12.0,3.0,16.0,8.0,27.0,112.0,28.0,9.0,3.12,3.82,2.44,6.0,4.0,0.0,200.55,149.0,150.83,7.0,1.55,3.75,3.4,7.53,7.57,7.39,672.0,75.0,98.0,131.0,368.0,108.0,108.0,92.0,364.0,3.0,2.0,95651.0,12.0,22.0,11.0,23.0,275.56,22.37,21.01,22.41,21.06,252.0,122.0,131.0,505.0,30.0,42.0,6.0,293.0,61.0,20.0,8.88,7.92,5.58,21.0,7.0,2.0,510.87,374.0,377.12,3.71,7.57,7.57,18.51,18.56,17.99,270.92,24.5,23.22,24.5,23.25,239.0,129.0,153.0,521.0,16.0,31.0,1.0,264.0,77.0,27.0,7.23,9.63,7.63,7.0,7.0,2.0,517.87,368.0,367.25,3.86,6.74,6.74,21.62,21.69,21.23,62.67,69.63,1487.0,1584.0,0.41,0.71,15.0,11.0,10.0,10.0,regular
8481609,2025,Vladislav Kolyachonok,BOS,D,5on5,13,9524.0,208.0,3.4,0.54,0.43,0.48,0.45,0.47,0.45,71.0,12.05,0.63,0.63,3.29,0.39,6.93,5.12,0.61,0.63,0.6,0.0,2.0,11.0,6.0,6.0,23.0,3.0,1.0,0.0,0.0,5.0,0.0,6.0,5.0,10.0,16.0,2.0,4.0,0.0,5.0,2.0,4.0,14.0,3.0,0.0,0.27,0.36,0.0,1.0,0.0,0.0,23.57,17.0,17.33,4.0,0.13,0.0,0.18,0.58,0.57,0.56,208.0,15.0,17.0,24.0,152.0,26.0,28.0,19.0,135.0,0.0,0.0,28405.0,4.0,6.0,3.0,13.0,68.81,6.4,6.23,6.52,6.35,62.0,30.0,46.0,138.0,5.0,7.0,2.0,63.0,24.0,5.0,1.84,3.09,1.47,2.0,1.0,2.0,142.0,92.0,93.99,0.96,1.43,1.43,5.92,6.04,5.97,76.06,5.4,5.29,5.24,5.14,68.0,37.0,42.0,147.0,3.0,6.0,1.0,85.0,16.0,4.0,2.11,2.03,1.25,2.0,0.0,1.0,144.93,105.0,103.48,0.93,1.37,1.37,4.96,4.82,4.79,16.33,21.25,374.0,449.0,0.45,0.09,10.0,2.0,7.0,2.0,regular
8477949,2025,Alex Tuch,BUF,R,5on5,55,46310.0,1021.0,47.9,0.53,0.49,0.5,0.47,0.51,0.48,218.0,120.71,10.15,8.07,29.16,3.84,64.06,46.72,9.71,10.1,9.67,9.0,12.0,93.0,69.0,34.0,196.0,35.0,14.0,12.0,3.0,16.0,0.0,57.0,63.0,79.0,148.0,11.0,25.0,23.0,46.0,21.0,40.0,125.0,28.0,9.0,3.79,3.24,3.11,8.0,5.0,1.0,196.75,162.0,161.75,13.0,1.69,1.86,2.79,9.05,8.99,8.89,1021.0,162.0,126.0,202.0,531.0,149.0,139.0,169.0,564.0,23.0,23.0,115970.0,25.0,13.0,5.0,40.0,420.09,35.52,34.18,35.5,34.16,357.0,214.0,202.0,773.0,47.0,43.0,7.0,442.0,93.0,36.0,13.45,11.36,10.71,27.0,13.0,7.0,773.74,571.0,570.73,5.73,8.9,8.9,32.35,32.4,31.94,405.52,32.09,30.84,32.16,30.91,367.0,185.0,211.0,763.0,31.0,47.0,8.0,431.0,94.0,27.0,13.07,11.43,7.59,15.0,10.0,6.0,759.56,552.0,551.8,5.34,8.89,8.89,28.53,28.46,27.91,78.05,81.69,1699.0,1886.0,1.28,1.08,30.0,28.0,24.0,25.0,regular
8479359,2025,Beck Malenstyn,BUF,L,5on5,55,30944.0,744.0,5.04,0.43,0.51,0.43,0.49,0.44,0.49,566.0,46.44,4.45,3.31,10.82,1.58,24.69,18.17,4.38,4.4,4.34,3.0,0.0,44.0,19.0,14.0,77.0,6.0,3.0,8.0,1.0,9.0,0.0,22.0,21.0,41.0,60.0,4.0,8.0,3.0,186.0,6.0,26.0,44.0,13.0,6.0,1.38,1.53,1.54,1.0,1.0,1.0,76.63,63.0,62.17,12.0,0.7,1.96,1.34,3.8,3.78,3.76,744.0,38.0,111.0,175.0,420.0,128.0,118.0,91.0,407.0,3.0,4.0,131258.0,8.0,16.0,8.0,41.0,205.69,14.94,14.59,14.94,14.59,200.0,85.0,107.0,392.0,12.0,24.0,2.0,229.0,43.0,13.0,5.72,5.47,3.75,7.0,3.0,2.0,395.08,285.0,284.97,2.68,4.97,4.97,12.65,12.73,12.57,260.99,20.2,19.35,20.08,19.25,214.0,145.0,165.0,524.0,19.0,30.0,3.0,283.0,59.0,17.0,7.85,7.71,4.63,8.0,8.0,3.0,516.68,359.0,356.02,3.48,5.03,5.03,18.65,18.52,18.04,96.08,93.46,2055.0,2137.0,0.74,1.35,16.0,28.0,11.0,21.0,regular
8481524,2025,Bowen Byram,BUF,D,5on5,56,61932.0,1223.0,20.35,0.48,0.51,0.47,0.49,0.48,0.49,156.0,73.98,5.31,4.43,20.98,2.26,39.08,28.94,5.12,5.33,5.15,8.0,4.0,55.0,46.0,27.0,128.0,20.0,8.0,2.0,1.0,12.0,0.0,32.0,47.0,47.0,93.0,12.0,24.0,0.0,27.0,9.0,59.0,83.0,12.0,6.0,2.13,1.47,1.7,6.0,1.0,1.0,129.24,101.0,101.8,33.0,0.91,0.8,1.52,4.69,4.76,4.68,1223.0,103.0,159.0,220.0,741.0,164.0,175.0,199.0,685.0,0.0,0.0,103269.0,24.0,20.0,10.0,58.0,495.58,41.7,40.2,41.85,40.37,447.0,231.0,220.0,898.0,49.0,47.0,5.0,523.0,117.0,38.0,15.66,14.0,12.03,24.0,20.0,5.0,902.78,678.0,680.28,6.61,10.58,11.12,37.19,37.45,36.73,543.46,45.14,43.21,45.13,43.2,482.0,258.0,279.0,1019.0,48.0,57.0,8.0,562.0,131.0,47.0,16.32,16.01,12.82,24.0,15.0,9.0,1009.92,740.0,736.62,7.35,11.54,11.54,40.97,40.8,39.98,73.15,71.36,1607.0,1694.0,4.19,0.42,92.0,15.0,61.0,12.0,regular
8479982,2025,Conor Timmins,BUF,D,5on5,33,31131.0,692.0,1.62,0.46,0.54,0.44,0.52,0.45,0.51,140.0,37.24,1.06,1.95,11.57,1.29,22.21,15.92,1.01,1.06,1.01,1.0,5.0,32.0,22.0,34.0,88.0,6.0,0.0,6.0,0.0,11.0,0.0,23.0,14.0,32.0,54.0,7.0,14.0,0.0,23.0,5.0,36.0,53.0,1.0,0.0,0.97,0.09,0.0,0.0,0.0,0.0,87.34,54.0,53.51,27.0,0.4,1.46,0.06,1.4,1.39,1.33,692.0,60.0,88.0,120.0,424.0,73.0,72.0,105.0,442.0,0.0,0.0,65111.0,14.0,12.0,6.0,48.0,242.09,20.32,19.48,20.09,19.27,210.0,120.0,107.0,437.0,20.0,33.0,5.0,250.0,58.0,22.0,7.01,6.83,6.48,7.0,7.0,6.0,434.19,330.0,327.39,3.35,7.33,7.19,16.47,16.41,16.05,293.64,24.33,23.62,24.49,23.78,259.0,140.0,158.0,557.0,30.0,31.0,7.0,304.0,69.0,26.0,8.47,8.36,7.51,8.0,14.0,8.0,559.9,399.0,402.18,3.97,6.4,6.4,21.9,22.08,21.76,49.0,41.96,1089.0,1013.0,3.89,0.03,69.0,5.0,54.0,4.0,regular
8482765,2025,Isak Rosen,BUF,R,5on5,15,9376.0,230.0,4.81,0.46,0.45,0.42,0.45,0.45,0.44,140.0,12.5,1.46,0.95,3.09,0.43,5.98,4.09,1.39,1.45,1.38,2.0,0.0,10.0,6.0,10.0,26.0,5.0,3.0,2.0,0.0,3.0,0.0,6.0,2.0,7.0,13.0,0.0,0.0,1.0,6.0,4.0,8.0,7.0,8.0,1.0,0.2,1.0,0.26,1.0,2.0,0.0,25.94,16.0,15.79,5.0,0.2,0.26,0.44,1.23,1.23,1.21,230.0,27.0,17.0,38.0,148.0,23.0,41.0,28.0,138.0,1.0,0.0,35935.0,0.0,4.0,2.0,10.0,63.09,4.84,4.64,4.82,4.63,54.0,33.0,35.0,122.0,6.0,8.0,0.0,67.0,17.0,3.0,1.98,2.12,0.74,2.0,4.0,0.0,121.81,87.0,86.77,0.83,1.32,1.32,4.35,4.37,4.3,76.13,5.79,5.53,5.73,5.48,70.0,35.0,62.0,167.0,6.0,8.0,1.0,86.0,13.0,6.0,2.36,1.73,1.71,2.0,3.0,1.0,166.25,105.0,105.87,0.97,1.38,1.38,5.39,5.4,5.3,21.81,26.59,495.0,608.0,0.03,0.1,2.0,5.0,2.0,2.0,regular
8482097,2025,Jack Quinn,BUF,R,5on5,56,43869.0,974.0,30.29,0.45,0.51,0.46,0.49,0.46,0.49,299.0,108.39,9.36,6.98,24.79,3.56,59.41,44.89,9.11,9.5,9.26,15.0,5.0,94.0,55.0,36.0,185.0,30.0,10.0,9.0,0.0,18.0,0.0,55.0,57.0,84.0,139.0,5.0,10.0,1.0,26.0,9.0,49.0,110.0,32.0,7.0,4.0,3.76,1.6,6.0,4.0,0.0,188.17,149.0,151.13,16.0,1.45,2.46,1.47,9.34,9.52,9.41,974.0,125.0,117.0,141.0,591.0,132.0,184.0,148.0,510.0,1.0,7.0,121332.0,10.0,12.0,6.0,19.0,358.55,31.82,30.76,31.98,30.94,327.0,162.0,161.0,650.0,38.0,29.0,1.0,361.0,99.0,29.0,11.64,11.93,8.25,19.0,15.0,4.0,654.99,489.0,491.83,4.91,6.28,6.28,30.45,30.79,30.2,429.45,38.25,36.67,38.06,36.49,391.0,189.0,176.0,756.0,29.0,54.0,5.0,430.0,112.0,38.0,12.85,14.2,11.19,13.0,12.0,4.0,751.08,580.0,577.83,5.84,11.26,11.26,32.84,32.85,32.3,83.03,78.26,1855.0,1957.0,0.09,1.53,11.0,32.0,5.0,28.0,regular
8480196,2025,Jacob Bryson,BUF,D,5on5,34,20305.0,476.0,2.75,0.51,0.49,0.47,0.48,0.46,0.48,198.0,15.38,0.82,1.02,4.46,0.56,9.08,6.07,0.8,0.83,0.81,1.0,2.0,12.0,10.0,18.0,40.0,5.0,2.0,1.0,0.0,3.0,0.0,7.0,9.0,10.0,20.0,4.0,8.0,0.0,9.0,2.0,11.0,19.0,3.0,0.0,0.4,0.42,0.0,1.0,1.0,0.0,40.37,22.0,22.23,8.0,0.21,0.34,0.25,0.78,0.8,0.78,476.0,31.0,50.0,91.0,304.0,57.0,90.0,51.0,278.0,0.0,0.0,79277.0,8.0,0.0,0.0,18.0,152.5,14.71,14.1,14.7,14.08,132.0,75.0,88.0,295.0,13.0,17.0,2.0,146.0,46.0,15.0,4.64,5.8,4.26,7.0,3.0,3.0,296.7,207.0,207.19,2.25,4.46,4.2,12.75,12.85,12.49,180.78,14.4,13.77,14.3,13.69,170.0,75.0,90.0,335.0,12.0,23.0,2.0,191.0,41.0,13.0,5.08,5.53,3.79,4.0,7.0,1.0,331.98,245.0,243.99,2.42,4.45,4.45,12.37,12.35,12.08,53.13,55.64,1204.0,1302.0,1.07,0.64,41.0,6.0,30.0,6.0,regular
8475722,2025,Jason Zucker,BUF,L,5on5,37,27377.0,626.0,22.87,0.48,0.51,0.47,0.49,0.47,0.5,236.0,57.15,7.12,4.41,13.21,1.94,27.96,20.36,6.91,7.09,6.88,3.0,6.0,56.0,19.0,16.0,91.0,16.0,7.0,5.0,1.0,14.0,1.0,27.0,21.0,49.0,68.0,5.0,10.0,12.0,37.0,4.0,33.0,47.0,17.0,11.0,1.75,2.21,3.16,2.0,2.0,3.0,91.66,75.0,75.73,10.0,0.94,1.08,1.97,6.08,6.16,6.07,626.0,95.0,75.0,101.0,355.0,78.0,95.0,99.0,354.0,12.0,11.0,80768.0,10.0,18.0,9.0,7.0,231.78,21.64,20.78,21.71,20.86,207.0,108.0,93.0,408.0,22.0,21.0,1.0,224.0,67.0,24.0,7.29,7.7,6.65,11.0,8.0,3.0,411.52,315.0,316.03,3.31,5.21,5.21,19.74,19.92,19.58,263.9,23.43,22.23,23.49,22.28,233.0,122.0,98.0,453.0,25.0,34.0,5.0,263.0,68.0,24.0,7.83,8.29,7.31,10.0,10.0,5.0,448.42,355.0,354.12,3.65,7.38,7.38,19.7,19.75,19.42,55.64,53.34,1261.0,1298.0,0.44,0.9,13.0,20.0,9.0,17.0,regular
8483468,2025,Jiri Kulich,BUF,C,5on5,12,9977.0,234.0,5.18,0.48,0.52,0.5,0.48,0.49,0.49,46.0,14.9,1.23,0.98,3.77,0.51,7.77,5.74,1.22,1.21,1.2,1.0,1.0,12.0,8.0,10.0,30.0,4.0,2.0,2.0,0.0,1.0,0.0,7.0,8.0,10.0,18.0,2.0,4.0,61.0,9.0,1.0,9.0,14.0,6.0,0.0,0.53,0.7,0.0,0.0,2.0,0.0,29.77,20.0,19.58,2.0,0.21,0.39,0.04,1.39,1.37,1.37,234.0,30.0,35.0,38.0,131.0,27.0,35.0,28.0,144.0,61.0,78.0,23741.0,4.0,8.0,4.0,10.0,88.14,6.47,6.23,6.47,6.23,83.0,38.0,59.0,180.0,6.0,11.0,0.0,97.0,19.0,5.0,2.58,2.34,1.56,3.0,3.0,0.0,178.27,121.0,119.46,1.17,2.04,2.04,5.6,5.58,5.48,92.49,6.94,6.75,7.12,6.92,84.0,42.0,57.0,183.0,8.0,11.0,0.0,95.0,28.0,3.0,2.46,3.55,0.93,2.0,5.0,1.0,185.83,126.0,128.71,1.29,1.31,1.31,6.92,7.11,6.96,17.57,16.47,376.0,401.0,0.32,0.07,8.0,7.0,7.0,5.0,regular
8478413,2025,Jordan Greenway,BUF,L,5on5,33,20992.0,529.0,-0.66,0.45,0.51,0.42,0.49,0.44,0.49,302.0,32.67,2.8,2.05,8.65,1.14,16.91,12.45,2.69,2.84,2.72,1.0,3.0,29.0,15.0,12.0,56.0,5.0,1.0,4.0,0.0,6.0,0.0,14.0,19.0,28.0,43.0,9.0,21.0,3.0,41.0,5.0,16.0,34.0,6.0,4.0,0.99,0.61,1.2,0.0,1.0,0.0,57.21,44.0,44.53,4.0,0.43,0.42,1.4,1.83,1.88,1.86,529.0,37.0,78.0,114.0,300.0,84.0,86.0,71.0,288.0,3.0,14.0,77474.0,21.0,19.0,8.0,13.0,149.44,11.56,11.22,11.6,11.27,139.0,66.0,65.0,270.0,7.0,17.0,0.0,156.0,42.0,7.0,4.46,5.17,1.92,3.0,4.0,0.0,274.24,205.0,206.03,2.02,2.73,2.73,10.84,10.93,10.74,186.3,14.2,13.94,14.34,14.07,169.0,89.0,110.0,368.0,16.0,17.0,2.0,212.0,33.0,13.0,6.14,4.26,3.81,6.0,9.0,1.0,365.57,258.0,257.61,2.45,2.52,2.52,14.13,14.18,14.01,56.94,53.67,1215.0,1244.0,0.38,0.2,11.0,9.0,6.0,5.0,regular
8482659,2025,Josh Doan,BUF,R,5on5,56,42564.0,1000.0,41.85,0.56,0.47,0.52,0.46,0.52,0.47,339.0,98.29,11.94,7.68,23.15,3.36,49.16,34.71,11.29,11.96,11.32,8.0,6.0,89.0,41.0,38.0,168.0,24.0,10.0,14.0,2.0,15.0,0.0,46.0,45.0,79.0,120.0,9.0,21.0,3.0,50.0,34.0,36.0,83.0,33.0,14.0,3.18,4.49,4.26,3.0,5.0,2.0,168.94,130.0,130.33,15.0,1.64,2.47,4.27,9.31,9.32,9.11,1000.0,154.0,124.0,157.0,565.0,130.0,161.0,162.0,547.0,3.0,8.0,122637.0,21.0,33.0,15.0,22.0,407.13,35.65,34.21,35.65,34.2,354.0,197.0,198.0,749.0,39.0,45.0,5.0,410.0,111.0,30.0,13.08,13.53,9.04,16.0,18.0,5.0,750.85,551.0,551.45,5.72,8.82,8.82,32.55,32.62,31.98,378.99,28.49,27.6,28.45,27.57,330.0,184.0,173.0,687.0,34.0,33.0,4.0,406.0,83.0,25.0,11.73,10.17,6.6,17.0,11.0,6.0,683.79,514.0,512.7,4.92,6.26,6.26,27.15,27.04,26.57,79.2,88.01,1756.0,2026.0,1.55,1.83,25.0,38.0,19.0,32.0,regular
8482623,2025,Josh Dunne,BUF,C,5on5,28,15728.0,371.0,4.21,0.49,0.51,0.49,0.48,0.5,0.48,283.0,30.08,3.06,2.2,7.22,1.01,15.35,11.16,2.95,3.13,3.01,1.0,2.0,24.0,16.0,9.0,49.0,4.0,1.0,4.0,1.0,1.0,0.0,20.0,14.0,23.0,39.0,9.0,24.0,44.0,34.0,5.0,14.0,26.0,10.0,4.0,0.74,1.32,0.99,0.0,0.0,1.0,48.88,40.0,39.93,6.0,0.46,1.22,1.09,2.43,2.47,2.45,371.0,15.0,51.0,77.0,228.0,71.0,55.0,45.0,200.0,44.0,41.0,68006.0,24.0,30.0,12.0,10.0,114.87,9.31,8.93,9.4,9.02,109.0,50.0,59.0,218.0,6.0,18.0,2.0,125.0,24.0,10.0,3.13,3.09,3.09,4.0,0.0,2.0,216.39,159.0,158.52,1.53,3.78,3.78,7.06,7.12,6.96,118.56,9.82,9.32,9.83,9.35,98.0,62.0,70.0,230.0,10.0,14.0,1.0,124.0,25.0,11.0,3.53,3.39,2.89,5.0,3.0,2.0,232.88,160.0,161.6,1.58,2.8,2.8,8.6,8.66,8.45,50.33,48.93,1065.0,1166.0,0.56,0.62,9.0,14.0,6.0,12.0,regular
8480064,2025,Josh Norris,BUF,C,5on5,19,13558.0,336.0,14.33,0.52,0.5,0.5,0.49,0.51,0.49,147.0,16.57,2.19,1.26,4.01,0.5,7.71,5.33,2.04,2.2,2.04,3.0,3.0,16.0,5.0,8.0,29.0,9.0,3.0,1.0,1.0,2.0,0.0,4.0,11.0,13.0,18.0,3.0,6.0,101.0,6.0,2.0,5.0,11.0,5.0,5.0,0.48,0.51,1.21,1.0,1.0,1.0,29.29,21.0,21.01,1.0,0.27,0.23,1.0,1.47,1.46,1.43,336.0,53.0,51.0,59.0,173.0,40.0,41.0,43.0,212.0,101.0,98.0,42422.0,6.0,6.0,3.0,11.0,122.49,9.98,9.57,9.99,9.58,109.0,56.0,54.0,219.0,14.0,11.0,1.0,127.0,25.0,13.0,3.79,2.86,3.33,6.0,7.0,1.0,219.42,165.0,166.03,1.76,2.65,2.65,9.08,9.14,8.99,116.28,9.17,8.78,9.09,8.7,104.0,54.0,63.0,221.0,10.0,9.0,3.0,121.0,29.0,8.0,3.71,3.55,1.92,3.0,3.0,4.0,217.67,158.0,156.72,1.64,1.5,1.5,9.31,9.19,9.01,29.41,28.87,637.0,671.0,0.64,1.07,10.0,15.0,9.0,12.0,regular
8479941,2025,Justin Danforth,BUF,R,5on5,4,2078.0,54.0,-0.82,0.22,0.46,0.38,0.5,0.33,0.49,35.0,2.49,0.1,0.18,0.45,0.1,1.0,1.16,0.1,0.1,0.1,0.0,0.0,2.0,1.0,3.0,6.0,0.0,0.0,0.0,0.0,0.0,0.0,2.0,1.0,2.0,3.0,1.0,2.0,14.0,3.0,0.0,2.0,3.0,0.0,0.0,0.1,0.0,0.0,0.0,0.0,0.0,5.57,3.0,2.86,0.0,0.04,0.0,0.0,0.14,0.14,0.14,54.0,8.0,6.0,6.0,34.0,5.0,8.0,7.0,34.0,14.0,4.0,8431.0,2.0,0.0,0.0,2.0,9.76,0.43,0.43,0.41,0.41,8.0,5.0,11.0,24.0,0.0,0.0,0.0,12.0,1.0,0.0,0.3,0.14,0.0,0.0,0.0,0.0,22.23,13.0,12.19,0.13,0.0,0.0,0.56,0.53,0.53,19.45,1.54,1.5,1.67,1.62,19.0,8.0,12.0,39.0,2.0,1.0,0.0,20.0,6.0,1.0,0.56,0.78,0.21,1.0,1.0,0.0,42.33,27.0,29.23,0.26,0.16,0.16,1.64,1.76,1.71,5.32,6.16,141.0,143.0,0.06,0.0,3.0,0.0,3.0,0.0,regular
8484797,2025,Konsta Helenius,BUF,C,5on5,8,5851.0,123.0,6.39,0.64,0.41,0.6,0.42,0.6,0.41,56.0,16.24,0.96,0.86,3.98,0.54,8.56,7.09,0.95,1.02,1.0,3.0,0.0,15.0,7.0,2.0,24.0,4.0,1.0,1.0,0.0,6.0,0.0,9.0,5.0,14.0,21.0,0.0,0.0,10.0,9.0,1.0,5.0,18.0,4.0,0.0,0.55,0.41,0.0,1.0,0.0,0.0,25.37,22.0,23.13,0.0,0.18,0.37,0.23,0.91,0.95,0.95,123.0,14.0,8.0,20.0,81.0,25.0,15.0,23.0,60.0,10.0,13.0,18284.0,0.0,4.0,2.0,3.0,58.1,5.19,4.9,5.44,5.14,55.0,24.0,26.0,105.0,5.0,7.0,1.0,61.0,11.0,7.0,2.03,1.09,2.08,2.0,1.0,2.0,110.96,79.0,83.25,0.75,1.53,1.53,4.41,4.63,4.48,38.26,2.97,2.9,2.83,2.77,41.0,12.0,18.0,71.0,3.0,4.0,0.0,42.0,7.0,4.0,1.08,0.95,0.94,1.0,1.0,1.0,66.63,53.0,50.17,0.54,0.63,0.63,2.89,2.75,2.73,10.97,15.68,234.0,328.0,0.02,0.83,3.0,8.0,1.0,8.0,regular
8477419,2025,Mason Geertsen,BUF,L,5on5,5,1232.0,33.0,-0.42,0.37,0.49,0.44,0.49,0.48,0.47,60.0,0.9,0.01,0.01,0.11,0.03,0.23,0.61,0.01,0.01,0.01,0.0,0.0,1.0,0.0,1.0,2.0,0.0,0.0,0.0,0.0,0.0,0.0,0.0,1.0,1.0,1.0,1.0,2.0,0.0,8.0,0.0,0.0,1.0,0.0,0.0,0.01,0.0,0.0,0.0,0.0,0.0,1.94,1.0,0.97,0.0,0.0,0.0,0.0,0.01,0.01,0.01,33.0,2.0,5.0,6.0,20.0,5.0,5.0,3.0,20.0,0.0,0.0,12715.0,2.0,0.0,0.0,0.0,7.58,0.39,0.39,0.39,0.39,7.0,3.0,4.0,14.0,0.0,0.0,0.0,9.0,0.0,1.0,0.16,0.0,0.23,0.0,0.0,0.0,13.7,10.0,9.8,0.07,0.0,0.0,0.46,0.46,0.46,8.24,0.65,0.64,0.68,0.67,9.0,2.0,7.0,18.0,1.0,1.0,1.0,8.0,3.0,0.0,0.19,0.45,0.0,0.0,1.0,0.0,18.2,11.0,11.24,0.13,0.17,0.17,0.61,0.63,0.62,8.98,9.52,212.0,224.0,0.34,0.0,3.0,0.0,2.0,0.0,regular
8480807,2025,Mattias Samuelsson,BUF,D,5on5,54,62446.0,1223.0,30.3,0.5,0.5,0.47,0.49,0.47,0.49,112.0,68.58,3.64,3.77,19.39,2.31,39.43,28.46,3.49,3.59,3.45,8.0,10.0,68.0,29.0,58.0,155.0,27.0,9.0,6.0,0.0,10.0,0.0,36.0,36.0,59.0,88.0,8.0,16.0,0.0,65.0,10.0,44.0,85.0,11.0,1.0,2.06,1.23,0.35,9.0,0.0,0.0,154.78,97.0,96.23,31.0,0.77,0.82,0.66,3.74,3.72,3.66,1223.0,109.0,162.0,244.0,708.0,162.0,155.0,210.0,696.0,0.0,0.0,97446.0,16.0,18.0,8.0,74.0,504.38,43.16,41.74,43.52,42.09,466.0,212.0,241.0,919.0,64.0,52.0,2.0,496.0,141.0,41.0,14.92,17.16,11.07,32.0,27.0,5.0,928.35,678.0,683.05,6.88,10.47,10.22,39.82,40.28,39.78,561.03,43.71,42.39,43.27,41.97,489.0,277.0,287.0,1053.0,44.0,62.0,7.0,595.0,138.0,33.0,17.69,17.11,8.9,20.0,19.0,5.0,1040.47,766.0,760.2,7.57,10.63,10.63,40.65,40.32,39.78,68.07,67.81,1508.0,1560.0,2.51,0.85,66.0,19.0,48.0,16.0,regular
8480891,2025,Michael Kesselring,BUF,D,5on5,23,18247.0,398.0,2.53,0.5,0.49,0.49,0.46,0.5,0.47,115.0,35.78,1.23,1.88,10.64,1.22,21.08,14.96,1.16,1.26,1.17,0.0,1.0,31.0,20.0,23.0,74.0,1.0,0.0,0.0,0.0,11.0,0.0,16.0,24.0,31.0,51.0,10.0,20.0,0.0,17.0,6.0,28.0,48.0,3.0,0.0,0.89,0.34,0.0,0.0,0.0,0.0,74.47,51.0,51.3,19.0,0.38,0.0,0.03,1.58,1.61,1.51,398.0,26.0,45.0,55.0,272.0,48.0,75.0,51.0,224.0,0.0,0.0,50616.0,20.0,10.0,5.0,28.0,155.24,11.61,11.16,11.88,11.41,127.0,86.0,80.0,293.0,10.0,12.0,1.0,163.0,42.0,8.0,4.48,4.76,2.37,4.0,5.0,1.0,297.98,213.0,216.22,2.08,1.98,1.96,11.74,11.94,11.66,156.62,11.43,11.21,11.48,11.25,143.0,71.0,97.0,311.0,12.0,8.0,2.0,173.0,33.0,8.0,4.97,4.26,2.2,7.0,2.0,3.0,309.28,214.0,213.08,1.92,1.97,1.97,11.39,11.34,11.17,36.34,38.33,722.0,834.0,1.02,0.1,25.0,5.0,18.0,5.0,regular
8483500,2025,Noah Ostlund,BUF,C,5on5,44,31366.0,725.0,18.12,0.53,0.49,0.5,0.47,0.51,0.48,332.0,37.35,3.86,2.59,8.21,1.3,19.73,15.3,3.8,3.92,3.86,5.0,2.0,37.0,14.0,25.0,76.0,15.0,8.0,3.0,1.0,6.0,0.0,16.0,18.0,29.0,43.0,4.0,8.0,65.0,3.0,13.0,22.0,34.0,14.0,3.0,1.23,1.57,1.06,3.0,4.0,1.0,76.95,51.0,51.79,8.0,0.54,0.41,0.61,3.79,3.84,3.78,725.0,100.0,56.0,111.0,458.0,99.0,107.0,116.0,403.0,65.0,152.0,100918.0,8.0,12.0,6.0,20.0,255.85,21.63,20.87,21.75,20.99,239.0,111.0,128.0,478.0,26.0,23.0,3.0,272.0,54.0,24.0,8.35,6.3,6.97,12.0,10.0,4.0,483.01,350.0,353.3,3.44,5.42,5.42,19.65,19.84,19.47,246.41,19.35,18.65,19.07,18.38,219.0,116.0,145.0,480.0,18.0,26.0,3.0,265.0,52.0,18.0,8.04,6.58,4.73,8.0,8.0,2.0,471.4,335.0,330.66,3.29,4.68,4.68,17.96,17.68,17.38,69.92,72.23,1505.0,1668.0,1.04,0.16,34.0,8.0,23.0,4.0,regular
8482671,2025,Owen Power,BUF,D,5on5,55,58544.0,1163.0,20.9,0.5,0.49,0.51,0.46,0.5,0.47,176.0,74.49,3.8,4.17,20.46,2.4,42.16,32.0,3.7,3.8,3.7,2.0,9.0,74.0,31.0,50.0,155.0,14.0,3.0,7.0,0.0,21.0,0.0,41.0,33.0,71.0,102.0,2.0,4.0,0.0,23.0,15.0,50.0,99.0,5.0,1.0,2.89,0.59,0.33,2.0,1.0,0.0,154.77,105.0,104.98,31.0,0.85,1.35,0.49,4.16,4.15,4.08,1163.0,128.0,147.0,207.0,681.0,145.0,201.0,172.0,645.0,0.0,0.0,104026.0,4.0,4.0,2.0,50.0,517.08,42.66,41.16,42.83,41.34,460.0,246.0,259.0,965.0,37.0,52.0,6.0,539.0,129.0,38.0,16.26,15.34,11.07,16.0,15.0,6.0,968.53,706.0,708.36,7.06,10.69,10.81,38.92,39.2,38.51,516.99,42.89,40.82,42.72,40.67,465.0,234.0,237.0,936.0,38.0,59.0,5.0,537.0,119.0,43.0,15.5,14.61,12.78,17.0,16.0,5.0,928.06,699.0,695.25,6.86,12.01,12.01,37.73,37.65,36.8,70.78,72.38,1490.0,1736.0,3.35,0.23,68.0,9.0,54.0,7.0,regular
8481522,2025,Peyton Krebs,BUF,C,5on5,56,43998.0,979.0,18.2,0.5,0.5,0.47,0.48,0.46,0.49,315.0,67.16,6.31,4.36,16.37,2.32,35.02,26.61,6.16,6.31,6.16,8.0,7.0,56.0,35.0,24.0,115.0,18.0,3.0,7.0,0.0,11.0,0.0,30.0,40.0,53.0,88.0,15.0,40.0,147.0,130.0,14.0,40.0,65.0,20.0,6.0,1.87,2.44,2.0,2.0,1.0,0.0,117.28,91.0,92.49,16.0,0.92,1.53,2.14,5.1,5.19,5.13,979.0,105.0,130.0,193.0,551.0,164.0,166.0,135.0,514.0,147.0,197.0,121203.0,40.0,42.0,18.0,31.0,332.85,28.0,26.91,28.23,27.13,300.0,155.0,182.0,637.0,30.0,35.0,2.0,348.0,82.0,25.0,10.29,10.32,7.4,14.0,12.0,4.0,643.79,455.0,458.13,4.58,7.93,7.93,24.65,24.92,24.24,386.08,28.16,27.11,27.82,26.79,329.0,205.0,195.0,729.0,30.0,36.0,4.0,431.0,79.0,24.0,12.4,9.76,6.0,16.0,9.0,5.0,721.52,534.0,530.34,5.03,6.3,6.3,26.89,26.61,26.12,86.85,88.34,1868.0,1984.0,0.68,1.54,22.0,30.0,16.0,23.0,regular
8480839,2025,Rasmus Dahlin,BUF,D,5on5,52,60530.0,1206.0,45.35,0.53,0.48,0.51,0.47,0.51,0.47,114.0,99.49,6.04,6.11,28.04,3.32,57.05,40.45,5.87,6.04,5.88,12.0,8.0,98.0,43.0,69.0,210.0,25.0,5.0,13.0,0.0,22.0,1.0,50.0,50.0,93.0,136.0,19.0,39.0,0.0,41.0,14.0,71.0,123.0,15.0,3.0,3.34,1.95,0.74,4.0,1.0,0.0,208.59,141.0,140.2,47.0,1.25,2.56,0.51,6.78,6.78,6.65,1206.0,115.0,155.0,237.0,699.0,112.0,179.0,198.0,717.0,0.0,0.0,92748.0,39.0,24.0,12.0,55.0,522.44,44.7,42.84,44.82,42.97,488.0,227.0,263.0,978.0,46.0,55.0,2.0,552.0,120.0,43.0,17.41,14.88,12.4,27.0,14.0,5.0,981.01,715.0,715.29,7.21,10.73,10.73,41.18,41.36,40.52,504.23,40.41,39.08,40.28,38.95,439.0,247.0,260.0,946.0,45.0,54.0,5.0,529.0,125.0,32.0,16.21,15.67,8.53,20.0,21.0,4.0,938.08,686.0,684.04,6.89,9.0,9.0,38.3,38.15,37.46,62.15,67.36,1360.0,1557.0,4.67,0.84,87.0,19.0,71.0,17.0,regular
8481564,2025,Ryan Johnson,BUF,D,5on5,3,1567.0,32.0,-0.5,0.57,0.41,0.41,0.49,0.44,0.49,18.0,1.32,0.03,0.09,0.4,0.04,0.83,0.6,0.03,0.03,0.03,0.0,0.0,0.0,2.0,2.0,4.0,0.0,0.0,0.0,0.0,0.0,0.0,0.0,2.0,0.0,2.0,1.0,2.0,0.0,2.0,2.0,2.0,2.0,0.0,0.0,0.03,0.0,0.0,0.0,0.0,0.0,3.74,2.0,1.94,2.0,0.02,0.0,0.0,0.05,0.05,0.05,32.0,1.0,6.0,6.0,19.0,4.0,5.0,4.0,19.0,0.0,0.0,6373.0,2.0,0.0,0.0,3.0,14.17,1.61,1.46,1.52,1.37,11.0,7.0,6.0,24.0,1.0,4.0,1.0,10.0,5.0,3.0,0.24,0.67,0.71,0.0,0.0,1.0,22.24,18.0,16.86,0.24,0.83,0.83,1.02,0.95,0.92,16.63,1.21,1.17,1.32,1.27,15.0,8.0,11.0,34.0,1.0,2.0,1.0,17.0,5.0,1.0,0.3,0.71,0.21,0.0,1.0,0.0,36.36,23.0,24.86,0.23,0.3,0.3,1.14,1.24,1.18,3.42,5.0,104.0,107.0,0.08,0.0,4.0,0.0,3.0,0.0,regular
8480802,2025,Ryan McLeod,BUF,C,5on5,56,43742.0,1013.0,32.13,0.49,0.5,0.49,0.48,0.49,0.48,311.0,49.5,4.21,3.37,11.37,1.71,27.6,20.74,4.04,4.21,4.04,12.0,7.0,46.0,23.0,29.0,98.0,24.0,5.0,5.0,0.0,7.0,0.0,27.0,25.0,41.0,64.0,3.0,6.0,279.0,12.0,16.0,48.0,47.0,21.0,1.0,1.53,2.44,0.24,3.0,2.0,0.0,98.18,69.0,68.91,21.0,0.7,1.03,0.85,4.06,4.07,4.0,1013.0,108.0,137.0,159.0,609.0,145.0,118.0,179.0,571.0,279.0,300.0,121459.0,6.0,8.0,4.0,16.0,388.29,33.94,32.71,34.0,32.78,349.0,181.0,152.0,682.0,46.0,38.0,5.0,394.0,105.0,31.0,12.3,12.55,9.09,24.0,17.0,5.0,684.19,530.0,530.45,5.32,7.93,7.93,31.33,31.62,31.14,407.77,34.93,33.56,34.77,33.42,372.0,181.0,166.0,719.0,37.0,49.0,7.0,414.0,107.0,32.0,12.01,13.38,9.54,17.0,16.0,4.0,713.92,553.0,550.36,5.57,10.5,10.5,30.0,29.94,29.44,80.92,81.58,1823.0,1994.0,1.17,1.24,32.0,35.0,23.0,31.0,regular
8479420,2025,Tage Thompson,BUF,C,5on5,56,49343.0,1099.0,55.82,0.51,0.49,0.49,0.48,0.49,0.48,158.0,136.62,12.57,9.55,32.78,4.58,72.14,52.37,12.15,12.71,12.28,10.0,1.0,132.0,52.0,66.0,250.0,33.0,22.0,18.0,0.0,25.0,0.0,63.0,56.0,110.0,162.0,10.0,25.0,223.0,51.0,16.0,44.0,131.0,42.0,11.0,4.54,5.08,2.96,9.0,11.0,2.0,251.78,184.0,185.37,8.0,1.97,4.33,2.76,11.79,11.9,11.71,1099.0,178.0,129.0,200.0,592.0,127.0,177.0,178.0,617.0,223.0,260.0,115858.0,25.0,23.0,10.0,28.0,417.73,36.55,35.25,36.62,35.33,360.0,204.0,218.0,782.0,41.0,44.0,4.0,418.0,113.0,33.0,13.26,13.61,9.68,18.0,18.0,5.0,785.33,564.0,566.29,5.85,9.09,9.09,33.3,33.45,32.91,440.04,35.8,34.76,35.89,34.85,396.0,198.0,218.0,812.0,40.0,44.0,7.0,452.0,112.0,30.0,13.43,13.85,8.52,17.0,16.0,7.0,808.75,594.0,593.75,6.01,8.08,8.08,33.73,33.76,33.17,78.31,80.71,1723.0,1901.0,1.93,2.37,24.0,37.0,21.0,36.0,regular
8482479,2025,Trevor Kuntar,BUF,C,5on5,1,312.0,8.0,-0.65,0.04,0.42,0.14,0.37,0.08,0.42,12.0,0.0,0.0,0.0,0.0,0.0,0.0,0.0,0.0,0.0,0.0,0.0,0.0,0.0,0.0,1.0,1.0,0.0,0.0,0.0,0.0,0.0,0.0,0.0,0.0,0.0,0.0,0.0,0.0,0.0,1.0,0.0,0.0,0.0,0.0,0.0,0.0,0.0,0.0,0.0,0.0,0.0,1.03,0.0,0.0,0.0,0.0,0.0,0.0,0.0,0.0,0.0,8.0,0.0,1.0,0.0,7.0,1.0,2.0,1.0,4.0,0.0,0.0,2609.0,0.0,0.0,0.0,0.0,0.54,0.04,0.04,0.05,0.05,0.0,1.0,1.0,2.0,0.0,0.0,0.0,1.0,0.0,0.0,0.04,0.0,0.0,0.0,0.0,0.0,2.06,1.0,1.03,0.01,0.0,0.0,0.06,0.06,0.06,7.92,1.03,1.0,0.98,0.95,7.0,4.0,1.0,12.0,1.0,2.0,0.0,8.0,1.0,2.0,0.23,0.09,0.72,0.0,1.0,0.0,11.42,11.0,10.53,0.11,0.72,0.72,0.43,0.41,0.41,1.24,1.69,31.0,52.0,0.0,0.0,0.0,1.0,0.0,0.0,regular
8482896,2025,Tyson Kozak,BUF,C,5on5,34,20640.0,507.0,0.76,0.46,0.5,0.42,0.5,0.43,0.49,299.0,24.48,2.58,1.62,5.87,0.81,12.12,9.0,2.28,2.53,2.23,2.0,0.0,23.0,9.0,12.0,44.0,4.0,2.0,3.0,0.0,4.0,0.0,9.0,14.0,21.0,30.0,1.0,2.0,128.0,88.0,11.0,20.0,20.0,9.0,3.0,0.7,1.08,0.8,0.0,1.0,1.0,43.59,32.0,30.89,5.0,0.35,0.5,0.52,2.41,2.37,2.12,507.0,37.0,85.0,122.0,263.0,76.0,73.0,60.0,298.0,128.0,127.0,78279.0,2.0,2.0,1.0,23.0,136.51,11.07,10.53,10.99,10.45,128.0,58.0,81.0,267.0,10.0,15.0,0.0,138.0,41.0,7.0,3.91,5.11,2.04,5.0,4.0,1.0,265.81,186.0,184.34,1.83,2.59,2.59,10.3,10.23,9.85,181.69,13.01,12.59,13.0,12.59,154.0,95.0,119.0,368.0,11.0,12.0,0.0,200.0,38.0,11.0,5.43,4.62,2.96,4.0,7.0,0.0,365.61,249.0,248.5,2.33,1.97,1.97,13.36,13.33,13.03,58.62,58.55,1238.0,1241.0,0.5,0.46,18.0,11.0,10.0,7.0,regular
8484145,2025,Zach Benson,BUF,L,5on5,42,33342.0,739.0,27.46,0.54,0.49,0.52,0.47,0.52,0.48,214.0,64.74,7.84,4.78,15.48,2.28,30.43,22.2,7.52,7.93,7.6,5.0,6.0,58.0,25.0,17.0,100.0,16.0,5.0,6.0,1.0,12.0,1.0,33.0,26.0,53.0,78.0,10.0,20.0,2.0,21.0,14.0,28.0,49.0,23.0,11.0,1.56,2.71,3.57,0.0,3.0,2.0,102.03,83.0,84.41,5.0,1.01,1.26,2.79,6.06,6.17,6.01,739.0,89.0,85.0,131.0,434.0,112.0,110.0,118.0,399.0,2.0,2.0,90514.0,20.0,20.0,11.0,12.0,298.72,26.69,25.69,26.94,25.94,272.0,131.0,146.0,549.0,29.0,33.0,2.0,296.0,79.0,28.0,9.11,9.38,8.2,13.0,13.0,3.0,556.0,403.0,407.83,4.23,6.9,6.95,23.98,24.28,23.84,273.13,23.06,22.33,22.88,22.15,241.0,128.0,144.0,513.0,17.0,36.0,3.0,267.0,85.0,17.0,8.11,10.27,4.68,5.0,10.0,2.0,504.4,369.0,364.9,3.86,6.09,6.09,20.83,20.65,20.34,63.4,65.41,1350.0,1514.0,0.84,0.77,18.0,23.0,15.0,19.0,regular
8484305,2025,Zach Metsa,BUF,D,5on5,26,15044.0,317.0,1.68,0.45,0.49,0.43,0.48,0.43,0.49,147.0,11.43,0.72,0.59,3.71,0.39,6.12,4.48,0.7,0.72,0.71,0.0,1.0,11.0,5.0,12.0,28.0,2.0,1.0,1.0,0.0,1.0,0.0,7.0,6.0,10.0,15.0,3.0,6.0,0.0,3.0,3.0,16.0,14.0,1.0,1.0,0.32,0.14,0.26,0.0,1.0,0.0,28.78,16.0,16.39,12.0,0.12,0.12,0.02,0.81,0.82,0.81,317.0,34.0,27.0,57.0,199.0,40.0,55.0,36.0,186.0,0.0,0.0,62594.0,6.0,4.0,2.0,16.0,99.58,7.99,7.82,8.09,7.92,88.0,49.0,54.0,191.0,16.0,6.0,0.0,105.0,26.0,6.0,3.24,3.23,1.51,7.0,9.0,0.0,195.94,137.0,139.99,1.36,0.99,0.99,8.36,8.51,8.37,134.42,9.91,9.63,9.81,9.54,121.0,64.0,71.0,256.0,2.0,16.0,1.0,149.0,30.0,6.0,4.45,3.92,1.53,0.0,1.0,1.0,251.48,185.0,182.84,1.81,2.13,2.13,9.59,9.52,9.4,44.63,45.74,946.0,1028.0,1.05,0.05,19.0,3.0,15.0,3.0,regular
8482100,2025,Alexander Nikishin,CAR,D,5on5,55,50688.0,1055.0,36.35,0.54,0.58,0.57,0.61,0.54,0.6,227.0,80.01,4.02,4.42,24.89,2.7,43.57,31.41,3.76,4.09,3.83,4.0,5.0,66.0,45.0,74.0,185.0,13.0,4.0,6.0,0.0,23.0,0.0,36.0,42.0,62.0,107.0,9.0,21.0,0.0,98.0,14.0,54.0,102.0,7.0,2.0,2.5,0.82,0.7,4.0,0.0,0.0,187.22,111.0,112.19,34.0,0.91,1.08,1.0,3.92,3.92,3.78,1055.0,150.0,83.0,174.0,648.0,169.0,144.0,141.0,601.0,0.0,0.0,113236.0,21.0,13.0,5.0,53.0,486.34,41.84,39.99,41.99,40.13,414.0,246.0,297.0,957.0,37.0,56.0,5.0,505.0,108.0,47.0,15.77,13.21,12.87,17.0,14.0,6.0,965.11,660.0,667.1,6.56,11.03,10.95,37.45,37.48,36.75,414.07,36.17,34.69,36.16,34.7,373.0,182.0,171.0,726.0,31.0,44.0,2.0,403.0,119.0,33.0,12.78,14.02,9.35,13.0,13.0,5.0,721.86,555.0,552.41,5.74,8.45,8.76,33.15,33.25,32.66,95.3,68.11,2141.0,1391.0,5.75,0.64,93.0,11.0,70.0,10.0,regular
8480830,2025,Andrei Svechnikov,CAR,R,5on5,56,44329.0,967.0,60.22,0.56,0.57,0.61,0.59,0.59,0.57,289.0,123.65,12.73,8.19,30.43,4.15,62.8,46.7,12.28,12.71,12.26,8.0,5.0,104.0,61.0,51.0,216.0,24.0,11.0,7.0,1.0,27.0,0.0,80.0,40.0,93.0,154.0,20.0,40.0,6.0,95.0,18.0,52.0,110.0,42.0,13.0,4.04,5.44,3.25,1.0,8.0,2.0,216.57,165.0,165.47,14.0,1.72,1.12,2.82,11.63,11.61,11.29,967.0,151.0,84.0,144.0,588.0,194.0,118.0,158.0,497.0,6.0,5.0,122632.0,40.0,20.0,10.0,10.0,495.59,41.26,39.6,41.23,39.56,411.0,264.0,238.0,913.0,36.0,48.0,4.0,525.0,109.0,41.0,16.5,13.58,11.19,15.0,14.0,7.0,917.56,675.0,677.67,6.4,9.25,9.25,38.41,38.32,37.54,349.74,32.02,30.73,32.22,30.9,307.0,163.0,122.0,592.0,29.0,39.0,2.0,329.0,111.0,30.0,10.67,13.14,8.22,7.0,18.0,4.0,592.82,470.0,470.15,5.03,7.56,7.56,29.5,29.64,29.05,96.86,74.45,2230.0,1567.0,1.11,1.0,24.0,22.0,19.0,17.0,regular
8484203,2025,Bradly Nadeau,CAR,L,5on5,8,4864.0,109.0,2.84,0.43,0.47,0.54,0.54,0.54,0.52,80.0,9.5,0.89,0.66,2.44,0.35,5.08,3.59,0.88,0.93,0.91,0.0,0.0,6.0,7.0,3.0,16.0,1.0,1.0,0.0,0.0,1.0,0.0,3.0,8.0,5.0,12.0,0.0,0.0,0.0,12.0,0.0,6.0,10.0,2.0,1.0,0.37,0.3,0.21,1.0,0.0,0.0,16.63,13.0,13.47,1.0,0.14,0.0,0.3,0.73,0.76,0.76,109.0,18.0,10.0,20.0,61.0,13.0,19.0,16.0,61.0,0.0,1.0,18503.0,0.0,2.0,1.0,4.0,38.87,2.48,2.42,2.54,2.48,29.0,26.0,24.0,79.0,2.0,4.0,0.0,47.0,7.0,1.0,1.34,0.92,0.21,2.0,0.0,0.0,81.54,55.0,56.83,0.48,0.37,0.37,2.59,2.65,2.61,35.09,3.23,3.06,3.27,3.1,31.0,16.0,21.0,68.0,3.0,5.0,2.0,33.0,10.0,4.0,0.88,1.15,1.2,0.0,1.0,2.0,66.94,47.0,46.97,0.5,1.31,1.31,2.42,2.49,2.44,14.6,16.72,335.0,285.0,0.17,0.07,3.0,3.0,1.0,2.0,regular
8484428,2025,Charles Alexis Legault,CAR,D,5on5,8,6118.0,149.0,3.6,0.53,0.53,0.57,0.57,0.56,0.56,41.0,9.92,0.29,0.45,3.54,0.32,5.58,3.82,0.28,0.31,0.3,0.0,1.0,8.0,6.0,6.0,20.0,1.0,0.0,0.0,0.0,2.0,0.0,6.0,6.0,8.0,14.0,5.0,10.0,0.0,9.0,4.0,8.0,14.0,0.0,0.0,0.29,0.0,0.0,0.0,0.0,0.0,21.0,14.0,14.85,7.0,0.09,0.0,0.0,0.38,0.4,0.39,149.0,14.0,12.0,31.0,92.0,22.0,22.0,17.0,88.0,0.0,0.0,16646.0,10.0,4.0,2.0,5.0,55.81,4.47,4.38,4.71,4.62,46.0,29.0,32.0,107.0,4.0,4.0,1.0,59.0,11.0,5.0,1.68,1.43,1.36,3.0,1.0,0.0,113.13,75.0,79.08,0.72,0.97,0.97,4.22,4.43,4.36,44.65,3.95,3.74,3.76,3.56,44.0,16.0,22.0,82.0,1.0,5.0,0.0,41.0,15.0,4.0,1.07,1.75,1.13,0.0,1.0,0.0,77.66,60.0,57.38,0.6,1.23,1.23,3.32,3.16,3.06,13.61,12.19,323.0,243.0,0.36,0.67,9.0,4.0,9.0,4.0,regular
8481562,2025,Domenick Fensore,CAR,D,5on5,1,1086.0,24.0,-0.7,0.11,0.43,0.28,0.54,0.27,0.5,4.0,2.1,0.04,0.1,0.68,0.08,1.22,0.88,0.04,0.04,0.04,0.0,0.0,2.0,1.0,2.0,5.0,0.0,0.0,0.0,0.0,1.0,0.0,1.0,1.0,2.0,3.0,0.0,0.0,0.0,1.0,0.0,0.0,3.0,0.0,0.0,0.04,0.0,0.0,0.0,0.0,0.0,4.79,3.0,2.96,0.0,0.02,0.0,0.0,0.06,0.06,0.06,24.0,4.0,1.0,8.0,11.0,0.0,7.0,1.0,16.0,0.0,0.0,1908.0,0.0,0.0,0.0,3.0,4.32,0.17,0.17,0.16,0.16,3.0,3.0,3.0,9.0,0.0,0.0,0.0,6.0,0.0,0.0,0.17,0.0,0.0,0.0,0.0,0.0,8.61,6.0,5.87,0.05,0.0,0.0,0.22,0.21,0.21,12.44,1.44,1.36,1.53,1.45,11.0,5.0,7.0,23.0,2.0,2.0,0.0,7.0,8.0,1.0,0.17,1.07,0.21,0.0,2.0,0.0,24.36,16.0,16.89,0.2,0.41,0.41,1.23,1.31,1.3,1.41,1.84,35.0,30.0,0.1,0.0,4.0,0.0,3.0,0.0,regular
8480762,2025,Eric Robinson,CAR,L,5on5,44,27675.0,603.0,23.86,0.58,0.59,0.58,0.61,0.57,0.6,395.0,66.44,6.65,4.83,15.03,2.23,35.6,25.66,5.93,6.6,5.9,3.0,1.0,54.0,36.0,27.0,117.0,14.0,10.0,7.0,0.0,11.0,1.0,34.0,27.0,44.0,80.0,1.0,2.0,0.0,59.0,7.0,15.0,69.0,13.0,8.0,2.66,1.6,2.38,7.0,3.0,0.0,118.24,90.0,91.48,3.0,1.02,1.64,2.69,4.97,5.01,4.87,603.0,103.0,66.0,133.0,301.0,102.0,79.0,97.0,325.0,0.0,10.0,103850.0,2.0,8.0,4.0,7.0,277.06,23.61,22.12,23.53,22.06,236.0,136.0,149.0,521.0,21.0,36.0,2.0,289.0,55.0,28.0,8.82,7.04,7.75,11.0,6.0,4.0,524.19,372.0,374.69,3.81,7.36,7.63,19.79,19.82,19.3,205.41,17.43,16.86,17.38,16.82,171.0,108.0,105.0,384.0,15.0,19.0,1.0,209.0,51.0,19.0,5.97,6.33,5.12,7.0,7.0,1.0,385.46,279.0,278.81,2.87,3.53,3.84,16.46,16.51,16.33,87.03,60.72,2000.0,1258.0,0.35,0.36,10.0,16.0,9.0,7.0,regular
8476958,2025,Jaccob Slavin,CAR,D,5on5,16,15621.0,311.0,8.85,0.61,0.54,0.58,0.58,0.58,0.56,60.0,18.75,0.69,1.04,5.51,0.67,11.1,7.99,0.67,0.7,0.68,1.0,1.0,14.0,13.0,15.0,42.0,2.0,0.0,1.0,0.0,7.0,0.0,10.0,9.0,14.0,27.0,1.0,2.0,0.0,2.0,9.0,12.0,26.0,1.0,0.0,0.61,0.08,0.0,0.0,0.0,0.0,42.5,27.0,27.31,7.0,0.21,0.3,0.0,0.9,0.92,0.89,311.0,33.0,36.0,54.0,188.0,64.0,28.0,44.0,175.0,0.0,0.0,32045.0,2.0,2.0,1.0,14.0,137.97,12.77,12.19,12.94,12.36,114.0,75.0,64.0,253.0,14.0,15.0,3.0,138.0,39.0,12.0,4.6,4.82,3.35,2.0,7.0,5.0,256.9,189.0,193.13,1.85,3.2,3.2,11.42,11.57,11.4,103.34,8.11,7.69,8.03,7.62,92.0,47.0,43.0,182.0,8.0,10.0,1.0,106.0,26.0,7.0,3.32,3.01,1.78,4.0,3.0,1.0,177.41,139.0,135.64,1.38,1.82,1.82,7.68,7.56,7.37,27.5,23.82,591.0,431.0,0.78,0.19,19.0,6.0,15.0,5.0,regular
8482809,2025,Jackson Blake,CAR,R,5on5,56,45622.0,885.0,47.2,0.57,0.56,0.6,0.59,0.57,0.58,261.0,95.98,12.86,7.58,21.55,3.2,47.18,33.64,12.33,12.98,12.45,8.0,2.0,76.0,50.0,36.0,162.0,19.0,9.0,11.0,1.0,14.0,0.0,50.0,42.0,67.0,117.0,13.0,26.0,0.0,11.0,16.0,51.0,76.0,28.0,22.0,3.39,3.24,6.23,4.0,3.0,2.0,164.13,126.0,127.17,14.0,1.62,2.56,3.99,10.48,10.53,10.4,885.0,131.0,38.0,158.0,558.0,204.0,140.0,147.0,394.0,0.0,8.0,121339.0,26.0,28.0,14.0,19.0,431.57,38.97,37.39,39.17,37.57,366.0,222.0,266.0,854.0,29.0,49.0,3.0,445.0,94.0,49.0,14.38,11.08,13.52,10.0,13.0,6.0,859.21,588.0,592.25,5.81,9.33,9.33,35.47,35.58,34.9,321.25,28.8,27.66,28.73,27.6,290.0,148.0,139.0,577.0,25.0,35.0,3.0,322.0,90.0,26.0,10.39,11.08,7.34,11.0,8.0,6.0,570.18,438.0,433.65,4.48,6.87,6.87,26.41,26.41,25.98,99.14,77.67,2289.0,1582.0,0.63,1.51,17.0,21.0,12.0,17.0,regular
8478970,2025,Jalen Chatfield,CAR,D,5on5,49,50072.0,1049.0,26.7,0.5,0.58,0.56,0.59,0.55,0.58,144.0,75.17,2.53,3.82,23.44,2.68,42.79,30.74,2.49,2.51,2.47,5.0,6.0,57.0,49.0,62.0,168.0,12.0,1.0,7.0,0.0,14.0,1.0,39.0,44.0,56.0,105.0,7.0,14.0,0.0,20.0,17.0,39.0,103.0,3.0,0.0,2.15,0.38,0.0,1.0,0.0,0.0,169.08,106.0,106.9,23.0,0.77,0.99,0.03,3.27,3.25,3.2,1049.0,131.0,96.0,184.0,638.0,181.0,99.0,148.0,621.0,0.0,0.0,95377.0,14.0,4.0,2.0,28.0,474.57,37.27,36.07,37.81,36.59,401.0,249.0,257.0,907.0,47.0,34.0,4.0,509.0,111.0,30.0,15.43,13.76,8.09,17.0,23.0,7.0,922.28,650.0,660.02,6.21,6.41,6.41,37.07,37.52,37.0,396.59,36.91,35.08,36.91,35.07,334.0,201.0,169.0,704.0,35.0,52.0,4.0,376.0,120.0,39.0,11.75,14.56,10.6,12.0,18.0,5.0,698.62,535.0,532.05,5.76,9.5,9.81,32.85,32.85,32.13,82.2,60.02,1771.0,1226.0,3.62,0.33,69.0,13.0,54.0,11.0,regular
8480829,2025,Jesperi Kotkaniemi,CAR,C,5on5,35,22209.0,482.0,13.56,0.51,0.55,0.55,0.58,0.54,0.56,318.0,39.31,4.32,2.79,9.0,1.27,19.49,14.14,4.01,4.37,4.05,4.0,3.0,36.0,15.0,16.0,67.0,9.0,2.0,5.0,0.0,9.0,0.0,17.0,18.0,34.0,49.0,3.0,6.0,93.0,55.0,3.0,23.0,31.0,15.0,5.0,1.06,1.86,1.4,1.0,1.0,0.0,68.18,51.0,51.84,7.0,0.59,0.77,1.52,3.39,3.42,3.3,482.0,89.0,51.0,96.0,246.0,78.0,81.0,70.0,253.0,93.0,102.0,81899.0,6.0,18.0,9.0,13.0,187.04,14.44,13.82,14.66,14.03,158.0,94.0,119.0,371.0,16.0,16.0,1.0,200.0,37.0,15.0,5.94,4.55,3.94,9.0,4.0,3.0,379.09,252.0,257.26,2.38,2.87,3.14,13.68,13.93,13.56,160.96,13.85,13.29,13.88,13.33,147.0,70.0,89.0,306.0,15.0,17.0,1.0,165.0,35.0,17.0,4.69,4.42,4.74,6.0,8.0,1.0,304.92,217.0,216.46,2.24,3.58,3.89,12.21,12.32,12.11,70.34,57.5,1546.0,1112.0,0.62,0.54,18.0,10.0,13.0,10.0,regular
8482911,2025,Joel Nystrom,CAR,D,5on5,37,30696.0,713.0,20.43,0.61,0.56,0.6,0.6,0.57,0.59,193.0,41.64,1.5,2.17,13.2,1.34,24.54,17.24,1.4,1.51,1.41,6.0,2.0,40.0,20.0,57.0,117.0,9.0,1.0,8.0,0.0,15.0,0.0,16.0,20.0,39.0,59.0,3.0,6.0,0.0,7.0,3.0,30.0,59.0,0.0,1.0,1.26,0.0,0.23,1.0,0.0,0.0,118.06,60.0,60.74,17.0,0.44,2.04,0.23,1.71,1.73,1.67,713.0,112.0,49.0,119.0,433.0,93.0,85.0,73.0,462.0,0.0,0.0,80101.0,6.0,2.0,1.0,16.0,306.95,30.52,28.37,30.59,28.42,261.0,150.0,175.0,586.0,23.0,48.0,2.0,302.0,67.0,42.0,9.37,8.64,12.5,11.0,9.0,3.0,590.16,411.0,412.24,4.21,10.93,10.71,24.01,24.05,23.48,225.65,19.13,18.48,19.08,18.46,205.0,101.0,90.0,396.0,17.0,24.0,2.0,218.0,72.0,16.0,6.43,8.26,4.44,5.0,10.0,2.0,392.28,306.0,303.8,3.04,4.37,4.37,17.81,17.94,17.71,63.31,49.77,1490.0,1004.0,2.84,0.3,59.0,10.0,41.0,8.0,regular
8476921,2025,Jordan Martinook,CAR,L,5on5,53,39024.0,895.0,29.58,0.56,0.58,0.59,0.6,0.57,0.59,340.0,82.85,8.49,5.64,20.9,2.85,43.05,31.06,8.2,8.5,8.21,6.0,4.0,62.0,50.0,37.0,149.0,15.0,5.0,9.0,1.0,14.0,0.0,40.0,44.0,57.0,107.0,12.0,27.0,21.0,86.0,8.0,25.0,78.0,23.0,11.0,2.6,2.93,2.96,2.0,2.0,1.0,149.16,112.0,112.02,7.0,1.19,1.49,2.15,7.54,7.44,7.27,895.0,131.0,136.0,225.0,403.0,170.0,75.0,123.0,527.0,21.0,21.0,118891.0,27.0,19.0,8.0,26.0,377.16,31.47,30.23,31.52,30.28,309.0,202.0,222.0,733.0,27.0,38.0,3.0,387.0,95.0,29.0,11.23,12.34,7.9,11.0,14.0,2.0,735.85,511.0,513.84,5.06,6.79,6.79,29.73,29.73,29.17,284.06,24.86,23.77,25.03,23.95,258.0,128.0,131.0,517.0,27.0,28.0,3.0,283.0,80.0,23.0,8.82,9.54,6.5,10.0,13.0,4.0,514.81,386.0,385.96,3.88,4.98,4.98,23.75,23.9,23.51,101.74,72.36,2281.0,1492.0,0.58,0.83,27.0,22.0,18.0,15.0,regular
8473533,2025,Jordan Staal,CAR,C,5on5,53,40340.0,920.0,35.4,0.53,0.58,0.57,0.6,0.56,0.58,322.0,71.08,8.64,4.89,16.83,2.45,35.9,26.28,8.12,8.77,8.24,6.0,4.0,56.0,39.0,25.0,120.0,21.0,11.0,10.0,3.0,14.0,0.0,30.0,30.0,45.0,84.0,4.0,8.0,422.0,106.0,10.0,31.0,57.0,31.0,7.0,2.4,4.05,2.19,2.0,8.0,1.0,121.39,95.0,96.14,14.0,1.04,2.14,2.55,7.12,7.23,7.09,920.0,131.0,148.0,246.0,395.0,165.0,69.0,129.0,557.0,422.0,319.0,118186.0,8.0,18.0,9.0,22.0,378.92,31.15,29.96,31.29,30.08,301.0,211.0,214.0,726.0,26.0,42.0,4.0,394.0,91.0,27.0,11.67,11.82,7.66,10.0,14.0,2.0,732.89,512.0,516.84,4.94,7.35,7.12,28.97,29.0,28.49,301.03,27.71,26.53,27.71,26.53,264.0,142.0,134.0,540.0,27.0,29.0,4.0,292.0,85.0,29.0,9.09,10.35,8.28,9.0,13.0,5.0,533.6,406.0,402.66,4.16,6.0,6.0,25.87,25.86,25.4,100.19,73.85,2256.0,1509.0,2.41,0.99,40.0,22.0,32.0,19.0,regular
8482785,2025,Justin Robidas,CAR,C,5on5,2,1282.0,29.0,1.3,0.57,0.6,0.56,0.59,0.54,0.63,18.0,1.46,0.09,0.08,0.42,0.05,0.83,0.53,0.09,0.08,0.08,1.0,0.0,2.0,0.0,1.0,3.0,1.0,0.0,0.0,0.0,2.0,0.0,0.0,0.0,2.0,2.0,0.0,0.0,12.0,3.0,0.0,1.0,2.0,0.0,0.0,0.09,0.0,0.0,0.0,0.0,0.0,2.82,2.0,1.86,0.0,0.02,0.0,0.0,0.1,0.1,0.1,29.0,6.0,2.0,9.0,12.0,7.0,2.0,2.0,18.0,12.0,12.0,4519.0,0.0,2.0,1.0,1.0,10.58,0.48,0.47,0.45,0.45,10.0,5.0,8.0,23.0,1.0,0.0,0.0,15.0,0.0,0.0,0.48,0.0,0.0,1.0,0.0,0.0,22.58,15.0,14.55,0.12,0.0,0.0,0.59,0.56,0.56,9.51,0.35,0.35,0.37,0.37,6.0,7.0,5.0,18.0,1.0,0.0,0.0,12.0,1.0,0.0,0.24,0.12,0.0,1.0,0.0,0.0,18.72,13.0,13.62,0.1,0.0,0.0,0.45,0.47,0.47,3.8,2.5,83.0,57.0,0.0,0.0,0.0,0.0,0.0,0.0,regular
8480817,2025,K'Andre Miller,CAR,D,5on5,48,54384.0,1082.0,41.14,0.58,0.57,0.62,0.58,0.61,0.57,91.0,86.02,3.5,4.34,25.69,2.9,47.08,34.51,3.39,3.5,3.4,6.0,4.0,70.0,48.0,72.0,190.0,13.0,3.0,7.0,0.0,18.0,0.0,45.0,45.0,67.0,115.0,18.0,36.0,0.0,56.0,27.0,50.0,112.0,5.0,1.0,2.53,0.7,0.27,3.0,0.0,0.0,188.99,118.0,118.47,30.0,0.89,1.43,0.41,3.97,3.97,3.88,1082.0,132.0,112.0,175.0,663.0,201.0,101.0,163.0,617.0,0.0,0.0,89499.0,36.0,14.0,7.0,40.0,558.57,44.85,42.97,45.01,43.11,456.0,299.0,316.0,1071.0,34.0,54.0,4.0,596.0,112.0,47.0,18.48,14.25,12.12,16.0,12.0,6.0,1075.48,755.0,759.23,7.25,9.09,9.6,42.5,42.59,41.69,350.73,32.3,31.44,32.55,31.66,310.0,166.0,189.0,665.0,38.0,31.0,2.0,347.0,98.0,31.0,11.34,12.46,8.5,15.0,17.0,6.0,663.4,476.0,475.23,5.06,5.82,6.12,31.24,31.44,31.09,72.94,55.91,1641.0,1165.0,3.75,0.28,79.0,11.0,58.0,9.0,regular
8482702,2025,Logan Stankoven,CAR,C,5on5,56,44643.0,860.0,42.41,0.58,0.56,0.61,0.59,0.58,0.58,294.0,97.84,11.01,6.69,22.85,3.22,50.45,37.79,10.59,11.11,10.69,5.0,5.0,92.0,40.0,39.0,171.0,19.0,9.0,12.0,1.0,13.0,0.0,50.0,48.0,83.0,123.0,5.0,12.0,248.0,30.0,18.0,24.0,87.0,29.0,16.0,3.33,3.4,4.28,2.0,3.0,4.0,173.22,132.0,133.79,5.0,1.41,2.2,2.8,9.62,9.73,9.6,860.0,138.0,39.0,156.0,527.0,196.0,131.0,146.0,387.0,248.0,308.0,122318.0,12.0,24.0,12.0,16.0,442.09,39.48,37.89,39.74,38.14,381.0,224.0,268.0,873.0,33.0,47.0,4.0,457.0,101.0,47.0,14.77,11.86,12.85,9.0,17.0,7.0,879.65,605.0,609.43,6.02,8.96,8.96,36.55,36.67,36.0,320.17,28.86,27.72,28.7,27.59,284.0,149.0,133.0,566.0,26.0,36.0,1.0,309.0,100.0,24.0,9.82,12.32,6.71,10.0,12.0,4.0,559.79,433.0,428.82,4.5,6.53,6.53,26.83,26.76,26.32,98.65,77.62,2270.0,1593.0,0.67,0.81,22.0,18.0,17.0,13.0,regular
8476873,2025,Mark Jankowski,CAR,L,5on5,44,26090.0,600.0,20.37,0.61,0.55,0.59,0.59,0.6,0.57,462.0,48.86,6.63,3.73,11.32,1.48,23.23,16.61,6.42,6.6,6.39,3.0,2.0,36.0,27.0,16.0,79.0,10.0,5.0,7.0,1.0,6.0,0.0,28.0,17.0,31.0,58.0,6.0,14.0,225.0,29.0,9.0,25.0,34.0,16.0,13.0,1.4,2.0,3.24,1.0,0.0,4.0,79.98,63.0,64.14,13.0,0.8,1.42,1.81,5.63,5.68,5.57,600.0,119.0,65.0,111.0,305.0,92.0,82.0,89.0,337.0,225.0,185.0,105587.0,14.0,6.0,3.0,26.0,243.1,21.27,19.97,21.27,20.0,200.0,128.0,146.0,474.0,16.0,30.0,1.0,249.0,50.0,29.0,7.45,6.33,7.5,8.0,3.0,5.0,479.65,328.0,332.84,3.39,5.8,5.8,18.85,19.04,18.61,162.68,13.33,12.9,13.46,13.04,136.0,86.0,106.0,328.0,12.0,12.0,0.0,171.0,39.0,12.0,5.24,4.61,3.48,6.0,5.0,1.0,328.54,222.0,221.92,2.32,2.53,2.53,13.11,13.29,13.08,88.01,73.32,1974.0,1369.0,0.63,0.35,15.0,11.0,11.0,8.0,regular
8476422,2025,Mike Reilly,CAR,D,5on5,29,24336.0,567.0,18.27,0.59,0.56,0.61,0.6,0.59,0.59,152.0,40.29,1.21,2.17,12.71,1.41,23.41,16.09,1.19,1.23,1.2,3.0,3.0,38.0,19.0,36.0,93.0,6.0,0.0,2.0,0.0,10.0,0.0,18.0,27.0,38.0,57.0,6.0,12.0,0.0,13.0,3.0,19.0,56.0,1.0,0.0,1.12,0.1,0.0,0.0,0.0,0.0,93.42,57.0,57.44,11.0,0.44,0.42,0.11,1.54,1.56,1.53,567.0,90.0,38.0,109.0,330.0,81.0,71.0,67.0,348.0,0.0,0.0,61876.0,12.0,12.0,5.0,24.0,247.78,21.32,20.15,21.53,20.38,203.0,135.0,147.0,485.0,18.0,35.0,3.0,250.0,62.0,26.0,6.77,7.57,6.98,8.0,8.0,2.0,489.92,338.0,342.55,3.31,6.65,6.64,17.98,18.19,17.84,172.14,14.53,13.97,14.26,13.73,164.0,72.0,77.0,313.0,13.0,17.0,1.0,177.0,47.0,12.0,5.17,5.84,3.52,5.0,7.0,1.0,308.53,236.0,232.74,2.34,3.23,3.23,13.65,13.48,13.29,49.63,38.5,1218.0,801.0,1.41,0.21,35.0,7.0,29.0,5.0,regular
8477940,2025,Nikolaj Ehlers,CAR,L,5on5,56,44054.0,912.0,54.64,0.59,0.56,0.6,0.59,0.6,0.57,301.0,109.63,8.59,6.79,28.36,3.82,58.67,44.77,8.39,8.56,8.37,6.0,5.0,93.0,58.0,60.0,211.0,19.0,8.0,13.0,1.0,27.0,0.0,52.0,51.0,85.0,143.0,4.0,8.0,3.0,10.0,15.0,48.0,117.0,27.0,7.0,3.7,3.08,1.8,2.0,5.0,1.0,213.8,151.0,152.54,10.0,1.41,2.37,0.86,9.14,9.11,8.93,912.0,141.0,62.0,160.0,549.0,169.0,120.0,156.0,467.0,3.0,11.0,122907.0,8.0,20.0,9.0,14.0,451.88,39.26,37.59,39.58,37.88,402.0,211.0,225.0,838.0,34.0,57.0,8.0,465.0,102.0,46.0,14.66,12.31,12.29,15.0,14.0,5.0,844.05,613.0,618.49,5.89,10.15,10.24,34.91,35.02,34.3,301.11,27.43,26.45,27.24,26.31,277.0,130.0,146.0,553.0,29.0,30.0,2.0,285.0,99.0,23.0,9.17,12.0,6.27,13.0,13.0,3.0,547.76,407.0,404.27,4.28,6.01,6.01,25.7,25.67,25.29,98.86,79.04,2305.0,1606.0,1.34,0.58,36.0,15.0,22.0,13.0,regular
8481491,2025,Noah Philp,CAR,C,5on5,17,9455.0,207.0,0.2,0.34,0.52,0.41,0.52,0.42,0.53,159.0,10.41,0.94,0.77,2.52,0.38,6.22,4.16,0.91,0.96,0.93,0.0,1.0,13.0,2.0,6.0,21.0,3.0,2.0,1.0,0.0,6.0,0.0,5.0,1.0,11.0,13.0,2.0,4.0,65.0,30.0,5.0,7.0,11.0,3.0,1.0,0.43,0.31,0.21,1.0,1.0,0.0,21.39,15.0,15.47,4.0,0.16,0.14,0.05,1.05,1.06,1.04,207.0,16.0,26.0,36.0,129.0,32.0,24.0,30.0,121.0,65.0,44.0,42899.0,4.0,2.0,1.0,2.0,51.43,3.39,3.3,3.49,3.39,53.0,19.0,29.0,101.0,3.0,3.0,0.0,57.0,13.0,2.0,1.42,1.52,0.45,2.0,1.0,0.0,102.42,72.0,73.31,0.67,0.29,0.29,3.77,3.86,3.79,73.53,6.57,6.31,6.68,6.43,73.0,27.0,43.0,143.0,10.0,9.0,2.0,78.0,15.0,7.0,2.55,1.88,2.13,6.0,1.0,3.0,144.09,100.0,100.38,1.06,2.16,2.16,5.47,5.53,5.46,29.77,27.82,687.0,630.0,0.21,0.22,5.0,2.0,4.0,2.0,regular
8480336,2025,Sean Walker,CAR,D,5on5,56,61630.0,1271.0,42.48,0.58,0.55,0.61,0.58,0.6,0.57,132.0,118.95,5.08,5.88,35.75,3.99,65.31,50.0,4.94,5.08,4.94,2.0,3.0,111.0,55.0,126.0,292.0,9.0,4.0,17.0,0.0,37.0,0.0,45.0,63.0,107.0,162.0,19.0,41.0,0.0,71.0,20.0,54.0,154.0,11.0,1.0,3.45,1.37,0.26,4.0,0.0,0.0,292.78,166.0,166.84,29.0,1.19,2.29,0.56,5.71,5.72,5.57,1271.0,165.0,133.0,213.0,760.0,233.0,137.0,177.0,724.0,0.0,0.0,105331.0,41.0,25.0,11.0,67.0,625.83,51.86,49.9,51.87,49.91,525.0,327.0,361.0,1213.0,37.0,64.0,3.0,670.0,124.0,58.0,21.45,15.43,14.98,17.0,15.0,5.0,1220.13,852.0,857.48,8.26,10.57,10.92,49.2,49.13,47.97,423.46,36.95,35.82,36.94,35.83,373.0,202.0,196.0,771.0,42.0,37.0,2.0,425.0,121.0,29.0,14.09,14.97,7.89,20.0,17.0,5.0,768.34,575.0,573.31,6.02,6.91,6.91,36.07,36.13,35.69,86.26,69.53,1930.0,1388.0,5.54,0.3,106.0,9.0,82.0,6.0,regular
8478427,2025,Sebastian Aho,CAR,C,5on5,56,46518.0,954.0,69.06,0.57,0.56,0.61,0.58,0.6,0.57,236.0,104.49,10.67,6.95,25.51,3.65,53.34,39.88,10.12,10.69,10.12,14.0,4.0,82.0,58.0,29.0,169.0,29.0,11.0,11.0,2.0,28.0,0.0,53.0,37.0,71.0,129.0,9.0,18.0,322.0,42.0,15.0,51.0,100.0,26.0,14.0,3.47,3.45,3.76,5.0,5.0,1.0,170.33,140.0,140.67,17.0,1.46,1.6,3.19,8.94,8.91,8.75,954.0,166.0,79.0,133.0,576.0,181.0,122.0,183.0,468.0,322.0,310.0,120443.0,18.0,20.0,10.0,14.0,516.22,41.83,40.15,42.07,40.35,440.0,263.0,237.0,940.0,42.0,48.0,5.0,551.0,112.0,40.0,17.41,13.91,10.51,18.0,18.0,6.0,945.0,703.0,707.41,6.64,8.91,9.14,39.33,39.43,38.7,346.05,31.37,30.21,31.38,30.21,312.0,153.0,126.0,591.0,33.0,41.0,3.0,325.0,111.0,29.0,10.71,13.09,7.58,11.0,16.0,6.0,589.48,465.0,464.09,5.0,7.62,7.62,28.75,28.84,28.38,96.29,75.1,2203.0,1568.0,0.93,1.83,18.0,23.0,15.0,19.0,regular
8482093,2025,Seth Jarvis,CAR,C,5on5,48,38124.0,784.0,56.61,0.56,0.58,0.6,0.6,0.59,0.58,231.0,103.57,10.13,7.13,23.83,3.32,53.3,39.3,9.73,10.29,9.86,3.0,7.0,96.0,41.0,22.0,159.0,22.0,12.0,12.0,1.0,17.0,0.0,52.0,44.0,84.0,125.0,1.0,2.0,17.0,64.0,19.0,34.0,97.0,30.0,10.0,3.89,3.63,2.61,6.0,5.0,1.0,161.88,137.0,139.15,13.0,1.49,2.57,1.43,10.19,10.3,10.19,784.0,142.0,65.0,118.0,459.0,144.0,93.0,142.0,405.0,17.0,23.0,104888.0,2.0,16.0,8.0,12.0,402.82,30.44,29.17,30.89,29.57,338.0,209.0,186.0,733.0,32.0,30.0,4.0,445.0,78.0,24.0,14.11,9.92,6.41,15.0,14.0,3.0,742.24,547.0,553.63,5.2,5.73,5.73,29.91,30.15,29.61,282.98,24.41,23.44,24.2,23.22,248.0,132.0,108.0,488.0,27.0,31.0,2.0,272.0,86.0,22.0,8.55,10.3,5.57,10.0,13.0,4.0,480.8,380.0,375.79,4.01,5.37,5.37,23.05,22.85,22.4,88.02,65.02,1998.0,1331.0,0.81,0.71,21.0,17.0,16.0,10.0,regular
8476906,2025,Shayne Gostisbehere,CAR,D,5on5,39,37026.0,777.0,46.7,0.56,0.56,0.6,0.6,0.6,0.58,146.0,67.3,2.71,3.45,20.94,2.25,37.28,27.37,2.64,2.69,2.63,9.0,7.0,58.0,36.0,34.0,128.0,19.0,3.0,5.0,0.0,28.0,0.0,32.0,26.0,55.0,91.0,2.0,4.0,0.0,14.0,9.0,28.0,89.0,5.0,0.0,2.13,0.57,0.0,2.0,1.0,0.0,127.51,94.0,93.38,16.0,0.7,0.98,0.09,3.32,3.3,3.23,777.0,114.0,48.0,128.0,487.0,115.0,94.0,117.0,451.0,0.0,0.0,79732.0,4.0,14.0,7.0,37.0,390.93,31.36,30.02,31.1,29.78,347.0,182.0,166.0,695.0,35.0,33.0,3.0,414.0,85.0,30.0,13.0,10.46,7.9,14.0,15.0,6.0,692.68,529.0,526.69,5.13,5.77,5.77,30.71,30.51,29.87,263.74,24.29,23.15,24.58,23.41,217.0,139.0,111.0,467.0,25.0,32.0,4.0,253.0,73.0,30.0,7.27,8.7,8.32,6.0,12.0,7.0,470.21,356.0,359.61,3.69,6.75,6.75,21.22,21.55,21.12,64.39,50.06,1538.0,1028.0,2.43,0.16,50.0,6.0,31.0,4.0,regular
8475791,2025,Taylor Hall,CAR,L,5on5,56,41001.0,855.0,38.71,0.56,0.57,0.59,0.59,0.56,0.58,385.0,83.88,8.46,5.73,19.62,2.89,43.34,31.95,7.95,8.52,8.0,6.0,6.0,71.0,41.0,42.0,154.0,20.0,8.0,7.0,1.0,16.0,0.0,38.0,43.0,63.0,104.0,11.0,22.0,12.0,30.0,14.0,45.0,80.0,22.0,10.0,3.0,2.78,2.69,2.0,4.0,2.0,155.61,112.0,112.75,12.0,1.21,1.6,2.73,6.94,6.99,6.83,855.0,135.0,50.0,154.0,516.0,150.0,126.0,147.0,432.0,12.0,17.0,125960.0,22.0,24.0,12.0,23.0,391.85,34.98,32.87,35.15,33.05,330.0,202.0,244.0,776.0,29.0,44.0,1.0,402.0,84.0,46.0,12.58,9.95,12.45,11.0,11.0,7.0,786.27,532.0,538.07,5.41,8.83,9.21,31.18,31.46,30.67,308.85,27.92,26.48,27.89,26.46,260.0,157.0,131.0,548.0,25.0,39.0,2.0,297.0,95.0,25.0,9.04,11.85,7.04,9.0,11.0,5.0,543.68,417.0,413.83,4.35,7.26,7.26,25.02,25.02,24.62,103.14,78.55,2367.0,1611.0,1.65,0.63,27.0,15.0,21.0,12.0,regular
8477478,2025,William Carrier,CAR,L,5on5,45,29944.0,729.0,23.05,0.58,0.57,0.6,0.59,0.58,0.58,390.0,64.24,6.27,4.71,15.05,2.07,33.35,23.55,6.09,6.26,6.08,4.0,2.0,53.0,32.0,22.0,107.0,12.0,6.0,7.0,1.0,14.0,0.0,33.0,25.0,47.0,79.0,8.0,16.0,1.0,109.0,9.0,13.0,56.0,23.0,6.0,1.76,3.01,1.51,1.0,4.0,1.0,108.25,85.0,85.38,5.0,1.0,1.14,1.15,6.12,6.14,6.08,729.0,108.0,109.0,177.0,335.0,129.0,68.0,96.0,436.0,1.0,4.0,104799.0,16.0,16.0,8.0,9.0,285.05,22.86,22.11,22.74,22.01,239.0,146.0,183.0,568.0,27.0,23.0,2.0,298.0,66.0,21.0,8.62,8.72,5.52,10.0,14.0,3.0,568.91,385.0,386.25,3.76,4.39,4.2,22.43,22.36,22.01,203.06,16.65,16.35,16.7,16.38,182.0,94.0,97.0,373.0,24.0,15.0,1.0,209.0,52.0,15.0,6.17,6.21,4.28,10.0,12.0,2.0,371.32,276.0,276.04,2.7,2.78,2.78,16.58,16.69,16.48,87.18,66.92,1956.0,1359.0,0.94,1.53,21.0,27.0,16.0,25.0,regular
8484166,2025,Adam Fantilli,CBJ,C,5on5,55,50775.0,942.0,39.59,0.52,0.5,0.52,0.5,0.51,0.5,136.0,112.22,12.03,7.89,24.08,3.67,58.83,43.5,11.08,11.98,11.07,7.0,6.0,98.0,52.0,68.0,218.0,19.0,6.0,18.0,1.0,29.0,1.0,43.0,53.0,92.0,144.0,7.0,17.0,314.0,84.0,16.0,54.0,100.0,38.0,12.0,3.65,4.83,3.55,4.0,1.0,1.0,220.25,150.0,151.21,18.0,1.65,4.87,3.28,10.4,10.45,10.24,942.0,164.0,63.0,171.0,544.0,133.0,171.0,148.0,490.0,314.0,311.0,114877.0,17.0,29.0,12.0,32.0,454.17,40.11,37.96,40.31,38.2,406.0,213.0,246.0,865.0,33.0,56.0,5.0,463.0,117.0,39.0,14.57,14.45,11.1,17.0,13.0,3.0,876.42,619.0,627.02,6.38,11.21,11.46,35.02,35.38,34.58,438.62,37.53,35.92,37.2,35.61,394.0,203.0,200.0,797.0,40.0,46.0,2.0,458.0,101.0,38.0,13.84,12.76,10.93,23.0,11.0,6.0,786.72,597.0,590.91,5.9,10.21,10.21,33.22,32.98,32.4,79.84,79.17,1887.0,1895.0,0.5,0.89,21.0,21.0,15.0,20.0,regular
8476432,2025,Boone Jenner,CBJ,C,5on5,41,32724.0,662.0,29.65,0.47,0.53,0.52,0.51,0.5,0.51,202.0,86.11,8.64,6.08,20.74,3.03,42.62,32.89,8.35,8.67,8.38,11.0,4.0,74.0,40.0,32.0,146.0,21.0,6.0,8.0,1.0,12.0,0.0,53.0,35.0,68.0,108.0,8.0,22.0,67.0,87.0,6.0,32.0,75.0,30.0,9.0,2.41,3.64,2.59,1.0,4.0,1.0,149.11,114.0,116.27,11.0,1.28,1.4,1.98,7.94,8.04,7.94,662.0,92.0,76.0,110.0,384.0,128.0,100.0,87.0,347.0,67.0,66.0,89223.0,22.0,20.0,7.0,34.0,303.42,25.21,24.28,25.43,24.51,276.0,132.0,226.0,634.0,28.0,29.0,4.0,299.0,86.0,23.0,8.54,10.38,6.29,9.0,17.0,2.0,644.28,408.0,414.29,4.25,6.01,6.08,23.38,23.71,23.26,296.32,27.89,26.55,27.57,26.25,274.0,132.0,178.0,584.0,27.0,29.0,3.0,299.0,77.0,30.0,9.11,9.47,9.31,15.0,7.0,5.0,575.45,406.0,401.26,4.08,7.67,7.67,24.3,24.12,23.5,65.93,58.11,1470.0,1427.0,0.58,0.17,12.0,13.0,11.0,8.0,regular
8476867,2025,Brendan Gaunce,CBJ,C,5on5,25,14881.0,336.0,6.68,0.45,0.53,0.5,0.51,0.5,0.5,247.0,28.55,2.25,1.77,7.44,0.99,15.05,11.5,2.09,2.23,2.07,3.0,1.0,24.0,15.0,13.0,52.0,4.0,0.0,4.0,0.0,5.0,0.0,16.0,14.0,24.0,39.0,6.0,12.0,90.0,44.0,6.0,5.0,32.0,4.0,3.0,0.85,0.56,0.84,0.0,0.0,0.0,52.14,39.0,38.88,2.0,0.37,0.84,1.02,1.6,1.59,1.49,336.0,29.0,52.0,53.0,202.0,57.0,43.0,51.0,185.0,90.0,62.0,59614.0,12.0,6.0,2.0,14.0,115.17,7.95,7.55,7.98,7.58,97.0,61.0,79.0,237.0,8.0,10.0,1.0,132.0,19.0,7.0,3.84,2.32,1.79,6.0,1.0,1.0,238.49,158.0,158.83,1.44,1.98,1.98,7.41,7.47,7.21,116.69,9.63,9.34,9.62,9.33,102.0,58.0,75.0,235.0,11.0,9.0,0.0,125.0,25.0,10.0,3.83,3.01,2.79,8.0,2.0,1.0,233.6,160.0,159.13,1.49,1.95,1.95,9.16,9.12,8.99,50.43,44.02,1026.0,993.0,0.16,0.34,8.0,9.0,7.0,8.0,regular
8474090,2025,Brendan Smith,CBJ,D,5on5,15,9287.0,214.0,0.95,0.45,0.5,0.46,0.51,0.44,0.5,87.0,6.95,0.31,0.38,2.11,0.23,4.08,2.88,0.29,0.31,0.29,1.0,1.0,10.0,0.0,11.0,21.0,2.0,0.0,4.0,0.0,3.0,0.0,3.0,0.0,10.0,10.0,4.0,11.0,0.0,11.0,5.0,14.0,10.0,0.0,0.0,0.31,0.0,0.0,0.0,0.0,0.0,21.07,10.0,9.82,10.0,0.08,0.72,0.0,0.39,0.39,0.36,214.0,24.0,17.0,30.0,143.0,32.0,42.0,24.0,116.0,0.0,0.0,34671.0,11.0,7.0,2.0,9.0,61.5,5.11,4.91,5.14,4.94,57.0,25.0,42.0,124.0,5.0,8.0,1.0,62.0,16.0,4.0,1.89,2.25,0.96,2.0,2.0,1.0,125.73,82.0,83.06,0.82,1.46,1.46,4.46,4.54,4.45,76.11,6.26,6.13,6.25,6.13,72.0,33.0,42.0,147.0,6.0,2.0,0.0,81.0,19.0,5.0,2.64,2.09,1.54,2.0,3.0,1.0,146.99,105.0,105.79,0.98,0.79,0.79,6.45,6.49,6.43,24.69,24.35,583.0,555.0,0.58,0.06,20.0,3.0,15.0,3.0,regular
8475745,2025,Charlie Coyle,CBJ,C,5on5,55,43284.0,932.0,39.54,0.56,0.49,0.5,0.51,0.5,0.5,336.0,83.66,11.06,6.33,18.27,2.65,40.14,28.55,9.82,10.99,9.77,12.0,8.0,72.0,35.0,23.0,130.0,29.0,9.0,12.0,5.0,9.0,0.0,40.0,37.0,63.0,98.0,4.0,8.0,314.0,68.0,17.0,29.0,66.0,21.0,20.0,2.46,2.81,5.79,2.0,4.0,3.0,132.37,107.0,109.0,7.0,1.35,2.94,5.2,7.21,7.3,6.97,932.0,106.0,166.0,164.0,496.0,136.0,98.0,123.0,575.0,314.0,287.0,122368.0,8.0,26.0,13.0,23.0,385.66,34.71,32.33,34.72,32.39,343.0,176.0,181.0,700.0,36.0,55.0,5.0,392.0,81.0,46.0,11.28,10.54,12.87,19.0,14.0,3.0,708.55,519.0,527.05,5.34,11.89,11.87,28.17,28.4,27.64,367.36,27.77,26.5,27.64,26.34,332.0,179.0,196.0,707.0,24.0,32.0,3.0,424.0,61.0,26.0,12.77,7.56,7.45,17.0,3.0,4.0,701.25,511.0,506.69,4.91,7.18,7.18,25.5,25.4,24.7,85.25,88.93,2052.0,1985.0,1.21,0.74,44.0,24.0,33.0,20.0,regular
8482705,2025,Cole Sillinger,CBJ,C,5on5,54,43666.0,916.0,21.75,0.52,0.5,0.49,0.51,0.49,0.5,273.0,82.23,7.5,5.42,19.01,2.63,42.63,32.81,7.33,7.62,7.45,6.0,8.0,74.0,36.0,29.0,139.0,18.0,4.0,7.0,0.0,17.0,0.0,45.0,37.0,70.0,106.0,11.0,22.0,34.0,63.0,17.0,42.0,81.0,22.0,7.0,2.9,2.69,1.92,1.0,3.0,0.0,141.33,110.0,111.75,9.0,1.14,2.06,1.43,7.2,7.27,7.18,916.0,114.0,128.0,146.0,528.0,144.0,138.0,129.0,505.0,34.0,53.0,118883.0,22.0,2.0,1.0,24.0,374.08,32.94,30.65,32.98,30.74,344.0,168.0,185.0,697.0,34.0,47.0,6.0,398.0,72.0,42.0,12.16,9.01,11.76,18.0,11.0,5.0,705.51,512.0,518.15,5.07,10.51,10.51,27.5,27.69,26.86,384.35,30.56,28.79,30.57,28.73,361.0,169.0,200.0,730.0,32.0,42.0,3.0,430.0,71.0,29.0,12.95,8.95,8.66,19.0,8.0,5.0,726.02,530.0,527.84,5.13,9.52,9.52,26.17,26.1,25.47,84.61,84.61,2000.0,1922.0,0.72,1.12,18.0,27.0,15.0,24.0,regular
8476923,2025,Damon Severson,CBJ,D,5on5,54,59409.0,1082.0,27.2,0.55,0.48,0.53,0.49,0.52,0.48,157.0,65.16,3.9,4.33,17.07,2.35,38.49,27.86,3.72,3.93,3.76,7.0,7.0,56.0,38.0,60.0,154.0,17.0,3.0,7.0,0.0,15.0,0.0,37.0,32.0,53.0,91.0,13.0,26.0,0.0,33.0,15.0,64.0,83.0,10.0,1.0,2.34,1.22,0.34,3.0,0.0,0.0,156.42,94.0,95.21,40.0,0.89,1.04,0.93,3.86,3.9,3.83,1082.0,123.0,149.0,193.0,617.0,150.0,158.0,139.0,635.0,0.0,0.0,103300.0,26.0,8.0,4.0,59.0,553.37,48.0,45.7,48.29,46.02,491.0,256.0,295.0,1042.0,44.0,68.0,9.0,562.0,129.0,56.0,16.86,15.7,15.44,19.0,16.0,9.0,1055.35,747.0,757.28,7.59,14.08,14.81,40.78,41.25,40.5,495.29,39.16,37.18,39.19,37.19,452.0,225.0,240.0,917.0,42.0,44.0,5.0,538.0,99.0,40.0,15.74,12.16,11.25,22.0,11.0,9.0,912.42,677.0,675.18,6.57,9.62,9.62,36.11,36.11,35.08,69.31,74.04,1655.0,1728.0,3.97,0.24,90.0,8.0,66.0,6.0,regular
8479371,2025,Dante Fabbro,CBJ,D,5on5,49,41538.0,823.0,6.07,0.47,0.53,0.46,0.52,0.47,0.51,221.0,49.03,1.32,2.43,15.49,1.63,28.7,20.41,1.24,1.33,1.26,3.0,1.0,48.0,22.0,51.0,121.0,8.0,4.0,9.0,0.0,15.0,0.0,27.0,15.0,44.0,66.0,8.0,16.0,0.0,36.0,11.0,39.0,70.0,0.0,0.0,1.32,0.0,0.0,4.0,0.0,0.0,121.99,70.0,70.88,28.0,0.49,1.62,0.03,1.78,1.8,1.69,823.0,80.0,89.0,131.0,523.0,138.0,124.0,105.0,456.0,0.0,0.0,106558.0,16.0,10.0,5.0,70.0,345.19,29.54,28.05,29.79,28.32,308.0,160.0,196.0,664.0,21.0,46.0,3.0,356.0,77.0,35.0,10.22,10.29,9.04,9.0,9.0,3.0,672.81,468.0,475.05,4.81,8.31,8.53,25.82,26.18,25.56,389.3,33.02,31.53,32.97,31.47,352.0,182.0,239.0,773.0,32.0,43.0,4.0,412.0,88.0,34.0,12.67,10.66,9.68,15.0,13.0,4.0,768.15,534.0,532.84,5.27,8.68,8.68,29.6,29.6,29.03,81.62,73.4,1822.0,1667.0,2.11,0.21,61.0,11.0,49.0,8.0,regular
8478046,2025,Danton Heinen,CBJ,L,5on5,25,14951.0,345.0,7.27,0.55,0.5,0.55,0.51,0.56,0.51,239.0,30.53,3.16,2.36,7.1,0.93,15.35,11.1,3.04,3.16,3.04,1.0,0.0,24.0,16.0,15.0,55.0,3.0,2.0,2.0,0.0,10.0,0.0,17.0,9.0,22.0,38.0,4.0,8.0,7.0,37.0,6.0,9.0,26.0,10.0,4.0,0.92,1.19,1.06,1.0,1.0,0.0,54.23,40.0,39.37,1.0,0.5,0.51,1.17,2.49,2.46,2.36,345.0,30.0,55.0,48.0,212.0,77.0,43.0,45.0,180.0,7.0,11.0,60184.0,8.0,4.0,2.0,14.0,132.79,9.68,9.32,9.58,9.22,109.0,73.0,65.0,247.0,10.0,13.0,0.0,143.0,31.0,8.0,3.85,3.79,2.03,7.0,2.0,1.0,243.62,182.0,179.3,1.82,2.61,2.39,9.11,8.98,8.76,105.68,8.07,7.84,8.24,7.99,92.0,52.0,62.0,206.0,10.0,9.0,1.0,117.0,18.0,9.0,3.52,2.09,2.46,5.0,3.0,2.0,208.61,144.0,145.8,1.39,1.74,1.74,7.72,7.87,7.69,44.41,43.92,1017.0,983.0,0.7,0.41,9.0,8.0,9.0,6.0,regular
8483485,2025,Denton Mateychuk,CBJ,D,5on5,48,48479.0,899.0,27.48,0.52,0.5,0.52,0.5,0.51,0.49,165.0,54.17,2.41,2.93,14.39,1.79,30.12,24.35,2.34,2.45,2.37,6.0,5.0,52.0,24.0,48.0,124.0,19.0,8.0,3.0,1.0,15.0,0.0,17.0,33.0,44.0,68.0,2.0,4.0,0.0,16.0,10.0,47.0,69.0,7.0,0.0,1.51,0.9,0.0,4.0,4.0,0.0,126.01,76.0,77.67,30.0,0.59,0.56,0.34,2.66,2.69,2.64,899.0,108.0,119.0,160.0,512.0,127.0,132.0,122.0,518.0,0.0,0.0,96187.0,4.0,14.0,7.0,46.0,434.33,36.05,34.45,36.51,34.89,390.0,200.0,226.0,816.0,40.0,51.0,7.0,444.0,113.0,33.0,13.27,13.74,9.05,18.0,16.0,6.0,828.23,590.0,599.03,5.9,10.17,9.88,32.07,32.47,31.78,408.51,33.45,32.29,32.99,31.85,367.0,191.0,193.0,751.0,35.0,43.0,2.0,430.0,99.0,29.0,12.59,12.93,7.94,18.0,12.0,5.0,740.87,558.0,550.94,5.6,8.37,8.37,30.69,30.3,29.81,68.53,67.97,1589.0,1618.0,4.31,0.28,68.0,9.0,51.0,8.0,regular
8481716,2025,Dmitri Voronkov,CBJ,L,5on5,55,39746.0,909.0,34.28,0.55,0.49,0.53,0.5,0.53,0.49,384.0,86.23,9.55,6.44,20.97,3.07,41.02,31.94,9.08,9.8,9.31,9.0,4.0,74.0,39.0,16.0,129.0,22.0,9.0,16.0,1.0,11.0,0.0,45.0,32.0,65.0,104.0,21.0,50.0,5.0,94.0,9.0,30.0,66.0,33.0,14.0,2.06,3.99,3.5,2.0,6.0,1.0,131.38,113.0,115.07,9.0,1.39,3.62,3.3,7.64,7.81,7.63,909.0,170.0,67.0,176.0,496.0,115.0,128.0,138.0,528.0,5.0,17.0,125906.0,50.0,18.0,6.0,25.0,392.09,33.31,31.32,33.69,31.72,338.0,189.0,199.0,726.0,34.0,57.0,4.0,395.0,97.0,35.0,11.5,12.08,9.72,19.0,11.0,4.0,735.1,527.0,533.75,5.35,11.0,11.0,27.66,28.02,27.34,341.77,27.43,26.34,27.35,26.25,309.0,156.0,174.0,639.0,26.0,34.0,3.0,364.0,73.0,28.0,10.81,8.91,7.72,11.0,10.0,5.0,635.23,465.0,463.2,4.53,6.66,6.66,25.3,25.23,24.72,86.64,89.27,2026.0,2053.0,0.66,2.02,22.0,34.0,14.0,29.0,regular
8478062,2025,Dysin Mayo,CBJ,D,5on5,3,1508.0,37.0,2.13,0.6,0.53,0.71,0.54,0.71,0.54,18.0,3.53,0.09,0.18,1.08,0.1,2.08,1.47,0.09,0.09,0.08,0.0,1.0,5.0,0.0,2.0,7.0,1.0,0.0,0.0,0.0,0.0,0.0,3.0,2.0,5.0,5.0,0.0,0.0,0.0,0.0,0.0,0.0,5.0,0.0,0.0,0.09,0.0,0.0,0.0,0.0,0.0,6.82,5.0,4.96,0.0,0.04,0.0,0.0,0.13,0.12,0.12,37.0,9.0,1.0,5.0,22.0,12.0,3.0,2.0,20.0,0.0,0.0,7400.0,0.0,0.0,0.0,1.0,19.54,1.42,1.35,1.41,1.33,17.0,10.0,7.0,34.0,2.0,1.0,1.0,21.0,6.0,0.0,0.64,0.78,0.0,1.0,1.0,0.0,33.89,27.0,27.23,0.27,0.11,0.11,1.58,1.56,1.51,8.32,0.95,0.88,0.96,0.89,7.0,4.0,3.0,14.0,1.0,3.0,0.0,7.0,3.0,1.0,0.25,0.43,0.28,1.0,0.0,0.0,14.35,11.0,11.02,0.11,0.54,0.54,0.52,0.53,0.52,6.77,6.07,140.0,118.0,0.05,0.05,3.0,1.0,2.0,1.0,regular
8481178,2025,Egor Zamula,CBJ,D,5on5,23,18679.0,406.0,3.2,0.44,0.54,0.48,0.5,0.48,0.52,114.0,13.07,0.39,0.6,4.1,0.44,7.82,5.66,0.39,0.38,0.38,1.0,1.0,14.0,5.0,17.0,36.0,2.0,0.0,1.0,0.0,7.0,0.0,5.0,6.0,14.0,19.0,2.0,4.0,0.0,3.0,4.0,19.0,19.0,0.0,0.0,0.39,0.0,0.0,0.0,0.0,0.0,35.81,19.0,18.99,14.0,0.12,0.15,0.0,0.51,0.5,0.5,406.0,32.0,23.0,73.0,278.0,58.0,57.0,47.0,244.0,0.0,0.0,49043.0,4.0,0.0,0.0,29.0,133.1,10.13,9.91,10.3,10.08,130.0,52.0,74.0,256.0,16.0,9.0,2.0,147.0,28.0,7.0,4.51,3.46,2.16,9.0,6.0,1.0,260.78,182.0,184.44,1.72,1.96,1.96,9.89,9.99,9.88,144.01,12.68,12.05,12.57,11.93,123.0,74.0,82.0,279.0,10.0,20.0,1.0,156.0,26.0,15.0,4.68,3.2,4.81,9.0,0.0,1.0,275.63,197.0,195.46,1.9,4.62,4.62,9.96,9.8,9.6,35.15,30.12,784.0,770.0,1.56,0.0,30.0,0.0,23.0,0.0,regular
8475790,2025,Erik Gudbranson,CBJ,D,5on5,13,10849.0,240.0,1.1,0.43,0.57,0.44,0.57,0.43,0.57,65.0,13.25,0.35,0.6,3.91,0.45,7.92,5.77,0.34,0.36,0.34,2.0,0.0,10.0,9.0,16.0,35.0,3.0,1.0,2.0,0.0,1.0,0.0,7.0,8.0,9.0,18.0,3.0,6.0,0.0,15.0,4.0,9.0,19.0,0.0,0.0,0.35,0.0,0.0,1.0,0.0,0.0,35.49,19.0,19.28,6.0,0.12,0.48,0.0,0.47,0.48,0.46,240.0,13.0,29.0,43.0,155.0,30.0,36.0,34.0,140.0,0.0,0.0,27395.0,6.0,2.0,1.0,16.0,79.73,6.53,5.93,6.62,6.04,74.0,37.0,44.0,155.0,7.0,10.0,0.0,89.0,14.0,8.0,2.24,1.86,2.43,4.0,3.0,0.0,158.97,111.0,113.55,1.05,2.48,2.48,5.1,5.22,5.07,106.64,8.72,8.46,8.55,8.3,94.0,55.0,52.0,201.0,7.0,10.0,1.0,120.0,22.0,7.0,3.74,2.86,2.12,3.0,2.0,2.0,196.41,149.0,145.88,1.51,2.32,2.32,7.92,7.79,7.65,20.63,15.67,487.0,372.0,0.7,0.02,20.0,1.0,18.0,1.0,regular
8480806,2025,Isac Lundestrm,CBJ,C,5on5,41,26313.0,611.0,3.92,0.43,0.5,0.45,0.52,0.44,0.5,369.0,27.14,2.0,1.61,6.02,0.93,13.43,11.01,1.95,2.0,1.95,1.0,3.0,26.0,9.0,8.0,43.0,6.0,2.0,4.0,0.0,7.0,0.0,7.0,15.0,24.0,33.0,1.0,2.0,97.0,19.0,3.0,23.0,27.0,7.0,1.0,0.81,0.96,0.23,0.0,2.0,0.0,43.01,35.0,35.06,15.0,0.33,0.7,0.19,2.15,2.14,2.12,611.0,49.0,71.0,94.0,397.0,98.0,84.0,80.0,349.0,97.0,81.0,98189.0,2.0,8.0,4.0,14.0,185.0,13.33,12.96,13.41,13.05,168.0,83.0,98.0,349.0,16.0,16.0,2.0,205.0,35.0,11.0,5.71,4.7,2.92,7.0,8.0,1.0,353.64,251.0,254.08,2.35,2.66,2.66,13.02,13.17,13.01,226.48,17.96,17.21,17.99,17.24,206.0,108.0,109.0,423.0,20.0,16.0,1.0,253.0,42.0,19.0,7.45,5.23,5.27,17.0,2.0,1.0,421.94,314.0,313.01,3.01,3.89,3.89,17.07,17.09,16.58,69.69,68.66,1659.0,1558.0,0.89,0.27,26.0,13.0,20.0,8.0,regular
8478500,2025,Ivan Provorov,CBJ,D,5on5,55,66511.0,1162.0,22.95,0.5,0.51,0.49,0.52,0.48,0.51,113.0,92.32,4.05,4.9,27.97,3.16,50.37,38.56,3.88,4.0,3.84,5.0,4.0,90.0,39.0,64.0,193.0,14.0,5.0,9.0,1.0,25.0,0.0,59.0,31.0,85.0,124.0,12.0,24.0,0.0,22.0,14.0,82.0,120.0,8.0,1.0,2.63,1.06,0.35,4.0,1.0,0.0,193.37,129.0,128.93,58.0,1.0,1.52,0.98,4.06,4.05,3.94,1162.0,126.0,172.0,209.0,655.0,155.0,151.0,192.0,664.0,0.0,0.0,99141.0,24.0,8.0,4.0,71.0,553.68,46.11,43.79,46.23,43.96,507.0,242.0,320.0,1069.0,52.0,71.0,9.0,582.0,115.0,52.0,17.11,14.25,14.75,25.0,22.0,5.0,1081.86,749.0,756.65,7.36,13.63,12.82,40.65,40.9,39.97,599.55,46.75,44.25,46.77,44.22,534.0,288.0,305.0,1127.0,42.0,56.0,5.0,672.0,103.0,47.0,20.44,12.74,13.57,32.0,5.0,5.0,1120.06,822.0,818.32,7.83,12.27,12.27,42.32,42.27,41.06,73.84,69.95,1683.0,1565.0,3.9,0.3,92.0,12.0,70.0,11.0,regular
8481161,2025,Jake Christiansen,CBJ,D,5on5,32,19119.0,404.0,3.7,0.48,0.51,0.52,0.49,0.51,0.49,186.0,26.91,0.76,1.41,7.94,0.95,16.36,11.57,0.76,0.79,0.78,1.0,1.0,22.0,17.0,27.0,66.0,2.0,0.0,0.0,0.0,13.0,0.0,15.0,11.0,22.0,39.0,1.0,2.0,0.0,25.0,2.0,11.0,39.0,0.0,0.0,0.76,0.0,0.0,0.0,0.0,0.0,69.18,39.0,40.74,6.0,0.28,0.0,0.06,0.98,1.01,1.01,404.0,37.0,39.0,53.0,275.0,80.0,59.0,38.0,227.0,0.0,0.0,77765.0,2.0,2.0,1.0,12.0,163.04,13.42,12.6,13.56,12.75,133.0,91.0,103.0,327.0,4.0,18.0,1.0,181.0,26.0,17.0,4.95,3.69,4.79,2.0,2.0,0.0,337.78,224.0,230.09,2.19,4.03,4.03,11.59,11.81,11.54,155.32,14.53,13.7,14.5,13.67,143.0,69.0,84.0,296.0,13.0,19.0,1.0,156.0,41.0,15.0,4.71,5.02,4.8,6.0,6.0,1.0,291.78,212.0,209.87,2.1,4.82,4.82,11.81,11.79,11.57,57.61,55.34,1264.0,1331.0,1.14,0.08,22.0,5.0,19.0,4.0,regular
8482660,2025,Kent Johnson,CBJ,C,5on5,54,37725.0,797.0,20.46,0.48,0.51,0.52,0.5,0.5,0.5,429.0,67.57,5.63,4.48,15.74,2.16,36.77,27.23,5.48,5.71,5.56,3.0,7.0,65.0,27.0,39.0,131.0,14.0,4.0,4.0,1.0,14.0,0.0,41.0,29.0,61.0,88.0,5.0,10.0,0.0,8.0,9.0,27.0,72.0,15.0,5.0,2.61,1.69,1.32,0.0,3.0,1.0,132.76,92.0,93.46,7.0,0.93,0.47,0.99,5.57,5.69,5.63,797.0,105.0,79.0,135.0,478.0,129.0,117.0,102.0,449.0,0.0,1.0,124681.0,10.0,6.0,3.0,24.0,315.2,24.39,23.73,24.71,24.05,286.0,140.0,211.0,637.0,25.0,30.0,3.0,332.0,71.0,23.0,9.73,8.5,6.17,10.0,12.0,3.0,646.28,426.0,431.64,4.11,5.87,5.87,22.63,22.98,22.7,310.59,26.52,25.46,26.33,25.29,268.0,158.0,167.0,593.0,31.0,33.0,4.0,324.0,78.0,24.0,10.04,9.99,6.49,17.0,8.0,6.0,588.56,426.0,424.33,4.32,6.59,6.59,24.24,24.15,23.72,93.38,88.14,2070.0,2048.0,0.57,0.75,18.0,31.0,16.0,23.0,regular
8480893,2025,Kirill Marchenko,CBJ,R,5on5,50,44858.0,910.0,48.49,0.51,0.51,0.52,0.5,0.51,0.5,139.0,117.17,10.57,7.61,28.68,3.83,61.71,45.59,10.28,10.68,10.38,7.0,4.0,102.0,56.0,57.0,215.0,25.0,14.0,14.0,1.0,24.0,0.0,52.0,54.0,88.0,144.0,9.0,18.0,2.0,37.0,25.0,56.0,116.0,35.0,7.0,4.2,4.26,2.11,7.0,5.0,2.0,216.71,158.0,159.84,20.0,1.59,2.3,2.82,9.34,9.43,9.28,910.0,179.0,71.0,187.0,473.0,112.0,155.0,135.0,508.0,2.0,3.0,105921.0,18.0,22.0,11.0,27.0,420.15,36.17,34.23,36.51,34.58,362.0,207.0,206.0,775.0,34.0,53.0,6.0,429.0,107.0,33.0,13.37,13.39,9.42,15.0,15.0,4.0,785.21,569.0,576.87,5.85,9.37,9.37,32.65,33.02,32.17,409.37,35.35,33.63,35.11,33.4,380.0,171.0,175.0,726.0,24.0,51.0,4.0,423.0,89.0,39.0,12.2,11.22,11.94,9.0,9.0,6.0,716.77,551.0,544.95,5.47,11.18,11.18,29.65,29.41,28.79,73.37,71.25,1758.0,1756.0,0.77,0.46,27.0,20.0,18.0,15.0,regular
8483432,2025,Luca Del Bel Belluz,CBJ,C,5on5,13,6762.0,151.0,-0.11,0.42,0.52,0.44,0.51,0.46,0.5,143.0,9.39,0.87,0.61,2.35,0.32,5.16,3.7,0.85,0.88,0.86,0.0,1.0,10.0,3.0,2.0,15.0,1.0,0.0,2.0,0.0,1.0,0.0,6.0,4.0,10.0,13.0,2.0,4.0,23.0,2.0,2.0,1.0,10.0,2.0,1.0,0.35,0.28,0.25,0.0,0.0,0.0,15.4,13.0,13.26,1.0,0.13,0.43,0.25,0.75,0.76,0.75,151.0,15.0,17.0,20.0,99.0,24.0,26.0,17.0,84.0,23.0,36.0,32725.0,4.0,2.0,1.0,10.0,51.43,3.37,3.3,3.45,3.38,46.0,26.0,24.0,96.0,2.0,5.0,0.0,61.0,8.0,3.0,1.56,1.1,0.71,1.0,1.0,0.0,97.71,72.0,72.94,0.66,0.74,0.74,3.3,3.38,3.35,59.15,4.64,4.52,4.57,4.45,53.0,30.0,41.0,124.0,4.0,6.0,0.0,68.0,9.0,6.0,1.91,1.16,1.57,3.0,1.0,0.0,122.64,83.0,82.29,0.8,1.43,1.43,4.01,3.94,3.87,24.01,22.51,523.0,508.0,0.02,0.16,2.0,4.0,1.0,4.0,regular
8484214,2025,Luca Pinelli,CBJ,C,5on5,3,2268.0,47.0,0.7,0.49,0.46,0.53,0.51,0.52,0.48,19.0,4.63,0.32,0.36,1.12,0.19,2.91,2.11,0.32,0.31,0.31,0.0,0.0,4.0,3.0,1.0,8.0,0.0,0.0,1.0,0.0,0.0,0.0,4.0,2.0,4.0,7.0,0.0,0.0,0.0,2.0,0.0,2.0,6.0,1.0,0.0,0.24,0.09,0.0,0.0,0.0,0.0,7.77,7.0,6.87,0.0,0.07,0.08,0.0,0.4,0.39,0.39,47.0,7.0,3.0,7.0,30.0,7.0,11.0,5.0,24.0,0.0,0.0,6609.0,0.0,0.0,0.0,1.0,19.81,2.1,2.0,2.02,1.93,20.0,7.0,10.0,37.0,1.0,3.0,1.0,20.0,4.0,3.0,0.78,0.5,0.81,0.0,0.0,1.0,36.33,27.0,26.7,0.3,0.69,0.69,1.7,1.65,1.62,19.12,2.18,1.97,2.21,2.0,18.0,7.0,8.0,33.0,1.0,4.0,0.0,15.0,6.0,4.0,0.43,0.74,1.01,0.0,1.0,0.0,33.79,25.0,25.53,0.3,0.84,0.84,1.64,1.69,1.64,4.14,4.79,96.0,92.0,0.06,0.17,2.0,2.0,2.0,2.0,regular
8478975,2025,Mason Marchment,CBJ,L,5on5,42,37480.0,755.0,21.39,0.49,0.47,0.49,0.47,0.47,0.48,131.0,68.89,6.67,4.67,16.63,2.51,36.67,27.83,6.45,6.63,6.4,5.0,3.0,57.0,38.0,36.0,131.0,17.0,9.0,9.0,2.0,11.0,0.0,32.0,34.0,48.0,86.0,15.0,30.0,9.0,46.0,13.0,49.0,67.0,23.0,5.0,2.35,3.01,1.32,5.0,3.0,1.0,131.2,95.0,95.53,12.0,0.98,0.67,1.38,6.28,6.27,6.12,755.0,109.0,70.0,139.0,437.0,133.0,138.0,113.0,371.0,9.0,16.0,86906.0,30.0,26.0,13.0,15.0,274.6,22.39,21.61,22.33,21.55,241.0,137.0,172.0,550.0,23.0,28.0,4.0,294.0,69.0,15.0,9.77,8.47,4.16,11.0,9.0,3.0,554.16,378.0,381.69,3.74,4.49,4.65,21.49,21.52,21.12,312.3,23.0,22.18,23.06,22.23,276.0,152.0,152.0,580.0,19.0,26.0,1.0,346.0,63.0,19.0,10.28,7.59,5.12,12.0,5.0,2.0,577.14,428.0,425.05,4.3,4.15,4.16,23.14,23.15,22.75,49.97,57.51,1320.0,1463.0,0.68,1.13,14.0,25.0,9.0,19.0,regular
8479671,2025,Mathieu Olivier,CBJ,R,5on5,42,32708.0,695.0,17.75,0.55,0.51,0.49,0.51,0.51,0.5,248.0,69.41,7.12,5.0,16.57,2.32,34.48,27.5,6.82,7.21,6.91,5.0,3.0,52.0,41.0,22.0,115.0,14.0,6.0,8.0,0.0,5.0,0.0,31.0,43.0,46.0,87.0,14.0,52.0,2.0,153.0,8.0,16.0,65.0,17.0,11.0,1.92,1.99,3.21,4.0,2.0,0.0,117.52,93.0,94.98,6.0,1.05,1.31,3.09,5.08,5.17,5.11,695.0,75.0,105.0,121.0,394.0,110.0,103.0,93.0,389.0,2.0,4.0,94319.0,52.0,46.0,14.0,20.0,292.94,24.8,23.18,25.03,23.44,259.0,139.0,130.0,528.0,27.0,39.0,3.0,313.0,51.0,34.0,8.74,6.36,9.7,16.0,8.0,3.0,540.44,398.0,407.21,4.01,9.24,9.24,19.56,19.91,19.4,275.81,20.44,19.6,20.37,19.5,257.0,126.0,166.0,549.0,17.0,24.0,1.0,312.0,54.0,17.0,9.46,6.41,4.57,11.0,4.0,2.0,543.97,383.0,379.67,3.7,4.58,4.58,19.56,19.51,19.05,70.06,67.97,1607.0,1535.0,1.33,2.36,23.0,26.0,20.0,24.0,regular
8482451,2025,Mikael Pyyhtia,CBJ,L,5on5,5,2964.0,64.0,2.1,0.59,0.58,0.59,0.53,0.59,0.56,55.0,9.36,0.69,0.57,2.37,0.29,4.59,3.49,0.64,0.69,0.64,0.0,0.0,6.0,6.0,3.0,15.0,1.0,1.0,2.0,0.0,3.0,0.0,3.0,3.0,5.0,11.0,0.0,0.0,0.0,1.0,1.0,1.0,10.0,1.0,1.0,0.29,0.11,0.28,1.0,0.0,0.0,15.16,12.0,12.03,0.0,0.12,0.36,0.28,0.53,0.53,0.51,64.0,5.0,9.0,10.0,40.0,8.0,6.0,4.0,46.0,0.0,0.0,12614.0,0.0,0.0,0.0,2.0,31.32,2.11,1.96,2.13,1.98,20.0,22.0,19.0,61.0,1.0,3.0,0.0,34.0,6.0,2.0,0.9,0.69,0.51,1.0,0.0,0.0,61.56,42.0,42.19,0.39,0.59,0.59,1.9,1.92,1.82,20.77,1.47,1.44,1.45,1.41,16.0,13.0,13.0,42.0,2.0,2.0,1.0,23.0,6.0,0.0,0.7,0.77,0.0,1.0,1.0,0.0,42.99,29.0,29.07,0.29,0.26,0.26,1.5,1.48,1.47,12.99,9.53,244.0,218.0,0.01,0.02,2.0,1.0,2.0,1.0,regular
8477425,2025,Miles Wood,CBJ,L,5on5,36,24805.0,547.0,10.19,0.47,0.51,0.47,0.51,0.45,0.5,276.0,56.83,7.0,4.29,14.0,2.36,28.19,20.15,6.47,7.03,6.52,2.0,2.0,50.0,26.0,15.0,91.0,11.0,7.0,7.0,0.0,9.0,1.0,28.0,24.0,43.0,69.0,8.0,16.0,1.0,44.0,3.0,24.0,46.0,18.0,12.0,1.58,2.29,3.13,0.0,5.0,2.0,92.2,76.0,76.89,7.0,0.92,1.66,2.28,5.65,5.74,5.55,547.0,57.0,61.0,80.0,349.0,100.0,76.0,68.0,303.0,1.0,7.0,83450.0,16.0,16.0,8.0,10.0,207.96,17.13,16.29,17.26,16.44,183.0,98.0,118.0,399.0,15.0,20.0,1.0,215.0,48.0,18.0,6.16,6.14,4.83,4.0,9.0,2.0,404.65,281.0,285.04,2.76,3.65,3.65,16.24,16.48,16.07,243.13,19.5,18.6,19.29,18.41,214.0,123.0,109.0,446.0,22.0,23.0,1.0,274.0,40.0,23.0,8.19,5.23,6.08,18.0,2.0,2.0,440.63,337.0,333.5,3.23,4.96,4.96,17.77,17.59,17.08,56.12,55.0,1336.0,1303.0,0.28,0.67,13.0,20.0,9.0,15.0,regular
8477497,2025,Sean Monahan,CBJ,C,5on5,51,39892.0,889.0,30.49,0.5,0.51,0.53,0.5,0.52,0.5,300.0,61.73,6.64,4.34,14.46,2.08,30.12,24.37,6.36,6.76,6.47,4.0,4.0,58.0,24.0,31.0,113.0,14.0,6.0,7.0,3.0,12.0,0.0,29.0,28.0,52.0,76.0,3.0,6.0,336.0,24.0,13.0,31.0,54.0,18.0,10.0,1.62,2.26,2.75,1.0,3.0,2.0,114.47,82.0,82.73,13.0,0.93,1.32,2.58,4.98,5.06,5.01,889.0,135.0,114.0,157.0,483.0,130.0,91.0,143.0,525.0,336.0,298.0,114175.0,6.0,16.0,8.0,15.0,385.66,31.1,29.98,31.51,30.39,361.0,158.0,231.0,750.0,34.0,41.0,6.0,398.0,90.0,31.0,11.59,11.09,8.41,11.0,17.0,6.0,757.51,519.0,524.59,5.09,7.98,7.75,28.43,28.8,28.33,359.83,30.74,29.07,30.6,28.94,327.0,160.0,181.0,668.0,30.0,45.0,5.0,374.0,81.0,32.0,11.33,10.27,9.15,11.0,12.0,7.0,665.89,487.0,485.73,4.94,9.39,9.39,26.29,26.16,25.61,79.73,77.47,1806.0,1795.0,1.1,0.86,31.0,33.0,21.0,23.0,regular
8478460,2025,Zach Werenski,CBJ,D,5on5,51,63744.0,1120.0,64.32,0.53,0.48,0.53,0.49,0.52,0.48,92.0,138.29,5.56,6.95,39.73,4.51,77.33,57.93,5.36,5.62,5.43,8.0,12.0,127.0,65.0,99.0,291.0,35.0,15.0,9.0,0.0,36.0,0.0,73.0,59.0,112.0,177.0,6.0,12.0,0.0,18.0,15.0,67.0,183.0,9.0,0.0,4.44,1.11,0.0,12.0,3.0,0.0,295.53,192.0,195.69,45.0,1.41,1.31,0.41,6.55,6.63,6.43,1120.0,155.0,142.0,224.0,599.0,101.0,174.0,194.0,651.0,0.0,0.0,91046.0,12.0,10.0,5.0,55.0,620.88,50.02,47.46,50.34,47.83,551.0,289.0,331.0,1171.0,59.0,60.0,3.0,651.0,144.0,45.0,19.9,17.64,12.47,31.0,24.0,4.0,1182.14,840.0,848.2,8.4,12.1,12.24,46.17,46.65,45.5,561.88,44.9,43.3,44.38,42.82,509.0,262.0,279.0,1050.0,48.0,57.0,4.0,608.0,119.0,44.0,18.09,14.99,11.82,31.0,8.0,9.0,1039.46,771.0,762.49,7.57,11.41,11.41,41.06,40.68,39.88,60.6,65.55,1396.0,1454.0,2.79,0.23,56.0,17.0,42.0,12.0,regular
8479944,2025,Zachary Aston-Reese,CBJ,L,5on5,26,13820.0,321.0,4.11,0.47,0.51,0.47,0.51,0.47,0.5,286.0,20.02,2.25,1.56,4.98,0.66,10.33,7.21,2.19,2.21,2.15,3.0,1.0,16.0,11.0,3.0,30.0,5.0,1.0,2.0,0.0,8.0,0.0,6.0,10.0,15.0,26.0,6.0,12.0,5.0,69.0,2.0,10.0,19.0,3.0,5.0,0.63,0.47,1.15,0.0,0.0,1.0,29.81,27.0,26.63,5.0,0.33,0.46,0.43,2.16,2.14,2.12,321.0,20.0,42.0,50.0,209.0,55.0,43.0,37.0,186.0,5.0,18.0,63995.0,12.0,12.0,6.0,15.0,97.4,7.82,7.6,7.79,7.57,86.0,48.0,59.0,193.0,6.0,10.0,1.0,107.0,17.0,10.0,3.07,2.32,2.43,3.0,1.0,2.0,194.93,134.0,133.96,1.29,1.92,1.92,7.19,7.21,7.14,111.22,8.72,8.36,8.85,8.47,91.0,63.0,62.0,216.0,7.0,7.0,1.0,124.0,23.0,7.0,3.69,2.87,2.16,5.0,1.0,1.0,216.78,154.0,155.36,1.49,1.73,1.73,8.47,8.53,8.34,48.87,47.61,1085.0,1026.0,0.44,0.36,9.0,10.0,8.0,10.0,regular
8483609,2025,Adam Klapka,CGY,R,5on5,54,31810.0,733.0,11.1,0.47,0.49,0.48,0.52,0.48,0.51,513.0,65.31,5.72,4.44,16.46,2.26,33.78,25.33,5.53,5.72,5.52,4.0,2.0,54.0,34.0,33.0,121.0,11.0,5.0,4.0,1.0,8.0,0.0,35.0,36.0,49.0,83.0,22.0,59.0,9.0,192.0,9.0,19.0,65.0,16.0,7.0,1.92,1.98,1.82,2.0,1.0,2.0,120.43,88.0,88.27,5.0,0.93,0.98,1.46,5.19,5.16,5.11,733.0,56.0,57.0,106.0,514.0,118.0,119.0,85.0,411.0,9.0,19.0,125744.0,59.0,39.0,12.0,33.0,247.28,19.98,19.26,20.04,19.3,214.0,123.0,161.0,498.0,17.0,17.0,1.0,262.0,51.0,24.0,6.92,6.21,6.85,9.0,5.0,3.0,496.41,337.0,336.84,3.28,4.45,4.45,18.81,18.78,18.59,263.67,22.12,21.39,22.39,21.66,227.0,133.0,170.0,530.0,16.0,24.0,2.0,274.0,62.0,24.0,8.31,7.81,5.99,5.0,6.0,5.0,539.77,360.0,364.79,3.66,4.23,4.23,21.55,21.87,21.5,85.27,87.03,2141.0,1983.0,1.06,1.18,32.0,25.0,22.0,19.0,regular
8476399,2025,Blake Coleman,CGY,L,5on5,44,34718.0,782.0,27.94,0.53,0.49,0.54,0.5,0.53,0.5,211.0,87.37,8.83,6.27,20.82,2.9,44.26,32.93,8.65,8.82,8.63,4.0,2.0,87.0,29.0,26.0,142.0,16.0,10.0,8.0,0.0,13.0,0.0,37.0,48.0,77.0,106.0,12.0,27.0,6.0,104.0,9.0,37.0,73.0,35.0,8.0,2.3,4.5,2.02,4.0,5.0,1.0,142.07,116.0,116.56,14.0,1.33,2.0,1.4,8.76,8.73,8.67,782.0,54.0,156.0,157.0,415.0,145.0,71.0,115.0,451.0,6.0,11.0,93020.0,27.0,25.0,11.0,20.0,302.14,24.81,24.16,24.79,24.14,283.0,123.0,174.0,580.0,25.0,30.0,4.0,311.0,69.0,26.0,8.44,8.83,7.55,11.0,7.0,7.0,578.72,406.0,405.95,4.05,6.63,6.66,22.2,22.12,21.89,270.86,22.41,21.2,22.6,21.38,237.0,127.0,138.0,502.0,24.0,31.0,3.0,270.0,74.0,20.0,7.49,9.1,5.82,9.0,10.0,5.0,504.61,364.0,364.33,3.62,6.13,6.18,19.85,20.0,19.63,63.22,67.05,1551.0,1527.0,0.47,0.93,15.0,25.0,11.0,22.0,regular
8481167,2025,Brayden Pachal,CGY,D,5on5,26,19439.0,484.0,6.68,0.58,0.51,0.54,0.51,0.54,0.52,144.0,24.45,0.83,1.34,7.07,0.78,14.86,10.11,0.82,0.83,0.82,2.0,1.0,19.0,16.0,30.0,65.0,3.0,0.0,2.0,0.0,5.0,0.0,15.0,13.0,19.0,35.0,7.0,17.0,0.0,63.0,5.0,19.0,33.0,2.0,0.0,0.59,0.24,0.0,0.0,0.0,0.0,64.58,35.0,34.83,15.0,0.27,0.62,0.0,1.1,1.11,1.09,484.0,37.0,32.0,44.0,371.0,75.0,76.0,35.0,298.0,0.0,0.0,54208.0,17.0,19.0,7.0,20.0,174.12,13.91,13.6,13.85,13.55,155.0,81.0,107.0,343.0,10.0,16.0,1.0,174.0,48.0,14.0,4.58,5.82,3.51,4.0,5.0,1.0,341.32,236.0,235.5,2.38,3.0,3.0,13.3,13.29,13.15,143.69,9.92,9.72,10.05,9.83,120.0,82.0,91.0,293.0,12.0,8.0,2.0,170.0,24.0,8.0,4.78,3.12,2.02,6.0,3.0,3.0,294.77,202.0,202.19,1.91,1.4,1.4,10.43,10.48,10.34,39.52,38.0,914.0,867.0,1.72,0.31,37.0,6.0,31.0,4.0,regular
8482074,2025,Connor Zary,CGY,C,5on5,53,39285.0,830.0,22.2,0.48,0.49,0.51,0.51,0.5,0.51,331.0,69.15,7.85,4.71,15.44,2.27,32.9,26.84,7.37,7.89,7.38,2.0,5.0,62.0,28.0,20.0,110.0,12.0,5.0,5.0,1.0,16.0,0.0,33.0,31.0,57.0,85.0,5.0,10.0,48.0,33.0,8.0,31.0,60.0,22.0,8.0,2.18,2.81,2.87,0.0,4.0,1.0,109.25,90.0,89.84,8.0,1.0,1.17,2.95,5.91,5.85,5.76,830.0,79.0,99.0,133.0,519.0,155.0,117.0,99.0,459.0,48.0,63.0,115311.0,10.0,24.0,12.0,13.0,326.69,25.7,24.64,25.75,24.67,308.0,137.0,196.0,641.0,21.0,36.0,4.0,355.0,66.0,24.0,10.01,8.61,7.08,8.0,8.0,5.0,637.6,445.0,443.99,4.35,7.62,7.66,22.39,22.23,21.96,324.06,27.66,26.41,27.98,26.71,270.0,168.0,166.0,604.0,22.0,33.0,2.0,330.0,82.0,26.0,9.91,10.57,7.18,8.0,9.0,5.0,611.29,438.0,441.02,4.32,6.31,6.31,25.68,25.97,25.5,78.48,80.69,1939.0,1879.0,0.86,0.66,25.0,25.0,19.0,18.0,regular
8482624,2025,Daniil Miromanov,CGY,D,5on5,1,976.0,28.0,-0.65,0.18,0.7,0.26,0.55,0.23,0.59,4.0,0.74,0.01,0.03,0.22,0.02,0.43,0.3,0.01,0.01,0.01,0.0,0.0,0.0,1.0,1.0,2.0,0.0,0.0,0.0,0.0,0.0,0.0,0.0,1.0,0.0,1.0,0.0,0.0,0.0,0.0,0.0,1.0,1.0,0.0,0.0,0.01,0.0,0.0,0.0,0.0,0.0,1.89,1.0,0.92,1.0,0.01,0.0,0.0,0.01,0.01,0.01,28.0,1.0,6.0,3.0,18.0,3.0,2.0,4.0,19.0,0.0,0.0,2094.0,0.0,0.0,0.0,2.0,3.7,0.2,0.2,0.2,0.2,4.0,1.0,3.0,8.0,2.0,0.0,0.0,4.0,1.0,0.0,0.09,0.11,0.0,1.0,1.0,0.0,8.19,5.0,5.09,0.04,0.0,0.0,0.23,0.24,0.24,12.56,0.92,0.92,0.95,0.95,10.0,7.0,6.0,23.0,2.0,0.0,0.0,14.0,2.0,1.0,0.41,0.23,0.27,0.0,1.0,1.0,22.47,17.0,16.78,0.17,0.0,0.0,1.08,1.12,1.12,2.09,0.9,43.0,35.0,0.03,0.0,2.0,0.0,2.0,0.0,regular
8478211,2025,Dryden Hunt,CGY,L,5on5,3,1608.0,35.0,-0.3,0.61,0.36,0.43,0.45,0.5,0.45,30.0,3.39,0.57,0.3,0.8,0.11,1.34,0.88,0.49,0.6,0.51,0.0,0.0,4.0,0.0,1.0,5.0,0.0,0.0,0.0,0.0,2.0,0.0,2.0,0.0,4.0,4.0,1.0,2.0,0.0,9.0,0.0,3.0,1.0,2.0,1.0,0.02,0.28,0.28,0.0,0.0,0.0,5.07,4.0,4.04,0.0,0.06,0.0,0.46,0.18,0.18,0.17,35.0,3.0,6.0,2.0,24.0,6.0,4.0,7.0,18.0,0.0,0.0,7373.0,2.0,2.0,1.0,4.0,12.69,1.12,1.02,1.17,1.06,11.0,6.0,6.0,23.0,0.0,2.0,0.0,13.0,2.0,2.0,0.3,0.28,0.54,0.0,0.0,0.0,23.27,17.0,17.21,0.17,0.46,0.46,0.83,0.85,0.83,11.93,0.72,0.72,0.71,0.71,11.0,6.0,13.0,30.0,3.0,1.0,0.0,15.0,1.0,1.0,0.38,0.13,0.22,2.0,0.0,1.0,30.28,17.0,16.96,0.16,0.02,0.02,0.86,0.85,0.84,2.99,5.35,91.0,112.0,0.0,0.0,0.0,1.0,0.0,0.0,regular
8484150,2025,Hunter Brzustewicz,CGY,D,5on5,18,14105.0,337.0,4.53,0.47,0.41,0.53,0.48,0.5,0.46,97.0,18.86,0.66,0.91,6.07,0.62,10.0,7.75,0.64,0.64,0.62,0.0,1.0,16.0,10.0,21.0,47.0,2.0,1.0,3.0,0.0,1.0,0.0,12.0,9.0,15.0,25.0,0.0,0.0,0.0,9.0,0.0,13.0,25.0,1.0,0.0,0.57,0.09,0.0,1.0,0.0,0.0,45.77,26.0,25.13,11.0,0.19,0.31,0.0,0.84,0.82,0.8,337.0,29.0,20.0,37.0,251.0,51.0,40.0,34.0,212.0,0.0,0.0,40112.0,0.0,6.0,3.0,8.0,109.39,8.25,7.97,8.13,7.85,104.0,47.0,79.0,230.0,8.0,9.0,1.0,121.0,22.0,8.0,3.5,2.75,1.99,6.0,0.0,2.0,226.11,151.0,147.68,1.45,1.32,1.32,8.38,8.26,8.17,112.48,9.47,9.17,9.56,9.25,105.0,49.0,51.0,205.0,9.0,14.0,1.0,115.0,29.0,10.0,3.09,3.69,2.7,5.0,4.0,0.0,209.87,154.0,156.46,1.6,2.14,2.14,8.94,9.06,8.87,23.35,33.38,639.0,688.0,0.39,0.08,26.0,2.0,16.0,2.0,regular
8479402,2025,Jake Bean,CGY,D,5on5,16,14540.0,348.0,5.35,0.59,0.52,0.55,0.52,0.58,0.51,67.0,15.13,0.49,0.85,4.93,0.57,8.81,6.34,0.46,0.49,0.48,1.0,0.0,16.0,6.0,22.0,44.0,2.0,1.0,3.0,0.0,3.0,0.0,9.0,6.0,15.0,21.0,3.0,6.0,0.0,3.0,5.0,15.0,22.0,0.0,0.0,0.49,0.0,0.0,1.0,0.0,0.0,43.71,22.0,22.26,7.0,0.17,0.91,0.05,0.61,0.62,0.58,348.0,26.0,30.0,41.0,251.0,55.0,47.0,36.0,210.0,0.0,0.0,32034.0,6.0,0.0,0.0,27.0,139.36,11.62,11.25,11.57,11.2,131.0,61.0,76.0,268.0,7.0,16.0,1.0,153.0,25.0,14.0,4.7,3.05,3.87,2.0,3.0,2.0,265.42,192.0,191.65,1.95,3.5,3.5,10.06,10.02,9.9,100.39,8.22,7.91,8.29,7.98,93.0,47.0,76.0,216.0,13.0,5.0,0.0,109.0,23.0,8.0,3.11,2.69,2.43,7.0,4.0,2.0,218.82,140.0,140.98,1.42,1.1,1.1,8.54,8.64,8.48,19.57,18.41,509.0,462.0,1.29,0.03,29.0,3.0,21.0,2.0,regular
8480797,2025,Joel Farabee,CGY,L,5on5,55,43036.0,927.0,26.89,0.52,0.48,0.51,0.51,0.52,0.5,304.0,86.03,9.35,6.07,21.01,3.02,43.21,31.34,8.84,9.29,8.79,3.0,5.0,79.0,35.0,38.0,152.0,15.0,7.0,12.0,1.0,14.0,0.0,44.0,37.0,72.0,107.0,6.0,18.0,15.0,38.0,14.0,39.0,75.0,25.0,14.0,2.51,2.96,3.88,3.0,3.0,1.0,150.81,114.0,113.25,10.0,1.28,2.71,3.26,7.36,7.4,7.3,927.0,145.0,83.0,155.0,544.0,116.0,150.0,117.0,544.0,15.0,20.0,117305.0,18.0,24.0,9.0,26.0,387.28,31.03,29.73,30.8,29.52,357.0,172.0,228.0,757.0,20.0,45.0,3.0,409.0,87.0,33.0,11.51,10.65,8.87,9.0,9.0,2.0,751.46,529.0,526.53,5.4,8.82,8.87,27.55,27.42,26.96,361.26,28.66,27.88,28.92,28.11,335.0,159.0,224.0,718.0,30.0,25.0,1.0,389.0,77.0,28.0,11.5,9.73,7.44,17.0,11.0,2.0,725.98,494.0,496.78,4.89,4.79,4.79,28.76,28.97,28.49,77.06,82.13,1926.0,1838.0,1.78,0.8,31.0,25.0,21.0,18.0,regular
8477810,2025,Joel Hanley,CGY,D,5on5,52,41538.0,1042.0,16.23,0.53,0.47,0.56,0.49,0.55,0.49,266.0,38.98,1.43,2.03,11.82,1.32,22.5,15.89,1.39,1.41,1.37,1.0,6.0,29.0,26.0,33.0,88.0,7.0,0.0,2.0,0.0,10.0,0.0,23.0,20.0,29.0,55.0,7.0,17.0,0.0,30.0,8.0,41.0,52.0,3.0,0.0,1.0,0.43,0.0,0.0,0.0,0.0,88.45,55.0,54.76,30.0,0.41,0.5,0.49,1.35,1.32,1.31,1042.0,79.0,97.0,124.0,742.0,136.0,151.0,98.0,657.0,0.0,0.0,109658.0,17.0,11.0,4.0,54.0,363.67,28.46,27.66,28.44,27.64,333.0,162.0,244.0,739.0,19.0,32.0,1.0,385.0,80.0,30.0,10.49,10.16,7.81,9.0,7.0,3.0,735.38,495.0,493.84,4.88,5.86,5.86,27.48,27.5,27.19,295.03,24.82,23.87,25.11,24.14,274.0,131.0,169.0,574.0,26.0,28.0,3.0,304.0,76.0,25.0,8.33,9.52,6.97,11.0,12.0,3.0,579.47,405.0,407.1,4.15,5.27,5.27,23.71,23.9,23.31,72.94,81.58,1790.0,1853.0,2.53,0.24,75.0,8.0,51.0,6.0,regular
8481556,2025,John Beecher,CGY,C,5on5,25,12420.0,298.0,-0.4,0.37,0.48,0.41,0.48,0.41,0.49,278.0,20.03,1.94,1.46,4.55,0.68,10.69,7.68,1.9,2.02,1.98,0.0,1.0,19.0,8.0,12.0,39.0,2.0,1.0,1.0,0.0,10.0,0.0,4.0,11.0,18.0,26.0,2.0,7.0,33.0,18.0,2.0,8.0,20.0,4.0,3.0,0.66,0.49,0.78,1.0,0.0,0.0,40.24,27.0,27.84,4.0,0.31,0.06,0.24,2.01,2.09,2.07,298.0,15.0,27.0,51.0,205.0,45.0,39.0,32.0,182.0,33.0,47.0,61170.0,7.0,9.0,3.0,15.0,85.78,6.8,6.62,6.92,6.72,74.0,42.0,59.0,175.0,3.0,6.0,0.0,91.0,17.0,8.0,2.54,2.02,2.24,1.0,1.0,1.0,177.01,116.0,117.76,1.2,1.26,1.26,6.74,6.83,6.75,120.4,11.37,10.81,11.32,10.77,116.0,49.0,86.0,251.0,9.0,16.0,0.0,121.0,30.0,14.0,3.74,3.84,3.79,4.0,4.0,1.0,250.57,165.0,164.34,1.67,2.93,2.93,10.1,10.14,9.9,41.91,44.6,954.0,1013.0,0.7,0.28,15.0,6.0,14.0,5.0,regular
8476456,2025,Jonathan Huberdeau,CGY,L,5on5,49,39409.0,903.0,26.72,0.51,0.49,0.53,0.51,0.52,0.51,233.0,65.49,7.46,4.64,16.2,2.4,30.68,23.62,6.99,7.42,6.95,8.0,2.0,56.0,29.0,30.0,115.0,16.0,6.0,5.0,2.0,10.0,1.0,34.0,29.0,50.0,79.0,13.0,29.0,5.0,24.0,6.0,43.0,54.0,19.0,12.0,1.82,2.26,3.39,2.0,1.0,3.0,114.02,85.0,84.54,12.0,0.99,0.72,2.72,5.72,5.69,5.51,903.0,170.0,90.0,148.0,495.0,79.0,136.0,127.0,561.0,5.0,8.0,104136.0,29.0,27.0,13.0,23.0,349.1,28.68,27.51,28.41,27.25,337.0,134.0,204.0,675.0,24.0,39.0,2.0,357.0,83.0,31.0,10.17,10.27,8.25,13.0,8.0,3.0,667.82,471.0,467.47,4.87,7.72,7.72,25.84,25.67,25.17,323.93,27.29,26.25,27.6,26.53,281.0,162.0,156.0,599.0,30.0,34.0,5.0,331.0,87.0,25.0,9.74,10.32,7.24,9.0,15.0,6.0,602.66,443.0,444.98,4.55,6.59,6.59,25.26,25.5,25.03,69.46,72.99,1736.0,1695.0,1.25,1.14,33.0,18.0,22.0,15.0,regular
8477993,2025,Justin Kirkland,CGY,C,5on5,20,9859.0,238.0,3.03,0.53,0.47,0.51,0.52,0.53,0.49,231.0,12.18,1.35,0.89,2.49,0.44,6.67,5.18,1.34,1.35,1.34,1.0,0.0,9.0,8.0,8.0,25.0,2.0,1.0,0.0,0.0,2.0,0.0,7.0,7.0,8.0,16.0,1.0,2.0,52.0,29.0,2.0,13.0,11.0,4.0,2.0,0.35,0.53,0.47,0.0,1.0,0.0,25.22,17.0,17.11,8.0,0.19,0.0,0.26,1.27,1.29,1.28,238.0,8.0,22.0,32.0,176.0,37.0,32.0,26.0,143.0,52.0,50.0,48261.0,2.0,0.0,0.0,8.0,75.07,6.12,6.07,6.14,6.09,66.0,40.0,56.0,162.0,6.0,5.0,1.0,84.0,15.0,7.0,2.28,2.0,1.83,2.0,1.0,3.0,161.94,106.0,106.17,1.02,0.93,0.93,6.2,6.22,6.19,68.67,5.33,5.29,5.41,5.38,62.0,33.0,62.0,157.0,5.0,3.0,1.0,73.0,17.0,5.0,2.11,1.96,1.26,3.0,0.0,2.0,159.71,95.0,96.13,0.89,0.5,0.5,5.72,5.77,5.74,29.88,33.5,804.0,748.0,0.23,0.39,13.0,5.0,8.0,4.0,regular
8480860,2025,Kevin Bahl,CGY,D,5on5,54,58241.0,1379.0,10.42,0.46,0.51,0.48,0.53,0.47,0.53,133.0,41.04,1.67,2.42,12.45,1.33,23.47,16.65,1.59,1.67,1.59,3.0,6.0,40.0,18.0,43.0,101.0,12.0,3.0,8.0,0.0,7.0,0.0,16.0,24.0,37.0,55.0,12.0,27.0,0.0,75.0,25.0,62.0,55.0,2.0,1.0,1.21,0.22,0.24,3.0,0.0,0.0,101.59,58.0,58.53,46.0,0.5,1.33,0.24,1.93,1.93,1.86,1379.0,118.0,168.0,187.0,906.0,153.0,155.0,164.0,907.0,0.0,0.0,99173.0,27.0,23.0,10.0,60.0,480.19,38.39,36.65,38.3,36.55,430.0,222.0,248.0,900.0,39.0,50.0,5.0,505.0,111.0,36.0,13.97,13.75,10.66,22.0,10.0,7.0,896.54,652.0,650.83,6.63,10.48,10.48,34.55,34.24,33.64,545.53,45.32,43.24,45.54,43.46,482.0,259.0,252.0,993.0,38.0,64.0,6.0,566.0,130.0,45.0,17.21,15.53,12.58,18.0,13.0,7.0,1000.16,741.0,743.31,7.4,12.58,12.63,40.09,40.41,39.75,67.37,63.78,1733.0,1524.0,5.3,0.45,145.0,10.0,109.0,7.0,regular
8477346,2025,MacKenzie Weegar,CGY,D,5on5,55,59435.0,1410.0,25.43,0.49,0.5,0.52,0.51,0.52,0.5,127.0,93.55,2.67,4.72,28.79,3.18,54.28,40.35,2.63,2.67,2.63,7.0,4.0,91.0,43.0,96.0,230.0,14.0,3.0,9.0,0.0,24.0,0.0,46.0,52.0,88.0,131.0,11.0,25.0,0.0,105.0,15.0,77.0,134.0,0.0,0.0,2.67,0.0,0.0,3.0,0.0,0.0,229.27,134.0,134.4,59.0,0.94,1.05,0.1,3.52,3.52,3.47,1410.0,124.0,160.0,236.0,890.0,148.0,167.0,181.0,914.0,0.0,0.0,100906.0,25.0,9.0,3.0,109.0,528.23,41.41,40.11,41.14,39.86,499.0,217.0,328.0,1044.0,28.0,51.0,3.0,564.0,107.0,45.0,15.88,13.6,11.92,12.0,10.0,6.0,1036.48,716.0,714.15,7.03,9.81,10.16,38.29,38.16,37.63,483.85,43.06,41.35,43.73,41.99,435.0,219.0,307.0,961.0,55.0,55.0,2.0,467.0,148.0,39.0,14.03,18.5,10.54,20.0,29.0,6.0,969.01,654.0,659.4,6.86,10.08,10.08,39.84,40.43,39.72,66.68,67.74,1639.0,1595.0,7.09,0.56,139.0,11.0,104.0,10.0,regular
8481028,2025,Martin Pospisil,CGY,C,5on5,6,3884.0,97.0,0.88,0.57,0.54,0.58,0.53,0.59,0.53,56.0,9.8,0.55,0.59,2.88,0.39,5.73,3.86,0.55,0.53,0.53,0.0,0.0,7.0,7.0,2.0,16.0,0.0,0.0,1.0,0.0,1.0,1.0,7.0,4.0,7.0,14.0,2.0,4.0,3.0,26.0,2.0,2.0,12.0,2.0,0.0,0.35,0.2,0.0,0.0,0.0,0.0,15.57,14.0,13.78,0.0,0.12,0.18,0.05,0.62,0.59,0.59,97.0,10.0,4.0,17.0,66.0,11.0,8.0,11.0,67.0,3.0,3.0,14668.0,4.0,4.0,2.0,1.0,32.8,1.89,1.84,1.83,1.79,28.0,18.0,19.0,65.0,0.0,5.0,0.0,40.0,5.0,1.0,1.05,0.62,0.21,0.0,0.0,0.0,63.21,46.0,44.9,0.41,0.46,0.46,1.83,1.79,1.75,23.5,1.4,1.37,1.5,1.47,20.0,12.0,15.0,47.0,4.0,0.0,0.0,27.0,5.0,0.0,0.79,0.6,0.0,2.0,2.0,0.0,49.5,32.0,33.67,0.29,0.0,0.0,1.69,1.81,1.77,10.37,9.01,279.0,244.0,0.17,0.13,3.0,5.0,2.0,5.0,regular
8482679,2025,Matt Coronato,CGY,R,5on5,54,42167.0,949.0,32.09,0.48,0.5,0.52,0.51,0.5,0.51,291.0,104.59,8.56,6.74,25.29,3.29,53.47,40.66,8.3,8.51,8.25,3.0,8.0,101.0,37.0,64.0,202.0,18.0,7.0,10.0,0.0,25.0,0.0,46.0,50.0,94.0,131.0,5.0,10.0,35.0,10.0,10.0,31.0,103.0,30.0,5.0,3.37,4.02,1.17,5.0,2.0,0.0,197.17,138.0,135.44,9.0,1.41,1.63,1.12,8.86,8.79,8.71,949.0,131.0,115.0,146.0,557.0,116.0,146.0,162.0,525.0,35.0,61.0,115054.0,10.0,20.0,10.0,16.0,373.83,28.99,27.88,28.74,27.64,353.0,153.0,232.0,738.0,25.0,31.0,2.0,393.0,89.0,24.0,11.19,11.44,6.36,18.0,4.0,3.0,727.99,506.0,500.98,5.02,5.94,5.94,28.06,27.87,27.37,362.08,31.68,30.27,32.09,30.67,340.0,158.0,183.0,681.0,36.0,44.0,4.0,371.0,97.0,30.0,10.85,11.95,8.89,19.0,12.0,5.0,688.64,498.0,502.87,5.22,8.87,8.87,28.03,28.45,27.98,77.34,76.41,1887.0,1811.0,1.48,0.85,28.0,20.0,22.0,17.0,regular
8484860,2025,Matvei Gridin,CGY,R,5on5,12,8823.0,189.0,2.69,0.42,0.51,0.46,0.53,0.45,0.54,71.0,18.63,1.53,1.19,4.94,0.63,9.7,7.0,1.48,1.48,1.43,0.0,1.0,17.0,8.0,14.0,39.0,3.0,2.0,1.0,0.0,3.0,0.0,14.0,5.0,15.0,23.0,0.0,0.0,1.0,6.0,4.0,15.0,20.0,4.0,1.0,0.64,0.58,0.31,1.0,1.0,0.0,37.17,25.0,24.21,3.0,0.25,0.31,0.31,1.48,1.42,1.39,189.0,42.0,12.0,21.0,114.0,21.0,25.0,31.0,112.0,1.0,7.0,26550.0,0.0,4.0,2.0,9.0,70.31,4.87,4.78,4.72,4.63,52.0,44.0,52.0,148.0,5.0,4.0,0.0,78.0,15.0,3.0,2.37,1.71,0.8,3.0,1.0,1.0,144.36,96.0,93.67,0.91,0.58,0.58,5.2,5.04,4.97,84.93,6.6,6.47,6.83,6.68,70.0,49.0,53.0,172.0,13.0,8.0,2.0,93.0,21.0,5.0,2.88,2.49,1.24,5.0,7.0,1.0,176.9,119.0,122.14,1.16,1.42,1.42,6.34,6.57,6.44,15.86,15.03,450.0,393.0,0.46,0.04,10.0,3.0,6.0,3.0,regular
8474150,2025,Mikael Backlund,CGY,C,5on5,55,44612.0,1002.0,38.35,0.48,0.5,0.52,0.51,0.52,0.5,250.0,105.3,8.45,6.46,25.95,3.44,53.86,41.84,8.16,8.4,8.11,12.0,2.0,97.0,43.0,48.0,188.0,21.0,7.0,9.0,3.0,25.0,0.0,42.0,57.0,90.0,133.0,5.0,10.0,349.0,17.0,20.0,44.0,106.0,22.0,12.0,2.41,2.65,3.4,2.0,1.0,4.0,187.73,140.0,139.09,13.0,1.36,1.56,3.13,6.68,6.62,6.53,1002.0,64.0,191.0,194.0,553.0,176.0,84.0,138.0,604.0,349.0,335.0,115729.0,10.0,12.0,6.0,15.0,387.36,28.62,27.81,28.51,27.69,360.0,163.0,224.0,747.0,29.0,34.0,5.0,417.0,80.0,26.0,10.87,10.43,7.33,15.0,7.0,7.0,742.07,523.0,520.68,5.01,6.69,6.72,26.91,26.73,26.44,359.93,30.42,28.75,30.73,29.03,323.0,163.0,190.0,676.0,26.0,43.0,3.0,358.0,101.0,27.0,9.99,12.46,7.97,13.0,8.0,5.0,682.11,486.0,488.4,4.9,8.46,8.51,26.82,27.07,26.5,79.48,80.37,1936.0,1880.0,1.25,1.47,34.0,27.0,25.0,25.0,regular
8480028,2025,Morgan Frost,CGY,C,5on5,55,39206.0,908.0,27.5,0.51,0.49,0.51,0.51,0.51,0.51,409.0,65.9,6.41,4.89,15.94,2.38,35.06,26.31,6.21,6.32,6.12,5.0,4.0,67.0,24.0,30.0,121.0,15.0,6.0,8.0,0.0,12.0,0.0,23.0,42.0,61.0,85.0,7.0,14.0,278.0,33.0,10.0,29.0,63.0,22.0,6.0,2.1,2.75,1.56,5.0,1.0,0.0,120.15,91.0,90.83,10.0,1.03,1.76,1.37,6.08,6.04,5.93,908.0,154.0,84.0,141.0,529.0,88.0,145.0,118.0,557.0,278.0,239.0,121135.0,14.0,18.0,9.0,24.0,335.8,26.45,25.29,26.24,25.11,310.0,146.0,174.0,630.0,26.0,33.0,1.0,355.0,77.0,24.0,10.1,9.83,6.53,15.0,9.0,2.0,622.86,456.0,451.96,4.59,6.45,6.45,24.59,24.44,23.87,323.66,25.43,24.69,25.71,24.95,275.0,171.0,168.0,614.0,32.0,26.0,1.0,345.0,81.0,20.0,10.44,9.23,5.76,10.0,17.0,5.0,618.65,446.0,448.6,4.54,4.06,4.06,25.9,26.23,25.83,81.64,85.36,2053.0,1942.0,0.93,0.71,30.0,19.0,21.0,13.0,regular
8475172,2025,Nazem Kadri,CGY,C,5on5,55,49458.0,1029.0,40.76,0.5,0.49,0.52,0.51,0.51,0.51,129.0,112.35,9.99,8.13,25.68,3.67,59.07,43.47,9.77,9.91,9.7,8.0,6.0,107.0,43.0,57.0,207.0,22.0,8.0,14.0,0.0,20.0,0.0,47.0,61.0,99.0,142.0,6.0,12.0,332.0,32.0,11.0,45.0,102.0,42.0,6.0,3.53,4.95,1.51,5.0,3.0,0.0,205.51,150.0,150.41,10.0,1.69,2.91,1.73,9.96,9.92,9.78,1029.0,183.0,79.0,144.0,623.0,98.0,163.0,155.0,613.0,332.0,331.0,110883.0,12.0,40.0,20.0,17.0,439.11,36.85,35.31,36.57,35.03,407.0,192.0,273.0,872.0,27.0,53.0,2.0,455.0,104.0,40.0,13.46,12.04,11.35,15.0,9.0,3.0,864.75,599.0,596.5,6.14,10.95,10.95,32.03,31.8,31.4,427.68,37.36,35.96,37.85,36.42,393.0,188.0,211.0,792.0,39.0,49.0,5.0,436.0,102.0,43.0,12.88,13.05,11.44,20.0,13.0,6.0,802.13,581.0,587.3,5.93,9.95,9.95,33.34,33.77,33.17,71.25,73.43,1811.0,1764.0,0.71,1.42,28.0,40.0,14.0,32.0,regular
8482209,2025,Rory Kerins,CGY,C,5on5,2,1731.0,34.0,0.55,0.81,0.58,0.57,0.55,0.6,0.59,11.0,3.9,0.96,0.41,0.85,0.27,1.45,1.07,0.86,0.89,0.79,0.0,0.0,1.0,4.0,1.0,6.0,0.0,0.0,2.0,0.0,0.0,0.0,1.0,2.0,1.0,5.0,0.0,0.0,0.0,1.0,0.0,1.0,2.0,0.0,3.0,0.09,0.0,0.87,0.0,0.0,0.0,5.6,5.0,4.64,0.0,0.09,0.62,0.62,0.44,0.4,0.4,34.0,3.0,3.0,5.0,23.0,6.0,6.0,2.0,20.0,0.0,3.0,4744.0,0.0,0.0,0.0,3.0,21.62,2.36,2.23,2.26,2.13,22.0,8.0,11.0,41.0,0.0,3.0,0.0,23.0,2.0,5.0,0.78,0.21,1.37,0.0,0.0,0.0,40.17,30.0,29.47,0.33,0.91,0.91,1.78,1.71,1.7,13.75,0.57,0.57,0.6,0.6,13.0,7.0,11.0,31.0,1.0,0.0,0.0,19.0,1.0,0.0,0.48,0.09,0.0,0.0,1.0,0.0,32.13,20.0,20.77,0.16,0.0,0.0,0.72,0.77,0.76,3.04,2.21,74.0,60.0,0.0,0.01,0.0,2.0,0.0,1.0,regular
8479066,2025,Ryan Lomberg,CGY,L,5on5,49,26040.0,603.0,7.33,0.44,0.5,0.48,0.52,0.49,0.51,516.0,52.2,4.37,3.44,12.63,1.74,28.08,20.74,4.36,4.33,4.32,3.0,1.0,47.0,24.0,13.0,84.0,7.0,3.0,5.0,0.0,16.0,0.0,28.0,19.0,44.0,68.0,11.0,37.0,4.0,113.0,2.0,16.0,55.0,11.0,5.0,1.75,1.41,1.21,1.0,0.0,2.0,83.64,71.0,70.73,7.0,0.72,1.01,0.21,4.87,4.83,4.82,603.0,27.0,46.0,87.0,443.0,114.0,94.0,69.0,326.0,4.0,8.0,115499.0,37.0,41.0,13.0,15.0,204.85,14.48,14.32,14.49,14.33,171.0,110.0,122.0,403.0,12.0,11.0,1.0,229.0,38.0,14.0,6.06,4.75,3.67,6.0,2.0,4.0,401.49,281.0,281.16,2.63,2.01,2.01,15.1,15.09,15.01,214.08,18.6,17.81,18.86,18.07,181.0,112.0,149.0,442.0,13.0,27.0,1.0,223.0,47.0,23.0,6.99,5.51,6.11,6.0,5.0,2.0,449.57,293.0,296.79,2.98,4.68,4.68,16.9,17.14,16.84,81.99,81.42,1990.0,1819.0,0.8,0.42,27.0,11.0,19.0,10.0,regular
8484821,2025,Sam Morton,CGY,C,5on5,3,1447.0,31.0,0.21,0.62,0.53,0.47,0.55,0.45,0.54,33.0,4.3,0.99,0.25,0.86,0.14,1.37,1.4,0.96,1.02,0.99,0.0,0.0,3.0,2.0,2.0,7.0,0.0,0.0,1.0,0.0,0.0,0.0,2.0,2.0,3.0,5.0,0.0,0.0,11.0,9.0,1.0,2.0,3.0,0.0,2.0,0.13,0.0,0.86,0.0,0.0,0.0,7.37,5.0,5.32,1.0,0.05,0.46,0.86,0.18,0.19,0.19,31.0,0.0,1.0,10.0,20.0,9.0,4.0,2.0,16.0,11.0,8.0,7228.0,0.0,2.0,1.0,1.0,10.96,1.19,1.15,1.23,1.2,10.0,4.0,7.0,21.0,0.0,2.0,0.0,12.0,0.0,2.0,0.32,0.0,0.86,0.0,0.0,0.0,22.08,14.0,14.74,0.12,0.86,0.86,0.44,0.46,0.46,11.97,0.71,0.71,0.67,0.67,11.0,6.0,7.0,24.0,1.0,1.0,0.0,16.0,0.0,1.0,0.5,0.0,0.21,1.0,0.0,0.0,22.7,17.0,16.0,0.14,0.21,0.21,0.65,0.63,0.62,5.16,4.59,130.0,106.0,0.04,0.0,2.0,0.0,1.0,0.0,regular
8484180,2025,Samuel Honzek,CGY,L,5on5,18,11622.0,292.0,6.86,0.57,0.55,0.56,0.54,0.58,0.54,149.0,23.02,2.15,1.68,5.57,0.88,12.56,9.17,2.12,2.15,2.13,0.0,2.0,21.0,11.0,8.0,40.0,3.0,1.0,2.0,0.0,1.0,1.0,13.0,14.0,20.0,31.0,1.0,2.0,6.0,34.0,1.0,9.0,25.0,5.0,2.0,0.91,0.59,0.64,0.0,0.0,1.0,39.49,32.0,31.64,1.0,0.35,0.28,0.47,2.03,2.04,2.02,292.0,25.0,60.0,53.0,154.0,45.0,36.0,32.0,179.0,6.0,5.0,39778.0,2.0,4.0,2.0,5.0,105.26,7.73,7.54,7.66,7.48,100.0,46.0,51.0,197.0,8.0,8.0,0.0,117.0,21.0,8.0,3.06,2.52,2.15,4.0,2.0,2.0,195.98,146.0,144.96,1.44,1.64,1.64,7.53,7.51,7.43,78.97,5.87,5.75,5.86,5.74,72.0,34.0,48.0,154.0,9.0,6.0,0.0,79.0,22.0,5.0,1.81,2.7,1.35,1.0,5.0,3.0,152.91,106.0,105.06,1.04,0.99,1.04,5.87,5.87,5.8,28.56,23.09,710.0,596.0,0.21,0.55,8.0,12.0,7.0,11.0,regular
8482766,2025,William Stromgren,CGY,L,5on5,3,1304.0,32.0,-0.3,0.29,0.45,0.35,0.49,0.4,0.45,35.0,1.57,0.3,0.11,0.28,0.06,0.71,0.54,0.3,0.3,0.3,0.0,0.0,2.0,0.0,0.0,2.0,0.0,0.0,0.0,0.0,0.0,0.0,0.0,2.0,2.0,2.0,0.0,0.0,0.0,0.0,0.0,0.0,1.0,0.0,1.0,0.06,0.0,0.24,0.0,0.0,0.0,2.04,2.0,2.05,0.0,0.02,0.0,0.0,0.32,0.33,0.33,32.0,1.0,0.0,5.0,26.0,4.0,6.0,3.0,19.0,0.0,0.0,7107.0,0.0,4.0,2.0,0.0,9.1,0.53,0.53,0.53,0.53,8.0,4.0,2.0,14.0,0.0,1.0,0.0,11.0,0.0,1.0,0.29,0.0,0.24,0.0,0.0,0.0,14.13,12.0,12.15,0.09,0.03,0.03,0.58,0.59,0.59,13.3,1.29,1.27,1.24,1.21,13.0,5.0,8.0,26.0,1.0,1.0,0.0,15.0,0.0,3.0,0.58,0.0,0.71,1.0,0.0,0.0,25.59,18.0,17.71,0.19,0.22,0.22,1.25,1.2,1.19,5.54,6.71,121.0,128.0,0.0,0.0,0.0,0.0,0.0,0.0,regular
8482165,2025,Yan Kuznetsov,CGY,D,5on5,41,43809.0,1052.0,7.85,0.47,0.49,0.49,0.51,0.49,0.51,118.0,40.54,1.53,2.22,12.72,1.35,23.63,16.54,1.48,1.54,1.48,2.0,1.0,42.0,16.0,35.0,93.0,6.0,3.0,4.0,0.0,9.0,0.0,25.0,17.0,39.0,55.0,8.0,16.0,0.0,52.0,1.0,37.0,56.0,2.0,0.0,1.26,0.28,0.0,3.0,0.0,0.0,91.99,58.0,57.87,23.0,0.46,0.64,0.21,1.78,1.78,1.74,1052.0,81.0,104.0,187.0,680.0,108.0,133.0,121.0,690.0,0.0,0.0,77631.0,16.0,2.0,1.0,57.0,368.05,28.97,28.01,28.7,27.76,345.0,154.0,223.0,722.0,21.0,35.0,2.0,391.0,77.0,31.0,10.94,9.57,8.46,10.0,7.0,4.0,716.99,499.0,497.23,4.84,7.17,7.17,26.65,26.53,26.16,378.93,32.21,31.07,32.7,31.54,329.0,186.0,251.0,766.0,34.0,37.0,2.0,383.0,102.0,30.0,11.6,12.84,7.77,14.0,16.0,4.0,776.01,515.0,520.97,5.28,6.43,6.43,31.06,31.48,30.93,53.47,56.41,1295.0,1223.0,6.43,0.53,129.0,6.0,98.0,6.0,regular
8481068,2025,Yegor Sharangovich,CGY,C,5on5,51,39291.0,816.0,22.39,0.48,0.48,0.51,0.5,0.5,0.5,278.0,83.61,7.44,5.73,19.94,2.91,44.71,33.26,7.17,7.41,7.14,4.0,2.0,74.0,40.0,41.0,155.0,13.0,7.0,4.0,2.0,9.0,0.0,44.0,50.0,67.0,107.0,2.0,4.0,14.0,13.0,9.0,34.0,86.0,20.0,8.0,2.62,2.7,2.11,3.0,3.0,1.0,154.01,114.0,112.81,12.0,1.2,0.66,2.35,6.29,6.23,6.15,816.0,104.0,86.0,128.0,498.0,127.0,135.0,106.0,448.0,14.0,30.0,109229.0,4.0,6.0,3.0,19.0,354.52,27.35,26.29,27.25,26.21,332.0,151.0,215.0,698.0,23.0,37.0,2.0,378.0,82.0,23.0,10.68,10.45,6.22,13.0,8.0,2.0,695.37,483.0,483.35,4.84,6.74,6.78,25.41,25.31,24.9,350.21,29.47,28.3,29.75,28.58,322.0,154.0,190.0,666.0,35.0,38.0,3.0,352.0,97.0,27.0,10.06,11.9,7.51,19.0,13.0,3.0,672.68,476.0,478.54,4.85,6.69,6.69,27.63,27.86,27.4,71.95,76.52,1760.0,1742.0,0.96,1.01,28.0,17.0,21.0,14.0,regular
8480727,2025,Zach Whitecloud,CGY,D,5on5,54,55228.0,1170.0,12.93,0.49,0.55,0.52,0.51,0.51,0.52,199.0,48.85,1.74,2.69,12.76,1.56,29.94,22.31,1.72,1.72,1.7,2.0,4.0,44.0,27.0,56.0,127.0,8.0,2.0,2.0,0.0,20.0,0.0,23.0,24.0,42.0,69.0,11.0,22.0,0.0,76.0,8.0,38.0,69.0,1.0,1.0,1.38,0.15,0.21,1.0,1.0,0.0,125.44,71.0,70.38,28.0,0.53,0.06,0.03,2.24,2.23,2.19,1170.0,115.0,103.0,206.0,746.0,198.0,160.0,163.0,649.0,0.0,0.0,111764.0,22.0,10.0,5.0,62.0,445.46,34.02,33.06,33.84,32.9,394.0,217.0,267.0,878.0,33.0,35.0,6.0,475.0,110.0,26.0,12.86,13.96,7.2,14.0,15.0,4.0,868.67,611.0,605.49,6.08,6.47,6.47,33.56,33.4,32.88,426.19,35.14,33.85,35.55,34.26,364.0,226.0,228.0,818.0,43.0,56.0,11.0,463.0,92.0,35.0,13.7,11.7,9.74,18.0,14.0,11.0,830.75,590.0,599.37,5.96,9.6,9.76,31.34,31.82,31.26,75.27,62.64,1739.0,1667.0,3.4,0.21,98.0,14.0,74.0,8.0,regular
8484768,2025,Zayne Parekh,CGY,D,5on5,12,8628.0,204.0,4.3,0.54,0.55,0.55,0.54,0.53,0.55,60.0,8.97,0.37,0.51,2.37,0.29,5.58,3.87,0.37,0.36,0.35,0.0,0.0,8.0,5.0,15.0,28.0,0.0,0.0,1.0,0.0,0.0,0.0,6.0,6.0,8.0,13.0,0.0,0.0,0.0,5.0,3.0,16.0,13.0,0.0,0.0,0.37,0.0,0.0,0.0,0.0,0.0,27.17,13.0,12.66,14.0,0.1,0.1,0.0,0.47,0.46,0.46,204.0,34.0,5.0,26.0,139.0,27.0,37.0,19.0,121.0,0.0,0.0,25178.0,0.0,8.0,4.0,4.0,79.22,5.72,5.56,5.69,5.53,75.0,31.0,53.0,159.0,5.0,7.0,0.0,88.0,14.0,4.0,2.45,1.96,1.31,4.0,1.0,0.0,155.78,106.0,104.49,0.96,1.73,1.73,4.95,4.93,4.87,67.72,4.91,4.83,5.02,4.94,63.0,31.0,35.0,129.0,2.0,5.0,0.0,75.0,14.0,5.0,2.1,1.57,1.24,1.0,0.0,1.0,133.05,94.0,96.07,0.88,0.62,0.62,5.17,5.27,5.24,18.55,14.93,440.0,373.0,1.1,0.0,17.0,0.0,14.0,0.0,regular
8481568,2025,Alex Vlasic,CHI,D,5on5,55,57392.0,1156.0,10.55,0.43,0.45,0.47,0.47,0.46,0.46,123.0,58.58,1.86,3.02,17.81,2.04,35.91,25.37,1.82,1.82,1.78,7.0,4.0,52.0,34.0,57.0,143.0,13.0,2.0,7.0,1.0,18.0,1.0,25.0,33.0,50.0,84.0,4.0,11.0,0.0,17.0,14.0,51.0,83.0,2.0,1.0,1.37,0.26,0.24,1.0,1.0,0.0,140.02,86.0,84.02,36.0,0.6,0.69,0.44,2.02,1.97,1.95,1156.0,84.0,146.0,220.0,706.0,136.0,110.0,184.0,726.0,0.0,0.0,106607.0,11.0,15.0,6.0,58.0,422.31,32.42,31.43,32.36,31.36,359.0,223.0,239.0,821.0,31.0,57.0,6.0,459.0,90.0,33.0,12.74,10.89,8.78,12.0,12.0,7.0,816.47,582.0,577.5,5.58,9.14,8.61,29.4,29.27,28.86,506.98,42.14,40.39,42.07,40.34,442.0,246.0,240.0,928.0,44.0,48.0,7.0,525.0,126.0,37.0,15.85,15.05,11.23,22.0,15.0,7.0,930.0,688.0,687.1,6.95,10.79,11.23,37.85,37.85,37.28,68.17,84.2,1472.0,1692.0,4.99,0.44,90.0,7.0,72.0,6.0,regular
8477444,2025,Andre Burakovsky,CHI,L,5on5,50,41796.0,872.0,20.39,0.44,0.44,0.47,0.47,0.46,0.46,235.0,57.33,7.46,4.24,12.59,1.79,28.62,21.31,7.18,7.64,7.34,5.0,8.0,51.0,25.0,32.0,108.0,19.0,6.0,10.0,1.0,9.0,0.0,24.0,27.0,45.0,70.0,4.0,8.0,2.0,15.0,17.0,37.0,43.0,24.0,9.0,1.8,3.14,2.52,1.0,4.0,1.0,108.74,76.0,76.62,12.0,0.9,1.66,1.96,6.39,6.46,6.37,872.0,118.0,44.0,155.0,555.0,96.0,151.0,140.0,485.0,2.0,5.0,107190.0,8.0,14.0,7.0,24.0,351.93,29.56,28.32,29.71,28.46,325.0,156.0,169.0,650.0,31.0,36.0,5.0,366.0,88.0,27.0,11.21,10.64,7.71,11.0,15.0,5.0,647.97,481.0,480.13,4.82,7.23,7.23,27.14,27.23,26.63,417.21,37.15,35.74,37.56,36.12,376.0,187.0,168.0,731.0,45.0,38.0,4.0,414.0,123.0,26.0,12.89,15.89,8.37,27.0,13.0,5.0,740.02,563.0,568.52,5.89,8.71,8.71,34.34,34.77,34.15,61.05,77.46,1440.0,1625.0,0.36,1.89,17.0,30.0,8.0,23.0,regular
8484783,2025,Artyom Levshunov,CHI,D,5on5,52,47975.0,939.0,10.25,0.42,0.45,0.46,0.47,0.44,0.47,200.0,49.21,2.2,2.85,13.43,1.62,29.28,20.62,2.17,2.15,2.12,4.0,3.0,47.0,23.0,49.0,119.0,8.0,1.0,3.0,0.0,16.0,0.0,27.0,23.0,46.0,69.0,16.0,32.0,0.0,56.0,11.0,62.0,63.0,7.0,0.0,1.42,0.78,0.0,0.0,1.0,0.0,116.98,70.0,68.33,43.0,0.57,0.63,0.0,2.77,2.71,2.68,939.0,130.0,58.0,148.0,603.0,91.0,166.0,131.0,551.0,0.0,0.0,107823.0,32.0,10.0,5.0,40.0,361.86,30.18,29.15,30.03,29.02,321.0,173.0,189.0,683.0,25.0,37.0,2.0,367.0,96.0,31.0,11.05,11.14,7.99,7.0,14.0,4.0,675.7,494.0,489.29,5.05,6.47,6.85,28.38,28.28,27.72,463.98,41.46,39.82,42.05,40.37,421.0,206.0,159.0,786.0,45.0,40.0,3.0,462.0,130.0,35.0,14.32,16.81,10.32,23.0,20.0,2.0,800.18,627.0,635.62,6.64,8.86,8.86,39.23,39.87,39.05,65.69,81.06,1506.0,1722.0,2.26,0.19,67.0,6.0,47.0,4.0,regular
8482703,2025,Colton Dach,CHI,C,5on5,51,33173.0,757.0,5.29,0.4,0.45,0.46,0.47,0.44,0.47,438.0,57.41,5.29,3.99,15.23,1.97,30.29,21.23,4.96,5.25,4.93,3.0,2.0,47.0,31.0,22.0,100.0,7.0,2.0,11.0,0.0,11.0,0.0,29.0,25.0,45.0,76.0,13.0,35.0,22.0,183.0,13.0,24.0,57.0,16.0,5.0,2.0,1.86,1.43,2.0,0.0,0.0,99.28,78.0,78.11,7.0,0.84,1.71,1.82,4.3,4.29,4.18,757.0,59.0,75.0,130.0,493.0,118.0,117.0,94.0,428.0,22.0,39.0,118588.0,35.0,35.0,13.0,25.0,219.33,16.2,15.61,16.17,15.59,183.0,116.0,120.0,419.0,11.0,28.0,0.0,242.0,41.0,16.0,6.52,5.03,4.65,8.0,3.0,0.0,415.48,299.0,297.7,2.81,5.17,5.15,13.87,13.88,13.64,280.12,24.72,23.67,24.8,23.75,260.0,121.0,119.0,500.0,23.0,35.0,6.0,280.0,74.0,27.0,7.47,9.31,7.94,11.0,8.0,4.0,506.43,381.0,384.05,3.95,7.85,7.85,20.81,20.94,20.51,76.92,93.65,1732.0,1944.0,0.83,1.72,28.0,34.0,22.0,30.0,regular
8484144,2025,Connor Bedard,CHI,C,5on5,43,42863.0,845.0,39.41,0.43,0.43,0.44,0.46,0.44,0.46,81.0,101.65,9.13,6.64,23.37,3.22,53.77,40.88,8.86,9.33,9.05,13.0,6.0,91.0,46.0,32.0,169.0,32.0,13.0,7.0,1.0,13.0,0.0,43.0,61.0,78.0,124.0,15.0,28.0,123.0,16.0,16.0,39.0,103.0,26.0,8.0,3.49,3.16,2.47,6.0,3.0,4.0,170.84,137.0,138.49,13.0,1.37,1.62,1.51,8.98,9.17,8.95,845.0,118.0,53.0,156.0,518.0,85.0,147.0,153.0,460.0,123.0,149.0,84535.0,28.0,20.0,10.0,15.0,331.63,27.85,26.93,28.16,27.21,305.0,149.0,156.0,610.0,38.0,33.0,7.0,347.0,80.0,27.0,10.41,9.95,7.49,12.0,17.0,9.0,610.85,454.0,455.29,4.51,5.6,5.63,26.74,26.97,26.49,430.97,37.63,36.24,37.75,36.35,392.0,193.0,182.0,767.0,39.0,47.0,2.0,440.0,115.0,30.0,13.83,14.51,9.29,23.0,13.0,3.0,773.33,585.0,586.75,6.19,10.33,10.33,33.48,33.62,33.12,47.68,63.34,1137.0,1333.0,0.97,1.79,26.0,26.0,19.0,22.0,regular
8476473,2025,Connor Murphy,CHI,D,5on5,56,44306.0,968.0,8.42,0.45,0.44,0.45,0.47,0.46,0.46,295.0,51.95,2.08,2.97,14.64,1.68,31.43,22.2,2.04,2.09,2.06,2.0,6.0,50.0,25.0,37.0,112.0,12.0,4.0,4.0,0.0,8.0,0.0,34.0,25.0,46.0,71.0,16.0,44.0,0.0,44.0,8.0,44.0,70.0,5.0,0.0,1.41,0.67,0.0,2.0,2.0,0.0,110.85,75.0,74.93,34.0,0.6,0.84,0.08,2.59,2.61,2.56,968.0,51.0,126.0,147.0,644.0,144.0,99.0,142.0,583.0,0.0,0.0,122655.0,44.0,26.0,7.0,60.0,302.78,24.25,23.12,24.34,23.21,268.0,145.0,138.0,551.0,26.0,31.0,1.0,320.0,69.0,24.0,8.94,8.73,6.59,13.0,12.0,1.0,548.9,413.0,413.41,4.07,6.32,6.32,22.0,22.13,21.79,346.85,29.66,28.27,29.83,28.45,314.0,162.0,189.0,665.0,29.0,36.0,4.0,361.0,80.0,35.0,10.11,9.8,9.76,14.0,12.0,3.0,672.66,476.0,479.29,4.78,7.88,8.32,26.13,26.31,25.84,77.74,99.67,1782.0,2014.0,3.98,0.04,90.0,5.0,77.0,3.0,regular
8476952,2025,Dominic Toninato,CHI,C,5on5,5,2747.0,69.0,1.98,0.58,0.47,0.6,0.48,0.58,0.45,56.0,7.83,0.68,0.55,1.83,0.25,3.63,3.06,0.68,0.68,0.68,1.0,0.0,6.0,4.0,1.0,11.0,1.0,0.0,1.0,0.0,1.0,0.0,3.0,5.0,6.0,10.0,2.0,4.0,10.0,10.0,1.0,2.0,8.0,1.0,1.0,0.37,0.1,0.21,0.0,0.0,0.0,11.07,10.0,10.04,0.0,0.12,0.2,0.0,0.8,0.8,0.79,69.0,6.0,5.0,7.0,51.0,14.0,14.0,6.0,35.0,10.0,12.0,12143.0,4.0,2.0,1.0,0.0,25.77,1.65,1.59,1.64,1.58,25.0,10.0,18.0,53.0,1.0,5.0,0.0,29.0,4.0,2.0,0.88,0.36,0.41,1.0,0.0,0.0,52.53,35.0,34.73,0.35,0.47,0.47,1.53,1.53,1.52,18.2,1.18,1.16,1.17,1.15,14.0,11.0,11.0,36.0,0.0,0.0,0.0,21.0,3.0,1.0,0.56,0.34,0.28,0.0,0.0,0.0,36.75,25.0,25.33,0.2,0.0,0.0,1.38,1.37,1.34,6.98,7.96,164.0,175.0,0.0,0.0,1.0,0.0,0.0,0.0,regular
8482807,2025,Ethan Del Mastro,CHI,D,5on5,2,1844.0,40.0,-0.63,0.3,0.45,0.37,0.47,0.39,0.43,10.0,2.01,0.06,0.1,0.57,0.06,1.22,0.98,0.06,0.06,0.06,0.0,0.0,3.0,0.0,2.0,5.0,0.0,0.0,0.0,0.0,0.0,0.0,2.0,1.0,3.0,3.0,0.0,0.0,0.0,5.0,0.0,3.0,3.0,0.0,0.0,0.06,0.0,0.0,0.0,0.0,0.0,5.3,3.0,3.16,3.0,0.02,0.0,0.0,0.08,0.09,0.09,40.0,4.0,5.0,5.0,26.0,4.0,7.0,4.0,25.0,0.0,0.0,4357.0,0.0,0.0,0.0,3.0,13.74,0.79,0.79,0.84,0.83,13.0,6.0,6.0,25.0,0.0,0.0,0.0,17.0,2.0,0.0,0.56,0.23,0.0,0.0,0.0,0.0,26.4,19.0,20.12,0.15,0.0,0.0,0.94,0.99,0.99,21.62,1.86,1.83,1.76,1.73,18.0,12.0,12.0,42.0,1.0,1.0,0.0,20.0,9.0,1.0,0.59,1.04,0.23,0.0,1.0,0.0,39.54,30.0,28.4,0.32,0.23,0.23,1.95,1.85,1.83,2.22,2.77,55.0,62.0,0.03,0.0,4.0,0.0,3.0,0.0,regular
8483493,2025,Frank Nazar,CHI,C,5on5,40,32958.0,681.0,18.93,0.43,0.44,0.45,0.47,0.45,0.46,199.0,65.84,6.38,4.67,15.98,2.16,34.46,25.35,6.27,6.47,6.36,6.0,6.0,59.0,30.0,25.0,114.0,17.0,5.0,6.0,1.0,13.0,1.0,34.0,30.0,54.0,84.0,7.0,14.0,182.0,18.0,11.0,42.0,62.0,22.0,5.0,2.31,2.62,1.45,0.0,4.0,1.0,113.65,89.0,89.03,13.0,0.98,1.13,1.12,6.25,6.3,6.23,681.0,103.0,74.0,125.0,379.0,89.0,92.0,102.0,398.0,182.0,212.0,85282.0,14.0,34.0,17.0,25.0,248.81,20.54,19.8,20.9,20.13,216.0,123.0,116.0,455.0,22.0,22.0,4.0,265.0,52.0,22.0,7.82,6.38,6.34,6.0,10.0,6.0,455.23,339.0,340.58,3.36,4.9,5.28,18.63,18.84,18.54,306.45,26.72,25.76,26.75,25.79,266.0,150.0,137.0,553.0,25.0,37.0,4.0,314.0,75.0,27.0,9.92,9.47,7.33,10.0,11.0,4.0,556.47,416.0,417.45,4.38,7.04,7.04,24.06,24.1,23.81,51.59,65.95,1207.0,1383.0,0.57,0.84,15.0,17.0,10.0,14.0,regular
8481624,2025,Ilya Mikheyev,CHI,R,5on5,51,44496.0,902.0,16.78,0.43,0.44,0.45,0.46,0.45,0.45,210.0,71.25,7.89,5.26,17.37,2.31,34.72,25.45,7.62,7.88,7.62,6.0,3.0,68.0,25.0,28.0,121.0,18.0,9.0,11.0,0.0,14.0,1.0,21.0,37.0,59.0,84.0,4.0,8.0,0.0,20.0,7.0,36.0,61.0,19.0,13.0,1.93,2.36,3.6,4.0,4.0,1.0,122.29,93.0,93.38,11.0,1.11,1.47,2.45,6.56,6.6,6.49,902.0,79.0,136.0,170.0,517.0,141.0,100.0,139.0,522.0,0.0,0.0,107219.0,8.0,10.0,5.0,9.0,324.46,26.28,25.31,26.23,25.25,278.0,162.0,145.0,585.0,24.0,44.0,2.0,334.0,78.0,28.0,8.86,9.79,7.62,10.0,12.0,2.0,584.22,440.0,439.3,4.38,7.54,7.54,23.12,23.05,22.65,398.47,35.05,33.49,35.09,33.54,346.0,195.0,167.0,708.0,27.0,39.0,4.0,399.0,104.0,38.0,11.25,12.42,11.39,11.0,13.0,3.0,709.47,541.0,538.92,5.51,9.45,9.88,30.68,30.75,30.18,65.98,83.96,1511.0,1771.0,0.54,1.48,17.0,21.0,15.0,21.0,regular
8477450,2025,Jason Dickinson,CHI,C,5on5,42,33248.0,730.0,14.26,0.48,0.43,0.51,0.46,0.51,0.45,235.0,53.48,3.67,3.31,13.25,1.81,30.31,22.64,3.62,3.6,3.55,4.0,2.0,48.0,27.0,20.0,95.0,11.0,5.0,8.0,0.0,13.0,0.0,26.0,23.0,43.0,70.0,5.0,10.0,258.0,45.0,8.0,28.0,64.0,10.0,1.0,2.16,1.26,0.26,3.0,2.0,0.0,94.19,75.0,74.13,12.0,0.69,1.55,0.19,4.16,4.09,4.04,730.0,51.0,148.0,137.0,394.0,112.0,54.0,108.0,456.0,258.0,244.0,91942.0,10.0,2.0,1.0,26.0,264.49,21.11,20.44,20.84,20.16,231.0,129.0,121.0,481.0,24.0,35.0,2.0,280.0,55.0,25.0,7.74,6.69,6.68,12.0,8.0,4.0,475.8,360.0,355.25,3.56,6.35,5.98,18.69,18.42,18.14,255.98,22.89,22.04,23.11,22.25,207.0,142.0,109.0,458.0,29.0,30.0,1.0,249.0,78.0,22.0,7.15,9.32,6.43,15.0,14.0,0.0,463.72,349.0,350.99,3.7,6.52,6.52,20.08,20.37,20.0,54.2,73.08,1288.0,1514.0,1.44,0.98,18.0,24.0,14.0,17.0,regular
8483466,2025,Kevin Korchinski,CHI,D,5on5,2,1677.0,37.0,-0.45,0.17,0.51,0.31,0.5,0.34,0.49,11.0,2.21,0.12,0.13,0.53,0.07,1.23,0.91,0.12,0.13,0.13,0.0,1.0,2.0,1.0,0.0,3.0,1.0,0.0,0.0,0.0,1.0,0.0,0.0,2.0,2.0,3.0,1.0,2.0,0.0,0.0,1.0,2.0,2.0,1.0,0.0,0.04,0.08,0.0,0.0,0.0,0.0,3.17,3.0,3.16,1.0,0.03,0.0,0.0,0.15,0.16,0.16,37.0,5.0,2.0,4.0,26.0,2.0,10.0,7.0,18.0,0.0,0.0,3911.0,2.0,0.0,0.0,2.0,9.62,0.52,0.52,0.53,0.53,8.0,5.0,0.0,13.0,1.0,0.0,0.0,12.0,1.0,0.0,0.44,0.08,0.0,1.0,0.0,0.0,13.14,13.0,13.21,0.12,0.0,0.0,0.65,0.66,0.66,19.64,2.59,2.47,2.7,2.58,20.0,5.0,4.0,29.0,3.0,4.0,1.0,15.0,7.0,3.0,0.49,0.87,1.22,0.0,1.0,2.0,30.23,25.0,25.73,0.31,1.13,1.13,1.77,1.83,1.8,2.4,2.29,55.0,54.0,0.0,0.03,1.0,1.0,0.0,1.0,regular
8482172,2025,Landon Slaggert,CHI,L,5on5,29,17499.0,400.0,5.15,0.48,0.45,0.46,0.47,0.48,0.47,274.0,32.91,3.95,2.61,7.14,1.15,16.25,11.91,3.86,3.89,3.81,1.0,2.0,26.0,17.0,8.0,51.0,5.0,2.0,5.0,0.0,6.0,0.0,14.0,16.0,24.0,41.0,2.0,4.0,1.0,42.0,2.0,6.0,22.0,16.0,5.0,0.92,1.86,1.17,2.0,0.0,0.0,49.13,43.0,41.94,1.0,0.56,1.06,0.85,3.65,3.58,3.55,400.0,32.0,45.0,82.0,241.0,48.0,43.0,52.0,257.0,1.0,1.0,70325.0,4.0,10.0,5.0,13.0,120.77,10.58,10.17,10.36,9.96,93.0,70.0,55.0,218.0,10.0,20.0,0.0,121.0,27.0,15.0,3.46,3.1,4.03,7.0,3.0,0.0,211.4,163.0,158.4,1.7,3.57,3.57,8.71,8.5,8.38,130.63,11.67,11.15,12.01,11.48,114.0,64.0,77.0,255.0,7.0,14.0,0.0,129.0,39.0,10.0,3.64,4.87,3.15,3.0,4.0,0.0,260.64,178.0,181.5,1.93,3.26,3.26,10.33,10.57,10.24,45.22,54.35,985.0,1100.0,0.21,0.66,14.0,9.0,8.0,7.0,regular
8481806,2025,Louis Crevier,CHI,D,5on5,53,44976.0,999.0,12.75,0.45,0.45,0.47,0.46,0.47,0.46,245.0,79.74,3.21,4.19,24.05,2.82,44.52,32.21,3.15,3.17,3.12,7.0,2.0,71.0,40.0,48.0,159.0,12.0,3.0,11.0,0.0,20.0,0.0,36.0,41.0,68.0,108.0,15.0,33.0,0.0,73.0,8.0,40.0,104.0,5.0,2.0,2.04,0.62,0.55,2.0,1.0,0.0,157.39,111.0,110.31,36.0,0.85,1.76,1.04,3.02,2.99,2.97,999.0,62.0,139.0,195.0,603.0,107.0,102.0,139.0,651.0,0.0,0.0,113435.0,33.0,7.0,2.0,49.0,359.63,28.24,27.18,28.16,27.07,313.0,177.0,169.0,659.0,31.0,55.0,5.0,384.0,73.0,33.0,10.39,9.18,8.67,15.0,12.0,4.0,653.1,490.0,484.99,4.79,8.48,8.12,24.91,24.7,24.25,403.01,34.97,33.72,35.23,33.97,340.0,207.0,182.0,729.0,35.0,48.0,7.0,413.0,103.0,31.0,12.59,12.93,9.46,17.0,11.0,7.0,732.1,547.0,547.5,5.73,10.57,10.57,30.14,30.38,29.94,69.43,86.49,1566.0,1808.0,4.67,0.27,80.0,7.0,64.0,5.0,regular
8476891,2025,Matt Grzelcyk,CHI,D,5on5,56,51141.0,1092.0,10.53,0.46,0.43,0.48,0.46,0.48,0.45,209.0,59.82,1.34,2.94,18.23,2.02,35.66,25.82,1.3,1.34,1.31,6.0,1.0,51.0,35.0,31.0,117.0,7.0,0.0,3.0,0.0,19.0,1.0,31.0,32.0,51.0,86.0,8.0,18.0,0.0,22.0,14.0,34.0,86.0,0.0,0.0,1.34,0.0,0.0,0.0,0.0,0.0,116.32,86.0,86.01,24.0,0.58,0.4,0.07,1.86,1.86,1.81,1092.0,115.0,97.0,161.0,719.0,130.0,169.0,151.0,642.0,0.0,0.0,115820.0,18.0,8.0,4.0,42.0,420.01,36.13,34.49,36.49,34.83,381.0,186.0,180.0,747.0,42.0,46.0,4.0,431.0,98.0,38.0,12.56,12.39,11.19,16.0,20.0,6.0,746.25,567.0,568.33,5.75,9.92,10.12,31.78,31.93,31.3,458.86,41.91,40.18,42.61,40.81,428.0,195.0,200.0,823.0,39.0,55.0,6.0,452.0,129.0,42.0,13.28,16.36,12.28,17.0,17.0,5.0,840.63,623.0,632.57,6.64,12.37,12.37,36.19,36.73,36.05,65.86,87.42,1586.0,1856.0,3.83,0.15,94.0,7.0,76.0,7.0,regular
8473422,2025,Nick Foligno,CHI,L,5on5,32,19817.0,446.0,6.9,0.42,0.44,0.45,0.46,0.44,0.45,289.0,23.7,2.43,1.64,5.93,0.78,10.92,8.29,2.35,2.34,2.26,2.0,3.0,22.0,8.0,9.0,39.0,7.0,2.0,4.0,0.0,1.0,0.0,13.0,10.0,20.0,28.0,6.0,21.0,106.0,75.0,2.0,17.0,21.0,6.0,3.0,0.77,0.67,0.99,1.0,1.0,0.0,38.46,30.0,29.64,4.0,0.34,1.2,1.19,1.58,1.55,1.53,446.0,32.0,75.0,75.0,264.0,62.0,45.0,61.0,278.0,106.0,107.0,76714.0,21.0,27.0,8.0,23.0,130.02,10.3,9.89,10.22,9.82,103.0,73.0,73.0,249.0,12.0,18.0,0.0,137.0,28.0,11.0,3.57,3.49,3.24,7.0,5.0,0.0,248.01,176.0,174.89,1.71,3.21,3.36,8.65,8.62,8.43,165.46,14.48,13.57,14.73,13.8,143.0,82.0,85.0,310.0,11.0,16.0,1.0,163.0,49.0,13.0,4.53,6.07,3.88,6.0,4.0,1.0,313.65,225.0,227.5,2.33,3.36,3.79,13.02,13.18,12.85,49.28,61.61,1057.0,1247.0,0.14,0.42,8.0,11.0,6.0,9.0,regular
8484185,2025,Nick Lardis,CHI,L,5on5,21,13373.0,315.0,7.65,0.46,0.44,0.52,0.47,0.51,0.45,201.0,26.91,2.59,1.83,6.98,1.02,13.67,9.91,2.46,2.47,2.35,1.0,0.0,21.0,15.0,12.0,48.0,4.0,3.0,2.0,0.0,7.0,0.0,13.0,11.0,18.0,33.0,3.0,6.0,1.0,32.0,4.0,7.0,27.0,5.0,4.0,0.96,0.62,1.0,1.0,1.0,1.0,46.46,36.0,34.88,0.0,0.39,0.24,0.69,2.28,2.22,2.15,315.0,40.0,16.0,46.0,213.0,50.0,49.0,33.0,183.0,1.0,1.0,50033.0,6.0,4.0,2.0,6.0,102.17,7.03,6.73,6.82,6.54,83.0,58.0,53.0,194.0,6.0,10.0,0.0,115.0,20.0,6.0,3.29,2.3,1.44,3.0,2.0,1.0,188.53,141.0,137.71,1.38,1.32,1.48,6.93,6.76,6.63,97.4,8.3,8.0,8.58,8.27,86.0,47.0,45.0,178.0,12.0,7.0,3.0,101.0,24.0,8.0,3.07,3.02,2.2,3.0,5.0,4.0,183.39,133.0,137.14,1.36,1.71,1.71,7.94,8.18,8.11,31.28,39.2,675.0,774.0,0.34,0.34,3.0,9.0,2.0,7.0,regular
8484197,2025,Oliver Moore,CHI,C,5on5,44,30225.0,688.0,10.2,0.46,0.43,0.47,0.46,0.47,0.45,377.0,51.73,5.07,3.46,12.76,2.01,26.63,19.07,4.84,5.17,4.94,1.0,7.0,42.0,27.0,12.0,81.0,11.0,3.0,8.0,0.0,8.0,0.0,23.0,27.0,39.0,66.0,6.0,15.0,78.0,22.0,12.0,31.0,48.0,15.0,6.0,1.62,1.96,1.49,1.0,1.0,1.0,80.77,69.0,69.32,13.0,0.73,1.35,1.63,4.15,4.19,4.14,688.0,94.0,63.0,100.0,431.0,93.0,110.0,90.0,395.0,78.0,73.0,101675.0,15.0,19.0,8.0,12.0,237.66,18.08,17.32,18.02,17.28,194.0,130.0,107.0,431.0,16.0,25.0,0.0,250.0,57.0,17.0,6.96,7.01,4.12,4.0,11.0,1.0,427.19,324.0,322.72,3.14,3.97,4.13,17.09,17.01,16.7,271.88,21.37,20.74,21.73,21.09,249.0,122.0,120.0,491.0,29.0,23.0,4.0,292.0,59.0,20.0,8.78,7.01,5.56,14.0,10.0,5.0,498.65,371.0,375.31,3.66,5.05,5.05,19.98,20.26,19.95,61.76,82.79,1402.0,1619.0,0.87,0.9,17.0,12.0,14.0,11.0,regular
8477987,2025,Ryan Donato,CHI,C,5on5,56,43953.0,917.0,20.1,0.46,0.43,0.47,0.46,0.47,0.46,349.0,89.04,8.4,6.02,20.87,2.9,44.22,34.58,7.89,8.44,7.93,6.0,5.0,67.0,50.0,35.0,152.0,21.0,10.0,6.0,3.0,16.0,1.0,41.0,43.0,57.0,107.0,11.0,22.0,80.0,59.0,18.0,32.0,76.0,32.0,9.0,2.13,3.83,2.44,3.0,5.0,2.0,151.89,117.0,116.15,11.0,1.26,1.53,3.03,6.64,6.59,6.35,917.0,80.0,91.0,154.0,592.0,154.0,148.0,132.0,483.0,80.0,82.0,123008.0,22.0,24.0,11.0,12.0,353.58,27.64,26.37,27.63,26.38,295.0,183.0,158.0,636.0,28.0,44.0,4.0,364.0,87.0,27.0,9.42,10.8,7.43,11.0,13.0,4.0,633.41,478.0,477.35,4.66,7.85,7.85,24.45,24.43,23.87,398.27,32.5,31.42,32.77,31.68,359.0,186.0,160.0,705.0,32.0,39.0,6.0,419.0,95.0,31.0,11.84,11.69,8.97,15.0,13.0,4.0,708.6,545.0,546.22,5.43,8.14,8.14,29.79,30.14,29.65,74.34,96.84,1697.0,1974.0,0.98,0.72,23.0,18.0,16.0,14.0,regular
8483450,2025,Ryan Greene,CHI,C,5on5,56,44030.0,974.0,10.36,0.43,0.45,0.44,0.48,0.43,0.47,320.0,64.12,7.4,5.0,14.71,2.12,32.75,23.03,7.08,7.29,6.99,7.0,3.0,57.0,28.0,23.0,108.0,15.0,5.0,14.0,0.0,7.0,1.0,29.0,29.0,52.0,80.0,5.0,10.0,201.0,31.0,11.0,34.0,48.0,29.0,8.0,1.82,3.52,2.06,1.0,3.0,1.0,106.1,85.0,83.82,11.0,1.05,2.75,2.05,6.41,6.37,6.22,974.0,129.0,126.0,160.0,559.0,103.0,130.0,157.0,584.0,201.0,241.0,122931.0,10.0,16.0,8.0,24.0,346.32,29.73,28.16,29.72,28.17,316.0,153.0,163.0,632.0,33.0,52.0,6.0,348.0,89.0,32.0,10.1,11.04,8.59,15.0,12.0,6.0,628.86,469.0,467.79,4.79,9.12,9.28,25.24,25.24,24.57,457.01,40.15,38.41,40.7,38.92,412.0,207.0,196.0,815.0,40.0,43.0,3.0,466.0,116.0,37.0,14.41,14.82,10.92,24.0,11.0,5.0,826.88,619.0,623.89,6.55,9.65,10.08,36.61,37.06,36.36,72.26,89.19,1701.0,1864.0,1.27,0.99,35.0,26.0,24.0,21.0,regular
8478043,2025,Sam Lafferty,CHI,C,5on5,19,10080.0,244.0,2.3,0.45,0.41,0.51,0.46,0.49,0.45,202.0,7.15,0.72,0.69,1.96,0.33,3.82,2.48,0.67,0.7,0.65,0.0,1.0,6.0,4.0,5.0,15.0,2.0,1.0,2.0,0.0,0.0,0.0,3.0,4.0,5.0,9.0,2.0,4.0,10.0,23.0,1.0,9.0,7.0,2.0,1.0,0.35,0.17,0.2,1.0,0.0,0.0,14.69,10.0,9.82,3.0,0.15,0.09,0.38,0.48,0.47,0.46,244.0,25.0,13.0,37.0,169.0,39.0,40.0,26.0,139.0,10.0,11.0,45858.0,4.0,2.0,1.0,3.0,61.67,4.05,3.97,3.98,3.9,58.0,26.0,41.0,125.0,7.0,6.0,0.0,68.0,12.0,4.0,1.85,1.31,0.89,3.0,2.0,2.0,124.61,84.0,83.67,0.84,0.51,0.51,4.37,4.31,4.27,66.56,4.98,4.95,5.06,5.02,59.0,30.0,31.0,120.0,5.0,4.0,1.0,69.0,15.0,5.0,1.71,1.96,1.31,3.0,1.0,1.0,122.57,89.0,90.76,0.87,0.9,0.9,4.95,5.01,5.0,26.67,37.9,660.0,789.0,0.15,0.29,11.0,5.0,6.0,4.0,regular
8483506,2025,Sam Rinzel,CHI,D,5on5,30,25151.0,493.0,7.08,0.44,0.44,0.46,0.46,0.45,0.46,121.0,41.11,1.57,2.29,12.59,1.38,23.76,16.41,1.49,1.59,1.51,5.0,1.0,35.0,23.0,36.0,94.0,8.0,2.0,5.0,0.0,9.0,0.0,26.0,16.0,33.0,56.0,8.0,16.0,0.0,24.0,7.0,34.0,54.0,3.0,1.0,1.08,0.28,0.21,1.0,1.0,0.0,94.56,58.0,58.64,25.0,0.46,0.7,0.28,1.75,1.78,1.74,493.0,59.0,41.0,81.0,312.0,43.0,89.0,75.0,286.0,0.0,0.0,63002.0,16.0,4.0,2.0,32.0,214.01,16.33,15.77,16.53,15.97,172.0,117.0,108.0,397.0,22.0,24.0,5.0,226.0,46.0,17.0,6.03,5.5,4.8,7.0,6.0,9.0,399.23,289.0,291.47,2.72,4.13,4.13,14.92,15.06,14.78,256.21,20.48,19.92,20.38,19.81,228.0,122.0,110.0,460.0,20.0,25.0,1.0,262.0,72.0,16.0,7.39,8.65,4.45,8.0,10.0,2.0,460.18,350.0,348.38,3.55,4.89,4.89,19.15,19.07,18.84,37.29,48.23,850.0,1014.0,0.77,0.06,21.0,3.0,16.0,1.0,regular
8476882,2025,Teuvo Teravainen,CHI,C,5on5,49,37282.0,789.0,16.41,0.39,0.47,0.47,0.47,0.45,0.47,326.0,49.35,3.47,3.02,12.14,1.63,26.9,19.84,3.22,3.53,3.26,2.0,2.0,39.0,28.0,23.0,90.0,10.0,6.0,3.0,1.0,14.0,0.0,20.0,24.0,33.0,61.0,2.0,4.0,24.0,15.0,17.0,39.0,54.0,10.0,3.0,1.38,1.27,0.82,3.0,2.0,1.0,90.34,67.0,66.75,16.0,0.63,0.71,1.01,3.09,3.11,3.03,789.0,98.0,89.0,144.0,458.0,102.0,93.0,113.0,481.0,24.0,28.0,108450.0,4.0,10.0,5.0,14.0,268.14,19.22,18.56,19.43,18.76,234.0,134.0,141.0,509.0,16.0,23.0,3.0,299.0,48.0,21.0,7.79,5.75,5.69,5.0,6.0,5.0,509.94,368.0,368.33,3.44,4.96,4.96,17.71,17.87,17.57,330.64,29.96,28.92,30.11,29.06,294.0,154.0,129.0,577.0,30.0,36.0,3.0,325.0,91.0,32.0,9.6,11.54,8.81,8.0,18.0,4.0,578.98,448.0,447.73,4.77,7.41,7.41,27.32,27.45,27.07,72.98,82.46,1571.0,1765.0,0.67,1.1,24.0,20.0,15.0,17.0,regular
8477479,2025,Tyler Bertuzzi,CHI,L,5on5,53,46684.0,952.0,37.27,0.49,0.42,0.49,0.46,0.48,0.45,217.0,93.26,11.77,6.81,21.95,3.17,43.36,32.94,11.11,11.72,11.06,4.0,4.0,79.0,41.0,26.0,146.0,23.0,15.0,14.0,5.0,10.0,0.0,37.0,44.0,64.0,105.0,7.0,14.0,33.0,35.0,11.0,40.0,73.0,27.0,20.0,2.67,3.49,5.62,3.0,7.0,5.0,145.88,120.0,120.33,10.0,1.45,2.69,4.89,8.33,8.26,8.13,952.0,132.0,100.0,170.0,550.0,120.0,164.0,150.0,518.0,33.0,34.0,112018.0,14.0,26.0,13.0,15.0,397.65,35.71,34.34,35.67,34.29,346.0,194.0,191.0,731.0,36.0,51.0,6.0,401.0,95.0,44.0,12.03,11.59,12.09,12.0,16.0,8.0,725.48,540.0,536.67,5.51,9.59,9.59,31.64,31.54,31.02,428.08,37.42,36.04,37.44,36.07,384.0,199.0,187.0,770.0,41.0,49.0,5.0,433.0,121.0,29.0,13.49,15.6,8.34,17.0,19.0,5.0,777.65,583.0,585.82,6.15,9.17,9.17,34.4,34.58,34.03,61.7,85.17,1484.0,1771.0,0.75,1.6,23.0,23.0,19.0,19.0,regular
8482176,2025,Wyatt Kaiser,CHI,D,5on5,56,57089.0,1163.0,5.75,0.44,0.44,0.46,0.47,0.45,0.47,144.0,62.23,2.76,3.33,16.51,2.02,35.28,27.09,2.72,2.77,2.72,4.0,3.0,53.0,34.0,36.0,123.0,12.0,5.0,5.0,0.0,17.0,0.0,24.0,36.0,48.0,82.0,11.0,22.0,0.0,33.0,22.0,65.0,81.0,3.0,3.0,1.74,0.32,0.7,4.0,1.0,0.0,122.2,87.0,86.3,42.0,0.67,0.92,0.46,2.97,2.98,2.94,1163.0,95.0,109.0,204.0,755.0,141.0,167.0,146.0,709.0,0.0,0.0,109872.0,22.0,14.0,7.0,31.0,417.88,33.26,32.05,33.12,31.94,357.0,208.0,190.0,755.0,33.0,50.0,3.0,430.0,97.0,38.0,11.7,11.48,10.09,16.0,12.0,5.0,750.08,565.0,562.7,5.59,8.59,9.07,29.8,29.73,29.16,515.11,42.89,41.52,43.46,42.07,447.0,255.0,197.0,899.0,46.0,48.0,3.0,533.0,132.0,37.0,15.61,17.07,10.22,23.0,19.0,4.0,908.96,702.0,706.74,7.26,8.94,8.94,41.23,41.85,41.11,68.72,86.45,1578.0,1780.0,2.65,0.63,84.0,10.0,61.0,8.0,regular
8479718,2025,Alex Barr-Boulet,COL,C,5on5,1,208.0,7.0,0.65,0.58,0.62,0.63,0.64,0.67,0.63,12.0,0.73,0.02,0.05,0.12,0.02,0.46,0.32,0.02,0.02,0.02,0.0,1.0,0.0,1.0,0.0,1.0,1.0,0.0,0.0,0.0,0.0,0.0,1.0,0.0,0.0,1.0,0.0,0.0,0.0,2.0,0.0,0.0,1.0,0.0,0.0,0.02,0.0,0.0,0.0,0.0,0.0,1.03,1.0,1.04,0.0,0.01,0.0,0.0,0.03,0.03,0.03,7.0,0.0,0.0,1.0,6.0,1.0,2.0,0.0,4.0,0.0,0.0,2521.0,0.0,0.0,0.0,0.0,2.54,0.08,0.07,0.08,0.07,0.0,4.0,1.0,5.0,0.0,0.0,0.0,4.0,0.0,0.0,0.08,0.0,0.0,0.0,0.0,0.0,5.13,4.0,4.15,0.03,0.0,0.0,0.1,0.1,0.1,1.5,0.06,0.06,0.06,0.06,2.0,0.0,1.0,3.0,0.0,0.0,0.0,2.0,0.0,0.0,0.06,0.0,0.0,0.0,0.0,0.0,3.04,2.0,2.06,0.02,0.0,0.0,0.08,0.08,0.08,3.33,2.07,70.0,40.0,0.0,0.0,0.0,0.0,0.0,0.0,regular
8477476,2025,Artturi Lehkonen,COL,L,5on5,54,48123.0,978.0,52.24,0.57,0.56,0.55,0.56,0.53,0.56,196.0,111.31,14.6,8.24,25.48,3.89,55.5,42.29,13.9,14.95,14.23,13.0,5.0,97.0,53.0,41.0,191.0,32.0,14.0,11.0,4.0,13.0,0.0,62.0,50.0,83.0,136.0,6.0,12.0,3.0,37.0,10.0,35.0,86.0,45.0,19.0,3.78,5.64,5.18,6.0,4.0,4.0,195.73,150.0,153.56,7.0,1.78,1.96,4.71,11.67,11.93,11.54,978.0,148.0,93.0,195.0,542.0,133.0,140.0,155.0,550.0,3.0,7.0,110796.0,12.0,18.0,9.0,23.0,473.71,44.44,42.51,45.49,43.53,433.0,215.0,274.0,922.0,58.0,50.0,11.0,471.0,134.0,43.0,15.81,16.97,11.65,30.0,19.0,9.0,946.62,648.0,663.02,6.62,10.68,10.68,40.38,41.33,40.36,416.96,33.32,32.1,32.69,31.5,377.0,188.0,198.0,763.0,24.0,57.0,4.0,435.0,97.0,33.0,11.89,12.91,8.52,11.0,9.0,4.0,743.99,565.0,552.75,5.58,9.67,9.67,29.23,28.64,28.22,89.06,68.93,2117.0,1637.0,0.61,2.03,33.0,33.0,20.0,28.0,regular
8470613,2025,Brent Burns,COL,D,5on5,54,52001.0,1111.0,40.63,0.57,0.56,0.55,0.56,0.55,0.56,212.0,111.73,4.06,5.56,35.45,3.81,63.58,45.55,3.93,4.12,3.99,8.0,8.0,106.0,52.0,88.0,246.0,25.0,9.0,10.0,1.0,28.0,0.0,61.0,50.0,97.0,149.0,9.0,18.0,0.0,10.0,9.0,56.0,152.0,5.0,1.0,3.04,0.73,0.3,8.0,1.0,0.0,254.76,158.0,161.91,44.0,1.13,2.66,0.48,4.71,4.78,4.65,1111.0,90.0,126.0,185.0,710.0,163.0,143.0,138.0,667.0,0.0,0.0,106918.0,18.0,6.0,3.0,45.0,523.99,44.08,42.82,44.99,43.71,494.0,224.0,290.0,1008.0,52.0,61.0,8.0,551.0,121.0,46.0,16.2,15.96,11.93,28.0,14.0,10.0,1041.53,718.0,736.43,7.06,11.88,11.88,39.26,40.05,39.41,437.64,33.11,31.91,32.5,31.32,384.0,212.0,227.0,823.0,30.0,43.0,2.0,465.0,110.0,21.0,13.21,13.74,6.15,19.0,9.0,2.0,802.1,596.0,584.74,5.81,8.23,8.23,30.69,30.15,29.52,89.42,69.14,2031.0,1577.0,3.29,0.12,89.0,8.0,66.0,6.0,regular
8475754,2025,Brock Nelson,COL,C,5on5,54,44566.0,969.0,56.48,0.6,0.55,0.56,0.56,0.56,0.55,270.0,85.9,11.4,6.61,20.12,2.98,43.89,31.0,10.87,11.57,11.03,5.0,8.0,86.0,30.0,27.0,143.0,32.0,19.0,15.0,1.0,13.0,0.0,41.0,28.0,67.0,97.0,9.0,18.0,344.0,25.0,11.0,32.0,66.0,35.0,15.0,2.94,4.56,3.89,9.0,9.0,1.0,147.17,116.0,118.64,8.0,1.41,2.8,3.81,9.0,9.17,9.0,969.0,126.0,125.0,166.0,552.0,135.0,128.0,153.0,553.0,344.0,344.0,114353.0,18.0,24.0,12.0,32.0,454.57,40.66,38.9,41.28,39.5,430.0,197.0,231.0,858.0,45.0,58.0,7.0,478.0,104.0,45.0,14.66,13.7,12.29,22.0,14.0,9.0,880.2,627.0,639.52,6.3,12.46,12.46,34.48,35.08,34.33,358.38,27.25,26.2,26.71,25.67,324.0,168.0,174.0,666.0,32.0,43.0,2.0,383.0,90.0,19.0,10.75,11.42,5.09,17.0,13.0,2.0,648.06,492.0,480.83,4.9,7.17,6.83,25.33,24.82,24.4,92.85,75.0,2181.0,1734.0,1.48,0.86,35.0,22.0,23.0,17.0,regular
8480069,2025,Cale Makar,COL,D,5on5,54,58369.0,1129.0,66.45,0.55,0.58,0.54,0.57,0.53,0.57,131.0,103.45,5.13,6.0,29.62,3.3,59.59,42.35,5.03,5.23,5.12,14.0,4.0,96.0,50.0,113.0,259.0,29.0,11.0,11.0,2.0,28.0,0.0,52.0,44.0,85.0,135.0,10.0,20.0,0.0,21.0,27.0,47.0,133.0,12.0,1.0,3.66,1.22,0.25,8.0,2.0,1.0,264.28,146.0,148.89,31.0,1.23,1.89,0.37,5.99,6.09,5.97,1129.0,182.0,89.0,206.0,652.0,89.0,169.0,197.0,674.0,0.0,0.0,100550.0,20.0,26.0,13.0,65.0,571.24,49.33,47.01,50.38,48.01,513.0,269.0,333.0,1115.0,59.0,66.0,10.0,602.0,130.0,50.0,19.74,16.33,13.27,33.0,18.0,8.0,1143.82,782.0,799.36,7.72,13.29,13.64,43.4,44.27,43.18,511.68,40.18,38.45,39.36,37.67,449.0,247.0,252.0,948.0,29.0,66.0,3.0,540.0,114.0,42.0,14.55,14.62,11.0,14.0,10.0,5.0,921.04,696.0,679.49,6.96,11.86,11.86,35.27,34.53,34.0,84.18,62.08,1924.0,1452.0,5.43,0.14,103.0,4.0,85.0,4.0,regular
8478038,2025,Devon Toews,COL,D,5on5,41,44640.0,891.0,25.68,0.55,0.59,0.55,0.57,0.54,0.57,81.0,62.84,3.25,3.56,18.16,2.1,36.54,26.4,3.16,3.31,3.21,3.0,8.0,59.0,31.0,45.0,135.0,12.0,1.0,9.0,0.0,16.0,0.0,30.0,34.0,58.0,89.0,8.0,16.0,0.0,12.0,12.0,37.0,80.0,9.0,1.0,1.92,1.02,0.32,0.0,1.0,0.0,137.98,90.0,91.83,22.0,0.73,2.22,0.68,3.3,3.35,3.29,891.0,138.0,75.0,172.0,506.0,90.0,123.0,144.0,534.0,0.0,0.0,74984.0,16.0,4.0,2.0,47.0,436.69,40.34,38.33,41.24,39.18,395.0,198.0,259.0,852.0,43.0,53.0,8.0,435.0,108.0,50.0,14.01,13.19,13.13,19.0,15.0,9.0,876.65,593.0,607.31,6.11,11.16,11.16,35.29,36.02,35.04,380.35,33.01,31.26,32.25,30.55,342.0,173.0,181.0,696.0,25.0,57.0,4.0,385.0,89.0,41.0,10.15,11.73,11.12,9.0,10.0,6.0,674.14,515.0,502.06,5.29,11.0,11.0,27.31,26.76,26.27,63.43,43.78,1459.0,1112.0,4.67,0.15,96.0,6.0,72.0,5.0,regular
8476455,2025,Gabriel Landeskog,COL,L,5on5,41,31869.0,702.0,30.39,0.58,0.58,0.56,0.56,0.56,0.56,242.0,78.45,8.34,5.95,18.56,2.7,40.04,29.42,7.88,8.58,8.11,3.0,6.0,64.0,41.0,25.0,130.0,14.0,5.0,11.0,2.0,15.0,0.0,34.0,40.0,59.0,100.0,11.0,25.0,42.0,57.0,10.0,20.0,71.0,25.0,9.0,2.59,3.2,2.54,1.0,1.0,3.0,134.25,105.0,107.84,5.0,1.27,2.07,2.73,6.87,7.07,6.89,702.0,80.0,86.0,121.0,415.0,105.0,101.0,104.0,392.0,42.0,29.0,87413.0,25.0,21.0,9.0,18.0,339.06,30.21,28.98,31.08,29.82,309.0,154.0,177.0,640.0,30.0,42.0,4.0,350.0,80.0,33.0,11.25,10.14,8.82,15.0,7.0,8.0,663.46,463.0,477.84,4.8,8.64,8.64,26.37,27.14,26.58,273.04,21.89,20.99,21.53,20.64,257.0,113.0,127.0,497.0,19.0,33.0,2.0,286.0,61.0,23.0,7.8,7.74,6.36,4.0,11.0,4.0,482.28,370.0,361.55,3.66,6.1,6.1,19.45,19.07,18.71,74.08,54.69,1670.0,1306.0,1.26,0.76,21.0,18.0,12.0,13.0,regular
8484149,2025,Gavin Brindley,COL,C,5on5,41,22484.0,498.0,15.1,0.47,0.59,0.52,0.57,0.52,0.56,389.0,42.46,4.17,3.02,10.37,1.43,22.17,15.83,4.05,4.17,4.04,2.0,4.0,38.0,19.0,13.0,70.0,10.0,4.0,5.0,2.0,7.0,0.0,28.0,13.0,34.0,53.0,3.0,6.0,11.0,29.0,4.0,12.0,42.0,8.0,7.0,1.58,0.93,1.67,1.0,0.0,3.0,71.95,57.0,57.67,1.0,0.64,0.97,1.44,3.36,3.32,3.27,498.0,66.0,39.0,88.0,305.0,80.0,76.0,57.0,285.0,11.0,14.0,97426.0,6.0,18.0,9.0,12.0,193.26,15.4,14.98,15.55,15.13,188.0,77.0,111.0,376.0,20.0,20.0,3.0,207.0,41.0,17.0,5.97,5.19,4.24,13.0,4.0,3.0,390.55,265.0,271.52,2.56,3.74,3.74,14.21,14.32,14.14,181.35,17.53,16.35,17.14,16.01,140.0,104.0,100.0,344.0,12.0,29.0,3.0,174.0,48.0,22.0,4.72,6.33,6.47,7.0,2.0,3.0,334.37,244.0,238.56,2.55,6.44,6.44,13.63,13.43,13.14,84.19,59.42,1940.0,1440.0,0.32,0.34,13.0,10.0,10.0,6.0,regular
8483930,2025,Ivan Ivan,COL,C,5on5,7,3198.0,79.0,0.87,0.45,0.57,0.47,0.57,0.54,0.57,82.0,3.52,0.15,0.26,0.99,0.17,2.58,1.85,0.15,0.15,0.15,1.0,0.0,4.0,2.0,0.0,6.0,1.0,0.0,1.0,0.0,0.0,0.0,3.0,2.0,4.0,6.0,1.0,2.0,5.0,2.0,0.0,3.0,6.0,0.0,0.0,0.15,0.0,0.0,0.0,0.0,0.0,6.2,6.0,6.05,0.0,0.05,0.04,0.0,0.2,0.2,0.2,79.0,7.0,3.0,14.0,55.0,13.0,13.0,3.0,50.0,5.0,9.0,18048.0,2.0,0.0,0.0,1.0,22.52,1.26,1.25,1.28,1.27,21.0,12.0,9.0,42.0,2.0,2.0,0.0,30.0,2.0,1.0,0.71,0.31,0.25,1.0,0.0,1.0,43.88,33.0,33.5,0.28,0.23,0.23,1.31,1.33,1.32,20.69,1.54,1.52,1.48,1.46,19.0,9.0,20.0,48.0,0.0,3.0,0.0,24.0,3.0,1.0,0.59,0.3,0.65,0.0,0.0,0.0,45.95,28.0,27.35,0.23,0.74,0.74,1.03,1.03,1.02,16.73,12.69,391.0,289.0,0.1,0.21,5.0,1.0,4.0,1.0,regular
8482072,2025,Jack Ahcan,COL,D,5on5,9,6152.0,138.0,3.92,0.57,0.55,0.57,0.54,0.56,0.54,52.0,5.01,0.19,0.34,1.39,0.16,2.95,1.99,0.18,0.19,0.18,1.0,1.0,5.0,2.0,7.0,14.0,2.0,0.0,1.0,0.0,3.0,0.0,2.0,1.0,5.0,7.0,0.0,0.0,0.0,6.0,0.0,5.0,7.0,0.0,0.0,0.19,0.0,0.0,0.0,0.0,0.0,14.7,7.0,7.31,1.0,0.07,0.32,0.0,0.25,0.26,0.25,138.0,6.0,12.0,27.0,93.0,28.0,13.0,16.0,81.0,0.0,0.0,20446.0,0.0,0.0,0.0,6.0,62.54,6.2,5.96,6.36,6.12,59.0,26.0,36.0,121.0,6.0,6.0,1.0,62.0,14.0,9.0,2.1,1.67,2.44,4.0,1.0,1.0,127.14,85.0,88.04,0.93,1.5,1.5,5.63,5.79,5.71,49.44,4.62,4.42,4.48,4.29,36.0,31.0,23.0,90.0,3.0,7.0,0.0,50.0,13.0,4.0,1.71,1.64,1.26,1.0,2.0,0.0,87.17,67.0,65.51,0.69,1.49,1.49,3.82,3.77,3.71,16.61,13.51,369.0,316.0,0.05,0.11,6.0,2.0,2.0,1.0,regular
8480835,2025,Jack Drury,COL,C,5on5,54,39657.0,887.0,31.21,0.56,0.57,0.57,0.56,0.56,0.55,351.0,63.38,7.04,4.39,14.72,2.04,32.35,24.45,6.82,7.19,6.96,7.0,3.0,52.0,33.0,26.0,111.0,16.0,6.0,4.0,0.0,12.0,0.0,39.0,24.0,46.0,79.0,8.0,16.0,317.0,24.0,10.0,19.0,57.0,16.0,12.0,2.23,1.99,2.81,4.0,1.0,1.0,114.49,85.0,87.09,6.0,0.92,1.14,2.27,5.69,5.81,5.75,887.0,85.0,96.0,135.0,571.0,153.0,95.0,108.0,531.0,317.0,194.0,119262.0,16.0,12.0,6.0,28.0,365.33,28.56,27.86,29.21,28.49,322.0,182.0,230.0,734.0,29.0,28.0,3.0,402.0,70.0,32.0,11.48,9.04,8.03,19.0,6.0,4.0,755.55,504.0,516.35,4.77,5.37,5.37,27.96,28.6,28.14,291.15,22.02,21.06,21.67,20.74,256.0,144.0,155.0,555.0,20.0,31.0,2.0,318.0,61.0,21.0,8.24,7.53,6.25,12.0,6.0,2.0,541.8,400.0,392.99,3.84,6.59,6.59,19.27,19.03,18.63,104.95,80.24,2305.0,1845.0,1.65,1.2,39.0,18.0,31.0,16.0,regular
8484255,2025,Jason Polin,COL,R,5on5,2,717.0,19.0,0.35,0.78,0.49,0.54,0.42,0.67,0.44,23.0,0.0,0.0,0.0,0.0,0.0,0.0,0.0,0.0,0.0,0.0,0.0,0.0,0.0,0.0,0.0,0.0,0.0,0.0,0.0,0.0,0.0,0.0,0.0,0.0,0.0,0.0,0.0,0.0,0.0,7.0,0.0,0.0,0.0,0.0,0.0,0.0,0.0,0.0,0.0,0.0,0.0,0.0,0.0,0.0,0.0,0.0,0.0,0.0,0.0,0.0,0.0,19.0,2.0,1.0,1.0,15.0,2.0,2.0,3.0,12.0,0.0,0.0,5073.0,0.0,0.0,0.0,2.0,6.88,0.36,0.36,0.4,0.39,6.0,4.0,3.0,13.0,1.0,1.0,1.0,8.0,2.0,0.0,0.19,0.17,0.0,0.0,1.0,0.0,14.46,10.0,10.99,0.09,0.08,0.08,0.36,0.4,0.4,3.42,0.1,0.1,0.09,0.09,2.0,3.0,6.0,11.0,0.0,0.0,0.0,5.0,0.0,0.0,0.1,0.0,0.0,0.0,0.0,0.0,10.29,5.0,4.69,0.06,0.0,0.0,0.16,0.15,0.15,4.1,4.23,73.0,99.0,0.0,0.0,0.0,0.0,0.0,0.0,regular
8481641,2025,Joel Kiviranta,COL,L,5on5,27,14043.0,349.0,9.93,0.61,0.54,0.56,0.56,0.56,0.54,284.0,20.31,2.95,1.55,4.97,0.73,10.54,7.26,2.88,2.99,2.92,2.0,3.0,21.0,7.0,9.0,37.0,7.0,2.0,3.0,1.0,3.0,0.0,11.0,9.0,19.0,26.0,3.0,6.0,2.0,39.0,3.0,9.0,16.0,8.0,4.0,0.61,1.17,1.17,0.0,1.0,1.0,37.68,28.0,28.36,6.0,0.33,0.42,1.17,2.11,2.15,2.1,349.0,31.0,45.0,52.0,221.0,57.0,43.0,30.0,219.0,2.0,2.0,66243.0,6.0,8.0,3.0,6.0,119.64,10.02,9.76,10.17,9.9,107.0,61.0,88.0,256.0,10.0,14.0,2.0,131.0,28.0,9.0,3.69,3.81,2.52,6.0,2.0,2.0,261.56,168.0,170.56,1.65,2.71,2.71,8.96,9.08,8.9,96.73,6.52,6.25,6.39,6.14,80.0,52.0,66.0,198.0,7.0,8.0,1.0,112.0,17.0,3.0,3.18,2.33,1.01,2.0,5.0,0.0,191.79,132.0,128.98,1.31,1.18,1.18,6.65,6.54,6.42,55.78,48.02,1274.0,1013.0,0.68,0.31,13.0,7.0,11.0,7.0,regular
8476312,2025,Josh Manson,COL,D,5on5,54,51096.0,1130.0,38.38,0.58,0.56,0.57,0.56,0.57,0.54,218.0,79.31,3.98,4.79,23.81,2.65,46.64,32.13,3.88,4.05,3.95,11.0,8.0,78.0,36.0,54.0,168.0,23.0,4.0,8.0,0.0,18.0,0.0,44.0,40.0,74.0,110.0,23.0,55.0,0.0,107.0,15.0,51.0,103.0,9.0,2.0,2.32,1.15,0.52,4.0,0.0,0.0,173.43,114.0,116.98,33.0,0.98,1.51,0.58,4.39,4.48,4.41,1130.0,82.0,121.0,191.0,736.0,178.0,134.0,147.0,671.0,0.0,0.0,107823.0,55.0,31.0,11.0,59.0,520.8,42.23,40.77,42.93,41.47,497.0,220.0,265.0,982.0,57.0,58.0,10.0,563.0,115.0,39.0,16.75,15.3,10.18,30.0,14.0,13.0,1014.08,717.0,734.84,7.0,11.5,11.15,38.08,38.77,38.03,397.25,30.48,29.4,29.82,28.77,344.0,196.0,215.0,755.0,30.0,36.0,4.0,419.0,98.0,23.0,11.31,12.33,6.85,19.0,9.0,2.0,734.24,540.0,529.06,5.31,7.42,7.42,28.37,27.82,27.26,91.27,71.78,2057.0,1645.0,3.94,0.64,89.0,15.0,59.0,13.0,regular
8479387,2025,Keaton Middleton,COL,D,5on5,3,1881.0,36.0,0.1,0.27,0.61,0.45,0.55,0.31,0.54,18.0,0.0,0.0,0.0,0.0,0.0,0.0,0.0,0.0,0.0,0.0,0.0,1.0,0.0,0.0,4.0,4.0,1.0,0.0,0.0,0.0,0.0,0.0,0.0,0.0,0.0,0.0,2.0,4.0,0.0,6.0,0.0,1.0,0.0,0.0,0.0,0.0,0.0,0.0,0.0,0.0,0.0,4.04,0.0,0.0,1.0,0.0,0.0,0.0,0.0,0.0,0.0,36.0,1.0,4.0,6.0,25.0,1.0,4.0,3.0,28.0,0.0,0.0,7397.0,4.0,2.0,1.0,1.0,6.47,0.74,0.74,0.75,0.75,5.0,3.0,9.0,17.0,1.0,0.0,0.0,5.0,2.0,1.0,0.17,0.26,0.32,1.0,0.0,0.0,16.89,8.0,7.99,0.09,0.0,0.0,0.83,0.84,0.84,13.41,1.96,1.91,1.98,1.92,11.0,7.0,3.0,21.0,2.0,2.0,0.0,8.0,7.0,3.0,0.31,0.87,0.79,0.0,1.0,1.0,22.17,18.0,18.36,0.26,0.37,0.37,1.86,1.87,1.84,5.74,3.72,128.0,105.0,0.38,0.0,7.0,0.0,5.0,0.0,regular
8480039,2025,Martin Necas,COL,C,5on5,52,50725.0,1004.0,68.53,0.56,0.58,0.55,0.57,0.53,0.57,121.0,96.87,9.76,6.45,22.97,3.17,49.95,36.7,9.19,9.92,9.34,17.0,11.0,85.0,44.0,59.0,188.0,44.0,16.0,7.0,2.0,16.0,0.0,42.0,48.0,69.0,113.0,12.0,24.0,7.0,53.0,11.0,67.0,88.0,30.0,11.0,3.03,3.83,2.9,8.0,7.0,1.0,192.0,129.0,131.05,26.0,1.35,1.53,2.64,8.47,8.61,8.52,1004.0,158.0,80.0,191.0,575.0,112.0,142.0,180.0,570.0,7.0,6.0,102240.0,24.0,38.0,19.0,17.0,509.71,45.6,43.58,46.59,44.54,466.0,225.0,305.0,996.0,63.0,53.0,10.0,520.0,125.0,46.0,17.34,15.72,12.55,36.0,17.0,10.0,1019.36,691.0,703.81,6.98,11.3,11.3,41.29,42.11,41.14,444.41,36.47,35.23,35.86,34.63,386.0,215.0,212.0,813.0,24.0,57.0,2.0,451.0,112.0,38.0,12.48,14.69,9.3,11.0,10.0,3.0,792.35,601.0,588.38,6.01,9.69,9.69,32.8,32.2,31.75,83.8,61.63,1949.0,1495.0,1.17,2.2,24.0,36.0,18.0,31.0,regular
8477492,2025,Nathan MacKinnon,COL,C,5on5,54,54620.0,1080.0,103.76,0.57,0.56,0.57,0.55,0.55,0.55,104.0,143.39,13.92,9.57,33.58,4.84,73.8,57.3,13.42,14.27,13.76,18.0,12.0,146.0,47.0,63.0,256.0,54.0,24.0,15.0,4.0,23.0,1.0,68.0,62.0,122.0,169.0,10.0,18.0,399.0,35.0,11.0,86.0,140.0,40.0,13.0,5.24,5.01,3.67,13.0,6.0,5.0,264.0,193.0,197.66,19.0,2.0,3.98,2.93,12.99,13.28,12.97,1080.0,198.0,90.0,207.0,585.0,95.0,137.0,208.0,640.0,399.0,416.0,104299.0,18.0,28.0,15.0,23.0,577.06,52.32,50.05,53.5,51.19,532.0,255.0,334.0,1121.0,71.0,60.0,10.0,587.0,150.0,50.0,19.8,18.71,13.81,40.0,21.0,10.0,1148.35,787.0,803.09,8.03,12.78,12.78,47.57,48.61,47.53,470.92,39.05,37.54,38.41,36.93,410.0,226.0,222.0,858.0,25.0,61.0,2.0,483.0,109.0,44.0,13.53,14.3,11.22,11.0,9.0,5.0,837.3,636.0,624.02,6.4,10.9,11.24,34.21,33.63,33.12,81.18,63.21,1918.0,1542.0,0.52,1.19,16.0,40.0,12.0,30.0,regular
8480448,2025,Parker Kelly,COL,C,5on5,54,32453.0,745.0,29.42,0.55,0.57,0.56,0.56,0.55,0.55,473.0,67.94,7.56,4.82,15.24,2.23,34.41,26.72,7.36,7.79,7.58,4.0,4.0,61.0,30.0,31.0,122.0,18.0,10.0,4.0,1.0,8.0,0.0,36.0,33.0,51.0,81.0,8.0,16.0,40.0,114.0,7.0,23.0,59.0,22.0,10.0,1.99,3.08,2.48,6.0,2.0,2.0,127.12,91.0,93.93,10.0,1.02,0.5,1.57,7.01,7.21,7.04,745.0,63.0,72.0,110.0,500.0,121.0,98.0,89.0,437.0,40.0,82.0,126466.0,16.0,18.0,9.0,28.0,291.26,23.16,22.48,23.51,22.82,264.0,138.0,199.0,601.0,23.0,25.0,3.0,317.0,61.0,24.0,9.17,8.0,5.99,15.0,4.0,4.0,616.85,402.0,409.63,3.89,4.81,4.81,22.24,22.55,22.08,239.7,18.65,17.68,18.23,17.31,195.0,131.0,147.0,473.0,16.0,25.0,3.0,250.0,62.0,14.0,6.75,7.65,4.26,6.0,8.0,2.0,459.06,326.0,319.76,3.24,5.28,5.28,16.61,16.35,16.07,110.34,83.61,2438.0,1927.0,1.2,1.36,24.0,24.0,20.0,17.0,regular
8479525,2025,Ross Colton,COL,C,5on5,51,36409.0,840.0,40.05,0.6,0.56,0.59,0.55,0.6,0.54,346.0,121.41,11.49,8.09,29.31,4.15,64.81,47.15,11.04,11.76,11.3,10.0,5.0,113.0,52.0,32.0,197.0,21.0,6.0,11.0,0.0,23.0,0.0,62.0,63.0,107.0,159.0,2.0,7.0,34.0,106.0,13.0,39.0,116.0,39.0,10.0,3.75,5.23,2.5,1.0,4.0,1.0,203.25,165.0,169.29,11.0,1.69,1.81,2.11,11.07,11.36,11.09,840.0,91.0,99.0,138.0,512.0,146.0,89.0,100.0,505.0,34.0,43.0,113740.0,7.0,29.0,12.0,21.0,418.29,34.74,33.46,35.41,34.12,389.0,184.0,202.0,775.0,37.0,45.0,4.0,446.0,91.0,36.0,13.4,11.79,9.54,16.0,14.0,7.0,800.66,573.0,587.32,5.56,8.43,8.43,31.88,32.54,31.85,280.25,22.69,21.68,22.12,21.14,235.0,148.0,158.0,541.0,24.0,28.0,3.0,291.0,72.0,20.0,7.64,8.95,6.1,11.0,9.0,4.0,523.72,383.0,373.5,3.85,5.93,5.93,20.61,20.2,19.84,93.05,72.95,2114.0,1753.0,0.61,1.64,18.0,31.0,11.0,25.0,regular
8484258,2025,Sam Malinski,COL,D,5on5,54,51623.0,1059.0,44.17,0.58,0.56,0.57,0.55,0.57,0.54,200.0,106.36,3.44,5.59,32.78,3.35,62.08,43.77,3.36,3.49,3.42,13.0,7.0,104.0,47.0,95.0,246.0,23.0,3.0,13.0,0.0,22.0,0.0,64.0,49.0,101.0,148.0,9.0,18.0,0.0,24.0,14.0,48.0,149.0,2.0,0.0,3.21,0.23,0.0,3.0,0.0,0.0,252.27,151.0,154.08,33.0,1.13,2.9,0.0,4.57,4.65,4.54,1059.0,98.0,113.0,159.0,689.0,170.0,136.0,122.0,631.0,0.0,0.0,107296.0,18.0,4.0,2.0,59.0,531.79,45.66,44.08,46.72,45.12,485.0,247.0,299.0,1031.0,50.0,52.0,7.0,562.0,122.0,48.0,16.94,15.53,13.19,29.0,13.0,8.0,1059.57,732.0,747.97,7.27,11.12,11.12,41.8,42.86,42.02,399.13,32.8,31.15,32.23,30.62,332.0,213.0,221.0,766.0,21.0,56.0,5.0,420.0,91.0,34.0,11.28,11.91,9.61,8.0,8.0,5.0,743.5,545.0,533.46,5.3,10.12,10.12,27.99,27.5,27.02,87.84,69.46,2008.0,1634.0,3.8,0.17,91.0,8.0,66.0,6.0,regular
8479398,2025,Samuel Girard,COL,D,5on5,39,38616.0,763.0,21.07,0.55,0.55,0.56,0.55,0.55,0.54,131.0,40.63,1.6,1.99,11.4,1.31,21.94,17.75,1.58,1.62,1.6,2.0,5.0,31.0,25.0,52.0,108.0,10.0,3.0,1.0,0.0,10.0,0.0,22.0,20.0,28.0,53.0,6.0,15.0,0.0,12.0,8.0,34.0,52.0,4.0,0.0,1.11,0.49,0.0,2.0,1.0,0.0,110.17,56.0,56.58,23.0,0.4,0.24,0.02,1.98,2.01,1.99,763.0,60.0,101.0,103.0,499.0,109.0,98.0,81.0,475.0,0.0,0.0,76968.0,15.0,9.0,3.0,32.0,355.44,29.11,28.21,29.38,28.47,323.0,172.0,221.0,716.0,36.0,28.0,3.0,386.0,86.0,23.0,11.73,11.02,6.36,20.0,12.0,4.0,730.55,495.0,502.05,4.8,5.6,5.6,28.31,28.57,28.09,295.87,23.5,22.38,23.13,22.05,251.0,154.0,153.0,558.0,24.0,36.0,3.0,312.0,70.0,23.0,8.33,8.73,6.44,9.0,10.0,5.0,545.26,405.0,397.31,4.03,6.8,6.8,20.72,20.5,20.21,64.33,52.84,1471.0,1206.0,3.12,0.78,67.0,9.0,51.0,8.0,regular
8476391,2025,T.J. Tynan,COL,C,5on5,1,493.0,12.0,-0.2,0.17,0.48,0.35,0.5,0.26,0.49,12.0,0.91,0.13,0.11,0.34,0.04,0.24,0.15,0.13,0.13,0.13,0.0,0.0,1.0,0.0,0.0,1.0,0.0,0.0,0.0,0.0,0.0,0.0,1.0,0.0,1.0,1.0,0.0,0.0,4.0,0.0,0.0,0.0,0.0,1.0,0.0,0.0,0.13,0.0,0.0,0.0,0.0,1.07,1.0,1.05,0.0,0.03,0.0,0.0,0.15,0.16,0.16,12.0,0.0,2.0,0.0,10.0,0.0,3.0,0.0,9.0,4.0,6.0,2620.0,0.0,0.0,0.0,0.0,3.75,0.2,0.2,0.2,0.2,4.0,1.0,4.0,9.0,1.0,0.0,0.0,4.0,1.0,0.0,0.07,0.13,0.0,1.0,0.0,0.0,9.79,5.0,5.17,0.05,0.0,0.0,0.25,0.25,0.25,10.67,0.97,0.82,0.95,0.81,7.0,7.0,3.0,17.0,0.0,2.0,0.0,9.0,4.0,1.0,0.2,0.48,0.28,0.0,0.0,0.0,16.02,14.0,13.37,0.16,0.36,0.36,0.77,0.76,0.66,1.8,1.96,52.0,51.0,0.0,0.0,1.0,0.0,0.0,0.0,regular
8482953,2025,Taylor Makar,COL,L,5on5,11,4266.0,107.0,0.16,0.39,0.57,0.49,0.57,0.47,0.57,124.0,6.72,0.73,0.55,1.63,0.24,3.37,2.48,0.72,0.73,0.72,0.0,0.0,7.0,2.0,5.0,14.0,0.0,0.0,0.0,0.0,2.0,0.0,3.0,4.0,7.0,9.0,2.0,4.0,0.0,17.0,1.0,0.0,6.0,2.0,1.0,0.26,0.23,0.24,0.0,0.0,0.0,14.39,9.0,9.1,0.0,0.12,0.0,0.14,0.7,0.71,0.7,107.0,13.0,6.0,16.0,72.0,13.0,26.0,8.0,60.0,0.0,2.0,28380.0,4.0,0.0,0.0,1.0,30.39,1.97,1.89,2.01,1.93,27.0,15.0,23.0,65.0,1.0,3.0,0.0,35.0,6.0,1.0,0.99,0.75,0.24,0.0,1.0,0.0,66.58,42.0,43.3,0.41,0.44,0.44,1.94,1.98,1.9,35.34,3.03,2.94,3.0,2.91,28.0,20.0,19.0,67.0,1.0,5.0,0.0,33.0,13.0,2.0,0.99,1.49,0.55,1.0,0.0,0.0,65.13,48.0,47.17,0.49,0.88,0.88,2.64,2.61,2.58,23.1,17.34,511.0,384.0,0.24,0.29,2.0,4.0,2.0,3.0,regular
8483039,2025,Tristen Nielsen,COL,C,5on5,4,1513.0,38.0,1.22,0.58,0.59,0.53,0.5,0.58,0.51,44.0,3.03,0.19,0.22,0.79,0.13,2.09,1.59,0.19,0.2,0.2,1.0,0.0,3.0,2.0,1.0,6.0,1.0,0.0,1.0,0.0,1.0,0.0,1.0,2.0,3.0,5.0,0.0,0.0,0.0,9.0,0.0,2.0,4.0,1.0,0.0,0.11,0.08,0.0,0.0,0.0,0.0,6.23,5.0,5.3,0.0,0.05,0.08,0.0,0.24,0.25,0.25,38.0,3.0,2.0,5.0,28.0,5.0,4.0,4.0,25.0,0.0,0.0,9726.0,0.0,0.0,0.0,1.0,10.38,0.46,0.46,0.5,0.49,8.0,7.0,6.0,21.0,1.0,1.0,1.0,13.0,2.0,0.0,0.3,0.17,0.0,0.0,1.0,0.0,22.12,15.0,15.91,0.11,0.08,0.08,0.49,0.53,0.53,7.94,0.34,0.34,0.34,0.34,5.0,6.0,8.0,19.0,0.0,0.0,0.0,10.0,1.0,0.0,0.23,0.11,0.0,0.0,0.0,0.0,18.25,11.0,10.67,0.1,0.0,0.0,0.45,0.44,0.44,9.12,6.29,168.0,168.0,0.07,0.02,1.0,1.0,1.0,1.0,regular
8477501,2025,Valeri Nichushkin,COL,R,5on5,45,36357.0,767.0,41.24,0.6,0.55,0.57,0.55,0.57,0.55,242.0,89.26,9.35,6.44,20.99,3.07,47.55,35.6,8.93,9.42,9.01,6.0,8.0,80.0,43.0,42.0,165.0,23.0,9.0,14.0,2.0,16.0,0.0,39.0,45.0,71.0,114.0,3.0,6.0,2.0,36.0,10.0,24.0,87.0,25.0,11.0,2.95,3.31,3.09,3.0,4.0,2.0,169.3,123.0,125.01,7.0,1.35,3.28,3.18,7.52,7.64,7.49,767.0,77.0,90.0,143.0,457.0,125.0,90.0,114.0,438.0,2.0,1.0,96469.0,6.0,16.0,8.0,8.0,377.19,33.94,32.48,34.27,32.81,359.0,165.0,200.0,724.0,37.0,53.0,7.0,394.0,93.0,37.0,11.88,12.17,9.89,18.0,12.0,7.0,742.71,524.0,534.09,5.34,11.27,11.27,28.0,28.4,27.77,292.02,22.48,21.52,22.07,21.13,266.0,134.0,137.0,537.0,25.0,34.0,3.0,313.0,66.0,21.0,8.43,8.21,5.84,15.0,5.0,5.0,523.42,400.0,392.26,3.89,6.37,6.37,20.0,19.65,19.31,76.23,62.01,1804.0,1453.0,1.26,0.87,31.0,26.0,17.0,22.0,regular
8478109,2025,Victor Olofsson,COL,L,5on5,54,35594.0,815.0,34.9,0.56,0.57,0.58,0.55,0.58,0.55,448.0,71.98,7.03,4.81,17.88,2.4,37.9,26.98,6.87,7.26,7.11,4.0,5.0,69.0,28.0,30.0,127.0,16.0,7.0,7.0,2.0,18.0,0.0,41.0,24.0,62.0,90.0,2.0,4.0,3.0,10.0,9.0,37.0,71.0,18.0,8.0,2.43,2.24,2.35,5.0,0.0,2.0,132.37,97.0,100.22,8.0,1.0,0.68,2.16,5.88,6.1,6.03,815.0,95.0,72.0,134.0,514.0,129.0,95.0,100.0,491.0,3.0,5.0,123325.0,4.0,10.0,5.0,11.0,354.96,26.59,25.92,27.24,26.57,335.0,152.0,190.0,677.0,23.0,29.0,3.0,394.0,66.0,27.0,11.08,8.43,7.07,13.0,6.0,4.0,698.74,487.0,499.64,4.52,5.92,5.92,25.19,25.82,25.45,260.56,20.68,19.5,20.41,19.25,225.0,131.0,128.0,484.0,19.0,32.0,3.0,277.0,57.0,22.0,7.04,7.15,6.48,10.0,6.0,3.0,471.91,356.0,349.72,3.49,6.64,6.64,17.54,17.3,16.93,106.92,81.58,2362.0,1916.0,1.16,1.06,35.0,15.0,24.0,13.0,regular
8482947,2025,Zakhar Bardakov,COL,C,5on5,41,17280.0,411.0,10.06,0.51,0.58,0.51,0.57,0.53,0.56,449.0,30.44,2.44,2.05,7.31,0.96,15.83,11.4,2.35,2.45,2.36,3.0,5.0,22.0,18.0,11.0,51.0,9.0,1.0,3.0,0.0,2.0,0.0,15.0,19.0,21.0,39.0,5.0,10.0,61.0,38.0,5.0,19.0,32.0,6.0,2.0,0.99,0.91,0.54,1.0,0.0,0.0,52.91,40.0,40.87,8.0,0.43,0.64,0.89,1.98,2.0,1.94,411.0,44.0,25.0,60.0,282.0,68.0,77.0,44.0,222.0,61.0,80.0,104053.0,10.0,14.0,7.0,16.0,149.27,11.29,10.92,11.5,11.13,132.0,73.0,86.0,291.0,13.0,15.0,3.0,162.0,31.0,12.0,4.15,4.11,3.03,7.0,3.0,3.0,302.84,205.0,210.41,1.99,2.93,2.93,10.35,10.53,10.3,134.26,11.0,10.46,10.78,10.27,110.0,72.0,94.0,276.0,6.0,16.0,2.0,139.0,34.0,9.0,3.73,4.21,3.06,2.0,3.0,1.0,267.15,182.0,178.44,1.8,3.02,3.02,9.78,9.65,9.45,90.2,65.65,2005.0,1538.0,0.92,0.34,19.0,7.0,16.0,5.0,regular
8477454,2025,Adam Erne,DAL,L,5on5,23,12858.0,306.0,1.73,0.45,0.52,0.42,0.46,0.43,0.48,224.0,26.32,2.76,1.9,5.8,0.82,13.1,9.62,2.74,2.8,2.78,0.0,1.0,18.0,16.0,7.0,41.0,4.0,3.0,3.0,0.0,1.0,0.0,13.0,14.0,15.0,31.0,3.0,6.0,2.0,81.0,2.0,8.0,18.0,13.0,3.0,0.51,1.45,0.8,1.0,2.0,0.0,40.73,34.0,33.69,1.0,0.4,0.78,0.59,2.57,2.59,2.58,306.0,20.0,27.0,47.0,212.0,49.0,39.0,35.0,183.0,2.0,4.0,55879.0,6.0,4.0,2.0,10.0,80.61,7.48,7.12,7.5,7.15,66.0,39.0,39.0,144.0,7.0,11.0,1.0,71.0,26.0,8.0,2.15,3.04,2.28,4.0,2.0,1.0,144.9,105.0,105.17,1.1,2.5,2.5,6.07,6.09,6.03,104.2,8.96,8.68,8.84,8.56,89.0,53.0,60.0,202.0,6.0,11.0,2.0,108.0,26.0,8.0,3.32,3.32,2.33,3.0,0.0,3.0,202.48,142.0,142.25,1.32,2.31,2.6,7.68,7.64,7.57,36.22,32.91,731.0,843.0,0.69,0.24,10.0,9.0,7.0,8.0,regular
8475755,2025,Alexander Petrovic,DAL,D,5on5,50,44728.0,896.0,4.95,0.47,0.51,0.44,0.48,0.44,0.48,218.0,45.05,1.83,2.28,12.92,1.5,26.84,19.63,1.8,1.88,1.86,5.0,2.0,52.0,13.0,46.0,111.0,9.0,2.0,3.0,0.0,17.0,0.0,19.0,24.0,50.0,63.0,11.0,27.0,0.0,78.0,8.0,41.0,63.0,1.0,1.0,1.43,0.1,0.3,2.0,0.0,0.0,112.71,65.0,66.61,30.0,0.45,0.55,0.3,1.98,2.03,2.0,896.0,49.0,88.0,142.0,617.0,138.0,142.0,107.0,509.0,0.0,0.0,104545.0,27.0,7.0,2.0,72.0,299.76,27.63,26.55,28.04,26.96,308.0,100.0,176.0,584.0,33.0,35.0,6.0,291.0,92.0,25.0,9.07,11.48,7.09,13.0,18.0,2.0,598.49,408.0,415.89,4.2,7.71,7.71,24.12,24.51,24.16,378.82,31.23,30.22,31.13,30.14,338.0,179.0,227.0,744.0,30.0,45.0,5.0,406.0,78.0,33.0,12.53,9.63,9.08,13.0,9.0,8.0,739.76,517.0,516.56,4.99,8.42,8.42,27.8,27.78,27.4,67.32,64.52,1402.0,1541.0,2.82,0.21,49.0,7.0,41.0,6.0,regular
8476278,2025,Colin Blackwell,DAL,C,5on5,46,26044.0,584.0,2.42,0.42,0.5,0.43,0.46,0.43,0.47,464.0,37.49,3.41,2.44,9.55,1.28,19.21,15.1,3.35,3.51,3.45,2.0,3.0,31.0,20.0,24.0,75.0,7.0,2.0,5.0,0.0,3.0,0.0,23.0,18.0,29.0,49.0,9.0,18.0,57.0,67.0,5.0,15.0,35.0,15.0,1.0,0.97,2.21,0.23,0.0,2.0,0.0,77.51,51.0,52.69,5.0,0.52,0.41,0.61,3.32,3.42,3.4,584.0,36.0,76.0,91.0,381.0,94.0,72.0,65.0,353.0,57.0,64.0,110077.0,18.0,14.0,7.0,18.0,146.2,11.96,11.69,12.17,11.9,125.0,76.0,99.0,300.0,13.0,14.0,1.0,149.0,45.0,7.0,3.97,5.97,2.02,5.0,8.0,0.0,306.15,201.0,204.83,1.97,2.37,2.37,11.56,11.75,11.57,198.14,16.74,16.07,16.7,16.03,165.0,104.0,123.0,392.0,18.0,20.0,3.0,213.0,41.0,15.0,7.26,5.31,4.17,11.0,4.0,3.0,388.67,269.0,267.65,2.69,3.95,3.95,15.48,15.36,15.14,74.4,74.65,1490.0,1730.0,0.41,0.53,16.0,16.0,13.0,12.0,regular
8476902,2025,Esa Lindell,DAL,D,5on5,56,61570.0,1164.0,24.95,0.56,0.46,0.5,0.44,0.51,0.45,134.0,47.54,2.39,2.93,15.25,1.72,26.68,19.04,2.24,2.45,2.29,4.0,8.0,48.0,20.0,51.0,119.0,17.0,5.0,4.0,1.0,12.0,0.0,30.0,17.0,43.0,63.0,7.0,14.0,0.0,22.0,16.0,71.0,62.0,5.0,1.0,1.67,0.5,0.23,3.0,2.0,0.0,121.08,68.0,69.02,54.0,0.61,1.0,0.43,2.57,2.59,2.48,1164.0,108.0,145.0,245.0,666.0,130.0,124.0,186.0,724.0,0.0,0.0,104832.0,14.0,8.0,4.0,89.0,450.17,42.42,40.51,43.39,41.4,409.0,200.0,233.0,842.0,44.0,54.0,6.0,436.0,129.0,44.0,14.34,15.72,12.35,20.0,15.0,9.0,860.53,609.0,621.12,6.39,11.25,11.25,37.55,38.2,37.53,425.92,33.64,32.81,33.21,32.39,367.0,218.0,268.0,853.0,32.0,42.0,5.0,466.0,91.0,28.0,14.5,11.01,8.13,18.0,8.0,6.0,839.58,585.0,577.79,5.57,7.42,7.42,31.79,31.39,31.09,63.85,74.47,1353.0,1695.0,5.1,0.22,94.0,7.0,68.0,5.0,regular
8480950,2025,Ilya Lyubushkin,DAL,D,5on5,39,33533.0,707.0,-1.25,0.41,0.52,0.4,0.48,0.42,0.49,186.0,21.92,1.02,1.24,6.46,0.77,12.83,8.68,0.96,1.02,0.97,3.0,3.0,23.0,8.0,16.0,47.0,7.0,1.0,5.0,0.0,8.0,0.0,10.0,7.0,22.0,30.0,11.0,30.0,0.0,49.0,6.0,34.0,30.0,0.0,1.0,0.68,0.0,0.34,1.0,0.0,0.0,47.48,31.0,30.92,29.0,0.25,0.47,0.36,0.9,0.9,0.89,707.0,35.0,72.0,134.0,466.0,106.0,93.0,80.0,428.0,0.0,0.0,81640.0,30.0,16.0,5.0,54.0,209.08,17.13,16.46,17.23,16.55,201.0,82.0,105.0,388.0,16.0,20.0,0.0,217.0,54.0,12.0,6.92,6.56,3.65,12.0,3.0,1.0,392.57,283.0,285.31,2.74,3.99,3.99,15.87,15.96,15.8,290.4,24.42,23.17,24.27,23.02,257.0,141.0,175.0,573.0,18.0,40.0,2.0,308.0,68.0,22.0,9.48,8.45,6.49,11.0,6.0,1.0,570.55,398.0,397.08,3.82,7.5,7.79,20.45,20.4,19.97,54.69,51.06,1107.0,1194.0,2.15,0.2,50.0,4.0,40.0,3.0,regular
8473994,2025,Jamie Benn,DAL,L,5on5,34,23331.0,541.0,12.61,0.48,0.5,0.44,0.48,0.45,0.48,266.0,40.42,5.59,3.1,9.07,1.31,18.75,13.17,5.43,5.62,5.47,6.0,5.0,41.0,10.0,7.0,58.0,17.0,6.0,5.0,0.0,5.0,0.0,18.0,17.0,35.0,45.0,8.0,19.0,24.0,45.0,5.0,20.0,20.0,27.0,4.0,0.77,3.65,1.17,1.0,5.0,0.0,59.41,51.0,51.92,5.0,0.66,1.48,1.26,4.99,5.04,5.01,541.0,55.0,65.0,95.0,326.0,46.0,76.0,58.0,361.0,24.0,28.0,77799.0,19.0,13.0,4.0,9.0,161.67,15.53,14.73,15.92,15.09,156.0,61.0,85.0,302.0,21.0,19.0,4.0,155.0,48.0,14.0,4.89,6.23,4.4,10.0,8.0,3.0,311.15,217.0,222.51,2.3,4.29,4.29,13.54,13.81,13.58,192.85,16.88,16.14,16.61,15.88,169.0,94.0,122.0,385.0,15.0,25.0,3.0,207.0,38.0,18.0,6.73,4.62,5.52,8.0,3.0,4.0,378.65,263.0,258.59,2.61,5.17,5.17,14.32,14.07,13.86,49.63,49.76,1073.0,1146.0,0.96,0.96,21.0,15.0,14.0,9.0,regular
8480027,2025,Jason Robertson,DAL,L,5on5,56,50861.0,1005.0,64.73,0.55,0.47,0.51,0.44,0.51,0.44,174.0,146.22,13.95,10.08,34.75,4.88,74.93,57.4,13.05,14.21,13.28,8.0,6.0,139.0,57.0,57.0,253.0,31.0,17.0,19.0,1.0,23.0,0.0,70.0,67.0,122.0,179.0,7.0,14.0,0.0,35.0,14.0,66.0,136.0,50.0,10.0,5.01,5.78,3.16,11.0,5.0,1.0,259.52,196.0,199.48,23.0,2.11,3.91,3.19,12.87,13.07,12.87,1005.0,133.0,101.0,174.0,597.0,102.0,167.0,167.0,569.0,0.0,1.0,115541.0,14.0,26.0,13.0,16.0,434.82,39.4,37.65,39.91,38.11,403.0,184.0,216.0,803.0,44.0,47.0,3.0,428.0,123.0,36.0,14.72,14.62,10.07,25.0,17.0,2.0,816.6,587.0,595.31,6.08,9.03,9.18,36.29,36.71,36.16,409.06,31.98,31.13,31.89,31.05,358.0,196.0,215.0,769.0,25.0,44.0,4.0,426.0,100.0,28.0,13.26,11.73,7.0,11.0,10.0,4.0,763.43,554.0,551.88,5.42,7.44,7.44,29.95,29.89,29.54,66.87,76.13,1392.0,1779.0,0.32,1.98,14.0,43.0,9.0,32.0,regular
8484829,2025,Justin Hryckowian,DAL,C,5on5,55,35912.0,761.0,13.72,0.5,0.49,0.46,0.46,0.47,0.47,448.0,59.76,7.2,4.52,14.35,1.97,29.58,20.37,6.84,7.37,7.01,5.0,4.0,52.0,26.0,11.0,89.0,16.0,7.0,11.0,4.0,10.0,0.0,24.0,26.0,45.0,71.0,11.0,25.0,77.0,83.0,16.0,15.0,46.0,22.0,10.0,1.63,2.72,2.85,0.0,5.0,2.0,92.23,78.0,80.33,3.0,0.95,2.6,3.33,4.83,4.93,4.83,761.0,58.0,71.0,132.0,500.0,119.0,94.0,80.0,468.0,77.0,55.0,127440.0,25.0,23.0,9.0,20.0,240.93,23.19,22.09,23.69,22.59,228.0,96.0,109.0,433.0,23.0,39.0,6.0,225.0,74.0,25.0,6.62,9.16,7.42,9.0,10.0,4.0,445.36,324.0,332.31,3.38,8.44,7.94,18.64,19.02,18.71,270.58,22.79,22.2,22.52,21.95,228.0,141.0,146.0,515.0,21.0,36.0,6.0,288.0,61.0,20.0,8.54,7.98,6.26,10.0,8.0,3.0,508.49,369.0,365.53,3.44,6.73,7.02,19.2,19.0,18.8,81.55,83.53,1729.0,1992.0,1.38,0.47,24.0,14.0,18.0,10.0,regular
8478476,2025,Kyle Capobianco,DAL,D,5on5,30,20894.0,460.0,5.12,0.49,0.47,0.49,0.45,0.5,0.44,170.0,18.33,0.81,0.93,5.67,0.66,10.39,7.54,0.8,0.84,0.83,1.0,2.0,16.0,10.0,30.0,56.0,5.0,2.0,0.0,0.0,2.0,0.0,8.0,14.0,14.0,24.0,4.0,8.0,0.0,11.0,8.0,16.0,23.0,3.0,0.0,0.54,0.27,0.0,2.0,0.0,0.0,57.85,26.0,26.65,7.0,0.19,0.0,0.08,0.92,0.95,0.94,460.0,41.0,27.0,58.0,334.0,61.0,75.0,51.0,273.0,0.0,0.0,68584.0,8.0,6.0,3.0,24.0,161.42,13.55,13.18,13.83,13.46,145.0,74.0,84.0,303.0,16.0,14.0,3.0,165.0,45.0,9.0,5.07,5.53,2.96,9.0,5.0,2.0,313.42,219.0,225.45,2.15,2.81,2.81,12.89,13.17,13.01,162.96,13.95,13.64,13.82,13.51,150.0,73.0,97.0,320.0,14.0,20.0,5.0,162.0,49.0,12.0,4.82,5.64,3.5,5.0,6.0,3.0,314.42,223.0,220.19,2.19,3.35,3.35,12.79,12.58,12.43,42.12,46.7,859.0,1045.0,0.56,0.29,18.0,7.0,14.0,6.0,regular
8483425,2025,Lian Bichsel,DAL,D,5on5,26,22743.0,459.0,-2.33,0.41,0.53,0.41,0.47,0.4,0.48,116.0,9.93,0.59,0.64,3.16,0.34,5.61,3.67,0.56,0.6,0.58,0.0,2.0,8.0,6.0,15.0,29.0,3.0,1.0,2.0,0.0,1.0,0.0,4.0,6.0,7.0,13.0,11.0,22.0,0.0,81.0,4.0,22.0,12.0,1.0,1.0,0.27,0.1,0.21,1.0,0.0,0.0,29.22,14.0,14.2,16.0,0.13,0.5,0.08,0.64,0.65,0.62,459.0,22.0,47.0,68.0,322.0,68.0,76.0,52.0,263.0,0.0,0.0,53909.0,22.0,10.0,5.0,22.0,136.16,12.72,12.18,12.95,12.42,128.0,55.0,75.0,258.0,15.0,19.0,1.0,127.0,43.0,13.0,3.92,5.13,3.67,6.0,8.0,1.0,261.33,183.0,185.74,1.91,3.59,3.59,11.04,11.24,11.08,204.82,18.07,17.36,18.04,17.34,183.0,91.0,105.0,379.0,9.0,27.0,2.0,207.0,44.0,23.0,6.28,5.53,6.27,2.0,4.0,3.0,377.45,274.0,274.54,2.73,5.48,5.48,15.32,15.37,15.07,34.27,30.41,697.0,792.0,2.12,0.09,37.0,3.0,30.0,2.0,regular
8475168,2025,Matt Duchene,DAL,C,5on5,31,25500.0,495.0,10.64,0.44,0.51,0.42,0.49,0.41,0.5,146.0,36.92,3.68,2.6,7.5,1.13,18.76,14.34,3.53,3.66,3.51,3.0,1.0,30.0,18.0,20.0,68.0,8.0,4.0,2.0,0.0,4.0,0.0,18.0,20.0,26.0,44.0,3.0,6.0,95.0,9.0,5.0,25.0,34.0,11.0,3.0,1.5,1.37,0.81,3.0,1.0,0.0,68.97,48.0,48.3,7.0,0.55,0.63,0.73,3.49,3.48,3.41,495.0,60.0,41.0,75.0,319.0,73.0,78.0,52.0,292.0,95.0,87.0,67051.0,6.0,16.0,8.0,11.0,160.72,14.62,14.24,14.87,14.48,150.0,68.0,101.0,319.0,17.0,10.0,3.0,156.0,50.0,12.0,5.2,6.32,3.11,6.0,7.0,4.0,329.53,218.0,223.95,2.28,1.95,1.95,14.95,15.27,15.02,229.44,18.39,18.06,18.18,17.85,208.0,107.0,133.0,448.0,20.0,21.0,4.0,250.0,48.0,17.0,7.69,5.69,5.01,10.0,7.0,3.0,443.82,315.0,312.77,2.97,3.65,3.65,17.72,17.5,17.33,46.13,43.73,938.0,979.0,0.4,1.22,5.0,19.0,5.0,14.0,regular
8482145,2025,Mavrik Bourque,DAL,C,5on5,56,43620.0,874.0,23.82,0.53,0.48,0.51,0.44,0.51,0.45,303.0,80.21,8.16,5.43,19.11,2.56,40.63,29.13,7.79,8.19,7.83,4.0,4.0,80.0,25.0,21.0,126.0,16.0,8.0,5.0,1.0,14.0,0.0,40.0,38.0,72.0,97.0,1.0,2.0,77.0,40.0,10.0,31.0,69.0,27.0,9.0,2.09,3.25,2.82,5.0,2.0,1.0,128.05,105.0,106.12,5.0,1.13,1.03,2.87,6.42,6.48,6.38,874.0,75.0,75.0,163.0,561.0,134.0,123.0,107.0,510.0,77.0,90.0,122782.0,2.0,8.0,4.0,15.0,347.34,30.93,29.51,31.41,29.97,320.0,149.0,179.0,648.0,26.0,38.0,3.0,349.0,89.0,31.0,10.79,10.91,9.22,16.0,6.0,4.0,661.42,469.0,477.49,4.86,8.56,8.56,27.23,27.62,27.15,330.61,27.05,26.21,26.88,26.06,295.0,156.0,162.0,613.0,30.0,42.0,6.0,353.0,72.0,26.0,10.74,8.9,7.41,13.0,11.0,6.0,606.76,451.0,449.12,4.32,7.46,7.46,23.91,23.86,23.52,75.34,81.06,1547.0,1935.0,0.82,0.79,17.0,25.0,16.0,19.0,regular
8478420,2025,Mikko Rantanen,DAL,R,5on5,53,48903.0,1011.0,50.87,0.5,0.48,0.45,0.46,0.46,0.46,147.0,86.14,9.41,5.88,18.8,2.77,44.69,33.45,9.14,9.59,9.3,11.0,6.0,79.0,36.0,31.0,146.0,32.0,15.0,10.0,3.0,9.0,0.0,39.0,42.0,64.0,100.0,24.0,57.0,18.0,35.0,16.0,55.0,72.0,35.0,8.0,3.12,4.1,2.18,5.0,7.0,3.0,149.44,115.0,117.73,16.0,1.23,2.27,2.33,8.31,8.37,8.29,1011.0,158.0,88.0,161.0,604.0,89.0,179.0,191.0,552.0,18.0,17.0,108336.0,57.0,57.0,27.0,23.0,352.32,34.4,33.19,34.91,33.67,337.0,139.0,197.0,673.0,40.0,39.0,6.0,327.0,118.0,31.0,11.54,14.66,8.19,17.0,18.0,5.0,683.64,476.0,483.5,4.92,8.01,8.01,31.3,31.67,31.17,406.09,34.38,33.17,34.18,32.97,376.0,178.0,267.0,821.0,29.0,48.0,2.0,420.0,101.0,33.0,12.76,12.45,9.18,17.0,8.0,4.0,814.97,554.0,551.29,5.46,8.52,8.52,31.32,31.14,30.64,65.03,69.32,1371.0,1609.0,0.61,0.79,16.0,21.0,14.0,14.0,regular
8480036,2025,Miro Heiskanen,DAL,D,5on5,54,59441.0,1134.0,42.38,0.55,0.47,0.5,0.45,0.51,0.45,132.0,80.65,3.28,4.62,23.98,2.46,46.39,33.27,3.16,3.29,3.15,7.0,10.0,73.0,41.0,64.0,178.0,20.0,3.0,9.0,0.0,27.0,0.0,39.0,36.0,70.0,111.0,8.0,16.0,0.0,10.0,21.0,59.0,111.0,1.0,2.0,2.62,0.18,0.48,2.0,1.0,0.0,178.83,114.0,114.5,47.0,0.94,1.89,0.26,3.96,3.98,3.84,1134.0,148.0,127.0,205.0,654.0,59.0,138.0,203.0,734.0,0.0,0.0,101113.0,16.0,14.0,7.0,73.0,445.52,41.43,39.47,42.09,40.07,403.0,198.0,222.0,823.0,44.0,51.0,5.0,434.0,123.0,44.0,14.54,14.82,12.07,20.0,16.0,8.0,836.94,601.0,609.73,6.33,10.35,10.6,37.16,37.57,36.79,417.95,33.25,32.43,32.93,32.11,370.0,204.0,245.0,819.0,36.0,52.0,8.0,444.0,102.0,28.0,13.24,12.18,7.84,18.0,12.0,6.0,809.22,574.0,568.38,5.59,8.7,8.7,30.15,29.91,29.57,62.37,69.73,1301.0,1612.0,4.08,0.25,88.0,7.0,57.0,5.0,regular
8479414,2025,Nathan Bastian,DAL,R,5on5,24,11971.0,276.0,1.35,0.48,0.52,0.44,0.47,0.46,0.48,265.0,16.45,2.07,1.21,3.57,0.6,8.28,6.27,1.88,2.12,1.94,0.0,0.0,16.0,6.0,4.0,26.0,3.0,3.0,0.0,1.0,6.0,0.0,8.0,5.0,13.0,19.0,6.0,15.0,0.0,55.0,1.0,6.0,13.0,7.0,2.0,0.43,0.93,0.71,1.0,2.0,0.0,26.73,22.0,22.61,0.0,0.25,0.0,0.9,1.42,1.46,1.44,276.0,15.0,22.0,34.0,205.0,47.0,29.0,29.0,171.0,0.0,0.0,60256.0,15.0,7.0,2.0,6.0,74.56,6.24,5.92,6.41,6.1,64.0,37.0,31.0,132.0,8.0,11.0,1.0,78.0,19.0,4.0,2.5,2.44,1.31,4.0,4.0,0.0,138.24,101.0,104.15,1.03,1.91,1.91,5.36,5.54,5.45,86.97,6.76,6.69,6.65,6.57,80.0,38.0,53.0,171.0,7.0,6.0,1.0,91.0,22.0,5.0,2.78,2.74,1.24,3.0,2.0,2.0,165.56,118.0,115.01,1.1,1.01,1.01,6.86,6.73,6.68,39.19,36.69,818.0,920.0,0.39,0.6,8.0,10.0,5.0,9.0,regular
8480878,2025,Nils Lundkvist,DAL,D,5on5,29,27561.0,580.0,5.22,0.5,0.51,0.46,0.48,0.47,0.48,109.0,29.71,1.34,1.68,8.59,1.07,18.35,12.98,1.3,1.35,1.32,2.0,2.0,27.0,17.0,23.0,67.0,7.0,3.0,1.0,1.0,5.0,0.0,15.0,20.0,24.0,41.0,6.0,12.0,0.0,21.0,5.0,30.0,43.0,0.0,1.0,0.91,0.0,0.42,2.0,0.0,1.0,69.6,44.0,45.78,25.0,0.33,0.45,0.51,1.17,1.21,1.19,580.0,46.0,62.0,124.0,348.0,62.0,80.0,70.0,368.0,0.0,0.0,58970.0,12.0,2.0,1.0,29.0,197.09,17.98,17.55,18.6,18.15,173.0,95.0,106.0,374.0,22.0,17.0,4.0,195.0,59.0,14.0,6.47,7.42,4.09,13.0,6.0,3.0,390.6,268.0,278.59,2.66,3.59,3.59,17.05,17.65,17.42,220.86,18.15,17.68,17.81,17.34,199.0,101.0,137.0,437.0,16.0,13.0,1.0,232.0,50.0,18.0,7.03,6.16,4.96,9.0,5.0,2.0,425.92,300.0,294.43,2.94,3.19,3.19,17.91,17.57,17.36,41.22,39.12,819.0,904.0,2.53,0.15,42.0,6.0,37.0,5.0,regular
8480840,2025,Oskar Bck,DAL,C,5on5,46,27827.0,625.0,7.58,0.5,0.5,0.48,0.47,0.49,0.47,438.0,25.76,4.06,2.09,6.04,0.91,12.25,8.65,3.93,4.11,3.97,2.0,2.0,22.0,12.0,11.0,45.0,7.0,3.0,6.0,1.0,3.0,0.0,14.0,8.0,19.0,31.0,2.0,4.0,10.0,18.0,6.0,27.0,15.0,15.0,4.0,0.65,1.99,1.42,2.0,0.0,1.0,46.04,34.0,34.67,8.0,0.45,1.26,1.49,3.02,3.05,2.99,625.0,31.0,65.0,114.0,415.0,94.0,67.0,73.0,391.0,10.0,8.0,109563.0,4.0,10.0,5.0,19.0,171.64,15.9,15.28,16.25,15.63,161.0,72.0,91.0,324.0,15.0,23.0,3.0,168.0,47.0,18.0,4.79,6.01,5.1,7.0,5.0,3.0,334.34,233.0,239.47,2.47,5.21,5.02,13.34,13.69,13.46,174.03,15.65,15.05,15.56,14.96,144.0,97.0,113.0,354.0,14.0,27.0,4.0,182.0,42.0,17.0,5.27,5.34,5.04,7.0,5.0,2.0,347.31,241.0,238.8,2.39,5.39,5.39,12.65,12.55,12.38,72.61,72.92,1502.0,1699.0,0.43,0.24,11.0,6.0,6.0,6.0,regular
8476889,2025,Radek Faksa,DAL,C,5on5,55,30820.0,716.0,11.13,0.43,0.51,0.44,0.47,0.44,0.47,550.0,36.82,3.52,2.53,8.67,1.22,19.02,14.04,3.43,3.58,3.49,8.0,5.0,27.0,22.0,18.0,67.0,13.0,0.0,2.0,0.0,5.0,0.0,19.0,23.0,27.0,49.0,5.0,12.0,158.0,70.0,13.0,17.0,33.0,13.0,3.0,1.12,1.64,0.76,0.0,0.0,0.0,69.59,49.0,50.27,5.0,0.53,0.44,0.69,3.37,3.43,3.37,716.0,32.0,93.0,111.0,480.0,114.0,81.0,83.0,438.0,158.0,125.0,132273.0,12.0,14.0,7.0,31.0,160.53,13.21,12.86,13.57,13.22,145.0,76.0,114.0,335.0,12.0,13.0,1.0,162.0,50.0,9.0,4.46,6.3,2.45,5.0,7.0,0.0,345.07,221.0,227.21,2.2,2.28,2.64,12.77,13.1,12.93,205.86,17.71,17.04,17.63,16.96,188.0,92.0,141.0,421.0,15.0,20.0,1.0,213.0,50.0,17.0,6.9,6.29,4.53,7.0,4.0,4.0,413.9,280.0,276.81,2.8,3.56,3.56,16.96,16.8,16.5,91.23,88.21,1819.0,2089.0,1.4,1.37,20.0,23.0,14.0,19.0,regular
8478449,2025,Roope Hintz,DAL,C,5on5,51,39958.0,876.0,43.72,0.55,0.49,0.5,0.45,0.52,0.46,305.0,78.07,8.48,5.26,18.66,2.61,39.01,29.99,8.11,8.64,8.28,10.0,3.0,71.0,33.0,23.0,127.0,17.0,4.0,11.0,0.0,9.0,0.0,37.0,43.0,67.0,100.0,7.0,14.0,295.0,52.0,4.0,34.0,71.0,21.0,12.0,2.87,2.48,3.13,3.0,0.0,1.0,130.55,104.0,106.76,8.0,1.12,2.08,2.1,7.5,7.66,7.56,876.0,116.0,98.0,167.0,495.0,72.0,107.0,123.0,574.0,295.0,208.0,110964.0,14.0,20.0,10.0,14.0,317.71,27.79,26.22,28.39,26.76,285.0,145.0,162.0,592.0,34.0,35.0,3.0,332.0,67.0,31.0,11.11,7.8,8.88,23.0,7.0,4.0,608.49,430.0,440.92,4.33,7.45,7.45,24.67,25.12,24.69,298.44,22.56,21.86,22.25,21.57,257.0,148.0,182.0,587.0,18.0,31.0,2.0,323.0,62.0,20.0,9.67,7.46,5.44,12.0,3.0,3.0,577.77,405.0,399.68,3.88,5.69,5.69,20.75,20.54,20.26,71.48,74.51,1436.0,1721.0,1.14,1.82,18.0,39.0,16.0,34.0,regular
8479351,2025,Sam Steel,DAL,C,5on5,56,44882.0,916.0,16.14,0.5,0.5,0.46,0.47,0.46,0.47,307.0,56.7,6.46,4.24,13.55,1.93,28.38,20.44,6.21,6.55,6.3,7.0,6.0,53.0,22.0,20.0,95.0,18.0,5.0,5.0,2.0,9.0,1.0,30.0,25.0,48.0,70.0,9.0,20.0,97.0,56.0,13.0,28.0,47.0,22.0,6.0,2.02,2.66,1.78,1.0,2.0,2.0,96.48,75.0,75.68,13.0,0.9,1.06,1.53,5.83,5.87,5.82,916.0,111.0,92.0,176.0,537.0,144.0,145.0,128.0,499.0,97.0,91.0,121520.0,20.0,24.0,12.0,19.0,303.35,28.6,27.46,29.13,27.96,275.0,136.0,172.0,583.0,25.0,30.0,7.0,294.0,89.0,28.0,9.84,11.0,7.77,11.0,6.0,8.0,594.46,411.0,417.74,4.19,6.86,7.05,25.74,26.08,25.69,355.03,28.99,27.87,28.55,27.44,314.0,173.0,211.0,698.0,24.0,38.0,4.0,378.0,82.0,27.0,11.55,9.61,7.83,9.0,11.0,4.0,688.36,487.0,482.06,4.71,7.37,7.37,26.33,26.0,25.59,77.67,79.12,1612.0,1850.0,1.33,0.57,33.0,16.0,28.0,10.0,regular
8481581,2025,Thomas Harley,DAL,D,5on5,44,51958.0,924.0,15.85,0.46,0.52,0.44,0.47,0.44,0.49,72.0,61.48,3.35,3.28,18.52,2.06,33.78,25.01,3.22,3.48,3.34,6.0,6.0,58.0,28.0,61.0,147.0,15.0,3.0,6.0,0.0,21.0,0.0,24.0,32.0,55.0,83.0,4.0,8.0,0.0,25.0,24.0,48.0,78.0,6.0,2.0,2.07,0.74,0.54,3.0,0.0,0.0,150.2,86.0,88.03,33.0,0.67,1.1,0.4,3.62,3.74,3.67,924.0,94.0,94.0,181.0,555.0,112.0,129.0,138.0,545.0,0.0,0.0,78651.0,8.0,4.0,2.0,80.0,365.2,33.4,31.99,33.84,32.39,328.0,163.0,202.0,693.0,32.0,41.0,7.0,346.0,118.0,27.0,11.12,14.73,7.55,15.0,13.0,4.0,704.91,491.0,498.96,5.05,8.81,8.56,29.9,30.27,29.79,459.61,39.05,37.59,38.91,37.45,405.0,219.0,242.0,866.0,35.0,50.0,3.0,480.0,109.0,35.0,15.64,13.44,9.97,19.0,12.0,4.0,863.07,624.0,623.38,6.1,9.66,9.96,35.18,35.11,34.59,49.75,45.71,1030.0,1152.0,3.94,0.11,72.0,6.0,60.0,4.0,regular
8475794,2025,Tyler Seguin,DAL,C,5on5,27,22171.0,457.0,12.9,0.45,0.51,0.45,0.45,0.44,0.46,116.0,25.85,2.43,1.74,5.78,0.83,13.58,10.64,2.35,2.51,2.43,4.0,1.0,19.0,16.0,8.0,43.0,11.0,6.0,0.0,0.0,1.0,1.0,13.0,14.0,13.0,29.0,1.0,2.0,100.0,18.0,3.0,18.0,23.0,11.0,1.0,0.87,1.35,0.2,2.0,3.0,1.0,44.02,35.0,35.7,4.0,0.36,0.0,0.15,2.64,2.73,2.71,457.0,58.0,73.0,91.0,235.0,48.0,65.0,62.0,282.0,100.0,91.0,57240.0,2.0,4.0,2.0,6.0,152.28,11.97,11.64,12.14,11.8,143.0,64.0,78.0,285.0,19.0,12.0,2.0,155.0,46.0,6.0,5.04,5.17,1.76,11.0,5.0,3.0,288.46,207.0,209.42,1.95,2.03,2.03,11.89,12.05,11.91,190.25,14.89,14.45,14.85,14.42,160.0,103.0,92.0,355.0,9.0,21.0,1.0,200.0,51.0,12.0,5.65,5.74,3.51,5.0,4.0,0.0,354.72,263.0,264.03,2.52,4.17,4.17,13.24,13.29,13.11,36.38,35.5,711.0,865.0,0.43,1.28,10.0,18.0,8.0,16.0,regular
8482740,2025,Wyatt Johnston,DAL,C,5on5,56,50910.0,1034.0,45.59,0.49,0.5,0.44,0.47,0.45,0.48,179.0,86.9,10.14,6.41,19.55,2.95,43.69,32.27,9.83,10.43,10.11,10.0,5.0,83.0,32.0,49.0,164.0,25.0,10.0,15.0,2.0,13.0,0.0,44.0,33.0,73.0,105.0,4.0,8.0,211.0,20.0,14.0,32.0,68.0,35.0,12.0,2.65,4.43,3.06,3.0,4.0,3.0,168.78,115.0,118.03,8.0,1.35,2.86,2.42,9.07,9.28,9.13,1034.0,151.0,98.0,159.0,626.0,95.0,186.0,179.0,574.0,211.0,238.0,115492.0,8.0,22.0,11.0,36.0,386.67,38.41,37.15,38.99,37.7,368.0,151.0,196.0,715.0,39.0,47.0,7.0,349.0,138.0,32.0,12.08,17.1,9.23,12.0,20.0,7.0,726.16,519.0,525.49,5.47,9.58,9.58,34.3,34.69,34.14,469.49,40.45,39.09,40.08,38.73,443.0,196.0,265.0,904.0,37.0,51.0,5.0,486.0,109.0,44.0,15.06,13.11,12.28,18.0,13.0,6.0,897.89,639.0,636.48,6.27,10.0,10.3,36.42,36.19,35.59,67.85,67.67,1480.0,1644.0,0.79,1.44,19.0,21.0,15.0,16.0,regular
8481607,2025,Albert Johansson,DET,D,5on5,57,48952.0,1086.0,5.55,0.48,0.5,0.47,0.5,0.47,0.51,259.0,45.22,1.66,2.6,12.29,1.5,28.07,19.88,1.63,1.64,1.61,2.0,4.0,39.0,27.0,54.0,120.0,7.0,1.0,3.0,0.0,13.0,0.0,24.0,25.0,38.0,65.0,6.0,12.0,0.0,40.0,12.0,41.0,65.0,1.0,0.0,1.58,0.09,0.0,0.0,1.0,0.0,117.9,66.0,65.2,27.0,0.52,0.48,0.03,2.15,2.12,2.08,1086.0,90.0,114.0,143.0,739.0,127.0,154.0,132.0,673.0,0.0,0.0,120509.0,12.0,20.0,10.0,63.0,394.0,32.36,31.24,32.41,31.28,330.0,207.0,220.0,757.0,24.0,44.0,3.0,407.0,98.0,32.0,12.14,11.88,8.35,8.0,12.0,4.0,753.84,537.0,535.72,5.49,7.46,7.46,30.4,30.5,30.04,435.47,35.47,34.0,35.62,34.15,398.0,197.0,260.0,855.0,35.0,41.0,3.0,461.0,102.0,32.0,14.21,12.64,8.62,15.0,14.0,6.0,852.0,595.0,594.37,5.96,8.29,8.29,33.14,33.19,32.67,79.7,80.67,1903.0,1910.0,3.62,0.11,98.0,14.0,77.0,8.0,regular
8479337,2025,Alex DeBrincat,DET,R,5on5,57,47377.0,1001.0,58.09,0.53,0.48,0.51,0.48,0.54,0.48,219.0,146.32,12.23,9.57,37.46,4.86,76.74,56.14,11.7,12.23,11.69,7.0,9.0,133.0,64.0,72.0,269.0,27.0,11.0,18.0,2.0,24.0,0.0,73.0,71.0,122.0,186.0,5.0,10.0,8.0,26.0,23.0,46.0,150.0,37.0,10.0,5.08,4.62,2.54,4.0,6.0,1.0,266.27,197.0,195.23,13.0,1.98,3.16,3.25,10.97,10.95,10.77,1001.0,112.0,120.0,148.0,621.0,113.0,165.0,170.0,553.0,8.0,17.0,122084.0,10.0,14.0,7.0,23.0,439.67,34.66,33.56,34.66,33.57,415.0,187.0,183.0,785.0,36.0,50.0,4.0,466.0,103.0,33.0,13.45,12.75,8.46,18.0,15.0,3.0,781.66,602.0,600.04,5.77,8.75,8.76,31.67,31.72,31.25,378.06,31.26,30.13,31.76,30.62,349.0,162.0,250.0,761.0,31.0,35.0,3.0,379.0,103.0,29.0,11.26,12.35,7.65,8.0,19.0,4.0,763.63,511.0,515.58,5.2,6.83,6.83,29.62,30.03,29.66,77.4,84.88,1875.0,2004.0,0.82,0.45,28.0,16.0,21.0,11.0,regular
8477429,2025,Andrew Copp,DET,C,5on5,57,43382.0,952.0,30.91,0.51,0.48,0.5,0.49,0.52,0.5,333.0,74.73,8.84,5.92,17.3,2.76,38.02,28.15,8.57,8.83,8.56,6.0,8.0,67.0,34.0,15.0,116.0,18.0,4.0,10.0,1.0,16.0,2.0,38.0,31.0,63.0,97.0,6.0,12.0,302.0,31.0,13.0,45.0,57.0,32.0,12.0,1.99,3.76,3.09,2.0,2.0,0.0,116.8,101.0,101.32,16.0,1.26,1.61,2.73,7.37,7.39,7.29,952.0,113.0,125.0,172.0,542.0,147.0,157.0,139.0,509.0,302.0,248.0,126079.0,12.0,18.0,8.0,30.0,362.63,29.0,28.02,29.15,28.17,338.0,160.0,198.0,696.0,28.0,38.0,2.0,375.0,93.0,30.0,10.27,11.13,7.6,14.0,11.0,3.0,696.23,498.0,498.94,4.96,6.64,6.65,27.31,27.43,27.01,342.93,27.9,27.07,28.12,27.31,303.0,165.0,228.0,696.0,27.0,26.0,3.0,360.0,85.0,23.0,11.06,10.86,5.98,12.0,10.0,5.0,696.27,468.0,469.74,4.67,4.59,4.6,27.98,28.2,27.78,83.06,88.23,1964.0,2069.0,1.03,1.38,31.0,23.0,24.0,16.0,regular
8484223,2025,Axel Sandin-Pellikka,DET,D,5on5,57,48246.0,1024.0,13.6,0.45,0.51,0.48,0.49,0.48,0.51,252.0,52.12,1.91,2.91,15.14,1.8,31.49,22.74,1.86,1.9,1.85,3.0,3.0,50.0,26.0,58.0,134.0,11.0,5.0,7.0,0.0,12.0,0.0,24.0,28.0,45.0,71.0,8.0,16.0,0.0,12.0,5.0,47.0,74.0,1.0,1.0,1.59,0.09,0.24,5.0,0.0,0.0,132.53,76.0,75.06,33.0,0.58,1.34,0.26,2.24,2.2,2.15,1024.0,115.0,114.0,156.0,639.0,112.0,191.0,100.0,621.0,0.0,0.0,121215.0,16.0,10.0,5.0,46.0,398.09,31.67,30.3,31.59,30.21,354.0,191.0,209.0,754.0,27.0,45.0,3.0,420.0,97.0,28.0,11.61,12.14,7.91,9.0,13.0,5.0,746.98,545.0,539.94,5.37,8.41,8.41,28.62,28.51,27.91,431.4,38.33,36.94,38.58,37.18,360.0,225.0,224.0,809.0,40.0,41.0,6.0,437.0,109.0,39.0,13.84,13.66,10.82,21.0,10.0,9.0,814.53,585.0,586.19,6.13,8.6,8.6,35.86,36.08,35.42,80.39,77.81,1906.0,1956.0,3.07,0.26,86.0,14.0,60.0,7.0,regular
8475279,2025,Ben Chiarot,DET,D,5on5,57,62414.0,1276.0,8.2,0.45,0.52,0.46,0.51,0.46,0.53,147.0,75.7,3.21,3.9,22.82,2.54,41.62,30.91,3.1,3.2,3.1,4.0,2.0,67.0,38.0,63.0,168.0,11.0,5.0,4.0,0.0,22.0,0.0,36.0,38.0,62.0,100.0,17.0,36.0,0.0,108.0,18.0,54.0,94.0,10.0,1.0,1.65,1.26,0.31,4.0,1.0,0.0,167.04,105.0,104.07,36.0,0.8,0.68,0.51,3.5,3.5,3.45,1276.0,120.0,149.0,205.0,802.0,153.0,193.0,172.0,758.0,0.0,0.0,107047.0,36.0,12.0,6.0,97.0,497.06,39.71,38.22,39.75,38.25,449.0,233.0,270.0,952.0,37.0,48.0,4.0,528.0,121.0,33.0,15.32,15.26,9.13,14.0,18.0,5.0,950.87,682.0,680.73,6.73,9.1,9.11,37.32,37.3,36.62,585.4,49.21,47.48,49.33,47.61,513.0,291.0,312.0,1116.0,46.0,55.0,4.0,602.0,165.0,37.0,18.88,20.16,10.16,24.0,12.0,10.0,1111.54,804.0,801.14,8.37,9.79,9.79,47.79,47.91,47.03,72.35,66.93,1708.0,1649.0,4.34,0.33,106.0,11.0,82.0,9.0,regular
8477946,2025,Dylan Larkin,DET,C,5on5,57,49268.0,1053.0,51.36,0.49,0.49,0.51,0.48,0.51,0.5,200.0,116.61,9.34,7.98,27.59,3.9,64.21,46.99,9.11,9.26,9.04,8.0,4.0,96.0,64.0,51.0,211.0,21.0,9.0,10.0,1.0,20.0,0.0,55.0,66.0,87.0,151.0,8.0,16.0,384.0,29.0,9.0,41.0,121.0,35.0,4.0,3.72,4.44,1.18,4.0,4.0,1.0,210.43,160.0,159.12,14.0,1.65,1.51,1.61,9.38,9.34,9.18,1053.0,131.0,144.0,214.0,564.0,146.0,132.0,164.0,611.0,384.0,361.0,120193.0,16.0,30.0,15.0,22.0,411.78,32.35,31.55,32.36,31.56,361.0,202.0,221.0,784.0,34.0,34.0,4.0,435.0,103.0,25.0,13.01,12.93,6.4,16.0,14.0,4.0,782.48,563.0,561.68,5.55,6.46,6.46,31.43,31.42,30.96,393.32,33.52,32.24,33.7,32.39,336.0,199.0,231.0,766.0,32.0,39.0,6.0,402.0,104.0,29.0,12.54,12.92,8.06,14.0,10.0,8.0,764.52,535.0,533.64,5.39,7.74,7.74,31.18,31.2,30.56,79.72,82.62,1876.0,1999.0,0.88,0.5,36.0,21.0,25.0,12.0,regular
8481725,2025,Elmer Soderblom,DET,L,5on5,37,23461.0,516.0,4.44,0.52,0.47,0.49,0.48,0.49,0.5,355.0,50.26,4.69,3.4,12.17,1.67,24.96,19.1,4.52,4.87,4.68,0.0,1.0,42.0,24.0,30.0,96.0,3.0,2.0,6.0,0.0,6.0,0.0,22.0,30.0,40.0,64.0,6.0,12.0,2.0,61.0,7.0,28.0,47.0,13.0,6.0,1.62,1.49,1.58,1.0,1.0,0.0,98.34,66.0,67.59,9.0,0.71,1.31,1.99,3.42,3.52,3.49,516.0,56.0,55.0,80.0,325.0,67.0,82.0,52.0,315.0,2.0,3.0,87637.0,12.0,14.0,7.0,10.0,191.57,16.13,15.25,16.69,15.76,153.0,102.0,98.0,353.0,6.0,28.0,0.0,191.0,49.0,15.0,5.6,6.16,4.38,2.0,4.0,0.0,357.67,255.0,257.24,2.61,5.38,5.38,13.36,13.67,13.39,189.27,14.79,13.99,14.55,13.78,168.0,94.0,108.0,370.0,10.0,20.0,0.0,208.0,42.0,12.0,6.47,5.01,3.32,7.0,3.0,0.0,367.64,262.0,259.32,2.64,3.78,3.78,13.66,13.47,13.23,56.7,64.07,1385.0,1475.0,0.49,0.26,17.0,11.0,12.0,6.0,regular
8484471,2025,Emmitt Finnie,DET,C,5on5,57,45059.0,970.0,21.27,0.48,0.5,0.49,0.49,0.49,0.51,315.0,77.48,9.03,5.71,16.91,2.48,37.75,28.11,8.71,9.08,8.75,4.0,3.0,72.0,28.0,19.0,119.0,11.0,4.0,8.0,2.0,9.0,0.0,40.0,39.0,68.0,96.0,3.0,6.0,10.0,83.0,13.0,48.0,55.0,35.0,10.0,2.08,4.36,2.6,1.0,1.0,2.0,119.18,100.0,99.85,17.0,1.22,1.64,2.6,7.66,7.64,7.51,970.0,121.0,125.0,191.0,533.0,173.0,140.0,134.0,523.0,10.0,15.0,124402.0,6.0,30.0,15.0,28.0,359.49,28.92,28.02,29.0,28.08,307.0,187.0,196.0,690.0,25.0,33.0,3.0,379.0,89.0,26.0,11.05,11.27,6.6,12.0,9.0,4.0,691.24,494.0,493.61,4.95,6.18,6.18,27.68,27.66,27.23,378.15,31.95,30.58,32.12,30.73,316.0,201.0,213.0,730.0,32.0,37.0,7.0,390.0,98.0,29.0,11.83,11.98,8.14,14.0,8.0,10.0,729.75,517.0,516.66,5.12,7.44,7.44,29.62,29.71,29.06,83.14,84.19,1970.0,2035.0,1.24,0.7,30.0,26.0,24.0,20.0,regular
8476979,2025,Erik Gustafsson,DET,D,5on5,2,1888.0,39.0,-0.42,0.39,0.34,0.46,0.46,0.47,0.5,6.0,1.52,0.03,0.06,0.61,0.05,0.71,0.54,0.03,0.03,0.03,0.0,0.0,2.0,0.0,5.0,7.0,0.0,0.0,0.0,0.0,0.0,0.0,1.0,1.0,2.0,2.0,1.0,2.0,0.0,2.0,1.0,2.0,2.0,0.0,0.0,0.03,0.0,0.0,0.0,0.0,0.0,6.34,2.0,1.94,1.0,0.01,0.0,0.0,0.04,0.04,0.04,39.0,6.0,6.0,6.0,21.0,2.0,5.0,8.0,24.0,0.0,0.0,3744.0,2.0,0.0,0.0,1.0,15.08,1.29,1.25,1.17,1.13,11.0,9.0,7.0,27.0,0.0,1.0,0.0,13.0,7.0,0.0,0.49,0.8,0.0,0.0,0.0,0.0,24.34,20.0,18.39,0.21,0.17,0.17,1.33,1.21,1.17,18.65,2.06,1.98,2.24,2.15,12.0,11.0,9.0,32.0,2.0,3.0,2.0,17.0,2.0,4.0,0.47,0.27,1.32,1.0,0.0,1.0,35.66,23.0,25.36,0.24,0.86,0.86,1.44,1.57,1.56,1.73,3.38,57.0,66.0,0.04,0.0,3.0,0.0,2.0,0.0,regular
8477456,2025,J.T. Compher,DET,L,5on5,57,42730.0,965.0,14.08,0.46,0.5,0.46,0.5,0.46,0.52,348.0,65.59,7.22,4.79,15.34,2.25,33.66,24.75,6.99,7.29,7.04,8.0,2.0,57.0,31.0,23.0,111.0,18.0,8.0,6.0,0.0,18.0,0.0,26.0,30.0,49.0,80.0,10.0,23.0,307.0,16.0,7.0,25.0,59.0,20.0,9.0,2.43,2.46,2.33,1.0,5.0,2.0,112.06,88.0,88.89,8.0,1.01,1.2,1.23,7.01,7.06,6.96,965.0,110.0,118.0,180.0,557.0,156.0,155.0,134.0,520.0,307.0,271.0,126731.0,23.0,33.0,15.0,27.0,337.18,27.3,26.18,27.37,26.24,296.0,165.0,188.0,649.0,28.0,33.0,4.0,354.0,82.0,25.0,10.23,10.41,6.67,9.0,13.0,6.0,646.08,461.0,459.43,4.57,6.15,6.15,25.72,25.75,25.37,393.31,32.43,31.47,32.59,31.62,335.0,206.0,236.0,777.0,34.0,29.0,2.0,416.0,97.0,28.0,12.78,12.06,7.58,17.0,14.0,3.0,776.66,541.0,540.52,5.44,6.16,6.16,31.71,31.84,31.41,84.77,83.71,2011.0,1988.0,1.0,1.01,15.0,20.0,11.0,17.0,regular
8480879,2025,Jacob Bernard-Docker,DET,D,5on5,41,32510.0,711.0,4.53,0.49,0.48,0.47,0.49,0.48,0.5,210.0,28.25,1.09,1.55,8.52,0.94,17.75,12.15,1.05,1.09,1.05,2.0,2.0,27.0,15.0,31.0,73.0,4.0,0.0,3.0,0.0,5.0,0.0,21.0,13.0,27.0,42.0,7.0,14.0,0.0,48.0,6.0,29.0,40.0,1.0,1.0,0.77,0.11,0.21,0.0,0.0,0.0,72.68,42.0,41.92,21.0,0.31,0.45,0.21,1.19,1.19,1.17,711.0,59.0,86.0,111.0,455.0,87.0,93.0,74.0,457.0,0.0,0.0,89072.0,14.0,4.0,2.0,51.0,267.36,21.37,20.74,21.65,21.02,232.0,133.0,145.0,510.0,21.0,24.0,2.0,282.0,63.0,20.0,8.39,7.88,5.1,7.0,11.0,3.0,512.98,365.0,367.93,3.6,4.14,4.14,20.83,21.14,20.84,281.5,21.95,21.31,21.94,21.3,256.0,133.0,188.0,577.0,14.0,26.0,2.0,310.0,63.0,16.0,9.7,7.93,4.31,6.0,7.0,1.0,571.33,389.0,385.84,3.74,4.99,4.99,20.69,20.67,20.43,58.72,62.67,1377.0,1461.0,2.11,0.12,57.0,6.0,47.0,6.0,regular
8474037,2025,James van Riemsdyk,DET,L,5on5,48,29377.0,676.0,21.45,0.51,0.48,0.48,0.48,0.49,0.5,460.0,65.57,7.55,4.93,14.15,2.11,32.36,23.89,7.28,7.82,7.53,3.0,4.0,54.0,31.0,23.0,108.0,15.0,8.0,14.0,2.0,5.0,0.0,25.0,33.0,46.0,77.0,5.0,10.0,2.0,6.0,5.0,24.0,47.0,32.0,6.0,1.57,4.22,1.77,0.0,6.0,2.0,110.09,85.0,86.4,7.0,1.04,3.29,1.91,6.69,6.84,6.77,676.0,75.0,79.0,98.0,424.0,104.0,113.0,82.0,377.0,2.0,4.0,113776.0,10.0,14.0,7.0,23.0,262.25,21.52,20.9,21.85,21.21,224.0,130.0,125.0,479.0,17.0,30.0,2.0,267.0,69.0,18.0,7.79,8.72,5.01,3.0,11.0,3.0,483.02,354.0,355.6,3.62,5.26,5.26,19.89,20.15,19.88,268.7,20.7,19.99,20.78,20.05,239.0,128.0,162.0,529.0,18.0,21.0,3.0,294.0,55.0,18.0,8.99,7.14,4.56,12.0,3.0,3.0,526.37,367.0,365.73,3.64,3.98,3.97,20.37,20.35,19.99,71.67,77.24,1744.0,1857.0,0.32,1.07,14.0,24.0,7.0,18.0,regular
8481077,2025,John Leonard,DET,L,5on5,9,5696.0,135.0,3.28,0.53,0.44,0.48,0.44,0.49,0.46,84.0,14.22,1.4,0.94,3.42,0.54,7.59,6.11,1.37,1.45,1.42,0.0,0.0,9.0,11.0,5.0,25.0,2.0,2.0,1.0,1.0,2.0,0.0,6.0,9.0,7.0,18.0,0.0,0.0,0.0,8.0,2.0,6.0,14.0,4.0,2.0,0.37,0.52,0.5,1.0,0.0,1.0,25.08,20.0,20.16,1.0,0.2,0.24,0.7,0.89,0.91,0.9,135.0,18.0,17.0,16.0,84.0,14.0,20.0,18.0,83.0,0.0,0.0,21433.0,0.0,0.0,0.0,6.0,50.26,4.02,3.88,4.07,3.94,41.0,28.0,27.0,96.0,2.0,6.0,1.0,50.0,15.0,4.0,1.26,1.8,0.96,1.0,0.0,1.0,96.3,69.0,69.45,0.64,0.92,0.92,3.74,3.77,3.7,51.94,3.61,3.51,3.66,3.56,40.0,32.0,30.0,102.0,4.0,3.0,0.0,58.0,12.0,2.0,1.75,1.32,0.53,0.0,4.0,0.0,101.66,72.0,72.5,0.7,0.41,0.41,3.89,3.95,3.9,12.55,15.81,296.0,370.0,0.59,0.21,5.0,1.0,4.0,1.0,regular
8482078,2025,Lucas Raymond,DET,L,5on5,55,46488.0,1025.0,55.73,0.51,0.49,0.52,0.48,0.52,0.49,207.0,90.41,6.89,5.45,22.0,2.86,48.24,37.56,6.82,7.03,6.96,13.0,4.0,80.0,43.0,49.0,172.0,30.0,13.0,8.0,0.0,16.0,0.0,42.0,44.0,67.0,110.0,4.0,8.0,0.0,29.0,21.0,45.0,100.0,18.0,5.0,3.39,2.31,1.19,8.0,5.0,0.0,173.9,123.0,124.31,5.0,1.13,1.37,0.76,7.26,7.39,7.32,1025.0,127.0,126.0,208.0,564.0,143.0,136.0,165.0,581.0,0.0,0.0,116915.0,8.0,30.0,15.0,20.0,387.37,30.28,29.6,30.39,29.72,338.0,190.0,201.0,729.0,35.0,31.0,5.0,411.0,97.0,20.0,12.56,12.49,5.24,16.0,15.0,4.0,729.18,528.0,527.88,5.2,6.27,5.99,29.48,29.56,29.16,353.91,29.57,28.8,29.69,28.89,306.0,178.0,201.0,685.0,28.0,31.0,7.0,362.0,98.0,24.0,11.25,11.96,6.36,13.0,7.0,8.0,683.29,484.0,484.01,4.78,6.08,6.08,28.27,28.29,27.96,78.2,81.55,1838.0,1969.0,1.08,1.33,37.0,24.0,26.0,19.0,regular
8483464,2025,Marco Kasper,DET,C,5on5,56,39967.0,864.0,15.95,0.48,0.5,0.5,0.49,0.52,0.5,397.0,88.65,8.52,6.22,21.71,3.05,46.17,33.33,8.22,8.45,8.15,5.0,1.0,77.0,42.0,23.0,142.0,10.0,4.0,8.0,0.0,16.0,0.0,46.0,45.0,73.0,115.0,7.0,17.0,142.0,125.0,8.0,32.0,86.0,25.0,8.0,3.03,3.15,2.34,1.0,2.0,1.0,141.7,119.0,119.14,4.0,1.31,1.85,2.61,7.21,7.22,7.1,864.0,98.0,103.0,138.0,525.0,125.0,131.0,120.0,488.0,142.0,135.0,125948.0,17.0,13.0,5.0,33.0,350.09,25.73,24.52,25.69,24.47,307.0,176.0,177.0,660.0,18.0,35.0,0.0,392.0,70.0,21.0,11.46,8.49,5.78,8.0,9.0,1.0,655.69,483.0,479.91,4.65,6.51,6.51,23.86,23.84,23.29,334.17,27.72,26.49,27.91,26.68,308.0,146.0,206.0,660.0,27.0,40.0,2.0,350.0,73.0,31.0,10.47,8.64,8.59,15.0,9.0,3.0,662.28,454.0,454.79,4.68,8.35,8.35,24.05,24.17,23.82,84.75,85.02,1956.0,2036.0,1.07,0.98,27.0,14.0,22.0,12.0,regular
8478891,2025,Mason Appleton,DET,C,5on5,47,33638.0,738.0,10.16,0.44,0.5,0.48,0.5,0.47,0.52,331.0,43.73,3.48,2.83,11.49,1.68,24.2,18.32,3.32,3.48,3.31,5.0,1.0,41.0,21.0,17.0,79.0,10.0,4.0,4.0,0.0,10.0,0.0,23.0,21.0,37.0,58.0,5.0,10.0,4.0,58.0,0.0,19.0,47.0,12.0,3.0,1.41,1.42,0.65,1.0,3.0,0.0,77.59,62.0,60.57,6.0,0.59,0.58,0.73,3.33,3.28,3.21,738.0,90.0,90.0,129.0,429.0,99.0,110.0,104.0,425.0,4.0,14.0,105657.0,10.0,18.0,9.0,13.0,251.95,19.71,18.92,19.7,18.91,221.0,124.0,160.0,505.0,18.0,30.0,1.0,269.0,59.0,17.0,7.62,7.44,4.65,9.0,8.0,1.0,498.81,345.0,342.15,3.34,4.94,4.94,18.11,18.05,17.8,290.07,25.33,24.21,25.79,24.65,259.0,135.0,155.0,549.0,22.0,31.0,2.0,297.0,72.0,25.0,9.58,8.77,6.98,10.0,7.0,5.0,555.75,394.0,397.26,4.02,6.43,6.43,22.92,23.29,22.67,70.17,70.32,1688.0,1656.0,0.47,0.37,15.0,10.0,10.0,8.0,regular
8484794,2025,Michael Brandsegg-Nygrd,DET,R,5on5,9,5880.0,138.0,3.05,0.62,0.46,0.6,0.5,0.64,0.49,74.0,13.88,1.31,0.94,3.49,0.49,7.49,5.28,1.19,1.25,1.14,0.0,1.0,13.0,6.0,10.0,29.0,1.0,0.0,2.0,0.0,1.0,0.0,3.0,13.0,13.0,19.0,1.0,2.0,0.0,26.0,2.0,9.0,13.0,5.0,1.0,0.51,0.49,0.31,0.0,0.0,0.0,28.68,19.0,18.5,5.0,0.2,0.25,0.31,1.2,1.15,1.13,138.0,15.0,18.0,30.0,75.0,23.0,20.0,19.0,76.0,0.0,0.0,20309.0,2.0,2.0,1.0,3.0,59.7,4.6,4.38,4.48,4.26,54.0,28.0,42.0,124.0,1.0,7.0,0.0,62.0,18.0,2.0,1.8,2.25,0.56,0.0,1.0,0.0,120.61,82.0,80.46,0.79,0.93,0.92,4.48,4.36,4.26,32.81,2.87,2.85,2.91,2.89,26.0,20.0,37.0,83.0,6.0,0.0,0.0,33.0,12.0,1.0,0.99,1.55,0.33,1.0,5.0,0.0,85.11,46.0,46.35,0.47,0.0,0.0,3.34,3.39,3.36,13.33,15.64,329.0,323.0,0.4,0.0,7.0,1.0,5.0,0.0,regular
8479992,2025,Michael Rasmussen,DET,C,5on5,52,33604.0,789.0,12.45,0.51,0.49,0.47,0.49,0.48,0.5,471.0,63.07,6.86,4.69,14.49,2.11,31.23,23.63,6.54,6.86,6.56,5.0,2.0,49.0,34.0,23.0,106.0,10.0,3.0,5.0,1.0,11.0,0.0,29.0,35.0,46.0,80.0,3.0,6.0,102.0,53.0,6.0,26.0,55.0,22.0,6.0,1.9,3.04,1.92,1.0,1.0,1.0,106.61,83.0,83.19,2.0,1.0,0.85,1.84,6.01,6.07,6.0,789.0,101.0,94.0,141.0,453.0,101.0,113.0,85.0,490.0,102.0,107.0,121344.0,6.0,8.0,4.0,34.0,258.41,22.28,21.44,22.58,21.73,210.0,139.0,146.0,495.0,14.0,31.0,2.0,256.0,76.0,17.0,7.5,9.78,5.01,5.0,7.0,2.0,497.04,349.0,350.21,3.63,5.68,5.68,20.24,20.46,20.23,274.0,21.02,20.45,21.04,20.45,246.0,132.0,183.0,561.0,19.0,19.0,1.0,301.0,64.0,13.0,9.54,8.09,3.4,9.0,6.0,4.0,556.88,378.0,375.68,3.74,3.48,3.48,21.28,21.23,20.93,78.35,83.07,1897.0,1970.0,0.66,0.57,22.0,18.0,18.0,12.0,regular
8481542,2025,Moritz Seider,DET,D,5on5,57,67581.0,1352.0,47.05,0.56,0.45,0.53,0.46,0.56,0.46,110.0,98.44,2.99,4.98,28.85,3.39,57.37,43.43,2.93,2.96,2.9,2.0,7.0,90.0,51.0,53.0,194.0,14.0,5.0,12.0,0.0,21.0,2.0,41.0,60.0,85.0,136.0,17.0,37.0,0.0,73.0,14.0,61.0,136.0,4.0,1.0,2.4,0.39,0.2,4.0,1.0,0.0,191.77,141.0,139.97,41.0,0.99,2.42,0.3,3.68,3.66,3.59,1352.0,94.0,179.0,245.0,834.0,147.0,169.0,195.0,841.0,0.0,0.0,101880.0,37.0,23.0,10.0,95.0,599.99,47.35,45.85,47.87,46.34,553.0,266.0,289.0,1108.0,48.0,60.0,5.0,627.0,152.0,40.0,17.75,19.11,10.48,26.0,17.0,5.0,1110.3,819.0,819.93,8.02,11.12,11.13,44.24,44.53,43.91,472.2,37.73,36.39,38.12,36.78,420.0,224.0,328.0,972.0,36.0,38.0,5.0,496.0,111.0,37.0,14.45,13.32,9.96,14.0,12.0,10.0,971.97,644.0,646.56,6.25,7.8,7.8,36.18,36.5,35.94,64.71,78.4,1552.0,1793.0,5.77,0.29,124.0,9.0,93.0,8.0,regular
8484160,2025,Nate Danielson,DET,C,5on5,28,16035.0,380.0,5.17,0.49,0.5,0.48,0.48,0.49,0.49,306.0,28.71,2.94,1.95,7.01,1.05,13.57,10.49,2.62,2.98,2.65,1.0,1.0,25.0,12.0,10.0,47.0,4.0,2.0,5.0,0.0,2.0,0.0,10.0,18.0,23.0,35.0,2.0,4.0,53.0,8.0,7.0,17.0,25.0,9.0,3.0,0.8,1.27,0.87,0.0,2.0,0.0,47.99,37.0,37.41,9.0,0.42,0.51,0.7,2.67,2.69,2.53,380.0,43.0,43.0,70.0,224.0,63.0,49.0,53.0,215.0,53.0,86.0,67700.0,4.0,4.0,2.0,9.0,132.6,11.44,10.74,11.45,10.74,115.0,63.0,65.0,243.0,6.0,17.0,0.0,130.0,34.0,14.0,3.56,4.12,3.76,1.0,5.0,0.0,242.25,178.0,176.37,1.86,3.13,3.13,10.17,10.1,9.75,138.34,11.87,11.0,12.03,11.15,126.0,61.0,77.0,264.0,12.0,14.0,3.0,145.0,27.0,15.0,4.31,3.31,4.24,6.0,3.0,3.0,266.01,187.0,188.69,1.89,3.5,3.5,10.26,10.47,10.23,46.1,46.45,1036.0,1137.0,0.08,1.13,6.0,14.0,5.0,14.0,regular
8474141,2025,Patrick Kane,DET,R,5on5,42,33642.0,724.0,27.89,0.49,0.5,0.49,0.49,0.52,0.5,209.0,76.28,5.66,4.81,19.33,2.66,41.5,32.04,5.48,5.62,5.45,7.0,4.0,69.0,37.0,22.0,128.0,16.0,5.0,3.0,0.0,17.0,0.0,34.0,47.0,64.0,101.0,4.0,8.0,1.0,9.0,3.0,37.0,87.0,12.0,7.0,2.61,1.3,1.75,4.0,0.0,1.0,128.58,106.0,106.5,12.0,1.0,0.3,1.12,5.54,5.5,5.43,724.0,102.0,80.0,121.0,421.0,102.0,127.0,107.0,388.0,1.0,0.0,90785.0,8.0,10.0,4.0,16.0,302.97,23.26,22.47,23.13,22.35,291.0,130.0,120.0,541.0,25.0,28.0,2.0,335.0,61.0,25.0,9.59,7.31,6.36,13.0,9.0,3.0,537.83,421.0,418.34,4.05,4.93,5.22,22.09,21.97,21.61,288.69,23.84,22.95,24.16,23.27,270.0,121.0,180.0,571.0,25.0,26.0,2.0,298.0,68.0,25.0,8.92,8.22,6.69,11.0,10.0,4.0,570.02,391.0,392.23,3.92,5.4,5.4,22.36,22.62,22.37,58.48,59.08,1395.0,1462.0,0.32,1.49,12.0,28.0,11.0,24.0,regular
8482762,2025,Simon Edvinsson,DET,D,5on5,48,57251.0,1134.0,22.48,0.52,0.47,0.52,0.46,0.54,0.47,88.0,57.01,2.58,3.09,16.55,2.0,32.25,23.52,2.51,2.56,2.48,4.0,4.0,50.0,30.0,49.0,129.0,11.0,3.0,6.0,0.0,11.0,0.0,30.0,30.0,47.0,77.0,19.0,38.0,0.0,62.0,16.0,50.0,71.0,9.0,0.0,1.37,1.22,0.0,1.0,2.0,0.0,127.31,80.0,78.39,33.0,0.63,0.85,0.5,2.72,2.67,2.62,1134.0,75.0,138.0,211.0,710.0,151.0,161.0,160.0,662.0,0.0,0.0,85629.0,38.0,14.0,7.0,80.0,498.13,39.59,38.13,39.94,38.46,434.0,246.0,246.0,926.0,33.0,52.0,3.0,524.0,118.0,38.0,15.08,14.58,9.93,19.0,12.0,2.0,927.89,680.0,679.93,6.59,9.74,9.73,36.44,36.56,36.01,424.44,36.7,35.01,37.13,35.44,372.0,200.0,275.0,847.0,35.0,39.0,6.0,429.0,105.0,38.0,13.16,13.19,10.34,13.0,16.0,6.0,849.35,572.0,574.24,5.76,8.88,8.88,33.58,33.85,33.25,54.31,61.75,1286.0,1481.0,2.92,0.41,88.0,12.0,60.0,8.0,regular
8474612,2025,Travis Hamonic,DET,D,5on5,24,18145.0,426.0,-0.87,0.45,0.53,0.45,0.54,0.45,0.55,132.0,14.81,0.45,0.74,4.6,0.52,8.29,6.41,0.44,0.44,0.44,1.0,1.0,17.0,4.0,16.0,37.0,2.0,0.0,0.0,0.0,4.0,0.0,6.0,11.0,17.0,21.0,8.0,22.0,0.0,24.0,5.0,17.0,21.0,0.0,0.0,0.45,0.0,0.0,0.0,0.0,0.0,36.61,21.0,20.51,12.0,0.15,0.0,0.04,0.56,0.55,0.55,426.0,28.0,42.0,59.0,297.0,43.0,59.0,45.0,279.0,0.0,0.0,53556.0,22.0,12.0,3.0,32.0,144.63,10.21,10.03,10.13,9.95,119.0,78.0,84.0,281.0,7.0,11.0,0.0,158.0,33.0,6.0,4.8,4.03,1.37,2.0,5.0,0.0,277.98,197.0,194.6,1.91,1.75,1.77,10.34,10.23,10.15,173.29,12.58,12.16,12.84,12.4,159.0,80.0,105.0,344.0,18.0,14.0,1.0,190.0,39.0,10.0,5.63,4.46,2.5,8.0,9.0,1.0,349.41,239.0,242.77,2.33,2.55,2.55,12.36,12.52,12.33,38.77,34.56,906.0,771.0,2.51,0.07,42.0,4.0,35.0,3.0,regular
8474641,2025,Adam Henrique,EDM,C,5on5,43,28837.0,603.0,10.29,0.47,0.51,0.47,0.51,0.48,0.51,352.0,53.5,4.71,4.05,13.4,1.99,27.96,21.89,4.58,4.69,4.57,4.0,0.0,53.0,21.0,25.0,99.0,5.0,1.0,5.0,0.0,9.0,0.0,27.0,32.0,52.0,73.0,3.0,6.0,168.0,23.0,9.0,26.0,55.0,15.0,4.0,1.75,1.78,1.17,1.0,0.0,0.0,99.55,74.0,74.53,8.0,0.85,1.28,1.05,4.51,4.52,4.46,603.0,61.0,101.0,106.0,335.0,83.0,56.0,75.0,389.0,168.0,139.0,101169.0,6.0,2.0,1.0,50.0,199.2,16.09,15.59,16.31,15.81,172.0,103.0,126.0,401.0,10.0,25.0,1.0,219.0,38.0,18.0,6.45,4.75,4.88,5.0,2.0,3.0,403.74,275.0,277.11,2.78,4.3,4.3,14.56,14.76,14.56,214.93,17.95,17.25,17.79,17.11,184.0,110.0,152.0,446.0,21.0,19.0,3.0,230.0,46.0,18.0,6.95,5.55,5.45,11.0,5.0,5.0,443.0,294.0,291.92,2.97,4.38,4.38,16.54,16.48,16.27,75.46,72.44,1583.0,1537.0,0.66,0.35,17.0,13.0,12.0,11.0,regular
8480831,2025,Alec Regula,EDM,D,5on5,29,23506.0,480.0,-0.5,0.51,0.54,0.47,0.52,0.49,0.53,135.0,22.93,0.67,1.14,7.38,0.8,12.82,9.19,0.65,0.69,0.67,1.0,2.0,18.0,14.0,19.0,51.0,3.0,0.0,1.0,0.0,9.0,0.0,13.0,9.0,18.0,32.0,10.0,20.0,0.0,14.0,7.0,26.0,32.0,0.0,0.0,0.67,0.0,0.0,0.0,0.0,0.0,52.08,32.0,33.09,17.0,0.24,0.31,0.02,0.89,0.91,0.88,480.0,37.0,36.0,74.0,333.0,64.0,73.0,53.0,290.0,0.0,0.0,62888.0,20.0,4.0,2.0,39.0,194.22,17.1,16.23,17.34,16.46,176.0,87.0,83.0,346.0,8.0,26.0,1.0,191.0,54.0,18.0,5.35,6.54,5.21,2.0,5.0,1.0,355.17,263.0,268.65,2.68,5.12,5.12,14.66,14.92,14.63,197.47,16.13,15.77,16.21,15.85,176.0,93.0,119.0,388.0,25.0,14.0,7.0,214.0,40.0,15.0,7.06,4.96,4.11,11.0,7.0,7.0,388.03,269.0,269.2,2.69,2.63,2.63,16.2,16.26,16.09,50.83,43.7,1008.0,937.0,1.36,0.09,26.0,3.0,23.0,2.0,regular
8478233,2025,Andrew Mangiapane,EDM,L,5on5,48,34695.0,734.0,10.0,0.46,0.51,0.5,0.51,0.49,0.51,350.0,50.33,6.05,3.67,10.95,1.61,24.87,18.84,5.95,6.01,5.91,3.0,2.0,43.0,23.0,26.0,92.0,10.0,5.0,3.0,2.0,7.0,1.0,22.0,28.0,38.0,61.0,8.0,16.0,1.0,47.0,7.0,30.0,43.0,16.0,7.0,2.08,1.96,2.02,3.0,1.0,1.0,92.4,66.0,65.9,8.0,0.78,0.5,1.48,5.36,5.37,5.34,734.0,97.0,62.0,119.0,456.0,104.0,88.0,117.0,425.0,1.0,4.0,110475.0,16.0,20.0,10.0,16.0,260.55,20.75,20.29,21.08,20.63,235.0,121.0,154.0,510.0,18.0,23.0,3.0,274.0,67.0,15.0,8.42,8.23,4.1,10.0,5.0,3.0,519.89,356.0,362.96,3.68,4.05,4.05,20.38,20.79,20.51,270.76,23.89,23.01,24.04,23.17,248.0,123.0,147.0,518.0,36.0,28.0,6.0,276.0,74.0,21.0,8.47,9.2,6.23,14.0,14.0,8.0,515.19,371.0,372.47,3.76,6.22,6.22,21.44,21.59,21.27,83.46,79.19,1719.0,1675.0,0.55,0.99,19.0,23.0,15.0,17.0,regular
8484529,2025,Connor Clattenburg,EDM,C,5on5,5,2129.0,49.0,0.88,0.66,0.47,0.46,0.5,0.49,0.51,54.0,4.53,0.87,0.41,1.39,0.15,1.33,0.85,0.83,0.91,0.87,0.0,0.0,3.0,2.0,2.0,7.0,1.0,1.0,1.0,1.0,1.0,0.0,0.0,2.0,2.0,4.0,5.0,13.0,0.0,17.0,0.0,4.0,1.0,2.0,2.0,0.05,0.36,0.46,0.0,0.0,1.0,7.49,5.0,5.42,2.0,0.09,0.19,0.82,0.14,0.15,0.15,49.0,1.0,0.0,9.0,39.0,6.0,10.0,5.0,28.0,0.0,0.0,12634.0,13.0,13.0,4.0,3.0,18.22,1.75,1.7,1.81,1.75,17.0,7.0,7.0,31.0,1.0,5.0,1.0,17.0,4.0,3.0,0.37,0.63,0.75,0.0,0.0,1.0,32.34,24.0,25.0,0.27,1.11,1.11,0.9,0.92,0.91,18.0,0.91,0.9,0.93,0.92,17.0,8.0,11.0,36.0,0.0,1.0,0.0,23.0,2.0,0.0,0.63,0.28,0.0,0.0,0.0,0.0,35.33,25.0,24.82,0.22,0.04,0.04,1.08,1.1,1.09,10.27,11.38,211.0,208.0,0.02,0.11,2.0,3.0,1.0,3.0,regular
8478402,2025,Connor McDavid,EDM,C,5on5,57,59368.0,1045.0,94.73,0.58,0.47,0.55,0.48,0.55,0.49,85.0,146.77,17.03,11.44,33.37,5.33,72.67,54.16,15.79,16.86,15.66,13.0,10.0,128.0,66.0,38.0,232.0,39.0,16.0,21.0,2.0,24.0,1.0,60.0,72.0,112.0,178.0,9.0,18.0,252.0,23.0,17.0,72.0,115.0,64.0,15.0,4.2,8.01,4.82,6.0,5.0,5.0,231.76,194.0,193.13,19.0,2.43,4.99,4.86,14.6,14.52,14.26,1045.0,146.0,75.0,191.0,633.0,122.0,155.0,218.0,550.0,252.0,292.0,113777.0,18.0,44.0,24.0,20.0,588.56,58.75,55.34,58.56,55.15,516.0,280.0,255.0,1051.0,53.0,72.0,7.0,546.0,190.0,60.0,18.02,23.86,16.88,28.0,14.0,11.0,1049.24,796.0,793.1,8.9,15.75,15.95,51.7,51.64,50.39,471.21,43.25,41.35,43.34,41.49,420.0,221.0,214.0,855.0,48.0,62.0,10.0,469.0,125.0,47.0,14.95,15.36,12.94,22.0,15.0,11.0,857.88,641.0,644.6,6.63,12.51,12.51,37.38,37.59,36.82,70.12,79.28,1643.0,1777.0,0.91,0.9,24.0,28.0,19.0,18.0,regular
8477508,2025,Curtis Lazar,EDM,C,5on5,33,16421.0,410.0,3.56,0.52,0.52,0.45,0.52,0.46,0.52,365.0,29.13,3.63,2.27,6.98,1.06,14.09,9.98,3.36,3.66,3.38,2.0,0.0,22.0,16.0,13.0,51.0,5.0,3.0,5.0,1.0,5.0,0.0,14.0,11.0,19.0,35.0,4.0,10.0,84.0,67.0,3.0,4.0,20.0,14.0,4.0,0.65,1.8,1.18,1.0,2.0,0.0,51.71,38.0,38.57,1.0,0.48,1.5,0.96,3.16,3.12,3.02,410.0,25.0,72.0,61.0,252.0,53.0,50.0,57.0,250.0,84.0,55.0,84350.0,10.0,4.0,2.0,15.0,115.86,10.88,10.39,11.16,10.64,100.0,55.0,52.0,207.0,7.0,15.0,2.0,110.0,32.0,13.0,2.93,4.25,3.7,1.0,3.0,3.0,212.22,155.0,158.29,1.66,2.97,2.97,9.58,9.73,9.55,130.43,10.02,9.82,9.96,9.76,113.0,69.0,71.0,253.0,9.0,10.0,2.0,145.0,29.0,8.0,4.64,3.27,2.11,5.0,2.0,2.0,250.87,182.0,181.24,1.77,2.06,2.06,9.73,9.75,9.6,67.24,61.54,1375.0,1295.0,0.35,0.17,11.0,4.0,11.0,4.0,regular
8477498,2025,Darnell Nurse,EDM,D,5on5,57,64227.0,1207.0,22.5,0.5,0.52,0.49,0.52,0.49,0.52,120.0,113.77,4.03,5.7,32.92,3.65,64.96,49.75,3.89,4.09,3.94,6.0,2.0,111.0,50.0,74.0,235.0,15.0,7.0,11.0,0.0,26.0,0.0,54.0,63.0,104.0,154.0,17.0,46.0,0.0,77.0,15.0,57.0,157.0,3.0,1.0,3.43,0.27,0.34,7.0,0.0,0.0,237.04,161.0,161.83,38.0,1.14,2.05,0.41,4.77,4.82,4.71,1207.0,115.0,97.0,218.0,777.0,152.0,164.0,172.0,719.0,0.0,0.0,108918.0,46.0,36.0,11.0,96.0,551.4,45.9,44.28,46.09,44.49,497.0,253.0,263.0,1013.0,38.0,53.0,2.0,568.0,134.0,48.0,16.83,16.08,13.0,22.0,12.0,4.0,1020.5,750.0,752.45,7.51,10.12,10.12,43.3,43.61,42.84,561.28,46.6,45.01,47.0,45.4,494.0,272.0,302.0,1068.0,48.0,58.0,13.0,591.0,134.0,41.0,18.84,16.62,11.14,17.0,19.0,12.0,1074.25,766.0,771.83,7.74,10.48,10.48,43.86,44.24,43.49,82.97,75.93,1681.0,1564.0,2.95,0.66,66.0,9.0,60.0,8.0,regular
8485493,2025,David Tomasek,EDM,R,5on5,22,11756.0,263.0,3.86,0.45,0.51,0.47,0.52,0.48,0.52,231.0,23.56,2.03,1.52,5.72,0.75,12.37,9.61,2.02,2.06,2.05,0.0,0.0,21.0,11.0,6.0,38.0,3.0,3.0,3.0,0.0,5.0,0.0,10.0,11.0,18.0,29.0,5.0,10.0,28.0,17.0,3.0,11.0,23.0,7.0,2.0,0.62,0.97,0.44,1.0,1.0,1.0,38.8,32.0,32.28,4.0,0.31,0.25,0.0,2.34,2.38,2.37,263.0,30.0,20.0,47.0,166.0,50.0,42.0,33.0,138.0,28.0,34.0,54991.0,10.0,4.0,2.0,6.0,85.87,6.78,6.6,6.88,6.7,84.0,34.0,47.0,165.0,6.0,8.0,1.0,90.0,21.0,7.0,2.38,2.68,1.73,2.0,1.0,3.0,167.93,118.0,119.09,1.15,1.39,1.39,6.55,6.7,6.57,96.21,8.15,7.93,8.24,8.02,74.0,56.0,57.0,187.0,10.0,11.0,3.0,95.0,28.0,7.0,2.61,3.61,1.94,4.0,3.0,3.0,188.53,130.0,130.49,1.3,2.47,2.47,6.98,7.06,6.98,39.61,38.01,856.0,799.0,0.28,0.14,6.0,3.0,6.0,3.0,regular
8480803,2025,Evan Bouchard,EDM,D,5on5,57,62552.0,1155.0,67.78,0.56,0.48,0.56,0.48,0.56,0.48,153.0,96.36,4.72,5.93,25.01,3.13,60.23,43.97,4.62,4.7,4.6,15.0,8.0,101.0,42.0,68.0,211.0,28.0,5.0,13.0,0.0,27.0,0.0,45.0,53.0,96.0,138.0,10.0,20.0,0.0,22.0,19.0,65.0,135.0,7.0,1.0,3.76,0.7,0.26,5.0,0.0,0.0,209.05,143.0,140.79,43.0,1.18,2.96,0.09,5.81,5.78,5.66,1155.0,134.0,95.0,207.0,719.0,100.0,124.0,189.0,742.0,0.0,0.0,110593.0,20.0,18.0,9.0,56.0,615.76,58.5,55.46,58.42,55.39,573.0,257.0,264.0,1094.0,57.0,61.0,4.0,588.0,180.0,62.0,19.63,22.11,16.76,29.0,18.0,10.0,1091.14,830.0,825.83,9.07,13.63,13.73,53.85,53.88,52.82,478.6,45.21,43.07,45.47,43.37,427.0,225.0,220.0,872.0,51.0,61.0,8.0,469.0,130.0,53.0,13.9,16.06,15.25,22.0,18.0,11.0,874.33,652.0,655.01,6.76,13.58,13.58,38.38,38.81,38.16,70.37,77.32,1600.0,1760.0,4.52,0.44,96.0,16.0,79.0,11.0,regular
8483455,2025,Isaac Howard,EDM,L,5on5,28,16478.0,349.0,2.02,0.43,0.54,0.45,0.52,0.46,0.52,266.0,37.08,3.69,2.44,8.51,1.18,19.8,14.39,3.58,3.69,3.58,2.0,1.0,33.0,17.0,17.0,67.0,5.0,2.0,1.0,0.0,11.0,0.0,14.0,22.0,31.0,48.0,5.0,10.0,0.0,7.0,2.0,17.0,35.0,10.0,5.0,1.11,1.2,1.38,0.0,2.0,0.0,66.52,50.0,49.84,6.0,0.51,0.12,1.15,3.05,3.06,3.02,349.0,41.0,19.0,49.0,240.0,69.0,59.0,41.0,180.0,0.0,0.0,70474.0,10.0,6.0,3.0,4.0,119.8,8.72,8.53,8.7,8.51,110.0,56.0,61.0,227.0,8.0,7.0,1.0,134.0,23.0,9.0,3.67,2.69,2.36,4.0,4.0,0.0,226.63,166.0,165.7,1.47,1.57,1.67,8.52,8.49,8.39,140.46,11.35,11.07,11.55,11.29,105.0,89.0,88.0,282.0,14.0,10.0,0.0,150.0,33.0,11.0,4.5,4.02,2.82,11.0,2.0,1.0,288.29,194.0,197.85,1.93,1.94,1.94,11.34,11.64,11.56,51.84,44.55,1082.0,1009.0,0.3,0.18,8.0,6.0,5.0,5.0,regular
8478458,2025,Jack Roslovic,EDM,C,5on5,44,38817.0,749.0,27.83,0.49,0.51,0.53,0.5,0.53,0.5,190.0,91.62,9.1,5.88,20.69,2.92,47.72,35.69,8.57,9.16,8.61,2.0,5.0,81.0,41.0,22.0,144.0,17.0,10.0,5.0,1.0,14.0,0.0,49.0,44.0,71.0,112.0,5.0,10.0,76.0,19.0,9.0,42.0,86.0,27.0,9.0,3.31,3.14,2.65,5.0,3.0,2.0,142.89,122.0,121.13,11.0,1.23,1.06,2.18,8.14,8.19,7.97,749.0,94.0,81.0,143.0,431.0,125.0,98.0,114.0,412.0,76.0,70.0,96257.0,10.0,20.0,10.0,15.0,359.93,28.67,27.36,28.84,27.46,335.0,153.0,171.0,659.0,26.0,31.0,2.0,379.0,82.0,27.0,11.87,9.47,7.34,16.0,8.0,2.0,656.76,488.0,484.66,4.54,6.33,6.33,26.88,26.92,26.41,323.92,29.8,28.56,29.86,28.67,268.0,172.0,156.0,596.0,29.0,34.0,7.0,321.0,87.0,32.0,10.12,10.64,9.04,14.0,8.0,7.0,601.09,440.0,443.65,4.56,7.86,7.86,26.5,26.76,26.41,71.96,68.08,1467.0,1488.0,0.33,0.55,10.0,15.0,7.0,10.0,regular
8478013,2025,Jake Walman,EDM,D,5on5,28,29287.0,549.0,14.3,0.44,0.52,0.49,0.53,0.48,0.53,90.0,42.18,1.59,2.39,11.61,1.37,25.56,18.47,1.57,1.62,1.6,4.0,4.0,45.0,16.0,44.0,105.0,10.0,2.0,7.0,0.0,11.0,0.0,15.0,26.0,43.0,59.0,3.0,6.0,0.0,8.0,7.0,30.0,59.0,2.0,0.0,1.34,0.25,0.0,2.0,0.0,0.0,104.08,61.0,60.75,17.0,0.48,1.26,0.08,1.98,2.01,1.99,549.0,68.0,55.0,102.0,324.0,65.0,65.0,79.0,340.0,0.0,0.0,57939.0,6.0,2.0,1.0,42.0,252.97,20.01,19.59,19.87,19.46,237.0,106.0,143.0,486.0,20.0,21.0,3.0,266.0,61.0,16.0,8.48,7.36,4.17,11.0,7.0,2.0,479.84,343.0,338.37,3.38,3.62,3.62,19.76,19.61,19.35,269.49,25.41,24.28,25.83,24.69,227.0,139.0,131.0,497.0,27.0,35.0,4.0,269.0,73.0,24.0,9.65,9.4,6.37,13.0,10.0,4.0,504.53,366.0,372.92,3.82,6.67,6.67,22.57,23.0,22.52,42.23,38.22,900.0,798.0,1.28,0.77,36.0,12.0,26.0,10.0,regular
8484509,2025,Josh Samanski,EDM,C,5on5,4,2225.0,58.0,2.83,0.6,0.49,0.68,0.54,0.62,0.53,43.0,1.57,0.04,0.06,0.31,0.04,0.69,0.87,0.04,0.04,0.04,1.0,1.0,1.0,1.0,1.0,3.0,2.0,0.0,1.0,0.0,0.0,0.0,0.0,1.0,1.0,2.0,0.0,0.0,14.0,2.0,1.0,0.0,2.0,0.0,0.0,0.04,0.0,0.0,0.0,0.0,0.0,2.86,2.0,1.77,0.0,0.01,0.02,0.0,0.05,0.05,0.05,58.0,12.0,3.0,7.0,36.0,10.0,6.0,2.0,40.0,14.0,9.0,10132.0,0.0,0.0,0.0,0.0,20.49,1.57,1.47,1.45,1.35,22.0,6.0,16.0,44.0,4.0,3.0,0.0,21.0,5.0,2.0,0.52,0.57,0.48,2.0,2.0,0.0,40.99,28.0,25.67,0.26,0.5,0.5,1.33,1.24,1.2,13.3,1.03,0.99,1.07,1.03,9.0,8.0,4.0,21.0,2.0,2.0,0.0,12.0,4.0,1.0,0.29,0.46,0.27,0.0,2.0,0.0,22.38,17.0,17.88,0.17,0.37,0.37,0.82,0.88,0.88,8.89,9.22,187.0,160.0,0.01,0.04,1.0,2.0,1.0,1.0,regular
8477953,2025,Kasperi Kapanen,EDM,R,5on5,18,14587.0,270.0,12.41,0.51,0.55,0.51,0.52,0.54,0.53,91.0,34.42,2.44,2.12,7.72,0.99,17.45,14.29,2.43,2.47,2.45,6.0,1.0,35.0,10.0,10.0,55.0,11.0,4.0,0.0,0.0,5.0,0.0,14.0,22.0,31.0,41.0,1.0,2.0,0.0,38.0,1.0,12.0,35.0,9.0,1.0,1.02,1.19,0.23,0.0,4.0,0.0,55.38,45.0,44.96,0.0,0.44,0.0,0.23,2.65,2.7,2.69,270.0,43.0,23.0,64.0,140.0,48.0,25.0,30.0,167.0,0.0,0.0,40910.0,2.0,2.0,1.0,6.0,130.06,9.96,9.77,10.03,9.84,125.0,50.0,56.0,231.0,16.0,8.0,1.0,134.0,33.0,8.0,3.83,4.21,1.93,4.0,11.0,1.0,232.07,175.0,175.1,1.74,1.84,1.84,9.87,9.96,9.85,110.49,9.62,9.45,9.66,9.5,97.0,55.0,67.0,219.0,9.0,11.0,3.0,113.0,29.0,10.0,3.57,3.5,2.55,3.0,4.0,2.0,218.77,152.0,151.76,1.53,1.96,1.96,9.19,9.21,9.13,34.83,28.79,663.0,617.0,0.33,0.34,8.0,4.0,7.0,4.0,regular
8477934,2025,Leon Draisaitl,EDM,C,5on5,54,54438.0,1017.0,74.0,0.53,0.5,0.54,0.49,0.54,0.49,123.0,105.77,10.1,7.18,23.98,3.44,56.2,41.1,9.71,10.02,9.63,16.0,6.0,86.0,56.0,33.0,175.0,36.0,14.0,7.0,2.0,9.0,0.0,55.0,57.0,72.0,128.0,11.0,22.0,353.0,24.0,21.0,72.0,97.0,38.0,7.0,3.57,4.72,1.81,5.0,8.0,1.0,173.0,142.0,139.98,22.0,1.49,1.78,1.9,9.7,9.7,9.46,1017.0,156.0,105.0,212.0,544.0,104.0,131.0,176.0,606.0,353.0,293.0,109558.0,22.0,20.0,10.0,12.0,516.42,44.29,42.74,44.13,42.63,473.0,227.0,218.0,918.0,51.0,42.0,6.0,515.0,146.0,39.0,16.46,17.56,10.27,24.0,19.0,8.0,916.0,700.0,696.17,7.03,8.76,8.86,42.46,42.48,41.7,428.45,39.07,37.87,39.4,38.21,376.0,210.0,205.0,791.0,42.0,43.0,9.0,427.0,119.0,40.0,13.65,14.8,10.62,15.0,19.0,8.0,794.97,586.0,589.61,5.99,8.6,8.6,36.45,36.72,36.25,75.88,77.13,1644.0,1698.0,1.45,1.0,30.0,27.0,25.0,17.0,regular
8483512,2025,Matt Savoie,EDM,C,5on5,57,39851.0,842.0,17.15,0.47,0.53,0.48,0.51,0.49,0.52,431.0,77.15,9.55,5.2,18.0,2.69,37.31,29.25,8.88,9.67,8.99,2.0,4.0,67.0,35.0,19.0,121.0,11.0,5.0,11.0,1.0,13.0,0.0,31.0,42.0,62.0,97.0,5.0,10.0,19.0,10.0,14.0,40.0,62.0,21.0,19.0,2.16,2.49,4.91,4.0,0.0,1.0,122.12,102.0,102.57,10.0,1.11,1.91,3.85,6.8,6.8,6.65,842.0,114.0,71.0,146.0,511.0,129.0,106.0,102.0,505.0,19.0,20.0,133294.0,10.0,16.0,8.0,25.0,330.23,27.52,26.09,27.73,26.24,305.0,149.0,153.0,607.0,27.0,37.0,3.0,345.0,78.0,31.0,10.34,9.18,8.01,15.0,9.0,3.0,609.87,454.0,455.48,4.42,6.53,6.53,25.41,25.51,24.94,347.63,31.21,29.83,31.16,29.8,286.0,187.0,173.0,646.0,32.0,38.0,7.0,351.0,87.0,35.0,11.14,10.48,9.6,17.0,7.0,8.0,645.51,473.0,473.83,5.03,7.95,7.95,28.3,28.38,27.97,101.35,91.3,2087.0,1986.0,0.82,0.47,24.0,16.0,21.0,11.0,regular
8475218,2025,Mattias Ekholm,EDM,D,5on5,57,61059.0,1145.0,41.87,0.56,0.48,0.56,0.47,0.56,0.48,170.0,98.86,4.95,5.78,25.73,3.21,54.87,43.47,4.81,4.99,4.85,8.0,8.0,89.0,49.0,68.0,206.0,21.0,5.0,7.0,0.0,27.0,0.0,46.0,53.0,84.0,133.0,11.0,22.0,0.0,49.0,20.0,65.0,124.0,12.0,2.0,2.85,1.66,0.44,2.0,2.0,1.0,205.28,138.0,137.28,33.0,1.18,1.06,0.72,5.41,5.42,5.31,1145.0,132.0,96.0,202.0,715.0,163.0,120.0,171.0,691.0,0.0,0.0,112086.0,22.0,12.0,6.0,65.0,607.97,57.02,53.95,56.98,53.89,553.0,273.0,268.0,1094.0,57.0,67.0,4.0,589.0,176.0,61.0,18.92,21.61,16.5,28.0,19.0,10.0,1091.73,826.0,822.25,8.94,14.38,14.36,51.61,51.62,50.58,471.21,44.07,41.91,44.23,42.13,414.0,228.0,212.0,854.0,51.0,61.0,10.0,468.0,122.0,52.0,14.01,14.98,15.08,20.0,18.0,13.0,856.6,642.0,644.52,6.66,13.99,13.99,36.72,37.04,36.43,71.85,78.47,1600.0,1778.0,4.54,0.62,99.0,16.0,78.0,11.0,regular
8477406,2025,Mattias Janmark,EDM,C,5on5,41,25978.0,566.0,2.6,0.48,0.53,0.45,0.52,0.46,0.53,353.0,29.2,3.67,2.18,7.01,1.03,12.82,10.31,3.46,3.85,3.64,1.0,4.0,23.0,14.0,14.0,51.0,6.0,1.0,4.0,1.0,4.0,0.0,13.0,15.0,22.0,36.0,4.0,8.0,7.0,10.0,5.0,14.0,20.0,11.0,6.0,0.56,1.48,1.62,0.0,0.0,1.0,53.33,37.0,38.35,2.0,0.47,0.6,1.37,2.76,2.92,2.88,566.0,39.0,74.0,112.0,341.0,87.0,70.0,80.0,329.0,7.0,12.0,97464.0,8.0,6.0,3.0,11.0,181.59,16.74,15.9,16.88,16.03,164.0,76.0,98.0,338.0,8.0,24.0,5.0,173.0,45.0,22.0,4.81,5.8,6.12,1.0,2.0,5.0,342.95,240.0,242.04,2.54,5.39,5.39,13.89,14.0,13.76,206.92,18.36,17.24,18.38,17.26,175.0,111.0,122.0,408.0,17.0,18.0,2.0,221.0,47.0,18.0,7.16,5.45,5.75,8.0,5.0,4.0,407.34,286.0,286.98,2.9,5.08,5.08,16.18,16.31,16.0,81.77,72.8,1620.0,1502.0,1.11,0.75,14.0,13.0,10.0,12.0,regular
8479368,2025,Max Jones,EDM,L,5on5,8,3627.0,89.0,2.7,0.54,0.53,0.51,0.49,0.48,0.49,92.0,9.84,1.11,0.82,2.2,0.3,5.01,3.56,1.1,1.16,1.15,1.0,0.0,12.0,1.0,2.0,15.0,2.0,1.0,2.0,0.0,4.0,0.0,3.0,3.0,11.0,12.0,0.0,0.0,0.0,20.0,2.0,4.0,8.0,4.0,1.0,0.34,0.57,0.2,0.0,0.0,1.0,15.36,13.0,13.39,1.0,0.17,0.34,0.34,0.94,0.98,0.98,89.0,10.0,7.0,20.0,52.0,13.0,10.0,9.0,57.0,0.0,0.0,19000.0,0.0,2.0,1.0,2.0,19.64,1.99,1.96,2.06,2.02,19.0,8.0,20.0,47.0,2.0,3.0,1.0,17.0,9.0,1.0,0.51,1.27,0.2,0.0,1.0,1.0,47.75,27.0,27.91,0.33,0.52,0.52,1.8,1.84,1.82,21.16,1.72,1.7,1.67,1.65,21.0,8.0,16.0,45.0,2.0,0.0,0.0,20.0,8.0,1.0,0.6,0.88,0.23,0.0,1.0,1.0,43.57,29.0,28.47,0.29,0.0,0.0,2.01,1.95,1.93,16.42,14.62,285.0,302.0,0.0,0.02,0.0,2.0,0.0,2.0,regular
8485511,2025,Quinn Hutson,EDM,R,5on5,4,1919.0,49.0,0.02,0.28,0.48,0.38,0.5,0.32,0.51,43.0,2.63,0.22,0.21,0.7,0.13,1.6,1.14,0.21,0.24,0.23,0.0,0.0,3.0,1.0,2.0,6.0,1.0,1.0,1.0,1.0,2.0,0.0,0.0,0.0,2.0,3.0,0.0,0.0,0.0,0.0,0.0,3.0,3.0,1.0,0.0,0.05,0.17,0.0,0.0,1.0,0.0,6.38,4.0,4.36,1.0,0.04,0.18,0.17,0.09,0.09,0.09,49.0,7.0,1.0,6.0,35.0,7.0,12.0,8.0,22.0,0.0,1.0,9614.0,0.0,0.0,0.0,1.0,9.64,0.83,0.81,0.89,0.87,9.0,5.0,14.0,28.0,1.0,2.0,1.0,10.0,4.0,0.0,0.29,0.55,0.0,0.0,1.0,0.0,28.61,14.0,14.55,0.16,0.35,0.35,0.64,0.68,0.66,22.06,2.13,2.03,2.06,1.97,20.0,10.0,15.0,45.0,2.0,3.0,0.0,21.0,6.0,3.0,0.58,0.76,0.79,1.0,1.0,0.0,45.16,30.0,30.67,0.3,0.61,0.61,1.82,1.8,1.78,5.98,6.49,137.0,136.0,0.04,0.08,1.0,1.0,1.0,1.0,regular
8479388,2025,Riley Stillman,EDM,D,5on5,4,2877.0,73.0,-0.28,0.4,0.52,0.41,0.5,0.38,0.48,24.0,2.12,0.31,0.17,0.63,0.09,1.05,0.75,0.29,0.34,0.32,0.0,0.0,1.0,2.0,1.0,4.0,0.0,0.0,0.0,0.0,0.0,0.0,3.0,0.0,1.0,3.0,0.0,0.0,0.0,7.0,0.0,2.0,1.0,2.0,0.0,0.02,0.29,0.0,0.0,0.0,0.0,4.14,3.0,3.14,2.0,0.04,0.0,0.19,0.15,0.16,0.16,73.0,3.0,12.0,11.0,47.0,7.0,6.0,10.0,50.0,0.0,0.0,9189.0,0.0,0.0,0.0,4.0,17.3,1.79,1.76,1.91,1.87,17.0,6.0,8.0,31.0,2.0,2.0,0.0,15.0,6.0,2.0,0.55,0.78,0.46,0.0,1.0,1.0,31.63,23.0,23.81,0.24,0.45,0.45,1.58,1.67,1.66,27.62,2.7,2.55,2.63,2.49,24.0,14.0,7.0,45.0,1.0,4.0,0.0,28.0,7.0,3.0,0.85,0.93,0.92,1.0,0.0,0.0,44.68,38.0,37.85,0.38,0.93,0.93,2.14,2.08,2.05,6.95,6.53,134.0,136.0,0.13,0.28,5.0,5.0,5.0,2.0,regular
8476454,2025,Ryan Nugent-Hopkins,EDM,C,5on5,48,38543.0,767.0,37.04,0.56,0.51,0.51,0.5,0.51,0.52,281.0,62.55,6.35,4.49,13.32,1.97,32.98,24.88,6.15,6.3,6.1,9.0,3.0,54.0,30.0,33.0,117.0,17.0,5.0,5.0,2.0,12.0,0.0,31.0,31.0,49.0,79.0,6.0,15.0,89.0,13.0,6.0,25.0,59.0,19.0,6.0,2.58,2.17,1.61,3.0,0.0,2.0,116.73,84.0,84.14,7.0,0.94,1.16,1.4,5.89,5.84,5.71,767.0,102.0,80.0,142.0,443.0,99.0,98.0,112.0,458.0,89.0,98.0,106857.0,15.0,11.0,4.0,13.0,342.57,32.8,31.16,32.73,31.13,322.0,143.0,176.0,641.0,26.0,41.0,2.0,336.0,90.0,39.0,10.3,11.3,11.2,10.0,11.0,5.0,643.46,465.0,466.2,5.07,9.54,9.36,28.5,28.53,28.06,328.21,26.3,25.47,26.55,25.74,288.0,164.0,153.0,605.0,30.0,33.0,3.0,356.0,75.0,21.0,11.21,9.56,5.52,14.0,12.0,4.0,605.36,452.0,454.16,4.59,5.09,5.09,25.8,26.11,25.63,77.24,73.18,1611.0,1581.0,0.94,0.42,18.0,13.0,15.0,10.0,regular
8481056,2025,Spencer Stastney,EDM,D,5on5,56,45732.0,1038.0,16.07,0.49,0.53,0.52,0.52,0.52,0.51,293.0,50.77,1.56,2.72,14.51,1.65,32.12,21.43,1.52,1.59,1.53,5.0,2.0,51.0,23.0,40.0,114.0,9.0,2.0,12.0,0.0,10.0,0.0,32.0,18.0,49.0,72.0,7.0,14.0,0.0,11.0,14.0,49.0,72.0,2.0,0.0,1.38,0.18,0.0,2.0,0.0,0.0,114.06,74.0,74.77,33.0,0.54,2.06,0.0,2.11,2.14,2.07,1038.0,89.0,92.0,166.0,691.0,119.0,129.0,101.0,689.0,0.0,0.0,118669.0,14.0,18.0,9.0,42.0,363.98,30.73,29.73,30.57,29.58,325.0,174.0,203.0,702.0,23.0,40.0,4.0,381.0,83.0,35.0,10.75,10.51,9.48,7.0,10.0,6.0,697.01,499.0,496.02,5.13,7.77,7.79,28.07,27.96,27.49,342.98,32.08,30.63,32.55,31.1,308.0,158.0,180.0,646.0,27.0,36.0,2.0,339.0,90.0,37.0,10.71,10.95,10.42,10.0,14.0,3.0,654.81,466.0,472.87,4.96,8.48,8.48,28.57,29.02,28.49,94.13,82.56,1935.0,1794.0,2.64,0.19,85.0,11.0,59.0,8.0,regular
8479365,2025,Trent Frederic,EDM,C,5on5,55,34973.0,768.0,0.72,0.47,0.52,0.46,0.52,0.47,0.52,483.0,57.98,6.73,4.3,13.35,1.85,27.65,20.12,6.5,6.87,6.63,1.0,0.0,51.0,23.0,24.0,98.0,3.0,2.0,8.0,0.0,9.0,0.0,26.0,29.0,49.0,72.0,8.0,25.0,81.0,133.0,6.0,25.0,46.0,19.0,9.0,1.62,2.69,2.42,0.0,1.0,1.0,100.1,74.0,74.72,8.0,0.91,1.49,2.4,5.24,5.29,5.2,768.0,83.0,88.0,140.0,457.0,126.0,96.0,95.0,451.0,81.0,62.0,132187.0,25.0,27.0,9.0,14.0,246.99,21.45,20.72,21.73,20.98,219.0,115.0,130.0,464.0,10.0,29.0,0.0,252.0,58.0,24.0,6.98,7.83,6.64,5.0,4.0,1.0,469.85,334.0,337.31,3.47,5.72,5.91,19.0,19.11,18.83,276.61,24.13,23.3,24.26,23.44,228.0,152.0,169.0,549.0,23.0,27.0,5.0,293.0,63.0,24.0,9.46,7.76,6.9,10.0,7.0,6.0,550.75,380.0,382.29,3.92,6.04,6.04,22.01,22.15,21.81,102.46,94.4,2132.0,1985.0,0.92,1.29,26.0,16.0,20.0,14.0,regular
8480834,2025,Ty Emberson,EDM,D,5on5,52,44946.0,928.0,8.35,0.49,0.53,0.46,0.53,0.48,0.53,254.0,28.64,0.88,1.56,8.0,0.98,18.26,13.32,0.87,0.9,0.88,3.0,7.0,29.0,14.0,37.0,80.0,11.0,1.0,4.0,0.0,9.0,0.0,9.0,20.0,28.0,42.0,6.0,14.0,0.0,78.0,10.0,39.0,43.0,0.0,0.0,0.88,0.0,0.0,1.0,0.0,0.0,81.84,43.0,43.89,24.0,0.31,1.01,0.07,1.12,1.14,1.13,928.0,50.0,113.0,158.0,607.0,116.0,102.0,99.0,611.0,0.0,0.0,112714.0,14.0,4.0,2.0,71.0,307.73,26.77,25.88,27.12,26.23,270.0,149.0,160.0,579.0,27.0,39.0,7.0,318.0,73.0,28.0,9.09,9.88,7.8,8.0,12.0,7.0,588.82,419.0,424.46,4.12,7.99,7.99,22.9,23.21,22.9,333.26,27.98,27.01,27.89,26.94,268.0,195.0,220.0,683.0,22.0,24.0,5.0,350.0,89.0,24.0,11.01,10.43,6.53,14.0,4.0,4.0,678.41,463.0,461.64,4.8,5.19,5.19,27.59,27.62,27.25,93.12,82.01,1887.0,1704.0,3.55,0.41,75.0,11.0,60.0,7.0,regular
8481617,2025,Vasily Podkolzin,EDM,R,5on5,57,48144.0,968.0,29.59,0.51,0.52,0.52,0.5,0.53,0.5,294.0,84.96,9.12,6.1,18.44,2.71,42.65,31.99,8.83,9.21,8.92,6.0,6.0,80.0,31.0,21.0,132.0,24.0,12.0,6.0,1.0,22.0,1.0,35.0,35.0,68.0,99.0,9.0,24.0,13.0,161.0,8.0,34.0,67.0,33.0,11.0,2.47,3.86,2.79,4.0,6.0,2.0,133.4,111.0,111.84,13.0,1.29,0.97,2.09,8.31,8.45,8.39,968.0,126.0,78.0,210.0,554.0,153.0,127.0,127.0,561.0,13.0,29.0,125001.0,24.0,22.0,9.0,25.0,423.41,34.69,33.73,34.99,34.02,405.0,171.0,190.0,766.0,45.0,33.0,3.0,443.0,100.0,33.0,14.13,12.03,8.53,19.0,20.0,6.0,771.63,576.0,577.84,5.66,6.61,6.73,33.62,33.98,33.58,375.3,33.92,32.94,34.11,33.14,328.0,187.0,182.0,697.0,32.0,36.0,11.0,384.0,103.0,28.0,13.09,13.2,7.63,12.0,13.0,7.0,697.7,515.0,516.43,5.33,7.14,7.14,32.11,32.27,31.84,94.18,88.61,1928.0,1935.0,1.4,1.65,27.0,28.0,24.0,23.0,regular
8475786,2025,Zach Hyman,EDM,L,5on5,38,35417.0,678.0,40.97,0.59,0.49,0.54,0.49,0.55,0.5,122.0,90.46,12.94,7.8,19.72,3.03,40.57,30.94,12.36,12.81,12.26,4.0,4.0,80.0,35.0,25.0,140.0,18.0,10.0,11.0,0.0,16.0,0.0,42.0,36.0,70.0,105.0,6.0,12.0,0.0,32.0,4.0,13.0,49.0,47.0,19.0,1.99,5.97,4.97,3.0,6.0,1.0,141.65,115.0,115.23,3.0,1.68,2.6,4.07,10.55,10.56,10.36,678.0,99.0,48.0,123.0,408.0,80.0,111.0,131.0,356.0,0.0,0.0,78785.0,12.0,12.0,6.0,11.0,369.13,38.4,36.04,38.1,35.81,325.0,173.0,151.0,649.0,33.0,51.0,3.0,336.0,121.0,41.0,11.12,15.63,11.64,15.0,11.0,7.0,648.91,498.0,496.14,5.77,11.36,11.46,32.71,32.62,31.88,299.2,26.86,25.66,26.95,25.76,274.0,134.0,142.0,550.0,26.0,39.0,4.0,312.0,68.0,28.0,9.93,8.89,8.04,12.0,11.0,3.0,552.61,408.0,410.16,4.27,7.82,7.82,23.31,23.55,23.03,55.39,57.52,1179.0,1225.0,0.7,0.73,10.0,14.0,7.0,9.0,regular
8478421,2025,A.J. Greer,FLA,L,5on5,55,37318.0,868.0,26.83,0.53,0.5,0.55,0.51,0.54,0.51,409.0,81.25,8.83,5.99,20.27,2.94,41.58,29.38,8.34,8.75,8.27,5.0,4.0,69.0,40.0,20.0,129.0,19.0,10.0,14.0,4.0,14.0,0.0,35.0,36.0,59.0,99.0,28.0,71.0,3.0,140.0,6.0,36.0,70.0,30.0,9.0,2.73,3.73,2.37,5.0,2.0,3.0,128.61,109.0,108.53,11.0,1.26,2.44,3.21,6.89,6.8,6.68,868.0,116.0,67.0,129.0,556.0,153.0,122.0,146.0,447.0,3.0,7.0,118244.0,71.0,59.0,22.0,20.0,324.35,27.31,26.29,27.31,26.28,292.0,150.0,181.0,623.0,33.0,40.0,5.0,330.0,90.0,22.0,9.93,11.49,5.88,18.0,10.0,5.0,622.23,442.0,443.76,4.45,7.0,7.0,24.76,24.61,24.11,272.23,23.81,23.08,24.11,23.41,229.0,141.0,138.0,508.0,24.0,27.0,3.0,272.0,80.0,18.0,8.16,10.62,5.03,6.0,14.0,4.0,511.04,370.0,371.61,3.78,5.34,5.34,22.24,22.5,22.16,80.11,79.97,1872.0,1779.0,0.84,0.67,20.0,21.0,12.0,16.0,regular
8477932,2025,Aaron Ekblad,FLA,D,5on5,54,53820.0,1148.0,24.09,0.5,0.52,0.52,0.52,0.51,0.52,172.0,59.15,2.25,2.97,18.29,1.93,33.57,23.98,2.22,2.21,2.18,6.0,7.0,53.0,30.0,53.0,136.0,15.0,2.0,4.0,0.0,15.0,0.0,35.0,27.0,51.0,81.0,17.0,35.0,0.0,52.0,13.0,37.0,77.0,6.0,0.0,1.56,0.69,0.0,2.0,0.0,0.0,134.31,83.0,82.08,29.0,0.61,0.83,0.1,2.76,2.7,2.67,1148.0,117.0,114.0,197.0,720.0,142.0,131.0,178.0,697.0,0.0,0.0,98867.0,35.0,21.0,9.0,60.0,461.32,38.08,36.74,38.14,36.79,425.0,201.0,245.0,871.0,42.0,45.0,8.0,470.0,124.0,32.0,13.67,15.35,9.06,15.0,18.0,9.0,865.3,626.0,624.35,6.18,8.33,8.51,35.75,35.69,35.09,441.63,38.82,37.44,39.0,37.62,399.0,202.0,208.0,809.0,47.0,54.0,7.0,446.0,114.0,41.0,13.15,14.39,11.29,24.0,16.0,7.0,813.73,601.0,602.65,6.2,10.77,10.77,34.25,34.56,33.99,65.69,61.61,1560.0,1422.0,4.65,0.43,93.0,10.0,70.0,8.0,regular
8482113,2025,Anton Lundell,FLA,C,5on5,52,41488.0,914.0,37.21,0.5,0.51,0.52,0.52,0.5,0.52,251.0,94.81,9.54,6.78,22.29,3.03,48.08,35.27,9.13,9.43,9.02,3.0,6.0,82.0,43.0,37.0,162.0,19.0,10.0,9.0,3.0,17.0,0.0,45.0,44.0,72.0,115.0,11.0,24.0,324.0,56.0,8.0,46.0,84.0,30.0,11.0,2.68,3.78,3.09,4.0,3.0,3.0,158.27,125.0,122.57,19.0,1.44,2.35,2.26,8.72,8.6,8.46,914.0,115.0,122.0,194.0,483.0,118.0,86.0,135.0,575.0,324.0,286.0,106017.0,24.0,28.0,13.0,25.0,346.13,27.84,27.0,27.62,26.79,297.0,177.0,171.0,645.0,29.0,27.0,4.0,370.0,81.0,23.0,11.06,9.98,6.8,14.0,12.0,3.0,638.69,474.0,471.2,4.79,6.09,6.3,26.32,26.22,25.82,343.66,28.08,26.84,28.43,27.14,296.0,172.0,136.0,604.0,32.0,43.0,3.0,365.0,75.0,28.0,10.67,9.57,7.85,17.0,13.0,2.0,610.64,468.0,472.46,4.58,8.67,8.67,23.99,24.26,23.8,75.1,70.75,1723.0,1590.0,1.28,0.88,25.0,22.0,22.0,16.0,regular
8473419,2025,Brad Marchand,FLA,L,5on5,45,33647.0,762.0,46.27,0.49,0.53,0.51,0.52,0.49,0.52,277.0,98.29,9.37,6.88,24.07,3.14,49.66,35.89,9.1,9.18,8.92,5.0,4.0,81.0,48.0,30.0,159.0,25.0,16.0,19.0,1.0,24.0,0.0,31.0,39.0,65.0,113.0,11.0,22.0,1.0,31.0,7.0,36.0,89.0,29.0,11.0,2.61,3.5,3.26,5.0,8.0,3.0,157.23,129.0,127.32,13.0,1.45,3.03,2.25,8.56,8.49,8.39,762.0,86.0,78.0,150.0,448.0,92.0,105.0,134.0,431.0,1.0,7.0,92931.0,22.0,44.0,22.0,13.0,327.34,29.15,28.05,28.77,27.68,284.0,154.0,157.0,595.0,32.0,32.0,6.0,319.0,92.0,27.0,9.64,11.73,7.78,11.0,15.0,6.0,589.52,438.0,433.19,4.66,6.51,6.51,27.3,27.0,26.54,338.31,30.08,28.85,30.55,29.29,309.0,149.0,118.0,576.0,35.0,45.0,4.0,330.0,100.0,28.0,9.63,12.84,7.61,18.0,14.0,3.0,585.9,458.0,464.47,4.69,8.51,8.51,26.26,26.72,26.17,59.22,53.47,1448.0,1330.0,1.02,0.48,20.0,15.0,18.0,12.0,regular
8477409,2025,Carter Verhaeghe,FLA,C,5on5,54,45644.0,967.0,46.11,0.51,0.51,0.54,0.51,0.52,0.51,182.0,97.05,9.22,6.76,23.87,3.22,50.33,36.61,9.06,9.25,9.09,11.0,7.0,83.0,47.0,57.0,187.0,29.0,11.0,10.0,0.0,19.0,0.0,40.0,50.0,72.0,119.0,7.0,14.0,16.0,43.0,16.0,36.0,91.0,35.0,4.0,3.55,4.8,0.88,5.0,6.0,0.0,187.16,130.0,130.31,15.0,1.41,1.3,1.5,9.14,9.18,9.09,967.0,144.0,84.0,177.0,562.0,164.0,133.0,185.0,485.0,16.0,19.0,106847.0,14.0,18.0,9.0,16.0,427.23,34.45,33.41,34.33,33.32,377.0,206.0,234.0,817.0,38.0,40.0,7.0,454.0,104.0,25.0,14.26,12.97,7.22,16.0,14.0,8.0,811.74,583.0,580.79,5.73,6.29,6.34,33.84,33.7,33.18,393.66,33.6,32.42,33.75,32.59,337.0,196.0,151.0,684.0,34.0,46.0,6.0,386.0,119.0,28.0,11.25,14.83,7.52,15.0,16.0,3.0,690.42,533.0,536.91,5.44,8.63,8.63,30.4,30.7,30.14,71.45,67.61,1626.0,1553.0,0.72,0.88,26.0,22.0,19.0,18.0,regular
8481655,2025,Cole Schwindt,FLA,R,5on5,19,9056.0,216.0,4.45,0.66,0.47,0.5,0.53,0.52,0.53,212.0,14.08,1.82,1.1,3.38,0.57,7.19,4.95,1.73,1.81,1.72,1.0,0.0,11.0,8.0,3.0,22.0,4.0,3.0,1.0,0.0,4.0,0.0,4.0,7.0,8.0,16.0,1.0,2.0,44.0,22.0,2.0,6.0,10.0,6.0,3.0,0.33,0.71,0.79,2.0,1.0,0.0,22.12,19.0,18.96,4.0,0.23,0.3,0.62,1.43,1.41,1.33,216.0,31.0,15.0,38.0,132.0,26.0,37.0,28.0,125.0,44.0,61.0,45028.0,2.0,2.0,1.0,7.0,62.46,6.22,5.94,6.14,5.86,51.0,33.0,33.0,117.0,8.0,9.0,0.0,54.0,22.0,8.0,1.55,2.68,1.99,4.0,4.0,0.0,116.24,84.0,83.36,0.95,1.67,1.67,5.49,5.43,5.28,55.72,3.23,3.16,3.29,3.22,47.0,32.0,36.0,115.0,6.0,2.0,1.0,67.0,11.0,1.0,1.68,1.31,0.24,3.0,3.0,0.0,114.03,79.0,78.72,0.68,0.33,0.33,3.57,3.61,3.55,27.98,31.0,730.0,635.0,0.18,0.13,8.0,4.0,8.0,4.0,regular
8475179,2025,Dmitry Kulikov,FLA,D,5on5,2,1131.0,29.0,-0.08,0.5,0.59,0.5,0.58,0.48,0.59,11.0,0.65,0.02,0.04,0.18,0.02,0.43,0.3,0.02,0.02,0.02,0.0,0.0,1.0,0.0,0.0,1.0,0.0,0.0,0.0,0.0,0.0,0.0,0.0,1.0,1.0,1.0,0.0,0.0,0.0,1.0,0.0,2.0,1.0,0.0,0.0,0.02,0.0,0.0,0.0,0.0,0.0,0.97,1.0,0.97,0.0,0.01,0.0,0.0,0.03,0.02,0.02,29.0,3.0,3.0,5.0,18.0,4.0,7.0,6.0,12.0,0.0,0.0,4663.0,0.0,0.0,0.0,0.0,9.57,0.66,0.66,0.64,0.64,9.0,4.0,3.0,16.0,0.0,0.0,0.0,10.0,3.0,0.0,0.26,0.39,0.0,0.0,0.0,0.0,15.58,13.0,12.71,0.13,0.0,0.0,0.79,0.76,0.76,10.09,0.66,0.65,0.67,0.67,10.0,4.0,2.0,16.0,1.0,1.0,0.0,12.0,1.0,1.0,0.3,0.13,0.23,1.0,0.0,0.0,16.23,14.0,14.16,0.11,0.23,0.23,0.54,0.55,0.55,3.99,2.77,83.0,59.0,0.02,0.0,3.0,0.0,1.0,0.0,regular
8482131,2025,Donovan Sebrango,FLA,D,5on5,18,13213.0,306.0,1.1,0.51,0.49,0.49,0.52,0.49,0.51,99.0,13.89,0.3,0.66,4.59,0.46,8.24,5.75,0.29,0.3,0.29,1.0,1.0,10.0,10.0,15.0,35.0,2.0,0.0,2.0,0.0,5.0,0.0,3.0,10.0,10.0,20.0,11.0,34.0,0.0,28.0,2.0,15.0,20.0,0.0,0.0,0.3,0.0,0.0,0.0,0.0,0.0,34.49,20.0,20.02,10.0,0.13,0.35,0.04,0.38,0.39,0.38,306.0,25.0,18.0,53.0,210.0,47.0,48.0,32.0,179.0,0.0,0.0,37022.0,34.0,26.0,7.0,11.0,108.98,8.61,8.32,8.6,8.31,87.0,61.0,63.0,211.0,8.0,14.0,2.0,117.0,20.0,11.0,3.32,2.49,2.8,4.0,1.0,3.0,208.06,148.0,146.57,1.46,2.65,2.43,7.65,7.63,7.55,111.45,8.31,8.08,8.31,8.09,102.0,50.0,65.0,217.0,12.0,9.0,0.0,117.0,28.0,7.0,3.1,3.44,1.78,4.0,7.0,1.0,218.7,152.0,152.79,1.42,1.64,1.64,8.09,8.14,8.01,25.65,26.97,582.0,537.0,1.73,0.12,17.0,3.0,15.0,3.0,regular
8480185,2025,Eetu Luostarinen,FLA,C,5on5,47,36967.0,826.0,27.76,0.53,0.49,0.53,0.52,0.52,0.51,227.0,56.48,5.7,4.31,13.63,2.05,29.91,22.4,5.49,5.72,5.51,9.0,5.0,53.0,25.0,20.0,98.0,18.0,4.0,5.0,1.0,11.0,0.0,37.0,21.0,49.0,74.0,8.0,16.0,18.0,87.0,12.0,25.0,52.0,23.0,3.0,1.94,2.82,0.94,2.0,1.0,1.0,97.76,78.0,78.03,6.0,0.92,1.22,1.48,5.14,5.16,5.08,826.0,103.0,106.0,187.0,430.0,136.0,83.0,114.0,493.0,18.0,14.0,95447.0,16.0,30.0,14.0,27.0,309.55,26.13,25.23,26.02,25.13,271.0,150.0,162.0,583.0,28.0,28.0,3.0,315.0,83.0,23.0,9.51,10.16,6.46,15.0,10.0,3.0,577.58,421.0,419.05,4.36,5.87,5.87,24.62,24.61,24.23,278.48,22.98,21.93,23.11,22.04,234.0,147.0,132.0,513.0,29.0,34.0,2.0,296.0,63.0,22.0,8.58,8.01,6.38,14.0,14.0,1.0,516.82,381.0,382.77,3.74,6.78,6.78,19.95,20.08,19.68,61.69,64.07,1493.0,1394.0,0.68,0.61,24.0,17.0,17.0,15.0,regular
8478542,2025,Evan Rodrigues,FLA,C,5on5,55,43888.0,925.0,33.97,0.54,0.49,0.55,0.51,0.55,0.5,250.0,109.83,7.64,6.57,28.05,3.71,59.36,44.67,7.28,7.65,7.29,4.0,5.0,103.0,47.0,44.0,194.0,18.0,9.0,12.0,3.0,22.0,0.0,55.0,52.0,94.0,141.0,14.0,28.0,243.0,53.0,22.0,33.0,127.0,16.0,7.0,3.63,1.98,2.03,4.0,3.0,2.0,193.75,150.0,149.78,17.0,1.36,2.5,1.89,7.11,7.04,6.95,925.0,117.0,84.0,162.0,562.0,166.0,122.0,158.0,479.0,243.0,269.0,111674.0,28.0,34.0,15.0,17.0,407.11,33.33,31.72,33.4,31.8,370.0,183.0,210.0,763.0,30.0,55.0,9.0,439.0,78.0,36.0,13.76,9.84,9.72,13.0,11.0,6.0,764.11,553.0,554.63,5.39,10.0,9.9,28.82,28.86,28.43,330.82,27.85,26.65,28.43,27.15,269.0,182.0,173.0,624.0,35.0,38.0,6.0,338.0,82.0,31.0,9.31,10.22,8.32,11.0,19.0,5.0,631.57,451.0,455.43,4.48,8.48,8.48,23.85,24.19,23.66,74.11,75.93,1732.0,1663.0,1.01,0.45,28.0,18.0,21.0,12.0,regular
8478055,2025,Gustav Forsling,FLA,D,5on5,55,59550.0,1206.0,25.93,0.52,0.5,0.54,0.51,0.53,0.51,110.0,57.41,2.08,3.05,16.98,1.93,34.01,24.94,2.04,2.1,2.06,7.0,8.0,57.0,26.0,71.0,154.0,17.0,2.0,6.0,0.0,22.0,1.0,28.0,24.0,55.0,81.0,11.0,22.0,0.0,31.0,15.0,33.0,81.0,2.0,0.0,1.86,0.22,0.0,2.0,0.0,0.0,152.53,83.0,83.49,22.0,0.61,1.26,0.25,2.44,2.45,2.4,1206.0,110.0,115.0,201.0,780.0,173.0,126.0,192.0,715.0,0.0,0.0,96012.0,22.0,10.0,5.0,32.0,515.37,43.84,42.35,43.74,42.25,469.0,232.0,272.0,973.0,46.0,55.0,8.0,524.0,137.0,40.0,15.62,16.87,11.35,18.0,18.0,10.0,965.2,701.0,698.36,6.93,10.88,10.67,40.11,39.99,39.33,462.89,39.85,38.56,40.2,38.9,400.0,232.0,211.0,843.0,52.0,54.0,7.0,473.0,118.0,41.0,13.75,14.77,11.33,28.0,17.0,7.0,851.67,632.0,636.15,6.48,10.6,10.6,35.72,36.2,35.71,63.59,63.94,1522.0,1444.0,4.08,0.29,81.0,7.0,69.0,6.0,regular
8483433,2025,Jack Devine,FLA,R,5on5,6,3001.0,74.0,0.15,0.46,0.54,0.52,0.52,0.52,0.52,66.0,7.66,0.53,0.55,1.7,0.24,3.86,3.13,0.51,0.49,0.47,0.0,0.0,5.0,5.0,3.0,13.0,0.0,0.0,1.0,0.0,0.0,0.0,4.0,5.0,5.0,10.0,1.0,2.0,0.0,4.0,0.0,2.0,9.0,0.0,1.0,0.28,0.0,0.24,0.0,0.0,0.0,12.34,10.0,9.47,1.0,0.11,0.07,0.32,0.32,0.3,0.29,74.0,13.0,2.0,19.0,40.0,14.0,11.0,6.0,43.0,0.0,0.0,15249.0,2.0,2.0,1.0,0.0,24.58,1.27,1.25,1.2,1.19,20.0,14.0,14.0,48.0,0.0,3.0,0.0,31.0,2.0,1.0,0.82,0.2,0.24,0.0,0.0,0.0,45.43,34.0,32.6,0.32,0.34,0.34,1.25,1.2,1.18,23.61,1.48,1.44,1.51,1.47,20.0,12.0,13.0,45.0,3.0,2.0,1.0,28.0,2.0,2.0,0.74,0.25,0.49,2.0,0.0,1.0,47.13,32.0,33.32,0.31,0.49,0.49,1.29,1.33,1.31,14.32,12.01,287.0,260.0,0.01,0.0,2.0,1.0,1.0,0.0,regular
8480021,2025,Jack Studnicka,FLA,C,5on5,18,7402.0,198.0,-0.39,0.32,0.51,0.46,0.52,0.43,0.51,200.0,13.87,0.84,0.74,3.79,0.52,7.14,5.98,0.84,0.8,0.8,0.0,0.0,15.0,4.0,6.0,25.0,0.0,0.0,1.0,0.0,4.0,0.0,6.0,8.0,15.0,19.0,2.0,4.0,21.0,19.0,2.0,3.0,16.0,2.0,1.0,0.34,0.26,0.25,0.0,0.0,0.0,23.55,19.0,18.09,2.0,0.15,0.03,0.0,0.99,0.95,0.95,198.0,28.0,13.0,41.0,116.0,23.0,31.0,27.0,117.0,21.0,32.0,42557.0,4.0,4.0,2.0,6.0,45.68,2.9,2.8,2.83,2.73,41.0,22.0,35.0,98.0,2.0,3.0,1.0,52.0,7.0,4.0,1.13,0.78,0.98,0.0,1.0,1.0,95.19,63.0,61.52,0.55,0.56,0.59,2.86,2.78,2.76,59.58,6.12,5.76,6.06,5.72,53.0,29.0,33.0,115.0,8.0,9.0,3.0,55.0,18.0,9.0,1.42,2.19,2.51,4.0,1.0,3.0,116.33,82.0,81.95,0.88,2.16,2.16,4.84,4.81,4.66,31.59,29.86,684.0,627.0,0.99,0.53,7.0,6.0,4.0,5.0,regular
8473507,2025,Jeff Petry,FLA,D,5on5,53,41556.0,914.0,10.03,0.51,0.51,0.51,0.53,0.51,0.52,259.0,42.37,1.61,2.36,12.05,1.55,25.23,18.2,1.57,1.57,1.53,5.0,1.0,35.0,26.0,44.0,105.0,6.0,0.0,4.0,0.0,10.0,0.0,19.0,28.0,35.0,61.0,10.0,20.0,0.0,49.0,1.0,40.0,58.0,2.0,1.0,1.17,0.22,0.22,0.0,0.0,0.0,103.68,61.0,60.47,27.0,0.48,0.7,0.37,1.72,1.68,1.65,914.0,99.0,54.0,158.0,603.0,134.0,147.0,117.0,516.0,0.0,0.0,108548.0,20.0,0.0,0.0,47.0,333.88,27.22,26.28,27.15,26.22,277.0,180.0,190.0,647.0,27.0,40.0,4.0,349.0,81.0,27.0,10.28,10.0,6.93,15.0,9.0,3.0,642.47,457.0,454.67,4.62,6.78,7.21,24.63,24.5,24.18,324.37,26.07,25.22,26.09,25.26,278.0,166.0,175.0,619.0,32.0,35.0,5.0,347.0,68.0,29.0,9.56,8.64,7.87,13.0,14.0,5.0,619.72,444.0,444.12,4.31,7.4,7.4,22.98,22.96,22.61,76.22,74.23,1771.0,1597.0,4.08,0.14,82.0,9.0,65.0,9.0,regular
8480003,2025,Jesper Boqvist,FLA,C,5on5,50,29981.0,742.0,5.57,0.47,0.52,0.47,0.54,0.48,0.52,435.0,45.66,3.54,2.93,11.38,1.58,23.83,17.74,3.46,3.58,3.49,1.0,3.0,39.0,22.0,16.0,77.0,7.0,3.0,6.0,0.0,9.0,0.0,25.0,18.0,36.0,58.0,7.0,14.0,24.0,98.0,4.0,30.0,47.0,11.0,3.0,1.43,1.32,0.79,1.0,2.0,0.0,77.45,61.0,60.95,11.0,0.61,0.84,0.98,3.18,3.17,3.13,742.0,95.0,56.0,141.0,450.0,115.0,101.0,90.0,436.0,24.0,42.0,111443.0,14.0,22.0,11.0,22.0,224.93,17.76,17.0,17.74,17.0,193.0,111.0,117.0,421.0,13.0,31.0,4.0,237.0,48.0,19.0,6.81,6.0,4.94,5.0,6.0,2.0,419.21,304.0,303.23,2.95,4.99,4.99,15.72,15.68,15.48,242.7,20.12,19.02,20.4,19.25,206.0,129.0,147.0,482.0,19.0,25.0,2.0,253.0,62.0,20.0,6.63,7.79,5.7,11.0,7.0,1.0,485.72,335.0,338.21,3.29,5.4,5.4,18.02,18.18,17.76,82.16,76.38,1892.0,1644.0,0.81,0.35,24.0,12.0,14.0,11.0,regular
8479981,2025,Jonah Gadjovich,FLA,L,5on5,10,4728.0,109.0,2.4,0.54,0.54,0.46,0.53,0.42,0.53,109.0,5.92,0.47,0.37,1.71,0.19,3.15,2.12,0.46,0.45,0.44,3.0,0.0,8.0,0.0,4.0,12.0,3.0,0.0,0.0,0.0,7.0,0.0,0.0,1.0,8.0,8.0,2.0,7.0,0.0,29.0,3.0,3.0,5.0,3.0,0.0,0.14,0.33,0.0,0.0,0.0,0.0,12.19,8.0,7.96,0.0,0.08,0.0,0.0,0.55,0.53,0.52,109.0,11.0,14.0,18.0,66.0,20.0,16.0,15.0,58.0,0.0,0.0,23229.0,7.0,5.0,1.0,3.0,26.83,2.27,2.15,2.26,2.14,23.0,13.0,30.0,66.0,3.0,1.0,0.0,26.0,8.0,2.0,0.76,1.07,0.45,1.0,1.0,1.0,67.06,36.0,36.49,0.4,0.19,0.19,2.48,2.47,2.37,34.34,1.92,1.91,1.9,1.9,31.0,19.0,28.0,78.0,1.0,3.0,0.0,47.0,3.0,0.0,1.46,0.45,0.0,0.0,1.0,0.0,77.79,50.0,49.78,0.43,0.21,0.21,2.14,2.13,2.12,17.62,14.76,397.0,347.0,0.1,0.01,3.0,1.0,2.0,1.0,regular
8479316,2025,Luke Kunin,FLA,C,5on5,42,18888.0,465.0,3.27,0.48,0.51,0.46,0.53,0.47,0.52,454.0,30.34,3.34,2.12,8.04,1.06,15.49,10.96,3.24,3.34,3.24,2.0,0.0,29.0,12.0,18.0,59.0,4.0,2.0,3.0,1.0,9.0,0.0,10.0,17.0,27.0,39.0,4.0,11.0,106.0,76.0,2.0,13.0,27.0,9.0,5.0,0.82,1.25,1.28,0.0,0.0,2.0,58.02,41.0,40.96,4.0,0.45,0.72,1.07,2.71,2.71,2.69,465.0,58.0,40.0,80.0,287.0,84.0,62.0,57.0,262.0,106.0,98.0,99208.0,11.0,11.0,4.0,24.0,126.43,9.14,8.93,9.08,8.88,106.0,68.0,73.0,247.0,6.0,14.0,2.0,140.0,24.0,10.0,3.74,2.95,2.45,2.0,0.0,4.0,244.17,174.0,173.25,1.66,2.19,2.19,8.61,8.54,8.45,141.84,9.91,9.71,10.04,9.84,131.0,66.0,94.0,291.0,15.0,15.0,3.0,160.0,29.0,8.0,4.19,3.59,2.13,7.0,5.0,3.0,294.55,197.0,199.08,1.85,2.55,2.55,9.2,9.35,9.24,73.2,69.33,1642.0,1463.0,0.2,0.29,9.0,16.0,5.0,12.0,regular
8482713,2025,Mackie Samoskevich,FLA,R,5on5,53,37806.0,864.0,32.87,0.53,0.5,0.56,0.51,0.56,0.5,374.0,96.84,9.43,6.59,22.74,3.21,49.81,37.22,9.07,9.52,9.14,9.0,1.0,82.0,47.0,42.0,171.0,13.0,3.0,9.0,0.0,9.0,1.0,52.0,55.0,79.0,126.0,9.0,18.0,0.0,97.0,7.0,30.0,94.0,25.0,10.0,3.83,3.19,2.41,2.0,1.0,0.0,171.63,129.0,129.79,11.0,1.38,1.81,2.52,8.3,8.36,8.22,864.0,98.0,75.0,141.0,550.0,176.0,115.0,121.0,452.0,0.0,3.0,111905.0,18.0,42.0,21.0,21.0,365.82,28.55,27.46,28.54,27.44,306.0,191.0,189.0,686.0,20.0,44.0,3.0,392.0,77.0,28.0,11.72,9.37,7.46,10.0,6.0,4.0,683.91,497.0,496.39,4.81,7.85,7.85,25.51,25.47,25.09,290.35,25.5,24.89,25.79,25.16,261.0,134.0,134.0,529.0,23.0,33.0,6.0,301.0,64.0,30.0,8.92,8.42,8.17,6.0,10.0,7.0,530.97,395.0,395.92,3.97,7.03,7.03,22.45,22.6,22.34,74.84,74.39,1726.0,1666.0,1.05,0.45,30.0,19.0,21.0,15.0,regular
8479314,2025,Matthew Tkachuk,FLA,L,5on5,8,6549.0,144.0,4.88,0.34,0.56,0.47,0.6,0.45,0.59,32.0,7.94,0.58,0.55,1.63,0.25,4.72,3.27,0.57,0.58,0.58,1.0,0.0,8.0,3.0,2.0,13.0,2.0,1.0,0.0,0.0,3.0,0.0,5.0,2.0,7.0,10.0,5.0,10.0,0.0,8.0,1.0,6.0,9.0,2.0,0.0,0.32,0.25,0.0,1.0,0.0,0.0,12.95,11.0,11.02,1.0,0.12,0.0,0.0,0.69,0.7,0.7,144.0,11.0,11.0,33.0,89.0,18.0,17.0,23.0,86.0,0.0,1.0,15951.0,10.0,10.0,5.0,1.0,44.0,2.6,2.58,2.58,2.57,46.0,15.0,20.0,81.0,2.0,1.0,0.0,54.0,7.0,0.0,1.69,0.9,0.0,2.0,0.0,0.0,79.24,61.0,60.24,0.51,0.17,0.17,2.94,2.92,2.9,54.31,4.95,4.83,5.02,4.9,53.0,21.0,18.0,92.0,5.0,7.0,1.0,56.0,13.0,5.0,1.79,1.75,1.41,2.0,2.0,1.0,93.05,74.0,74.63,0.77,1.2,1.2,4.52,4.62,4.55,10.37,8.07,251.0,168.0,0.02,0.74,2.0,5.0,1.0,5.0,regular
8478859,2025,Niko Mikkola,FLA,D,5on5,55,56614.0,1225.0,15.57,0.51,0.51,0.52,0.52,0.52,0.51,137.0,65.01,2.72,3.55,19.17,2.16,36.38,26.01,2.63,2.7,2.61,3.0,5.0,46.0,44.0,35.0,125.0,9.0,1.0,5.0,0.0,12.0,0.0,38.0,34.0,45.0,89.0,14.0,28.0,0.0,81.0,12.0,48.0,84.0,4.0,2.0,1.84,0.4,0.48,1.0,0.0,0.0,126.13,90.0,90.67,33.0,0.73,0.98,0.51,2.94,2.94,2.88,1225.0,111.0,121.0,228.0,765.0,182.0,125.0,170.0,748.0,0.0,0.0,98948.0,28.0,20.0,10.0,48.0,491.53,38.57,37.08,38.52,37.05,423.0,246.0,239.0,908.0,35.0,50.0,7.0,537.0,97.0,35.0,16.6,12.23,9.74,17.0,12.0,6.0,909.44,669.0,670.79,6.6,8.89,9.16,36.02,36.06,35.49,455.86,37.32,35.57,38.08,36.25,391.0,231.0,209.0,831.0,36.0,54.0,7.0,473.0,116.0,33.0,13.4,14.66,9.25,11.0,19.0,6.0,842.19,622.0,630.73,6.05,10.59,10.59,32.77,33.3,32.57,68.87,66.47,1587.0,1456.0,5.85,0.29,121.0,11.0,91.0,8.0,regular
8479393,2025,Noah Gregor,FLA,L,5on5,24,11119.0,273.0,1.46,0.44,0.53,0.47,0.53,0.48,0.53,270.0,21.74,1.31,1.41,5.38,0.76,12.71,9.44,1.31,1.28,1.27,2.0,0.0,19.0,12.0,9.0,40.0,3.0,1.0,4.0,0.0,2.0,0.0,8.0,16.0,18.0,30.0,4.0,11.0,12.0,26.0,1.0,8.0,26.0,4.0,1.0,0.64,0.4,0.27,0.0,1.0,0.0,39.33,31.0,30.58,3.0,0.29,0.36,0.0,1.6,1.56,1.56,273.0,36.0,17.0,49.0,171.0,39.0,48.0,26.0,160.0,12.0,20.0,58275.0,11.0,7.0,2.0,7.0,75.36,5.82,5.68,5.72,5.59,70.0,35.0,43.0,148.0,4.0,11.0,1.0,84.0,13.0,8.0,2.34,1.39,2.08,1.0,1.0,2.0,145.34,105.0,104.1,1.04,1.78,1.78,5.07,4.98,4.92,84.67,7.49,7.12,7.45,7.09,80.0,34.0,56.0,170.0,11.0,12.0,4.0,87.0,16.0,11.0,2.42,1.94,3.13,5.0,2.0,4.0,172.0,114.0,114.4,1.19,2.93,2.93,5.76,5.75,5.63,45.43,40.18,1003.0,885.0,0.69,0.1,8.0,8.0,6.0,7.0,regular
8477935,2025,Sam Bennett,FLA,C,5on5,55,44166.0,959.0,42.91,0.5,0.51,0.53,0.52,0.51,0.52,242.0,116.13,11.85,7.99,26.52,3.79,59.69,45.15,11.42,11.98,11.54,9.0,4.0,108.0,47.0,53.0,208.0,28.0,15.0,10.0,5.0,26.0,0.0,50.0,54.0,93.0,140.0,18.0,36.0,276.0,96.0,11.0,40.0,110.0,32.0,13.0,3.91,3.96,4.0,7.0,3.0,5.0,208.66,155.0,155.44,12.0,1.67,1.44,2.87,10.67,10.72,10.49,959.0,118.0,75.0,179.0,587.0,135.0,127.0,172.0,525.0,276.0,330.0,111396.0,36.0,16.0,8.0,21.0,400.54,33.17,32.11,33.26,32.18,358.0,185.0,213.0,756.0,40.0,39.0,8.0,411.0,108.0,24.0,12.71,13.66,6.82,19.0,11.0,10.0,752.94,543.0,541.73,5.44,6.28,6.42,32.2,32.16,31.63,384.13,33.45,32.41,33.65,32.63,336.0,185.0,158.0,679.0,35.0,40.0,5.0,381.0,110.0,30.0,11.29,13.86,8.3,14.0,16.0,5.0,684.73,521.0,525.36,5.31,7.58,7.58,31.18,31.47,31.03,74.26,70.33,1739.0,1608.0,1.59,1.01,40.0,25.0,31.0,22.0,regular
8477933,2025,Sam Reinhart,FLA,C,5on5,55,45865.0,964.0,51.6,0.53,0.5,0.51,0.53,0.51,0.52,206.0,81.09,9.05,5.65,18.08,2.76,42.11,32.36,8.56,9.06,8.59,6.0,6.0,61.0,49.0,47.0,157.0,20.0,8.0,6.0,2.0,7.0,1.0,37.0,51.0,53.0,102.0,2.0,4.0,22.0,47.0,13.0,31.0,74.0,24.0,12.0,2.67,2.96,3.43,3.0,4.0,1.0,156.65,110.0,110.49,9.0,1.18,1.09,2.98,7.26,7.33,7.24,964.0,135.0,123.0,194.0,512.0,112.0,106.0,160.0,586.0,22.0,40.0,109697.0,4.0,10.0,5.0,22.0,362.89,30.3,29.17,30.19,29.07,314.0,184.0,196.0,694.0,28.0,39.0,7.0,393.0,74.0,31.0,12.37,9.02,8.92,14.0,9.0,5.0,689.17,498.0,495.61,4.92,7.98,8.04,27.18,27.1,26.67,347.91,27.2,25.73,27.7,26.17,294.0,183.0,183.0,660.0,32.0,39.0,5.0,374.0,77.0,26.0,10.67,9.13,7.38,15.0,14.0,3.0,668.21,477.0,483.56,4.58,8.4,8.4,23.38,23.85,23.27,77.13,76.59,1801.0,1627.0,1.11,0.73,31.0,18.0,22.0,14.0,regular
8483771,2025,Sandis Vilmanis,FLA,L,5on5,12,7452.0,172.0,4.67,0.54,0.45,0.53,0.54,0.53,0.52,94.0,11.32,0.98,0.73,2.79,0.41,6.29,4.79,0.96,0.98,0.95,0.0,2.0,10.0,6.0,1.0,17.0,4.0,2.0,2.0,0.0,0.0,0.0,10.0,2.0,8.0,14.0,1.0,2.0,3.0,26.0,4.0,7.0,12.0,4.0,0.0,0.43,0.55,0.0,0.0,2.0,0.0,17.2,16.0,16.27,5.0,0.15,0.35,0.06,1.08,1.07,1.04,172.0,28.0,7.0,31.0,106.0,32.0,26.0,27.0,87.0,3.0,1.0,26681.0,2.0,6.0,3.0,3.0,60.08,4.86,4.76,4.96,4.86,49.0,33.0,28.0,110.0,6.0,5.0,1.0,62.0,16.0,4.0,2.08,1.84,0.95,2.0,3.0,1.0,110.68,82.0,83.24,0.82,0.75,0.75,4.93,5.02,4.94,52.54,4.08,4.02,4.08,4.02,36.0,37.0,23.0,96.0,5.0,6.0,2.0,56.0,12.0,5.0,1.46,1.42,1.21,0.0,4.0,1.0,95.53,73.0,72.69,0.7,0.87,0.87,3.92,3.89,3.88,15.51,18.81,396.0,344.0,0.12,0.59,6.0,5.0,5.0,5.0,regular
8477495,2025,Seth Jones,FLA,D,5on5,40,39659.0,833.0,27.0,0.53,0.51,0.52,0.51,0.52,0.51,120.0,49.19,1.89,2.87,14.39,1.63,29.06,20.16,1.83,1.83,1.77,3.0,6.0,43.0,27.0,34.0,104.0,9.0,0.0,3.0,0.0,6.0,0.0,37.0,24.0,43.0,70.0,5.0,12.0,0.0,33.0,8.0,33.0,67.0,3.0,0.0,1.54,0.34,0.0,0.0,0.0,0.0,102.28,70.0,68.61,21.0,0.58,0.76,0.04,2.43,2.36,2.3,833.0,86.0,101.0,168.0,478.0,97.0,96.0,125.0,515.0,0.0,0.0,73823.0,12.0,10.0,5.0,33.0,355.99,29.03,27.75,28.8,27.54,305.0,178.0,181.0,664.0,25.0,43.0,6.0,380.0,74.0,29.0,11.85,9.11,8.08,11.0,9.0,5.0,662.25,483.0,481.62,4.97,7.79,7.63,26.38,26.2,25.69,328.86,25.86,24.48,26.57,25.1,284.0,166.0,156.0,606.0,22.0,36.0,4.0,344.0,87.0,19.0,9.67,10.87,5.31,7.0,14.0,1.0,616.17,450.0,458.1,4.3,6.76,6.76,23.39,23.92,23.33,51.98,49.45,1193.0,1129.0,4.37,0.15,78.0,7.0,62.0,5.0,regular
8481600,2025,Tobias Bjornfot,FLA,D,5on5,9,6070.0,136.0,5.75,0.65,0.47,0.62,0.54,0.61,0.52,51.0,7.0,0.57,0.45,1.46,0.19,3.63,2.7,0.56,0.58,0.57,0.0,1.0,8.0,1.0,4.0,13.0,3.0,2.0,1.0,0.0,1.0,0.0,3.0,2.0,6.0,7.0,0.0,0.0,0.0,7.0,1.0,4.0,6.0,3.0,0.0,0.27,0.3,0.0,1.0,1.0,0.0,13.13,9.0,9.2,2.0,0.09,0.2,0.0,0.66,0.68,0.67,136.0,7.0,7.0,26.0,96.0,18.0,15.0,15.0,88.0,0.0,0.0,19602.0,0.0,0.0,0.0,7.0,55.11,4.45,4.34,4.41,4.31,43.0,34.0,32.0,109.0,7.0,5.0,0.0,58.0,16.0,3.0,1.84,1.76,0.85,4.0,2.0,1.0,107.95,77.0,76.35,0.76,0.81,0.81,4.39,4.36,4.29,35.47,2.36,2.3,2.39,2.32,34.0,15.0,17.0,66.0,3.0,3.0,1.0,40.0,6.0,3.0,1.04,0.55,0.77,2.0,0.0,1.0,67.23,49.0,49.2,0.46,0.62,0.62,2.2,2.2,2.17,11.63,13.25,281.0,240.0,0.28,0.0,8.0,0.0,5.0,0.0,regular
8484304,2025,Uvis Balinskis,FLA,D,5on5,46,39107.0,857.0,12.92,0.46,0.53,0.51,0.53,0.49,0.52,204.0,35.76,1.98,1.99,10.47,1.22,20.14,14.19,1.94,1.95,1.91,4.0,2.0,37.0,13.0,34.0,84.0,8.0,2.0,4.0,0.0,11.0,0.0,17.0,16.0,35.0,48.0,12.0,24.0,0.0,55.0,13.0,24.0,44.0,5.0,1.0,1.18,0.58,0.22,2.0,0.0,0.0,82.64,50.0,50.06,14.0,0.4,0.63,0.35,2.04,2.02,2.0,857.0,103.0,61.0,153.0,540.0,114.0,133.0,97.0,513.0,0.0,0.0,90810.0,24.0,16.0,8.0,27.0,311.84,23.96,23.24,23.72,23.03,274.0,151.0,176.0,601.0,23.0,31.0,4.0,342.0,65.0,18.0,10.73,8.46,4.77,14.0,7.0,2.0,594.22,425.0,422.14,4.1,5.3,4.9,23.16,22.97,22.66,317.71,28.11,27.02,28.22,27.15,257.0,177.0,151.0,585.0,29.0,40.0,7.0,327.0,78.0,29.0,9.74,10.24,8.12,11.0,13.0,5.0,589.91,434.0,437.02,4.41,8.52,8.52,23.99,24.04,23.59,66.56,59.35,1486.0,1325.0,4.22,0.02,87.0,2.0,64.0,2.0,regular
8477960,2025,Adrian Kempe,LAK,R,5on5,54,47229.0,931.0,45.2,0.44,0.55,0.51,0.53,0.5,0.53,199.0,114.44,7.65,6.54,29.24,3.68,57.81,48.09,7.43,7.71,7.47,9.0,3.0,100.0,53.0,81.0,234.0,24.0,12.0,10.0,1.0,24.0,0.0,43.0,64.0,88.0,141.0,15.0,30.0,32.0,90.0,11.0,34.0,122.0,27.0,4.0,3.56,3.12,0.96,5.0,5.0,2.0,234.79,153.0,154.12,10.0,1.35,1.54,0.72,8.28,8.33,8.24,931.0,110.0,95.0,158.0,568.0,81.0,133.0,146.0,571.0,32.0,48.0,114091.0,30.0,18.0,9.0,28.0,369.56,26.3,25.45,26.48,25.61,320.0,189.0,240.0,749.0,32.0,26.0,1.0,411.0,82.0,16.0,11.79,9.98,4.53,15.0,13.0,4.0,748.68,509.0,508.31,4.8,4.7,4.7,26.39,26.49,26.15,371.38,33.48,32.27,33.54,32.33,338.0,166.0,211.0,715.0,22.0,49.0,2.0,361.0,112.0,31.0,10.92,13.69,8.87,6.0,13.0,3.0,719.16,504.0,506.87,5.21,9.59,9.59,29.09,29.21,28.73,77.97,64.23,1926.0,1675.0,1.3,0.53,29.0,16.0,24.0,12.0,regular
8482155,2025,Alex Laferriere,LAK,R,5on5,54,44440.0,863.0,35.87,0.52,0.52,0.54,0.52,0.52,0.52,276.0,122.0,10.16,8.13,29.55,4.09,65.5,49.57,9.7,10.14,9.68,4.0,6.0,105.0,62.0,67.0,234.0,21.0,11.0,13.0,1.0,22.0,0.0,66.0,55.0,94.0,156.0,5.0,10.0,99.0,136.0,9.0,53.0,125.0,34.0,8.0,4.13,3.8,2.23,6.0,5.0,0.0,234.28,167.0,166.92,12.0,1.71,2.27,2.56,9.3,9.31,9.17,863.0,96.0,82.0,173.0,512.0,113.0,119.0,130.0,501.0,99.0,135.0,116880.0,10.0,12.0,6.0,21.0,377.93,27.86,26.84,27.85,26.82,338.0,183.0,244.0,765.0,28.0,37.0,3.0,420.0,73.0,28.0,12.13,8.33,7.39,12.0,11.0,5.0,761.16,521.0,518.34,5.05,6.35,6.35,26.56,26.56,26.15,345.34,26.17,25.42,26.35,25.6,313.0,159.0,169.0,641.0,20.0,30.0,2.0,375.0,78.0,19.0,11.49,9.45,5.24,11.0,7.0,2.0,642.24,472.0,474.08,4.67,5.52,5.52,25.32,25.48,25.08,76.41,71.54,1910.0,1749.0,1.0,0.77,33.0,26.0,27.0,19.0,regular
8481532,2025,Alex Turcotte,LAK,C,5on5,49,30607.0,675.0,21.38,0.59,0.5,0.58,0.52,0.57,0.51,455.0,63.72,8.42,5.23,14.0,2.25,32.98,23.12,8.17,8.34,8.1,4.0,5.0,54.0,32.0,25.0,111.0,12.0,3.0,14.0,1.0,7.0,0.0,30.0,32.0,51.0,83.0,8.0,19.0,222.0,28.0,11.0,19.0,50.0,26.0,10.0,2.13,3.32,2.97,1.0,2.0,0.0,109.94,86.0,85.41,7.0,1.12,3.0,3.52,6.01,5.97,5.91,675.0,83.0,42.0,98.0,452.0,100.0,101.0,66.0,408.0,222.0,186.0,115882.0,19.0,20.0,10.0,25.0,298.39,26.79,25.69,26.53,25.47,270.0,137.0,179.0,586.0,18.0,39.0,3.0,299.0,81.0,27.0,8.85,10.31,7.62,6.0,10.0,2.0,579.52,407.0,403.77,4.4,7.35,7.32,23.86,23.65,23.13,225.53,18.56,18.09,18.76,18.29,196.0,112.0,119.0,427.0,22.0,25.0,2.0,230.0,62.0,16.0,6.68,7.94,3.94,10.0,8.0,4.0,428.09,308.0,310.02,3.14,4.58,4.58,17.11,17.29,17.1,69.28,69.19,1857.0,1723.0,0.79,0.68,23.0,11.0,19.0,7.0,regular
8481732,2025,Andre Lee,LAK,L,5on5,7,4312.0,91.0,2.38,0.53,0.58,0.56,0.57,0.51,0.55,67.0,6.53,0.48,0.5,1.32,0.21,3.77,2.71,0.48,0.47,0.47,1.0,0.0,5.0,4.0,5.0,14.0,2.0,1.0,0.0,0.0,1.0,0.0,3.0,4.0,4.0,8.0,0.0,0.0,0.0,17.0,3.0,2.0,9.0,0.0,0.0,0.48,0.0,0.0,1.0,0.0,0.0,13.62,9.0,8.84,0.0,0.1,0.0,0.0,0.59,0.58,0.57,91.0,9.0,9.0,11.0,62.0,14.0,7.0,12.0,58.0,0.0,0.0,17872.0,0.0,0.0,0.0,3.0,29.3,2.49,2.47,2.46,2.44,24.0,16.0,26.0,66.0,2.0,0.0,0.0,30.0,8.0,2.0,1.12,0.95,0.42,1.0,1.0,0.0,63.48,40.0,39.3,0.46,0.0,0.0,2.95,2.91,2.88,27.2,2.2,2.18,2.29,2.27,24.0,14.0,14.0,52.0,4.0,4.0,1.0,29.0,8.0,1.0,0.93,0.99,0.28,2.0,2.0,0.0,53.62,38.0,38.92,0.4,0.73,0.73,1.87,1.92,1.91,13.14,9.45,302.0,232.0,0.17,0.01,4.0,1.0,3.0,1.0,regular
8483808,2025,Andrei Kuzmenko,LAK,L,5on5,49,34550.0,663.0,23.85,0.53,0.52,0.54,0.53,0.53,0.52,369.0,57.5,5.58,4.4,13.47,1.87,30.55,22.13,5.37,5.58,5.37,1.0,4.0,42.0,36.0,45.0,123.0,10.0,5.0,6.0,1.0,11.0,0.0,29.0,27.0,37.0,73.0,7.0,14.0,0.0,18.0,7.0,38.0,55.0,19.0,4.0,1.88,2.39,1.31,3.0,1.0,1.0,121.36,78.0,77.21,9.0,0.92,0.89,0.69,5.81,5.82,5.65,663.0,77.0,62.0,100.0,424.0,90.0,94.0,93.0,386.0,0.0,0.0,111767.0,14.0,20.0,10.0,14.0,288.71,25.1,24.04,25.06,24.01,263.0,134.0,181.0,578.0,20.0,32.0,3.0,291.0,85.0,21.0,8.37,10.54,6.19,6.0,11.0,3.0,572.94,397.0,395.35,4.2,6.3,6.3,22.99,22.95,22.54,265.81,21.82,20.97,21.99,21.14,218.0,141.0,142.0,501.0,21.0,30.0,2.0,266.0,76.0,17.0,8.02,9.31,4.5,8.0,11.0,2.0,504.87,359.0,362.81,3.64,5.85,5.85,19.61,19.73,19.39,69.94,65.7,1855.0,1662.0,0.83,1.33,30.0,22.0,21.0,19.0,regular
8471685,2025,Anze Kopitar,LAK,C,5on5,39,31686.0,628.0,22.53,0.48,0.53,0.5,0.53,0.5,0.52,194.0,41.67,4.22,2.89,10.08,1.37,21.08,15.35,4.12,4.29,4.19,5.0,4.0,31.0,24.0,16.0,71.0,12.0,3.0,2.0,0.0,7.0,0.0,21.0,22.0,28.0,52.0,2.0,4.0,255.0,19.0,9.0,22.0,35.0,17.0,3.0,1.12,2.18,0.92,0.0,2.0,1.0,71.19,55.0,55.08,9.0,0.62,0.39,1.0,3.84,3.87,3.85,628.0,73.0,85.0,89.0,381.0,67.0,88.0,91.0,382.0,255.0,196.0,82841.0,4.0,8.0,4.0,28.0,255.52,17.76,17.2,18.0,17.43,212.0,136.0,156.0,504.0,23.0,15.0,1.0,279.0,58.0,11.0,7.59,7.01,3.15,8.0,12.0,3.0,505.18,348.0,348.32,3.19,3.16,3.19,17.75,17.92,17.68,252.1,19.36,18.77,19.45,18.85,228.0,114.0,156.0,498.0,11.0,23.0,0.0,260.0,71.0,11.0,7.57,8.47,3.31,3.0,7.0,1.0,498.43,342.0,343.62,3.33,4.42,4.42,18.28,18.36,18.08,55.77,49.94,1401.0,1239.0,1.63,0.32,28.0,13.0,23.0,8.0,regular
8482730,2025,Brandt Clarke,LAK,D,5on5,54,53613.0,1054.0,42.2,0.55,0.5,0.55,0.51,0.56,0.5,176.0,80.47,3.58,4.73,21.72,2.61,46.48,34.88,3.51,3.55,3.47,12.0,2.0,83.0,31.0,49.0,163.0,18.0,4.0,6.0,0.0,26.0,0.0,29.0,49.0,79.0,110.0,17.0,34.0,0.0,22.0,16.0,58.0,103.0,10.0,1.0,2.16,1.19,0.23,2.0,1.0,1.0,162.12,114.0,112.78,36.0,0.96,1.47,0.15,4.39,4.36,4.28,1054.0,140.0,92.0,162.0,660.0,124.0,164.0,134.0,632.0,0.0,0.0,107707.0,34.0,20.0,10.0,96.0,488.98,36.22,35.22,36.07,35.08,431.0,248.0,296.0,975.0,38.0,42.0,5.0,539.0,107.0,33.0,15.01,12.36,8.85,17.0,16.0,5.0,967.04,679.0,674.53,6.71,7.39,7.39,35.54,35.52,34.98,382.64,30.12,29.12,30.48,29.46,340.0,184.0,259.0,783.0,23.0,41.0,1.0,404.0,97.0,23.0,11.75,11.85,6.52,12.0,10.0,1.0,790.4,524.0,530.94,5.1,7.97,7.97,27.25,27.66,27.28,68.04,67.59,1700.0,1607.0,3.25,0.47,70.0,15.0,50.0,11.0,regular
8475208,2025,Brian Dumoulin,LAK,D,5on5,54,52273.0,979.0,16.78,0.48,0.54,0.52,0.53,0.51,0.53,187.0,50.93,1.79,2.61,15.12,1.64,29.0,21.85,1.75,1.8,1.76,5.0,5.0,45.0,27.0,49.0,121.0,11.0,1.0,0.0,0.0,16.0,0.0,25.0,30.0,44.0,71.0,7.0,14.0,0.0,21.0,11.0,60.0,70.0,2.0,0.0,1.57,0.22,0.0,1.0,0.0,0.0,121.47,72.0,72.33,44.0,0.53,0.0,0.07,2.25,2.27,2.22,979.0,80.0,107.0,153.0,639.0,135.0,146.0,110.0,588.0,0.0,0.0,109047.0,14.0,8.0,4.0,57.0,420.91,32.56,31.62,32.6,31.67,364.0,211.0,272.0,847.0,27.0,33.0,1.0,445.0,105.0,25.0,12.94,12.82,6.79,12.0,12.0,3.0,847.0,575.0,576.0,5.7,6.78,6.89,31.38,31.52,31.01,413.1,35.88,34.67,35.89,34.68,357.0,205.0,234.0,796.0,27.0,50.0,4.0,410.0,120.0,32.0,11.57,14.81,9.51,10.0,11.0,6.0,798.32,562.0,566.38,5.79,10.64,10.64,31.04,31.18,30.78,71.7,61.83,1828.0,1594.0,4.38,0.41,91.0,10.0,68.0,7.0,regular
8476879,2025,Cody Ceci,LAK,D,5on5,54,48961.0,960.0,13.1,0.5,0.52,0.52,0.53,0.5,0.53,243.0,46.89,1.93,2.47,13.4,1.68,26.8,20.73,1.87,2.0,1.94,1.0,5.0,41.0,26.0,56.0,123.0,7.0,1.0,5.0,0.0,5.0,0.0,24.0,32.0,40.0,66.0,4.0,8.0,0.0,21.0,11.0,42.0,60.0,5.0,2.0,0.98,0.51,0.44,0.0,1.0,0.0,123.59,67.0,68.02,30.0,0.5,1.08,0.49,1.93,1.99,1.96,960.0,62.0,103.0,139.0,656.0,150.0,136.0,119.0,555.0,0.0,0.0,112359.0,8.0,0.0,0.0,52.0,395.37,32.36,31.16,32.46,31.25,329.0,210.0,278.0,817.0,23.0,38.0,1.0,409.0,102.0,28.0,11.99,12.52,7.86,10.0,11.0,2.0,815.96,539.0,540.09,5.48,7.54,7.43,30.41,30.44,29.91,387.95,32.06,31.11,32.04,31.1,341.0,191.0,215.0,747.0,30.0,38.0,5.0,401.0,108.0,23.0,12.09,13.25,6.71,13.0,11.0,6.0,747.13,532.0,533.7,5.48,7.49,7.49,30.05,30.08,29.73,71.9,65.66,1858.0,1643.0,3.56,0.22,84.0,10.0,62.0,6.0,regular
8470621,2025,Corey Perry,LAK,R,5on5,43,28395.0,581.0,28.34,0.53,0.51,0.52,0.53,0.51,0.53,365.0,53.8,5.0,3.78,12.89,1.86,27.7,21.76,4.8,4.96,4.75,5.0,5.0,45.0,28.0,30.0,103.0,14.0,4.0,9.0,0.0,6.0,0.0,28.0,26.0,41.0,69.0,12.0,30.0,5.0,18.0,4.0,26.0,49.0,19.0,5.0,1.4,2.19,1.41,2.0,1.0,1.0,103.56,73.0,73.1,10.0,0.8,1.33,1.74,4.06,4.1,4.05,581.0,76.0,30.0,81.0,394.0,59.0,102.0,90.0,330.0,5.0,10.0,99604.0,30.0,24.0,8.0,12.0,243.59,19.6,18.69,19.73,18.81,208.0,130.0,148.0,486.0,22.0,33.0,2.0,262.0,59.0,17.0,7.57,6.96,5.07,12.0,8.0,2.0,489.92,338.0,339.67,3.38,6.6,6.6,16.37,16.5,16.17,229.58,17.32,16.86,17.16,16.71,200.0,120.0,130.0,450.0,11.0,29.0,1.0,253.0,48.0,19.0,6.71,5.72,4.88,6.0,3.0,2.0,447.78,320.0,318.76,3.08,5.18,5.18,15.22,15.14,14.96,62.29,60.83,1640.0,1473.0,0.39,0.59,15.0,19.0,7.0,13.0,regular
8474563,2025,Drew Doughty,LAK,D,5on5,46,52820.0,965.0,22.68,0.55,0.5,0.54,0.52,0.53,0.52,75.0,51.37,1.7,2.71,15.22,1.7,29.99,22.69,1.67,1.68,1.66,3.0,2.0,50.0,24.0,42.0,116.0,7.0,2.0,4.0,0.0,14.0,0.0,27.0,27.0,48.0,72.0,12.0,24.0,0.0,23.0,10.0,50.0,73.0,1.0,0.0,1.54,0.16,0.0,1.0,1.0,0.0,113.81,74.0,73.06,34.0,0.54,1.19,0.0,2.24,2.21,2.18,965.0,84.0,102.0,198.0,581.0,112.0,122.0,137.0,594.0,0.0,0.0,84318.0,24.0,8.0,4.0,43.0,446.04,35.6,34.28,35.67,34.36,388.0,220.0,261.0,869.0,31.0,46.0,3.0,475.0,102.0,31.0,13.86,12.79,8.94,12.0,15.0,4.0,863.86,608.0,605.17,6.01,9.35,9.35,32.25,32.37,31.93,385.62,29.6,28.74,29.46,28.6,352.0,177.0,199.0,728.0,27.0,37.0,1.0,412.0,95.0,22.0,12.09,11.82,5.68,16.0,10.0,1.0,728.17,529.0,529.55,5.25,6.83,6.83,28.01,27.9,27.45,54.2,53.4,1405.0,1306.0,4.91,0.23,87.0,8.0,66.0,6.0,regular
8479421,2025,Jacob Moverare,LAK,D,5on5,12,6052.0,131.0,2.4,0.62,0.49,0.6,0.54,0.57,0.51,76.0,4.78,0.07,0.19,1.43,0.16,2.98,2.18,0.06,0.06,0.06,0.0,0.0,4.0,3.0,9.0,16.0,0.0,0.0,0.0,0.0,1.0,0.0,5.0,1.0,4.0,7.0,0.0,0.0,0.0,3.0,1.0,3.0,7.0,0.0,0.0,0.07,0.0,0.0,0.0,0.0,0.0,15.84,7.0,6.85,2.0,0.04,0.0,0.0,0.1,0.1,0.09,131.0,12.0,6.0,16.0,97.0,13.0,17.0,10.0,91.0,0.0,0.0,30690.0,0.0,0.0,0.0,7.0,66.15,5.6,5.31,5.49,5.2,50.0,39.0,56.0,145.0,2.0,9.0,0.0,61.0,25.0,3.0,1.73,3.2,0.67,1.0,1.0,0.0,142.39,89.0,87.53,0.97,1.56,1.56,5.01,4.92,4.82,47.73,3.47,3.41,3.51,3.45,40.0,27.0,31.0,98.0,6.0,6.0,0.0,54.0,12.0,1.0,1.65,1.49,0.33,3.0,3.0,0.0,99.35,67.0,67.55,0.67,0.64,0.64,3.5,3.55,3.51,19.48,20.04,488.0,420.0,0.82,0.03,12.0,1.0,8.0,1.0,regular
8482408,2025,Jeff Malott,LAK,L,5on5,38,20209.0,454.0,12.37,0.58,0.48,0.56,0.52,0.56,0.51,411.0,46.93,6.4,3.73,11.37,1.73,22.34,16.43,5.85,6.28,5.76,4.0,1.0,35.0,27.0,20.0,82.0,8.0,3.0,8.0,0.0,9.0,0.0,23.0,19.0,32.0,59.0,9.0,27.0,2.0,115.0,6.0,14.0,32.0,20.0,10.0,1.21,2.57,2.62,1.0,2.0,0.0,79.93,62.0,61.2,2.0,0.81,1.74,2.88,4.34,4.29,4.13,454.0,40.0,25.0,72.0,317.0,61.0,66.0,54.0,273.0,2.0,5.0,95031.0,27.0,21.0,6.0,17.0,195.93,17.21,16.29,17.01,16.11,161.0,105.0,126.0,392.0,14.0,32.0,0.0,194.0,54.0,18.0,5.62,6.64,4.95,7.0,6.0,1.0,386.92,266.0,264.13,2.82,5.78,5.78,14.25,14.15,13.84,149.76,12.53,12.15,12.67,12.28,133.0,73.0,106.0,312.0,16.0,15.0,2.0,157.0,41.0,8.0,5.01,5.13,2.4,9.0,5.0,2.0,315.18,206.0,208.05,2.01,3.21,3.21,11.34,11.43,11.33,53.66,58.33,1473.0,1370.0,0.19,0.05,12.0,3.0,6.0,2.0,regular
8476469,2025,Joel Armia,LAK,R,5on5,49,34791.0,737.0,17.63,0.48,0.51,0.5,0.53,0.5,0.52,370.0,54.87,3.98,3.51,13.78,1.82,28.87,23.03,3.92,4.04,3.98,6.0,2.0,43.0,32.0,35.0,110.0,12.0,4.0,5.0,0.0,9.0,0.0,32.0,25.0,39.0,71.0,8.0,16.0,22.0,42.0,18.0,30.0,60.0,13.0,2.0,1.88,1.59,0.51,1.0,3.0,0.0,111.3,75.0,76.39,10.0,0.72,1.22,0.82,3.88,3.98,3.95,737.0,83.0,77.0,136.0,441.0,114.0,109.0,101.0,413.0,22.0,37.0,110372.0,16.0,6.0,3.0,25.0,267.18,19.24,18.79,19.3,18.86,234.0,136.0,148.0,518.0,16.0,18.0,2.0,296.0,60.0,14.0,8.42,7.2,3.62,5.0,10.0,1.0,519.16,370.0,371.14,3.6,3.71,3.71,19.12,19.27,19.07,270.64,21.01,20.5,21.01,20.49,244.0,128.0,155.0,527.0,17.0,28.0,2.0,284.0,73.0,15.0,8.24,8.35,4.42,10.0,3.0,4.0,526.81,372.0,373.61,3.72,4.9,4.93,19.79,19.83,19.6,72.86,68.93,1880.0,1672.0,1.49,0.58,30.0,16.0,22.0,12.0,regular
8476441,2025,Joel Edmundson,LAK,D,5on5,54,48925.0,1026.0,20.3,0.49,0.53,0.51,0.54,0.51,0.53,245.0,70.36,3.13,4.11,21.26,2.5,41.36,28.65,3.01,3.12,3.0,1.0,9.0,69.0,32.0,58.0,159.0,12.0,2.0,5.0,0.0,14.0,1.0,43.0,36.0,67.0,99.0,8.0,19.0,0.0,53.0,6.0,46.0,95.0,4.0,2.0,2.04,0.59,0.49,2.0,0.0,0.0,158.21,101.0,100.77,36.0,0.85,1.03,0.73,3.25,3.26,3.2,1026.0,121.0,101.0,146.0,658.0,93.0,119.0,128.0,686.0,0.0,0.0,112395.0,19.0,19.0,8.0,51.0,411.01,29.74,28.89,29.66,28.81,360.0,210.0,245.0,815.0,32.0,36.0,5.0,459.0,86.0,25.0,13.14,10.04,6.56,15.0,14.0,3.0,812.6,570.0,568.44,5.68,6.0,6.3,29.12,29.17,28.76,401.27,30.76,29.72,31.26,30.2,353.0,198.0,244.0,795.0,23.0,45.0,2.0,429.0,100.0,22.0,12.65,12.24,5.87,14.0,7.0,2.0,801.33,551.0,557.35,5.43,7.89,7.93,28.27,28.68,28.24,74.52,66.95,1860.0,1595.0,4.53,0.45,117.0,11.0,84.0,8.0,regular
8477942,2025,Kevin Fiala,LAK,L,5on5,54,48831.0,948.0,43.43,0.54,0.5,0.54,0.52,0.54,0.52,161.0,114.92,10.4,8.56,28.33,3.95,61.97,44.79,10.07,10.35,10.03,5.0,0.0,99.0,59.0,56.0,214.0,19.0,14.0,10.0,3.0,27.0,0.0,57.0,50.0,85.0,144.0,15.0,30.0,6.0,27.0,12.0,58.0,116.0,33.0,9.0,3.96,4.05,2.38,4.0,7.0,3.0,211.07,158.0,155.86,15.0,1.79,1.66,1.76,10.43,10.37,10.2,948.0,116.0,94.0,157.0,581.0,111.0,149.0,132.0,556.0,6.0,16.0,112489.0,30.0,30.0,15.0,19.0,403.96,32.52,31.75,32.2,31.45,346.0,212.0,242.0,800.0,23.0,38.0,4.0,435.0,96.0,27.0,13.34,11.73,7.45,7.0,13.0,3.0,792.57,558.0,552.72,5.74,7.34,7.34,30.92,30.76,30.4,353.33,27.2,26.52,27.1,26.44,306.0,179.0,196.0,681.0,25.0,30.0,1.0,374.0,95.0,16.0,11.6,11.75,3.84,10.0,13.0,2.0,680.44,485.0,484.8,4.93,4.57,4.6,27.53,27.46,27.13,71.75,70.51,1875.0,1709.0,0.37,1.18,26.0,33.0,14.0,25.0,regular
8479998,2025,Mikey Anderson,LAK,D,5on5,54,54834.0,1030.0,14.58,0.51,0.52,0.5,0.54,0.49,0.54,160.0,48.05,2.83,2.65,13.45,1.7,27.5,20.87,2.59,2.86,2.61,4.0,3.0,43.0,26.0,44.0,113.0,8.0,1.0,4.0,0.0,13.0,0.0,21.0,30.0,42.0,68.0,5.0,10.0,0.0,54.0,8.0,37.0,61.0,6.0,2.0,1.33,0.74,0.75,1.0,0.0,0.0,111.6,69.0,67.97,24.0,0.53,0.54,1.12,2.25,2.23,2.18,1030.0,68.0,103.0,189.0,670.0,141.0,122.0,122.0,645.0,0.0,0.0,106486.0,10.0,18.0,9.0,65.0,437.34,35.29,33.87,35.4,33.96,382.0,213.0,247.0,842.0,29.0,51.0,3.0,457.0,107.0,31.0,13.15,13.09,9.04,10.0,16.0,3.0,840.72,595.0,593.63,5.95,9.89,9.58,31.65,31.66,31.29,441.74,34.06,33.17,33.95,33.07,392.0,217.0,220.0,829.0,28.0,42.0,3.0,472.0,110.0,27.0,13.69,13.47,6.9,14.0,10.0,4.0,826.13,609.0,606.97,6.07,7.55,7.58,32.55,32.41,32.0,68.97,63.65,1833.0,1561.0,3.95,0.26,113.0,6.0,79.0,5.0,regular
8482124,2025,Quinton Byfield,LAK,R,5on5,53,46485.0,927.0,34.6,0.52,0.52,0.53,0.53,0.53,0.52,200.0,90.27,7.78,5.94,21.16,2.99,47.17,36.95,7.64,7.73,7.59,6.0,2.0,79.0,43.0,37.0,159.0,13.0,5.0,5.0,0.0,12.0,0.0,43.0,57.0,74.0,117.0,11.0,22.0,246.0,38.0,19.0,45.0,94.0,20.0,8.0,3.25,2.44,2.09,1.0,4.0,0.0,157.14,122.0,121.12,12.0,1.24,0.88,1.46,7.56,7.57,7.51,927.0,87.0,107.0,162.0,571.0,116.0,96.0,144.0,571.0,246.0,305.0,111888.0,22.0,34.0,17.0,25.0,400.99,30.98,30.06,30.86,29.95,337.0,214.0,228.0,779.0,23.0,37.0,3.0,440.0,84.0,27.0,13.72,9.86,7.41,11.0,9.0,3.0,775.27,551.0,548.81,5.43,6.95,6.95,29.46,29.49,29.17,362.49,28.26,27.23,28.27,27.24,326.0,172.0,191.0,689.0,29.0,40.0,3.0,386.0,94.0,18.0,11.58,11.65,5.03,18.0,8.0,3.0,692.55,498.0,499.84,5.03,6.95,6.95,26.34,26.36,26.01,71.13,66.67,1849.0,1655.0,1.03,1.3,27.0,34.0,17.0,28.0,regular
8482726,2025,Samuel Helenius,LAK,C,5on5,27,12486.0,273.0,4.33,0.5,0.52,0.48,0.53,0.5,0.52,300.0,17.88,1.52,1.28,3.75,0.51,9.24,6.69,1.51,1.53,1.52,0.0,2.0,17.0,6.0,13.0,36.0,5.0,3.0,0.0,0.0,3.0,0.0,11.0,6.0,14.0,20.0,5.0,19.0,59.0,66.0,3.0,7.0,15.0,7.0,1.0,0.39,0.86,0.26,1.0,2.0,0.0,36.5,23.0,23.4,0.0,0.27,0.0,0.26,1.52,1.55,1.55,273.0,16.0,14.0,42.0,201.0,40.0,44.0,32.0,157.0,59.0,71.0,69365.0,19.0,21.0,6.0,9.0,86.98,6.33,6.12,6.38,6.17,78.0,40.0,57.0,175.0,7.0,8.0,0.0,88.0,27.0,3.0,2.37,3.25,0.7,2.0,5.0,0.0,175.37,118.0,118.16,1.23,1.52,1.52,6.03,6.08,5.99,86.3,6.31,6.21,6.35,6.25,78.0,41.0,71.0,190.0,7.0,6.0,1.0,92.0,24.0,3.0,2.58,2.94,0.79,3.0,4.0,0.0,191.59,119.0,119.98,1.14,1.08,1.08,6.37,6.44,6.4,49.12,44.98,1197.0,1048.0,0.36,0.12,13.0,6.0,8.0,4.0,regular
8483406,2025,Taylor Ward,LAK,R,5on5,13,7840.0,174.0,5.79,0.54,0.53,0.55,0.54,0.54,0.52,128.0,14.3,1.26,1.0,3.5,0.51,7.88,5.84,1.24,1.25,1.23,1.0,1.0,9.0,11.0,13.0,33.0,4.0,2.0,3.0,0.0,3.0,0.0,5.0,7.0,7.0,18.0,0.0,0.0,2.0,10.0,1.0,11.0,16.0,3.0,1.0,0.63,0.36,0.28,1.0,1.0,0.0,32.94,20.0,19.84,1.0,0.21,0.32,0.31,1.17,1.17,1.15,174.0,14.0,14.0,28.0,118.0,30.0,23.0,19.0,102.0,2.0,5.0,32675.0,0.0,2.0,1.0,4.0,67.38,4.75,4.69,4.78,4.72,53.0,39.0,54.0,146.0,7.0,6.0,0.0,74.0,16.0,2.0,2.33,1.89,0.54,4.0,3.0,0.0,144.43,92.0,91.91,0.93,0.63,0.63,5.05,5.1,5.05,55.59,4.07,3.95,4.13,4.01,52.0,27.0,41.0,120.0,3.0,6.0,1.0,61.0,15.0,3.0,1.48,1.84,0.74,1.0,2.0,0.0,121.61,79.0,79.93,0.8,1.01,1.01,3.85,3.88,3.85,22.16,19.59,521.0,446.0,0.31,0.1,8.0,3.0,4.0,3.0,regular
8479675,2025,Trevor Moore,LAK,L,5on5,42,32968.0,662.0,20.13,0.52,0.51,0.54,0.51,0.53,0.51,248.0,70.28,5.94,4.64,16.46,2.22,37.42,28.33,5.84,6.04,5.94,4.0,3.0,60.0,35.0,32.0,127.0,12.0,5.0,6.0,2.0,10.0,1.0,33.0,40.0,55.0,90.0,2.0,4.0,3.0,27.0,13.0,31.0,70.0,18.0,7.0,1.74,2.19,2.01,1.0,3.0,1.0,126.45,95.0,94.66,8.0,0.96,1.39,1.68,5.22,5.21,5.15,662.0,69.0,85.0,127.0,381.0,102.0,72.0,74.0,414.0,3.0,8.0,91055.0,4.0,6.0,3.0,20.0,281.43,21.95,21.26,22.04,21.36,239.0,143.0,188.0,570.0,14.0,27.0,3.0,293.0,69.0,20.0,7.69,8.52,5.74,7.0,6.0,1.0,567.42,382.0,380.53,3.8,5.59,5.59,20.16,20.2,19.9,249.65,20.15,19.44,20.16,19.46,221.0,120.0,143.0,484.0,18.0,25.0,2.0,260.0,65.0,16.0,7.26,8.38,4.5,9.0,6.0,3.0,484.91,341.0,343.97,3.4,5.23,5.26,18.29,18.37,18.09,55.7,54.48,1454.0,1378.0,0.51,1.27,20.0,28.0,15.0,22.0,regular
8477998,2025,Warren Foegele,LAK,L,5on5,43,32516.0,665.0,13.09,0.53,0.52,0.52,0.54,0.52,0.53,280.0,83.77,7.14,6.12,21.36,2.82,43.46,31.1,6.96,7.14,6.95,1.0,1.0,66.0,46.0,28.0,140.0,7.0,5.0,10.0,0.0,19.0,1.0,46.0,31.0,61.0,107.0,5.0,10.0,9.0,45.0,10.0,45.0,84.0,24.0,4.0,3.05,2.89,1.2,3.0,2.0,0.0,139.31,112.0,111.37,11.0,1.29,1.88,1.6,6.82,6.77,6.69,665.0,70.0,84.0,117.0,394.0,93.0,78.0,82.0,412.0,9.0,12.0,95385.0,10.0,14.0,7.0,8.0,286.71,20.97,20.2,20.75,20.01,239.0,151.0,161.0,551.0,12.0,28.0,1.0,310.0,65.0,15.0,8.85,8.07,4.06,5.0,6.0,1.0,546.95,390.0,387.66,3.87,4.97,4.97,19.88,19.74,19.48,258.4,18.55,17.88,18.58,17.92,229.0,130.0,152.0,511.0,16.0,24.0,1.0,290.0,57.0,12.0,7.7,7.17,3.69,14.0,1.0,1.0,512.49,359.0,362.03,3.44,5.01,5.01,16.98,17.09,16.84,64.73,59.57,1609.0,1388.0,0.65,1.1,16.0,29.0,9.0,23.0,regular
8480259,2025,Ben Jones,MIN,C,5on5,26,12892.0,279.0,-1.84,0.4,0.52,0.39,0.47,0.39,0.48,275.0,24.21,2.56,1.72,5.97,0.86,13.05,8.84,2.51,2.56,2.5,0.0,1.0,23.0,10.0,8.0,41.0,2.0,1.0,4.0,0.0,6.0,0.0,9.0,13.0,22.0,32.0,0.0,0.0,61.0,53.0,1.0,8.0,18.0,13.0,2.0,0.29,1.4,0.88,0.0,1.0,0.0,41.91,33.0,33.69,3.0,0.35,0.68,1.16,1.76,1.8,1.79,279.0,9.0,41.0,36.0,193.0,43.0,40.0,27.0,169.0,61.0,56.0,65203.0,0.0,8.0,4.0,11.0,92.51,6.98,6.84,7.07,6.92,82.0,45.0,48.0,175.0,3.0,11.0,0.0,99.0,23.0,5.0,2.61,2.68,1.69,1.0,2.0,0.0,179.7,127.0,129.9,1.23,1.85,1.85,6.36,6.48,6.37,141.68,10.57,9.79,10.66,9.85,123.0,72.0,78.0,273.0,12.0,17.0,0.0,156.0,31.0,8.0,4.21,4.13,2.23,6.0,6.0,0.0,271.54,195.0,194.88,1.94,3.27,3.27,9.24,9.26,8.88,47.87,44.89,1002.0,1117.0,0.12,0.47,6.0,12.0,4.0,9.0,regular
8482122,2025,Brock Faber,MIN,D,5on5,57,70235.0,1239.0,37.37,0.51,0.49,0.49,0.46,0.5,0.46,95.0,103.94,4.3,5.83,29.45,3.35,62.61,45.46,4.23,4.36,4.29,6.0,5.0,98.0,53.0,67.0,218.0,22.0,11.0,10.0,1.0,27.0,0.0,53.0,50.0,87.0,140.0,5.0,10.0,0.0,16.0,29.0,61.0,143.0,6.0,2.0,3.02,0.69,0.59,10.0,1.0,0.0,222.19,151.0,153.67,40.0,1.17,1.41,0.47,5.0,5.05,4.97,1239.0,101.0,170.0,243.0,725.0,151.0,120.0,167.0,801.0,0.0,0.0,101608.0,10.0,10.0,5.0,101.0,606.17,50.13,48.06,50.72,48.61,558.0,279.0,312.0,1149.0,57.0,62.0,7.0,640.0,150.0,47.0,18.35,17.77,14.01,27.0,21.0,9.0,1169.43,837.0,848.78,8.56,11.91,12.03,46.66,47.09,46.01,613.43,48.27,45.9,48.3,45.96,558.0,288.0,358.0,1204.0,50.0,63.0,5.0,668.0,137.0,41.0,19.26,17.93,11.07,20.0,23.0,7.0,1199.06,846.0,842.18,8.7,11.77,11.77,45.18,45.3,44.2,66.56,69.24,1495.0,1743.0,5.34,0.09,88.0,5.0,70.0,5.0,regular
8482781,2025,Carson Lambos,MIN,D,5on5,1,542.0,15.0,0.47,0.75,0.46,0.61,0.48,0.75,0.49,5.0,1.47,0.06,0.07,0.37,0.04,0.83,0.63,0.06,0.06,0.06,0.0,0.0,1.0,1.0,0.0,2.0,0.0,0.0,0.0,0.0,1.0,0.0,0.0,1.0,1.0,2.0,0.0,0.0,0.0,0.0,0.0,2.0,2.0,0.0,0.0,0.06,0.0,0.0,0.0,0.0,0.0,2.01,2.0,2.0,2.0,0.01,0.0,0.0,0.07,0.07,0.07,15.0,0.0,2.0,2.0,11.0,1.0,5.0,3.0,6.0,0.0,0.0,2746.0,0.0,0.0,0.0,1.0,6.61,0.41,0.41,0.43,0.43,6.0,3.0,2.0,11.0,1.0,0.0,0.0,7.0,2.0,0.0,0.21,0.2,0.0,0.0,1.0,0.0,11.32,9.0,9.28,0.09,0.0,0.0,0.5,0.53,0.52,2.1,0.14,0.14,0.14,0.14,3.0,0.0,4.0,7.0,0.0,0.0,0.0,3.0,0.0,0.0,0.14,0.0,0.0,0.0,0.0,0.0,7.13,3.0,3.12,0.03,0.0,0.0,0.17,0.17,0.17,1.74,2.02,44.0,48.0,0.0,0.0,0.0,0.0,0.0,0.0,regular
8482094,2025,Daemon Hunt,MIN,D,5on5,25,15951.0,350.0,-1.35,0.42,0.52,0.36,0.49,0.38,0.49,137.0,12.86,0.45,0.72,3.49,0.44,7.54,5.36,0.45,0.46,0.45,2.0,2.0,11.0,7.0,14.0,32.0,4.0,0.0,2.0,0.0,2.0,0.0,7.0,7.0,11.0,18.0,2.0,4.0,0.0,15.0,1.0,12.0,18.0,0.0,0.0,0.45,0.0,0.0,0.0,0.0,0.0,33.62,18.0,18.44,10.0,0.14,0.42,0.02,0.58,0.59,0.58,350.0,28.0,39.0,48.0,235.0,42.0,62.0,30.0,216.0,0.0,0.0,59199.0,4.0,8.0,3.0,30.0,100.72,8.04,7.79,8.21,7.93,83.0,53.0,48.0,184.0,7.0,10.0,0.0,102.0,29.0,5.0,3.04,3.74,1.26,4.0,3.0,0.0,190.41,136.0,139.4,1.36,1.61,1.61,7.79,7.89,7.76,158.03,11.12,10.66,10.95,10.5,136.0,88.0,101.0,325.0,8.0,18.0,2.0,191.0,22.0,11.0,5.13,2.84,3.15,5.0,1.0,2.0,320.49,224.0,219.95,2.11,3.8,3.8,9.42,9.37,9.2,41.95,39.45,937.0,976.0,1.22,0.05,33.0,4.0,24.0,4.0,regular
8483525,2025,Danila Yurov,MIN,R,5on5,50,36825.0,714.0,14.47,0.49,0.51,0.47,0.48,0.48,0.48,343.0,62.29,8.07,5.02,12.94,1.97,32.3,22.71,7.76,8.19,7.87,4.0,7.0,54.0,29.0,29.0,112.0,19.0,8.0,6.0,1.0,8.0,0.0,33.0,28.0,46.0,75.0,8.0,16.0,199.0,31.0,12.0,30.0,40.0,33.0,10.0,1.28,4.09,2.69,1.0,6.0,1.0,113.59,83.0,83.83,16.0,1.07,0.53,1.86,7.27,7.31,7.16,714.0,88.0,65.0,114.0,447.0,88.0,126.0,79.0,421.0,199.0,299.0,114787.0,16.0,22.0,10.0,32.0,293.01,24.08,22.97,24.48,23.34,271.0,137.0,139.0,547.0,28.0,24.0,1.0,302.0,85.0,21.0,8.19,10.27,5.62,16.0,11.0,1.0,559.24,408.0,415.09,4.13,3.87,4.08,24.13,24.41,23.74,315.68,25.04,24.33,24.98,24.28,310.0,124.0,188.0,622.0,32.0,31.0,4.0,348.0,64.0,22.0,10.2,8.29,6.55,15.0,10.0,7.0,616.72,434.0,430.75,4.15,6.41,6.41,22.79,22.71,22.34,79.33,76.95,1792.0,1947.0,1.29,0.29,26.0,8.0,19.0,8.0,regular
8483460,2025,David Jiricek,MIN,D,5on5,25,16750.0,355.0,-1.08,0.43,0.52,0.46,0.48,0.46,0.49,143.0,13.86,0.42,0.75,3.84,0.45,8.61,5.94,0.41,0.4,0.4,0.0,0.0,14.0,6.0,18.0,38.0,0.0,0.0,1.0,0.0,1.0,0.0,7.0,11.0,14.0,20.0,7.0,14.0,0.0,8.0,3.0,21.0,19.0,1.0,0.0,0.33,0.09,0.0,0.0,0.0,0.0,37.85,20.0,19.74,18.0,0.15,0.23,0.04,0.52,0.51,0.51,355.0,26.0,41.0,41.0,247.0,43.0,63.0,43.0,206.0,0.0,0.0,58541.0,14.0,2.0,1.0,16.0,145.22,11.73,11.27,11.75,11.3,126.0,71.0,74.0,271.0,10.0,20.0,0.0,147.0,37.0,13.0,4.17,4.46,3.1,6.0,3.0,1.0,274.1,197.0,198.85,2.06,3.2,3.2,10.59,10.67,10.42,171.82,15.4,14.51,15.47,14.56,154.0,81.0,81.0,316.0,10.0,27.0,1.0,176.0,41.0,18.0,5.29,5.39,4.71,5.0,4.0,1.0,313.45,235.0,233.22,2.52,5.58,5.58,12.35,12.45,12.16,42.96,39.46,924.0,1003.0,1.84,0.03,31.0,2.0,24.0,2.0,regular
8483766,2025,David Spacek,MIN,D,5on5,2,1272.0,29.0,-1.65,0.25,0.49,0.19,0.47,0.27,0.48,10.0,0.0,0.0,0.0,0.0,0.0,0.0,0.0,0.0,0.0,0.0,0.0,0.0,0.0,0.0,0.0,0.0,0.0,0.0,0.0,0.0,0.0,0.0,0.0,0.0,0.0,0.0,0.0,0.0,0.0,1.0,0.0,1.0,0.0,0.0,0.0,0.0,0.0,0.0,0.0,0.0,0.0,0.0,0.0,0.0,1.0,0.0,0.0,0.0,0.0,0.0,0.0,29.0,2.0,5.0,4.0,18.0,3.0,7.0,3.0,16.0,0.0,0.0,4580.0,0.0,0.0,0.0,2.0,7.3,0.37,0.37,0.34,0.34,6.0,4.0,0.0,10.0,1.0,0.0,0.0,9.0,1.0,0.0,0.23,0.14,0.0,0.0,1.0,0.0,9.18,10.0,9.34,0.09,0.0,0.0,0.46,0.42,0.42,18.73,1.11,1.08,1.15,1.11,16.0,11.0,15.0,42.0,2.0,1.0,1.0,24.0,2.0,1.0,0.66,0.17,0.28,1.0,0.0,1.0,44.33,27.0,28.46,0.23,0.28,0.28,1.06,1.12,1.1,2.69,2.82,65.0,72.0,0.09,0.01,1.0,1.0,1.0,1.0,regular
8483452,2025,Hunter Haight,MIN,C,5on5,5,2893.0,62.0,-1.06,0.43,0.59,0.43,0.51,0.43,0.53,46.0,3.85,0.43,0.3,1.03,0.13,1.83,1.27,0.29,0.48,0.33,0.0,0.0,4.0,1.0,1.0,6.0,0.0,0.0,2.0,0.0,1.0,0.0,2.0,0.0,4.0,5.0,0.0,0.0,17.0,6.0,1.0,3.0,3.0,1.0,1.0,0.07,0.1,0.26,0.0,0.0,0.0,6.75,5.0,5.55,2.0,0.06,0.39,0.36,0.14,0.15,0.13,62.0,6.0,3.0,9.0,44.0,11.0,9.0,6.0,36.0,17.0,19.0,11432.0,0.0,0.0,0.0,1.0,25.73,2.53,2.26,2.73,2.44,25.0,9.0,13.0,47.0,0.0,6.0,0.0,24.0,7.0,3.0,0.65,0.9,0.98,0.0,0.0,0.0,50.5,34.0,35.57,0.34,1.38,1.38,1.49,1.56,1.48,32.25,3.32,3.1,3.13,2.94,25.0,20.0,18.0,63.0,4.0,5.0,1.0,32.0,8.0,5.0,0.88,1.03,1.41,2.0,0.0,2.0,60.75,45.0,43.7,0.46,1.37,1.37,2.4,2.34,2.27,9.21,6.48,200.0,191.0,0.42,0.01,3.0,1.0,3.0,1.0,regular
8478136,2025,Jake Middleton,MIN,D,5on5,50,47098.0,945.0,6.97,0.5,0.49,0.47,0.48,0.47,0.48,203.0,44.46,2.37,2.53,13.04,1.48,25.53,18.04,2.31,2.37,2.32,5.0,5.0,39.0,24.0,34.0,97.0,11.0,1.0,5.0,0.0,8.0,0.0,31.0,18.0,38.0,62.0,19.0,55.0,0.0,64.0,4.0,31.0,57.0,4.0,2.0,1.41,0.46,0.5,1.0,0.0,0.0,98.73,63.0,63.86,19.0,0.52,0.91,0.77,2.12,2.15,2.11,945.0,68.0,109.0,131.0,637.0,108.0,133.0,105.0,599.0,0.0,0.0,103708.0,55.0,35.0,9.0,56.0,370.84,31.92,30.46,32.35,30.88,314.0,195.0,196.0,705.0,24.0,42.0,1.0,380.0,92.0,37.0,11.0,11.01,9.91,16.0,6.0,2.0,719.05,509.0,518.17,5.29,8.41,8.44,28.76,29.1,28.46,421.36,31.83,30.49,31.73,30.42,365.0,218.0,225.0,808.0,29.0,43.0,5.0,471.0,89.0,23.0,13.76,10.77,7.31,9.0,14.0,6.0,802.26,583.0,578.51,5.64,8.11,8.11,29.35,29.31,28.88,70.51,72.46,1623.0,1754.0,4.46,0.17,95.0,13.0,74.0,9.0,regular
8474716,2025,Jared Spurgeon,MIN,D,5on5,57,55445.0,1137.0,15.2,0.51,0.49,0.47,0.47,0.48,0.48,209.0,60.27,3.34,3.56,16.26,2.04,33.88,24.91,3.26,3.34,3.26,4.0,2.0,57.0,27.0,45.0,129.0,8.0,2.0,8.0,0.0,12.0,0.0,28.0,34.0,55.0,82.0,5.0,12.0,0.0,63.0,12.0,41.0,73.0,7.0,4.0,1.52,0.8,1.02,2.0,0.0,0.0,130.37,84.0,84.92,30.0,0.73,1.37,0.45,3.61,3.62,3.56,1137.0,86.0,139.0,165.0,747.0,116.0,156.0,119.0,746.0,0.0,0.0,116398.0,12.0,10.0,5.0,87.0,456.84,38.22,36.41,38.44,36.6,394.0,236.0,218.0,848.0,26.0,52.0,1.0,470.0,119.0,41.0,13.33,14.06,10.84,16.0,8.0,2.0,859.22,630.0,637.05,6.6,9.81,9.67,35.16,35.31,34.5,490.05,36.43,35.34,36.3,35.23,414.0,265.0,273.0,952.0,30.0,48.0,4.0,552.0,101.0,26.0,16.44,12.28,7.71,17.0,9.0,4.0,945.99,679.0,674.78,6.63,8.06,8.06,35.0,34.87,34.2,78.48,81.07,1796.0,1995.0,5.34,0.42,100.0,14.0,76.0,12.0,regular
8478493,2025,Joel Eriksson Ek,MIN,C,5on5,51,41214.0,802.0,41.49,0.53,0.48,0.51,0.46,0.51,0.46,282.0,93.16,7.93,6.2,22.35,3.05,49.5,36.97,7.5,7.96,7.51,4.0,6.0,86.0,40.0,31.0,157.0,19.0,9.0,10.0,2.0,11.0,0.0,53.0,43.0,77.0,117.0,8.0,16.0,302.0,68.0,8.0,25.0,99.0,20.0,7.0,2.73,2.54,2.66,4.0,2.0,3.0,158.32,126.0,126.41,9.0,1.29,2.0,3.04,6.18,6.14,6.04,802.0,96.0,129.0,181.0,396.0,114.0,98.0,127.0,463.0,302.0,340.0,112971.0,16.0,18.0,9.0,17.0,350.98,28.37,27.16,28.58,27.37,316.0,168.0,179.0,663.0,35.0,41.0,5.0,377.0,79.0,28.0,10.53,9.25,8.59,16.0,11.0,8.0,672.9,484.0,489.75,5.04,7.96,7.96,25.45,25.6,25.22,335.66,25.42,24.38,25.39,24.36,290.0,177.0,180.0,647.0,18.0,26.0,1.0,377.0,72.0,18.0,11.16,9.51,4.74,7.0,10.0,1.0,641.6,467.0,462.28,4.76,4.24,4.24,25.93,25.8,25.2,73.63,80.48,1690.0,2005.0,0.5,1.23,23.0,27.0,17.0,21.0,regular
8476463,2025,Jonas Brodin,MIN,D,5on5,42,46985.0,895.0,17.68,0.54,0.49,0.48,0.47,0.51,0.47,95.0,45.31,1.61,2.43,13.34,1.57,25.78,19.25,1.52,1.65,1.57,8.0,3.0,40.0,24.0,44.0,108.0,14.0,3.0,7.0,0.0,14.0,0.0,22.0,18.0,37.0,61.0,4.0,8.0,0.0,6.0,8.0,28.0,62.0,1.0,1.0,1.25,0.15,0.21,3.0,0.0,0.0,110.01,64.0,65.84,17.0,0.49,1.2,0.4,1.7,1.75,1.69,895.0,59.0,100.0,144.0,592.0,105.0,97.0,135.0,558.0,0.0,0.0,79831.0,8.0,18.0,9.0,74.0,398.95,32.28,30.83,32.44,30.97,364.0,189.0,193.0,746.0,35.0,44.0,5.0,427.0,89.0,37.0,11.4,10.37,10.5,17.0,12.0,6.0,754.32,553.0,558.95,5.59,8.25,8.04,29.82,30.04,29.42,389.75,27.79,26.66,27.87,26.74,351.0,189.0,254.0,794.0,26.0,34.0,1.0,447.0,72.0,21.0,12.93,9.11,5.75,15.0,7.0,4.0,794.76,540.0,539.23,5.36,5.43,5.43,27.72,27.82,27.16,54.39,55.58,1211.0,1357.0,4.0,0.43,66.0,11.0,51.0,10.0,regular
8478864,2025,Kirill Kaprizov,MIN,L,5on5,57,59281.0,1044.0,65.86,0.51,0.49,0.5,0.46,0.5,0.47,89.0,126.88,11.06,9.41,29.49,4.47,68.98,52.59,10.74,11.28,10.96,11.0,7.0,119.0,57.0,61.0,237.0,30.0,12.0,13.0,0.0,19.0,1.0,72.0,59.0,107.0,164.0,8.0,16.0,0.0,32.0,14.0,66.0,132.0,34.0,10.0,4.36,3.97,2.73,6.0,5.0,1.0,242.28,176.0,179.68,19.0,1.98,2.32,2.18,10.85,11.02,10.8,1044.0,180.0,88.0,209.0,567.0,112.0,169.0,187.0,576.0,0.0,2.0,112562.0,16.0,22.0,11.0,15.0,485.76,41.07,39.37,41.61,39.89,436.0,237.0,239.0,912.0,46.0,47.0,3.0,507.0,129.0,37.0,15.33,15.62,10.11,25.0,15.0,6.0,928.17,673.0,684.0,7.02,7.83,7.83,40.26,40.73,39.62,487.58,38.82,37.24,38.56,37.01,439.0,229.0,251.0,919.0,36.0,50.0,5.0,532.0,102.0,34.0,15.81,13.14,9.87,17.0,12.0,7.0,910.87,668.0,662.75,6.74,10.18,10.17,35.38,35.2,34.4,75.64,78.69,1732.0,2028.0,1.11,0.53,22.0,26.0,14.0,16.0,regular
8475220,2025,Marcus Foligno,MIN,L,5on5,46,31115.0,608.0,10.29,0.52,0.49,0.49,0.47,0.5,0.47,365.0,55.62,5.85,4.04,12.47,1.79,27.48,21.36,5.65,5.92,5.72,2.0,3.0,47.0,26.0,9.0,82.0,8.0,3.0,4.0,0.0,5.0,0.0,27.0,34.0,44.0,70.0,14.0,37.0,7.0,143.0,7.0,23.0,44.0,22.0,7.0,1.28,2.8,1.78,2.0,1.0,0.0,84.67,73.0,74.64,4.0,0.86,0.88,1.07,5.64,5.76,5.61,608.0,47.0,85.0,100.0,376.0,100.0,77.0,67.0,364.0,7.0,8.0,106764.0,37.0,29.0,10.0,29.0,271.4,22.34,21.6,22.81,22.02,231.0,136.0,146.0,513.0,12.0,28.0,0.0,277.0,64.0,26.0,7.73,7.83,6.78,8.0,3.0,1.0,524.5,367.0,373.0,3.73,5.21,5.41,20.66,20.93,20.57,267.87,20.83,20.0,20.66,19.86,233.0,140.0,159.0,532.0,23.0,30.0,2.0,289.0,64.0,20.0,7.74,7.77,5.31,8.0,11.0,4.0,528.53,373.0,369.88,3.68,5.1,4.96,19.55,19.54,19.15,71.42,74.79,1611.0,1841.0,0.33,1.72,13.0,28.0,10.0,25.0,regular
8475149,2025,Marcus Johansson,MIN,L,5on5,52,41515.0,799.0,34.47,0.54,0.48,0.5,0.46,0.5,0.47,302.0,64.68,5.76,4.49,14.64,1.97,34.02,26.12,5.65,5.8,5.68,11.0,5.0,64.0,23.0,31.0,118.0,24.0,8.0,6.0,0.0,14.0,0.0,28.0,31.0,56.0,79.0,3.0,6.0,5.0,21.0,13.0,34.0,57.0,28.0,2.0,2.04,3.23,0.49,4.0,4.0,0.0,119.26,87.0,87.86,8.0,0.94,1.3,0.69,6.01,6.04,5.97,799.0,89.0,112.0,161.0,437.0,125.0,116.0,123.0,435.0,5.0,5.0,115475.0,6.0,14.0,7.0,9.0,366.06,30.87,29.66,30.84,29.6,332.0,172.0,182.0,686.0,37.0,44.0,4.0,380.0,90.0,34.0,10.4,10.68,9.79,16.0,16.0,5.0,692.62,504.0,508.39,5.31,8.25,8.06,28.12,28.1,27.59,365.11,26.64,25.57,26.68,25.63,320.0,187.0,178.0,685.0,23.0,24.0,1.0,414.0,75.0,18.0,12.14,9.75,4.75,11.0,10.0,2.0,685.79,507.0,504.77,5.09,4.12,4.26,27.46,27.52,26.98,74.08,79.88,1717.0,1991.0,0.72,1.03,15.0,39.0,14.0,27.0,regular
8475692,2025,Mats Zuccarello,MIN,R,5on5,37,32595.0,597.0,27.61,0.53,0.49,0.49,0.46,0.5,0.46,138.0,53.86,4.79,3.6,12.28,1.91,26.59,22.83,4.6,4.95,4.75,8.0,6.0,42.0,30.0,27.0,99.0,19.0,5.0,5.0,1.0,13.0,0.0,18.0,31.0,37.0,67.0,4.0,8.0,16.0,10.0,6.0,30.0,46.0,25.0,1.0,1.48,3.07,0.24,2.0,3.0,0.0,101.85,72.0,73.95,6.0,0.75,0.86,0.7,4.84,4.98,4.81,597.0,102.0,56.0,110.0,329.0,59.0,107.0,102.0,329.0,16.0,18.0,79106.0,8.0,18.0,9.0,17.0,273.84,22.41,21.54,22.96,22.05,251.0,131.0,128.0,510.0,27.0,26.0,2.0,283.0,87.0,12.0,8.63,10.46,3.33,17.0,8.0,2.0,524.98,382.0,392.53,3.97,3.6,3.6,22.77,23.27,22.56,273.21,20.24,19.63,20.16,19.55,258.0,122.0,147.0,527.0,26.0,24.0,3.0,316.0,48.0,16.0,9.36,6.16,4.72,11.0,7.0,8.0,520.82,380.0,375.29,3.74,4.49,4.49,19.49,19.41,19.07,52.11,53.68,1172.0,1380.0,0.47,0.43,11.0,10.0,7.0,8.0,regular
8481557,2025,Matt Boldy,MIN,L,5on5,53,45775.0,835.0,59.91,0.53,0.48,0.52,0.45,0.52,0.46,229.0,127.82,11.79,9.86,29.4,4.43,68.5,52.02,11.28,11.86,11.34,10.0,6.0,109.0,67.0,54.0,230.0,30.0,14.0,13.0,1.0,14.0,0.0,75.0,60.0,95.0,162.0,8.0,16.0,27.0,38.0,12.0,45.0,129.0,33.0,14.0,3.92,3.78,4.1,4.0,6.0,4.0,231.58,176.0,177.12,10.0,2.06,3.1,3.09,10.77,10.83,10.63,835.0,102.0,123.0,158.0,452.0,123.0,122.0,156.0,434.0,27.0,19.0,114371.0,16.0,32.0,16.0,25.0,412.96,34.49,32.95,34.62,33.08,363.0,210.0,205.0,778.0,41.0,52.0,4.0,445.0,91.0,37.0,12.83,10.65,11.01,16.0,16.0,9.0,784.52,573.0,577.23,6.05,10.3,10.11,30.43,30.54,29.98,384.03,30.4,29.02,30.28,28.92,329.0,202.0,196.0,727.0,24.0,35.0,1.0,418.0,88.0,25.0,12.56,11.35,6.49,11.0,12.0,1.0,722.06,531.0,526.38,5.47,5.94,5.94,29.93,29.77,29.06,72.72,78.82,1668.0,2000.0,1.19,1.17,32.0,24.0,26.0,21.0,regular
8482641,2025,Matt Kiersted,MIN,D,5on5,4,3030.0,65.0,0.15,0.27,0.45,0.42,0.43,0.43,0.46,20.0,2.87,0.04,0.15,0.75,0.08,1.78,1.2,0.04,0.04,0.04,0.0,0.0,4.0,0.0,1.0,5.0,0.0,0.0,1.0,0.0,1.0,0.0,0.0,2.0,4.0,4.0,0.0,0.0,0.0,0.0,0.0,4.0,4.0,0.0,0.0,0.04,0.0,0.0,0.0,0.0,0.0,5.14,4.0,4.15,1.0,0.03,0.08,0.0,0.07,0.07,0.07,65.0,9.0,11.0,5.0,40.0,8.0,7.0,6.0,44.0,0.0,0.0,8713.0,0.0,0.0,0.0,3.0,21.0,1.28,1.27,1.32,1.31,19.0,10.0,12.0,41.0,0.0,1.0,0.0,25.0,4.0,0.0,0.73,0.55,0.0,0.0,0.0,0.0,42.14,29.0,29.83,0.27,0.08,0.08,1.47,1.52,1.51,28.83,3.38,3.18,3.33,3.14,22.0,16.0,19.0,57.0,2.0,3.0,0.0,27.0,6.0,5.0,1.05,0.98,1.35,0.0,1.0,1.0,55.91,38.0,37.23,0.43,0.69,0.69,3.11,3.07,2.93,5.74,7.0,131.0,175.0,0.1,0.01,4.0,1.0,4.0,1.0,regular
8481477,2025,Nico Sturm,MIN,C,5on5,34,18801.0,413.0,3.88,0.51,0.5,0.43,0.48,0.46,0.49,344.0,27.28,3.43,2.06,6.81,0.98,13.97,9.75,3.3,3.51,3.38,1.0,3.0,24.0,13.0,10.0,47.0,6.0,2.0,3.0,0.0,6.0,0.0,18.0,8.0,22.0,35.0,4.0,8.0,125.0,33.0,5.0,13.0,22.0,7.0,8.0,0.77,0.67,1.99,1.0,1.0,0.0,48.36,37.0,37.77,4.0,0.44,0.52,1.64,2.23,2.28,2.26,413.0,20.0,73.0,49.0,271.0,44.0,51.0,50.0,268.0,125.0,108.0,83825.0,8.0,0.0,0.0,13.0,143.41,12.49,12.18,12.85,12.53,118.0,76.0,72.0,266.0,9.0,22.0,0.0,146.0,31.0,17.0,4.28,3.59,4.63,7.0,2.0,0.0,275.45,194.0,200.68,2.03,4.56,4.36,10.17,10.45,10.32,164.31,11.93,11.41,11.61,11.12,130.0,101.0,120.0,351.0,12.0,17.0,1.0,188.0,32.0,11.0,5.47,3.63,2.82,7.0,5.0,0.0,344.38,231.0,226.31,2.26,3.0,3.0,11.19,10.97,10.73,57.13,57.52,1323.0,1407.0,0.67,0.21,20.0,5.0,13.0,3.0,regular
8477979,2025,Nicolas Aube-Kubel,MIN,R,5on5,4,2840.0,58.0,0.5,0.49,0.43,0.5,0.41,0.51,0.45,27.0,5.91,0.55,0.42,1.27,0.21,3.16,2.39,0.53,0.55,0.53,0.0,0.0,4.0,4.0,1.0,9.0,0.0,0.0,0.0,0.0,1.0,0.0,2.0,5.0,4.0,8.0,3.0,6.0,0.0,4.0,1.0,1.0,6.0,2.0,0.0,0.35,0.21,0.0,0.0,0.0,0.0,9.17,8.0,8.12,1.0,0.09,0.0,0.16,0.48,0.48,0.48,58.0,6.0,9.0,8.0,35.0,10.0,14.0,10.0,24.0,0.0,4.0,9201.0,6.0,2.0,1.0,4.0,27.55,1.81,1.77,1.83,1.79,27.0,10.0,15.0,52.0,0.0,3.0,0.0,31.0,5.0,1.0,1.05,0.52,0.24,0.0,0.0,0.0,54.72,37.0,38.29,0.37,0.4,0.4,1.78,1.81,1.8,25.52,1.91,1.87,1.94,1.9,25.0,11.0,17.0,53.0,1.0,5.0,0.0,30.0,5.0,1.0,0.85,0.66,0.4,1.0,0.0,0.0,51.98,36.0,35.72,0.34,0.84,0.84,1.4,1.41,1.39,5.82,7.66,128.0,181.0,0.0,0.1,0.0,3.0,0.0,2.0,regular
8480800,2025,Quinn Hughes,MIN,D,5on5,51,67534.0,1085.0,56.5,0.52,0.46,0.53,0.45,0.52,0.46,58.0,96.85,4.16,5.97,25.07,3.16,60.02,42.62,4.07,4.12,4.04,12.0,11.0,97.0,44.0,90.0,231.0,25.0,2.0,6.0,0.0,32.0,0.0,54.0,47.0,95.0,139.0,10.0,20.0,0.0,4.0,17.0,64.0,135.0,6.0,0.0,3.46,0.7,0.0,1.0,1.0,0.0,229.84,141.0,139.37,33.0,1.19,1.4,0.03,5.33,5.28,5.17,1085.0,138.0,140.0,215.0,592.0,96.0,174.0,182.0,633.0,0.0,0.0,81256.0,20.0,36.0,18.0,50.0,628.15,53.24,50.66,53.26,50.67,533.0,333.0,328.0,1194.0,60.0,71.0,9.0,673.0,138.0,55.0,20.67,17.3,15.27,28.0,18.0,14.0,1197.2,866.0,866.82,8.9,13.31,13.55,48.58,48.78,47.44,579.57,49.86,47.19,49.92,47.27,517.0,272.0,282.0,1071.0,54.0,61.0,6.0,575.0,176.0,38.0,16.6,22.88,10.37,20.0,28.0,6.0,1069.88,789.0,789.99,8.28,10.96,10.96,47.19,47.34,46.01,50.84,59.71,1183.0,1425.0,3.93,0.18,76.0,5.0,62.0,3.0,regular
8477451,2025,Ryan Hartman,MIN,R,5on5,53,45519.0,806.0,26.02,0.5,0.5,0.48,0.48,0.48,0.49,224.0,107.74,9.14,7.41,25.18,3.45,58.3,43.51,8.53,9.08,8.45,5.0,3.0,83.0,64.0,40.0,187.0,16.0,8.0,13.0,1.0,20.0,0.0,48.0,58.0,75.0,139.0,11.0,25.0,269.0,43.0,17.0,37.0,111.0,26.0,10.0,3.39,3.2,2.55,3.0,3.0,2.0,189.45,147.0,148.0,12.0,1.55,3.04,2.41,8.27,8.31,7.91,806.0,85.0,105.0,121.0,495.0,116.0,136.0,111.0,443.0,269.0,358.0,114073.0,25.0,33.0,15.0,72.0,395.09,33.82,32.56,33.79,32.52,347.0,193.0,213.0,753.0,23.0,41.0,2.0,403.0,101.0,36.0,12.12,12.01,9.69,12.0,8.0,3.0,762.62,540.0,544.92,5.54,7.92,7.93,31.42,31.5,30.72,419.68,33.16,31.58,33.25,31.7,377.0,203.0,238.0,818.0,25.0,45.0,4.0,457.0,94.0,29.0,12.97,11.77,8.41,8.0,11.0,6.0,820.96,580.0,579.5,5.9,8.04,8.04,31.02,31.21,30.51,75.96,74.93,1742.0,1898.0,0.81,0.9,26.0,20.0,20.0,15.0,regular
8475752,2025,Tyler Pitlick,MIN,C,5on5,30,13886.0,300.0,-1.23,0.47,0.5,0.4,0.48,0.42,0.48,337.0,29.56,2.49,2.04,6.71,0.95,15.91,11.9,2.46,2.51,2.49,0.0,0.0,26.0,14.0,7.0,47.0,2.0,2.0,5.0,0.0,2.0,0.0,17.0,14.0,24.0,38.0,2.0,4.0,0.0,72.0,5.0,7.0,30.0,9.0,1.0,1.05,1.17,0.27,1.0,1.0,0.0,48.83,40.0,41.13,6.0,0.43,0.6,0.51,2.41,2.43,2.43,300.0,14.0,40.0,41.0,205.0,37.0,47.0,24.0,192.0,0.0,3.0,77647.0,4.0,4.0,2.0,17.0,102.6,8.49,8.18,8.54,8.23,87.0,51.0,50.0,188.0,3.0,15.0,0.0,103.0,25.0,10.0,2.76,3.03,2.7,1.0,2.0,0.0,193.14,138.0,141.49,1.42,2.89,3.08,6.84,6.97,6.88,138.3,9.5,9.01,9.48,8.98,117.0,75.0,85.0,277.0,9.0,10.0,0.0,161.0,26.0,5.0,4.47,3.66,1.38,4.0,5.0,0.0,273.12,192.0,189.46,1.81,1.9,1.9,9.4,9.35,9.04,57.21,56.91,1230.0,1354.0,0.76,0.56,10.0,10.0,8.0,9.0,regular
8476994,2025,Vinnie Hinostroza,MIN,C,5on5,43,25700.0,507.0,7.29,0.41,0.53,0.46,0.48,0.44,0.49,401.0,52.39,5.08,3.53,12.22,1.62,26.76,19.79,4.89,5.28,5.08,0.0,4.0,40.0,29.0,20.0,89.0,7.0,3.0,7.0,0.0,3.0,0.0,28.0,28.0,37.0,66.0,3.0,6.0,19.0,26.0,14.0,35.0,45.0,20.0,4.0,1.44,2.44,1.19,2.0,1.0,0.0,91.39,69.0,70.99,9.0,0.75,1.06,1.5,4.32,4.42,4.37,507.0,41.0,57.0,77.0,332.0,89.0,79.0,58.0,281.0,19.0,17.0,103948.0,6.0,22.0,10.0,18.0,195.35,14.38,13.87,14.73,14.19,164.0,103.0,132.0,399.0,13.0,18.0,0.0,208.0,48.0,11.0,5.72,5.69,2.97,10.0,3.0,0.0,409.44,267.0,272.44,2.56,3.31,3.06,13.89,14.12,13.9,241.42,20.98,19.61,20.8,19.49,217.0,118.0,130.0,465.0,19.0,38.0,5.0,253.0,63.0,19.0,7.53,7.63,5.82,7.0,7.0,5.0,461.69,335.0,333.02,3.6,6.79,6.79,17.79,17.83,17.45,74.16,65.74,1618.0,1722.0,1.47,1.06,21.0,19.0,17.0,18.0,regular
8475765,2025,Vladimir Tarasenko,MIN,R,5on5,50,35675.0,721.0,21.36,0.47,0.51,0.43,0.49,0.44,0.5,374.0,72.88,7.77,4.7,17.92,2.65,37.28,27.68,7.11,7.9,7.21,3.0,4.0,64.0,34.0,35.0,133.0,16.0,9.0,8.0,1.0,14.0,0.0,39.0,28.0,55.0,89.0,4.0,8.0,5.0,37.0,8.0,33.0,74.0,12.0,12.0,2.59,1.53,3.65,7.0,1.0,1.0,136.87,98.0,99.96,6.0,0.99,1.26,2.81,5.95,6.02,5.79,721.0,83.0,106.0,133.0,399.0,65.0,112.0,88.0,456.0,5.0,4.0,114725.0,8.0,16.0,8.0,23.0,272.16,23.57,22.19,23.81,22.4,244.0,130.0,153.0,527.0,18.0,30.0,3.0,286.0,59.0,29.0,8.22,7.02,8.33,10.0,5.0,3.0,536.66,374.0,377.74,3.76,6.32,6.59,20.73,20.88,20.28,336.44,26.77,25.4,26.66,25.35,306.0,161.0,223.0,690.0,20.0,37.0,3.0,373.0,70.0,24.0,10.55,8.95,7.26,8.0,10.0,2.0,688.53,467.0,465.34,4.68,7.34,7.34,24.11,24.18,23.67,79.95,76.71,1829.0,1875.0,0.84,0.26,20.0,11.0,16.0,7.0,regular
8478508,2025,Yakov Trenin,MIN,C,5on5,57,40184.0,754.0,7.65,0.48,0.5,0.42,0.49,0.44,0.49,416.0,74.43,8.26,5.62,17.53,2.67,37.73,28.21,7.99,8.34,8.08,9.0,3.0,56.0,44.0,22.0,122.0,16.0,4.0,9.0,0.0,11.0,0.0,36.0,40.0,52.0,96.0,10.0,23.0,33.0,275.0,16.0,37.0,65.0,21.0,14.0,2.32,2.35,3.59,3.0,1.0,0.0,124.28,100.0,101.81,15.0,1.19,2.18,2.23,7.22,7.26,7.18,754.0,57.0,102.0,111.0,484.0,136.0,132.0,85.0,401.0,33.0,50.0,131659.0,23.0,19.0,8.0,25.0,298.74,27.68,26.67,28.16,27.14,263.0,142.0,156.0,561.0,29.0,35.0,2.0,292.0,74.0,39.0,8.53,8.61,10.53,16.0,11.0,2.0,572.96,405.0,412.57,4.2,8.27,8.27,23.6,24.01,23.7,378.23,29.44,28.19,29.27,28.02,337.0,181.0,241.0,759.0,20.0,49.0,2.0,411.0,82.0,25.0,12.02,10.53,6.88,10.0,7.0,3.0,750.0,518.0,511.08,5.07,8.68,8.69,25.82,25.62,25.15,89.01,88.06,2083.0,2188.0,1.46,0.81,14.0,26.0,10.0,16.0,regular
8474567,2025,Zach Bogosian,MIN,D,5on5,24,19988.0,393.0,3.94,0.47,0.51,0.47,0.48,0.46,0.49,124.0,19.55,0.73,1.07,5.74,0.7,11.32,8.44,0.71,0.75,0.73,2.0,1.0,20.0,8.0,15.0,43.0,4.0,1.0,4.0,0.0,3.0,0.0,10.0,10.0,19.0,27.0,3.0,6.0,0.0,20.0,5.0,12.0,27.0,1.0,0.0,0.54,0.18,0.0,1.0,0.0,0.0,44.32,28.0,28.79,12.0,0.22,1.15,0.03,0.91,0.94,0.93,393.0,26.0,23.0,45.0,299.0,40.0,78.0,42.0,233.0,0.0,1.0,52292.0,6.0,4.0,2.0,22.0,159.97,13.63,13.31,14.09,13.76,141.0,76.0,87.0,304.0,15.0,17.0,0.0,164.0,39.0,14.0,4.82,4.55,4.26,9.0,5.0,1.0,317.25,217.0,225.04,2.16,3.52,3.52,12.28,12.69,12.54,183.45,15.37,14.43,14.82,13.94,164.0,91.0,92.0,347.0,9.0,21.0,1.0,204.0,34.0,17.0,5.88,4.4,5.09,3.0,3.0,3.0,338.05,255.0,247.27,2.5,4.3,4.3,13.58,13.15,12.89,33.68,32.17,807.0,877.0,1.71,0.06,45.0,5.0,34.0,4.0,regular
8483686,2025,Adam Engstrom,MTL,D,5on5,11,8207.0,180.0,1.32,0.44,0.46,0.51,0.47,0.5,0.48,60.0,8.33,0.32,0.42,2.39,0.27,4.8,3.8,0.31,0.32,0.31,0.0,0.0,7.0,5.0,7.0,19.0,0.0,0.0,0.0,0.0,2.0,0.0,6.0,4.0,7.0,12.0,3.0,6.0,0.0,4.0,2.0,6.0,12.0,0.0,0.0,0.32,0.0,0.0,0.0,0.0,0.0,19.62,12.0,12.21,5.0,0.09,0.0,0.05,0.36,0.35,0.35,180.0,23.0,7.0,16.0,134.0,19.0,31.0,7.0,123.0,0.0,0.0,24358.0,6.0,2.0,1.0,5.0,59.13,4.54,4.43,4.59,4.49,47.0,36.0,32.0,115.0,6.0,4.0,0.0,72.0,6.0,5.0,2.61,0.75,1.17,6.0,0.0,0.0,117.87,83.0,84.25,0.78,0.36,0.36,4.96,5.02,4.97,60.88,5.68,5.46,5.55,5.34,52.0,30.0,28.0,110.0,2.0,9.0,0.0,60.0,14.0,8.0,1.8,1.63,2.25,2.0,0.0,0.0,108.25,82.0,80.64,0.87,1.57,1.57,4.98,4.85,4.82,15.2,18.14,350.0,402.0,0.67,0.08,12.0,2.0,10.0,2.0,regular
8481618,2025,Alex Newhook,MTL,C,5on5,17,12020.0,239.0,9.75,0.46,0.5,0.45,0.49,0.44,0.5,106.0,15.94,1.8,1.06,3.2,0.48,8.14,6.33,1.74,1.85,1.79,4.0,1.0,13.0,8.0,6.0,27.0,9.0,4.0,2.0,1.0,3.0,0.0,5.0,7.0,9.0,17.0,4.0,8.0,26.0,25.0,0.0,3.0,12.0,8.0,1.0,0.42,0.97,0.42,0.0,3.0,1.0,27.37,21.0,21.55,2.0,0.22,0.67,0.42,1.61,1.62,1.6,239.0,30.0,17.0,40.0,152.0,27.0,35.0,34.0,143.0,26.0,44.0,38005.0,8.0,10.0,5.0,4.0,79.05,6.33,6.1,6.41,6.19,70.0,38.0,46.0,154.0,14.0,6.0,3.0,75.0,30.0,3.0,1.98,3.46,0.89,2.0,9.0,3.0,155.34,108.0,109.02,1.04,1.28,1.28,6.08,6.14,6.01,97.97,7.53,7.02,7.56,7.06,86.0,49.0,51.0,186.0,9.0,13.0,0.0,106.0,23.0,6.0,2.97,2.85,1.7,5.0,3.0,1.0,185.04,135.0,134.21,1.31,2.07,2.07,6.77,6.84,6.48,23.89,23.99,551.0,568.0,0.66,0.02,11.0,2.0,9.0,2.0,regular
8478851,2025,Alexandre Carrier,MTL,D,5on5,56,52987.0,1090.0,17.68,0.49,0.49,0.48,0.49,0.49,0.51,226.0,51.54,2.46,2.95,14.76,1.77,30.17,21.9,2.4,2.41,2.36,6.0,6.0,44.0,30.0,34.0,108.0,18.0,6.0,4.0,0.0,15.0,0.0,23.0,26.0,38.0,68.0,10.0,20.0,0.0,23.0,20.0,36.0,67.0,5.0,2.0,1.42,0.52,0.51,4.0,1.0,1.0,106.95,74.0,73.09,23.0,0.6,1.2,0.35,2.7,2.67,2.62,1090.0,66.0,115.0,170.0,739.0,149.0,110.0,139.0,692.0,0.0,0.0,111846.0,20.0,16.0,8.0,92.0,410.42,35.87,34.56,35.97,34.66,367.0,201.0,228.0,796.0,43.0,40.0,4.0,436.0,95.0,37.0,13.98,11.86,10.04,16.0,17.0,10.0,796.19,568.0,568.03,5.55,7.49,7.55,33.88,34.05,33.5,444.02,37.96,36.3,38.05,36.38,384.0,210.0,268.0,862.0,45.0,55.0,5.0,432.0,127.0,35.0,13.32,15.28,9.35,19.0,22.0,4.0,861.6,594.0,593.03,5.95,9.74,9.9,34.0,34.02,33.12,71.49,74.65,1648.0,1683.0,2.59,0.3,66.0,15.0,51.0,8.0,regular
8480074,2025,Alexandre Texier,MTL,L,5on5,38,28132.0,573.0,19.6,0.49,0.49,0.51,0.49,0.51,0.5,225.0,56.41,5.43,3.38,13.49,1.88,28.99,22.83,5.22,5.45,5.24,4.0,6.0,52.0,24.0,21.0,97.0,17.0,7.0,1.0,1.0,11.0,0.0,28.0,29.0,45.0,69.0,5.0,10.0,2.0,40.0,5.0,16.0,53.0,17.0,6.0,1.53,2.12,1.78,1.0,5.0,1.0,96.88,76.0,75.32,6.0,0.7,0.21,1.37,4.76,4.76,4.62,573.0,58.0,54.0,121.0,340.0,101.0,86.0,65.0,321.0,2.0,10.0,84725.0,10.0,14.0,6.0,12.0,228.46,19.62,18.98,19.67,19.02,197.0,117.0,132.0,446.0,23.0,25.0,3.0,229.0,67.0,18.0,6.9,8.05,4.67,8.0,13.0,2.0,446.22,314.0,312.99,2.99,4.15,4.15,18.46,18.44,18.09,227.02,20.47,19.68,20.44,19.65,185.0,120.0,118.0,423.0,14.0,30.0,1.0,220.0,66.0,19.0,7.09,8.1,5.28,8.0,2.0,4.0,423.28,305.0,304.36,3.18,5.27,5.27,18.38,18.27,17.94,55.99,59.44,1237.0,1294.0,0.38,1.01,12.0,16.0,8.0,15.0,regular
8482964,2025,Arber Xhekaj,MTL,D,5on5,50,32866.0,676.0,0.5,0.43,0.5,0.48,0.49,0.48,0.5,280.0,32.42,1.25,1.72,9.75,1.05,19.27,13.96,1.24,1.23,1.23,1.0,0.0,31.0,16.0,43.0,90.0,2.0,1.0,1.0,0.0,11.0,0.0,18.0,16.0,30.0,46.0,25.0,74.0,0.0,134.0,2.0,26.0,46.0,1.0,0.0,1.07,0.18,0.0,1.0,0.0,0.0,88.91,47.0,46.83,16.0,0.34,0.05,0.0,1.59,1.58,1.56,676.0,48.0,30.0,100.0,498.0,95.0,116.0,79.0,386.0,0.0,0.0,114965.0,74.0,54.0,15.0,31.0,226.33,17.86,17.42,17.82,17.38,192.0,126.0,130.0,448.0,16.0,18.0,1.0,253.0,53.0,12.0,7.91,6.5,3.45,8.0,7.0,1.0,447.69,318.0,317.05,2.95,3.03,2.98,17.83,17.81,17.61,254.65,23.64,22.3,23.84,22.48,220.0,120.0,154.0,494.0,24.0,36.0,3.0,244.0,69.0,27.0,7.56,8.68,7.41,8.0,12.0,4.0,493.26,340.0,341.83,3.38,6.57,6.73,20.28,20.37,19.81,77.74,78.34,1718.0,1815.0,0.89,0.39,40.0,10.0,30.0,8.0,regular
8475848,2025,Brendan Gallagher,MTL,R,5on5,56,37310.0,816.0,18.07,0.48,0.49,0.5,0.49,0.5,0.5,464.0,92.08,9.72,5.93,22.1,3.14,45.3,34.8,9.09,9.59,8.95,4.0,5.0,84.0,37.0,36.0,157.0,13.0,4.0,11.0,0.0,11.0,1.0,43.0,51.0,80.0,117.0,11.0,22.0,5.0,66.0,7.0,21.0,84.0,25.0,12.0,2.99,3.07,3.66,2.0,1.0,1.0,156.97,121.0,120.34,6.0,1.25,2.82,3.38,7.6,7.51,7.32,816.0,92.0,86.0,139.0,499.0,128.0,121.0,129.0,438.0,5.0,2.0,127523.0,22.0,22.0,11.0,12.0,308.21,26.17,25.02,26.07,24.92,298.0,126.0,180.0,604.0,28.0,30.0,3.0,332.0,63.0,29.0,10.04,7.64,8.49,13.0,11.0,4.0,603.54,424.0,423.54,4.03,6.94,6.94,23.27,23.24,22.84,320.91,28.12,26.74,28.22,26.8,270.0,162.0,175.0,607.0,26.0,41.0,4.0,325.0,78.0,29.0,10.17,9.57,8.37,10.0,11.0,5.0,605.95,432.0,431.87,4.28,7.41,7.41,24.99,25.03,24.45,81.19,84.49,1840.0,1938.0,0.61,2.15,16.0,44.0,13.0,28.0,regular
8481540,2025,Cole Caufield,MTL,R,5on5,56,47538.0,983.0,59.91,0.56,0.46,0.53,0.47,0.55,0.48,207.0,127.28,11.96,8.42,29.09,4.36,65.46,50.71,11.57,12.03,11.63,6.0,3.0,106.0,64.0,36.0,206.0,28.0,19.0,15.0,3.0,26.0,0.0,54.0,56.0,87.0,151.0,7.0,14.0,5.0,39.0,15.0,32.0,116.0,46.0,8.0,4.53,5.51,1.91,9.0,9.0,1.0,207.06,170.0,170.17,8.0,1.74,2.77,3.19,10.51,10.51,10.41,983.0,124.0,87.0,234.0,538.0,126.0,132.0,144.0,581.0,5.0,8.0,117295.0,14.0,16.0,8.0,11.0,414.34,36.95,35.17,37.37,35.56,356.0,211.0,193.0,760.0,41.0,50.0,4.0,416.0,114.0,37.0,13.3,13.41,10.25,16.0,22.0,3.0,765.17,567.0,570.34,5.53,9.79,10.16,32.31,32.55,31.87,340.09,29.09,28.14,29.34,28.38,294.0,163.0,221.0,678.0,25.0,27.0,1.0,332.0,100.0,25.0,10.53,11.87,6.69,12.0,9.0,4.0,683.39,457.0,459.73,4.54,5.23,5.39,28.24,28.46,28.0,70.41,83.51,1684.0,1867.0,0.87,0.7,29.0,17.0,16.0,16.0,regular
8484403,2025,Florian Xhekaj,MTL,L,5on5,5,2879.0,63.0,-0.05,0.42,0.39,0.38,0.42,0.36,0.41,53.0,3.61,0.28,0.24,0.95,0.12,1.98,1.43,0.28,0.29,0.29,1.0,0.0,4.0,1.0,3.0,8.0,1.0,0.0,0.0,0.0,0.0,0.0,3.0,2.0,4.0,5.0,2.0,7.0,0.0,9.0,0.0,4.0,3.0,2.0,0.0,0.07,0.21,0.0,0.0,0.0,0.0,8.49,5.0,5.17,1.0,0.05,0.0,0.0,0.33,0.35,0.35,63.0,8.0,6.0,17.0,32.0,9.0,7.0,10.0,37.0,0.0,0.0,11425.0,7.0,5.0,1.0,4.0,12.84,0.92,0.9,0.97,0.95,13.0,5.0,11.0,29.0,1.0,0.0,0.0,13.0,5.0,0.0,0.38,0.54,0.0,1.0,0.0,0.0,30.11,18.0,18.61,0.18,0.0,0.0,1.09,1.15,1.13,22.72,1.28,1.27,1.3,1.28,19.0,13.0,16.0,48.0,2.0,2.0,1.0,29.0,3.0,0.0,0.96,0.31,0.0,0.0,2.0,0.0,46.95,32.0,32.11,0.31,0.15,0.15,1.44,1.45,1.44,6.3,10.04,158.0,222.0,0.0,0.04,1.0,2.0,0.0,1.0,regular
8484984,2025,Ivan Demidov,MTL,R,5on5,56,39888.0,834.0,33.47,0.48,0.49,0.46,0.5,0.47,0.51,411.0,64.72,5.61,4.14,14.58,2.08,33.17,26.41,5.36,5.59,5.34,12.0,9.0,56.0,30.0,33.0,119.0,30.0,9.0,6.0,0.0,10.0,1.0,24.0,36.0,47.0,77.0,6.0,12.0,0.0,22.0,15.0,42.0,59.0,23.0,4.0,2.35,2.33,0.93,4.0,4.0,1.0,118.32,86.0,85.27,16.0,0.86,1.02,0.84,5.63,5.61,5.45,834.0,112.0,49.0,111.0,562.0,89.0,135.0,128.0,482.0,0.0,0.0,124945.0,12.0,14.0,7.0,18.0,294.19,25.17,24.27,25.2,24.31,252.0,148.0,143.0,543.0,41.0,23.0,4.0,296.0,86.0,18.0,10.22,9.96,4.99,22.0,12.0,7.0,542.4,400.0,399.45,3.9,4.13,4.13,24.93,24.98,24.52,330.35,26.93,25.78,27.05,25.9,301.0,146.0,192.0,639.0,34.0,38.0,2.0,325.0,99.0,23.0,9.09,12.08,5.75,16.0,15.0,3.0,638.26,447.0,446.77,4.35,6.14,6.14,25.14,25.21,24.64,82.19,85.67,1901.0,1906.0,0.55,0.41,19.0,15.0,13.0,8.0,regular
8478133,2025,Jake Evans,MTL,C,5on5,42,29281.0,607.0,10.72,0.44,0.49,0.47,0.48,0.47,0.5,288.0,37.5,4.63,2.81,8.38,1.42,20.5,15.27,4.3,4.63,4.3,1.0,4.0,31.0,22.0,21.0,74.0,9.0,4.0,2.0,0.0,5.0,0.0,26.0,16.0,27.0,49.0,2.0,4.0,187.0,48.0,5.0,31.0,34.0,12.0,7.0,1.24,1.4,1.99,3.0,0.0,1.0,74.14,53.0,52.99,14.0,0.59,0.44,1.48,3.74,3.79,3.7,607.0,31.0,102.0,117.0,357.0,102.0,59.0,87.0,359.0,187.0,159.0,95212.0,4.0,10.0,5.0,24.0,197.71,15.86,15.36,15.84,15.34,179.0,100.0,135.0,414.0,12.0,20.0,0.0,221.0,44.0,14.0,6.63,5.41,3.82,7.0,3.0,2.0,416.49,279.0,280.61,2.58,2.97,2.97,15.47,15.47,15.3,236.68,19.79,18.91,20.08,19.17,194.0,127.0,141.0,462.0,22.0,32.0,2.0,247.0,55.0,19.0,7.23,6.81,5.75,9.0,8.0,5.0,465.19,321.0,323.21,3.16,5.37,5.53,17.42,17.62,17.24,61.69,64.9,1399.0,1487.0,0.43,0.5,13.0,13.0,10.0,9.0,regular
8483728,2025,Jared Davidson,MTL,C,5on5,10,5218.0,117.0,-0.34,0.47,0.52,0.47,0.5,0.46,0.51,101.0,9.68,1.13,0.61,2.22,0.36,4.88,3.79,1.07,1.1,1.04,0.0,1.0,9.0,4.0,6.0,19.0,1.0,0.0,0.0,0.0,3.0,0.0,8.0,2.0,9.0,13.0,5.0,10.0,0.0,18.0,1.0,5.0,9.0,2.0,2.0,0.33,0.21,0.6,0.0,0.0,0.0,18.16,13.0,12.38,1.0,0.13,0.0,0.6,0.66,0.65,0.64,117.0,12.0,8.0,17.0,80.0,22.0,28.0,16.0,51.0,0.0,1.0,24075.0,10.0,4.0,2.0,1.0,36.16,2.88,2.8,2.78,2.7,33.0,18.0,25.0,76.0,2.0,4.0,0.0,43.0,5.0,3.0,1.4,0.68,0.8,1.0,0.0,1.0,74.08,51.0,49.36,0.46,0.76,0.76,2.59,2.51,2.48,43.33,3.19,3.15,3.24,3.2,32.0,28.0,27.0,87.0,6.0,3.0,1.0,49.0,10.0,1.0,1.52,1.26,0.41,1.0,5.0,0.0,88.64,60.0,61.12,0.53,0.37,0.37,3.35,3.42,3.39,17.12,15.55,369.0,372.0,0.1,0.03,4.0,2.0,2.0,1.0,regular
8481593,2025,Jayden Struble,MTL,D,5on5,38,31100.0,622.0,4.25,0.47,0.51,0.5,0.5,0.5,0.51,176.0,19.47,0.74,0.98,5.58,0.62,11.54,8.55,0.71,0.74,0.7,3.0,3.0,10.0,18.0,29.0,57.0,6.0,0.0,1.0,0.0,1.0,0.0,11.0,15.0,10.0,28.0,10.0,26.0,0.0,71.0,6.0,35.0,27.0,1.0,0.0,0.66,0.08,0.0,0.0,0.0,0.0,56.81,28.0,28.07,26.0,0.19,0.27,0.07,0.86,0.85,0.82,622.0,62.0,33.0,88.0,439.0,72.0,104.0,83.0,363.0,0.0,0.0,80182.0,26.0,14.0,4.0,17.0,228.23,19.01,18.42,18.99,18.4,186.0,130.0,125.0,441.0,18.0,22.0,1.0,242.0,57.0,17.0,7.83,6.66,4.52,8.0,8.0,2.0,442.39,316.0,316.04,3.01,3.85,3.85,18.17,18.09,17.83,237.05,21.5,20.44,21.93,20.84,215.0,106.0,126.0,447.0,22.0,32.0,3.0,232.0,66.0,23.0,6.81,8.31,6.38,6.0,13.0,3.0,453.58,321.0,324.23,3.12,6.2,6.2,18.41,18.79,18.44,55.13,51.95,1235.0,1217.0,1.55,0.49,30.0,11.0,24.0,9.0,regular
8480813,2025,Joe Veleno,MTL,C,5on5,48,30122.0,635.0,4.11,0.47,0.49,0.48,0.49,0.48,0.5,438.0,40.32,3.37,2.96,9.91,1.49,22.07,16.21,3.32,3.35,3.3,0.0,2.0,39.0,17.0,16.0,72.0,4.0,2.0,7.0,0.0,12.0,0.0,16.0,19.0,37.0,54.0,6.0,15.0,135.0,111.0,6.0,14.0,42.0,12.0,2.0,1.54,1.29,0.54,1.0,1.0,0.0,71.7,56.0,55.65,3.0,0.62,0.77,0.47,3.52,3.5,3.45,635.0,84.0,76.0,97.0,378.0,88.0,99.0,82.0,366.0,135.0,121.0,111055.0,15.0,13.0,5.0,21.0,204.06,16.91,16.41,16.85,16.35,180.0,104.0,132.0,416.0,12.0,19.0,1.0,224.0,44.0,16.0,7.0,5.21,4.7,8.0,2.0,2.0,412.04,284.0,281.63,2.76,3.77,3.77,15.91,15.89,15.66,225.45,19.13,18.66,19.06,18.61,196.0,111.0,140.0,447.0,22.0,24.0,6.0,234.0,54.0,19.0,7.0,6.74,5.39,4.0,14.0,4.0,446.57,307.0,306.36,2.97,4.45,4.45,17.65,17.69,17.5,76.1,79.26,1693.0,1748.0,0.46,0.47,13.0,10.0,10.0,8.0,regular
8476981,2025,Josh Anderson,MTL,R,5on5,50,34340.0,722.0,14.11,0.42,0.5,0.48,0.49,0.46,0.5,379.0,52.1,5.53,3.49,11.49,1.82,29.28,21.39,5.48,5.53,5.47,2.0,3.0,47.0,26.0,25.0,98.0,12.0,7.0,8.0,0.0,12.0,0.0,23.0,23.0,40.0,66.0,15.0,36.0,17.0,90.0,4.0,28.0,48.0,20.0,5.0,1.78,2.43,1.32,3.0,3.0,1.0,98.59,73.0,72.99,3.0,0.74,1.47,0.72,5.55,5.53,5.51,722.0,46.0,101.0,133.0,442.0,127.0,87.0,102.0,406.0,17.0,8.0,113127.0,36.0,36.0,15.0,19.0,239.72,19.4,18.81,19.55,18.96,215.0,122.0,170.0,507.0,19.0,19.0,1.0,259.0,59.0,19.0,7.48,6.97,4.95,7.0,8.0,4.0,509.38,337.0,338.69,3.21,3.32,3.32,19.29,19.45,19.23,294.47,26.83,25.53,27.05,25.72,236.0,161.0,154.0,551.0,30.0,41.0,5.0,293.0,74.0,30.0,8.96,9.1,8.77,11.0,12.0,7.0,550.55,397.0,397.8,3.96,7.71,7.87,22.91,23.07,22.52,74.55,73.67,1660.0,1742.0,0.44,1.12,16.0,24.0,13.0,15.0,regular
8482749,2025,Joshua Roy,MTL,R,5on5,3,1741.0,33.0,0.35,0.48,0.51,0.57,0.44,0.56,0.46,31.0,2.77,0.1,0.15,0.7,0.12,1.68,1.26,0.1,0.1,0.1,0.0,0.0,2.0,2.0,2.0,6.0,0.0,0.0,0.0,0.0,1.0,0.0,3.0,0.0,2.0,4.0,1.0,2.0,0.0,6.0,0.0,3.0,4.0,0.0,0.0,0.1,0.0,0.0,0.0,0.0,0.0,5.77,4.0,3.94,1.0,0.03,0.0,0.0,0.13,0.13,0.13,33.0,4.0,5.0,9.0,15.0,7.0,2.0,4.0,20.0,0.0,0.0,7662.0,2.0,0.0,0.0,0.0,13.47,1.0,0.92,1.02,0.93,15.0,3.0,10.0,28.0,1.0,1.0,0.0,15.0,2.0,1.0,0.41,0.32,0.27,0.0,1.0,0.0,27.61,18.0,17.81,0.18,0.27,0.27,0.91,0.93,0.91,10.27,1.07,1.05,1.07,1.05,12.0,2.0,7.0,21.0,1.0,3.0,0.0,10.0,2.0,2.0,0.2,0.33,0.54,0.0,1.0,0.0,21.55,14.0,14.39,0.13,0.49,0.49,0.72,0.75,0.74,4.71,4.47,104.0,133.0,0.0,0.03,0.0,1.0,0.0,1.0,regular
8483515,2025,Juraj Slafkovsk,MTL,L,5on5,56,47156.0,941.0,40.63,0.49,0.49,0.49,0.49,0.51,0.49,211.0,94.98,7.98,6.18,22.42,3.13,51.44,38.84,7.79,8.06,7.86,9.0,6.0,76.0,54.0,38.0,168.0,22.0,7.0,11.0,0.0,12.0,0.0,44.0,56.0,69.0,123.0,14.0,28.0,5.0,82.0,3.0,36.0,96.0,30.0,4.0,3.47,3.45,1.07,4.0,2.0,1.0,169.38,130.0,130.93,8.0,1.29,2.32,1.12,8.16,8.22,8.06,941.0,124.0,89.0,158.0,570.0,119.0,148.0,148.0,526.0,5.0,14.0,117677.0,28.0,20.0,10.0,48.0,392.78,31.81,30.57,32.02,30.75,336.0,202.0,182.0,720.0,37.0,39.0,2.0,420.0,92.0,26.0,14.19,10.66,6.96,26.0,7.0,4.0,725.53,538.0,541.86,5.18,6.86,6.48,30.51,30.69,30.11,380.84,32.78,31.61,32.87,31.71,340.0,171.0,242.0,753.0,30.0,37.0,0.0,367.0,115.0,29.0,10.91,14.28,7.6,14.0,13.0,3.0,752.83,511.0,512.1,5.05,7.22,7.22,30.61,30.71,30.23,75.55,79.82,1724.0,1792.0,1.01,1.01,22.0,24.0,17.0,18.0,regular
8482087,2025,Kaiden Guhle,MTL,D,5on5,16,16045.0,298.0,1.7,0.44,0.53,0.45,0.52,0.46,0.55,53.0,17.27,0.57,0.95,4.78,0.54,10.52,7.64,0.57,0.58,0.58,1.0,2.0,16.0,9.0,17.0,42.0,4.0,1.0,0.0,0.0,2.0,0.0,8.0,14.0,15.0,24.0,5.0,13.0,0.0,31.0,9.0,16.0,24.0,1.0,0.0,0.43,0.15,0.0,1.0,0.0,0.0,42.13,25.0,25.19,11.0,0.18,0.0,0.0,0.76,0.77,0.76,298.0,15.0,32.0,39.0,212.0,43.0,42.0,36.0,177.0,0.0,0.0,31250.0,13.0,11.0,4.0,18.0,109.77,8.9,8.69,8.92,8.71,98.0,52.0,64.0,214.0,6.0,9.0,2.0,113.0,30.0,7.0,3.5,3.57,1.83,2.0,1.0,3.0,216.3,150.0,150.18,1.41,2.04,1.68,8.63,8.7,8.64,132.43,11.48,11.1,11.29,10.93,118.0,61.0,82.0,261.0,11.0,12.0,1.0,134.0,32.0,13.0,4.0,3.84,3.64,8.0,1.0,2.0,257.51,179.0,176.26,1.7,2.57,2.57,10.61,10.46,10.34,22.28,19.55,510.0,463.0,1.33,0.04,22.0,1.0,19.0,1.0,regular
8481523,2025,Kirby Dach,MTL,C,5on5,22,16380.0,340.0,10.09,0.48,0.5,0.48,0.51,0.5,0.51,125.0,34.75,3.5,2.73,7.98,1.22,18.41,13.15,3.43,3.52,3.45,0.0,3.0,31.0,16.0,10.0,57.0,10.0,7.0,5.0,1.0,6.0,0.0,17.0,12.0,24.0,40.0,10.0,23.0,42.0,28.0,8.0,11.0,35.0,7.0,5.0,1.09,0.93,1.48,3.0,3.0,1.0,56.61,47.0,46.79,4.0,0.58,0.77,0.63,3.45,3.51,3.46,340.0,35.0,30.0,71.0,204.0,56.0,51.0,68.0,165.0,42.0,60.0,47949.0,23.0,21.0,9.0,20.0,124.75,10.27,10.01,10.27,10.01,121.0,51.0,64.0,236.0,16.0,11.0,2.0,137.0,24.0,11.0,4.13,3.03,3.11,8.0,6.0,2.0,235.8,172.0,171.49,1.7,2.05,2.05,9.91,9.95,9.8,125.08,11.15,10.69,11.26,10.8,101.0,68.0,86.0,255.0,14.0,12.0,1.0,123.0,36.0,10.0,3.85,4.34,2.96,8.0,6.0,0.0,256.79,169.0,170.85,1.63,2.56,2.56,10.21,10.4,10.18,30.49,30.37,730.0,710.0,0.4,0.32,9.0,10.0,7.0,8.0,regular
8483457,2025,Lane Hutson,MTL,D,5on5,56,64467.0,1190.0,54.85,0.53,0.46,0.52,0.47,0.53,0.48,114.0,63.24,3.95,3.68,17.08,2.21,34.13,25.95,3.73,3.97,3.74,16.0,10.0,64.0,23.0,74.0,161.0,31.0,5.0,3.0,0.0,22.0,1.0,23.0,33.0,59.0,82.0,9.0,18.0,0.0,22.0,24.0,47.0,75.0,9.0,3.0,2.07,1.02,0.86,1.0,3.0,1.0,160.11,87.0,86.44,32.0,0.75,0.62,0.58,4.12,4.15,4.06,1190.0,125.0,76.0,182.0,807.0,94.0,164.0,182.0,750.0,0.0,0.0,100366.0,18.0,18.0,9.0,75.0,512.99,45.01,43.2,45.42,43.59,451.0,253.0,291.0,995.0,60.0,51.0,5.0,530.0,128.0,46.0,17.4,14.78,12.83,26.0,26.0,8.0,1000.59,704.0,707.45,6.94,9.62,9.53,42.42,42.79,42.08,463.07,39.84,38.29,40.34,38.76,404.0,221.0,282.0,907.0,43.0,50.0,4.0,456.0,130.0,39.0,13.96,15.51,10.37,19.0,18.0,6.0,912.7,625.0,628.52,6.08,8.77,8.77,37.15,37.57,36.88,62.35,72.77,1449.0,1638.0,3.06,0.05,75.0,5.0,57.0,4.0,regular
8476875,2025,Mike Matheson,MTL,D,5on5,53,60983.0,1131.0,26.1,0.49,0.48,0.48,0.49,0.49,0.5,96.0,69.48,3.01,3.86,19.94,2.27,40.41,30.51,2.93,2.99,2.92,8.0,11.0,66.0,34.0,70.0,170.0,23.0,4.0,6.0,0.0,15.0,0.0,32.0,43.0,62.0,96.0,9.0,18.0,0.0,26.0,17.0,55.0,95.0,4.0,1.0,2.14,0.63,0.24,4.0,0.0,0.0,170.61,100.0,100.79,41.0,0.78,1.39,0.42,3.37,3.36,3.3,1131.0,88.0,156.0,227.0,660.0,150.0,86.0,168.0,727.0,0.0,0.0,94543.0,18.0,14.0,7.0,72.0,496.32,41.41,39.72,41.72,40.01,452.0,225.0,256.0,933.0,48.0,51.0,5.0,503.0,141.0,33.0,15.38,16.86,9.17,24.0,19.0,5.0,936.78,677.0,680.46,6.52,9.62,9.62,38.3,38.52,37.72,523.85,43.48,42.07,43.33,41.92,442.0,265.0,306.0,1013.0,41.0,52.0,4.0,536.0,130.0,41.0,16.17,16.21,11.1,17.0,17.0,7.0,1010.83,707.0,705.24,7.08,9.07,9.07,41.49,41.42,40.66,60.01,64.05,1368.0,1413.0,5.17,0.23,85.0,13.0,66.0,9.0,regular
8480018,2025,Nick Suzuki,MTL,C,5on5,56,51182.0,993.0,62.23,0.55,0.46,0.53,0.47,0.55,0.48,100.0,87.09,8.86,5.74,20.83,3.0,45.14,34.44,8.35,9.13,8.61,15.0,5.0,70.0,48.0,36.0,154.0,25.0,5.0,12.0,1.0,24.0,0.0,34.0,43.0,65.0,113.0,2.0,4.0,337.0,40.0,13.0,37.0,84.0,21.0,13.0,2.9,2.36,3.59,1.0,3.0,1.0,156.96,118.0,120.15,8.0,1.19,1.49,2.61,7.45,7.63,7.47,993.0,118.0,115.0,235.0,525.0,130.0,123.0,150.0,590.0,337.0,332.0,113651.0,4.0,10.0,5.0,37.0,445.31,39.01,37.25,39.59,37.79,384.0,224.0,215.0,823.0,44.0,51.0,4.0,450.0,119.0,39.0,14.35,13.99,10.68,17.0,24.0,3.0,830.09,608.0,612.72,5.9,9.84,9.84,35.07,35.47,34.78,368.4,32.24,31.06,32.35,31.16,318.0,174.0,248.0,740.0,26.0,36.0,1.0,354.0,106.0,32.0,11.18,12.61,8.44,13.0,10.0,3.0,742.67,492.0,492.86,4.97,7.0,7.14,30.06,30.15,29.64,68.35,80.36,1621.0,1805.0,0.68,1.24,17.0,23.0,11.0,20.0,regular
8480865,2025,Noah Dobson,MTL,D,5on5,56,60379.0,1174.0,36.18,0.5,0.48,0.48,0.49,0.51,0.5,171.0,85.47,3.7,4.81,24.08,2.88,50.68,35.84,3.6,3.65,3.55,9.0,10.0,85.0,37.0,62.0,184.0,27.0,8.0,6.0,0.0,15.0,0.0,59.0,34.0,77.0,114.0,14.0,26.0,0.0,33.0,17.0,57.0,114.0,6.0,2.0,2.45,0.66,0.59,7.0,1.0,0.0,183.52,122.0,122.16,42.0,0.97,1.18,0.3,4.37,4.34,4.22,1174.0,117.0,138.0,233.0,686.0,126.0,128.0,160.0,760.0,0.0,0.0,104454.0,26.0,18.0,8.0,107.0,504.79,42.44,40.56,42.85,40.94,456.0,235.0,259.0,950.0,53.0,49.0,6.0,521.0,133.0,37.0,16.09,15.75,10.59,28.0,20.0,5.0,954.79,691.0,694.91,6.69,9.86,10.29,38.84,39.13,38.23,501.23,43.13,41.75,42.97,41.61,440.0,236.0,342.0,1018.0,44.0,47.0,2.0,498.0,142.0,36.0,15.3,17.65,10.17,19.0,18.0,7.0,1013.35,676.0,675.19,6.86,8.59,8.59,41.39,41.36,40.63,64.92,69.48,1494.0,1527.0,5.5,0.68,104.0,15.0,80.0,13.0,regular
8482775,2025,Oliver Kapanen,MTL,C,5on5,56,39961.0,834.0,23.88,0.46,0.5,0.44,0.51,0.46,0.51,417.0,87.4,9.07,6.07,19.39,3.04,45.73,34.71,8.81,9.12,8.85,5.0,5.0,80.0,38.0,17.0,135.0,24.0,14.0,10.0,3.0,16.0,0.0,34.0,44.0,66.0,104.0,8.0,16.0,211.0,20.0,9.0,18.0,80.0,32.0,6.0,3.37,3.99,1.71,6.0,5.0,3.0,136.65,118.0,118.81,5.0,1.27,1.36,1.92,8.42,8.5,8.39,834.0,120.0,67.0,117.0,530.0,102.0,131.0,119.0,482.0,211.0,223.0,124872.0,16.0,10.0,5.0,32.0,301.02,25.3,24.36,25.33,24.39,254.0,156.0,138.0,548.0,38.0,26.0,4.0,308.0,85.0,17.0,10.56,9.88,4.86,20.0,11.0,7.0,548.95,410.0,409.83,3.97,4.58,4.58,24.69,24.76,24.3,355.78,30.26,28.97,30.3,29.01,324.0,154.0,209.0,687.0,36.0,41.0,2.0,342.0,111.0,25.0,9.84,13.97,6.45,16.0,15.0,5.0,684.48,478.0,476.48,4.8,7.01,6.86,28.2,28.25,27.59,82.05,82.34,1896.0,1858.0,0.82,1.35,29.0,18.0,21.0,14.0,regular
8483424,2025,Owen Beck,MTL,C,5on5,15,8267.0,185.0,3.21,0.49,0.49,0.52,0.5,0.54,0.52,163.0,14.22,1.63,1.01,3.46,0.44,7.33,5.13,1.54,1.69,1.6,0.0,0.0,11.0,8.0,6.0,25.0,1.0,1.0,1.0,0.0,2.0,0.0,8.0,7.0,10.0,18.0,3.0,6.0,44.0,24.0,2.0,10.0,13.0,3.0,3.0,0.42,0.31,0.9,1.0,0.0,0.0,25.94,19.0,19.61,3.0,0.22,0.32,0.56,1.28,1.3,1.28,185.0,26.0,10.0,28.0,121.0,26.0,28.0,22.0,109.0,44.0,31.0,35711.0,6.0,6.0,3.0,8.0,62.32,4.96,4.79,5.01,4.83,57.0,30.0,35.0,122.0,5.0,5.0,0.0,69.0,14.0,4.0,2.11,1.66,1.19,3.0,2.0,0.0,124.72,87.0,88.74,0.82,0.91,0.91,4.87,4.88,4.8,55.57,5.26,5.11,5.22,5.08,50.0,23.0,39.0,112.0,1.0,3.0,0.0,56.0,7.0,10.0,1.9,0.76,2.6,0.0,1.0,0.0,110.23,73.0,72.03,0.69,0.57,0.57,5.38,5.34,5.21,25.73,27.17,553.0,556.0,0.0,0.23,1.0,5.0,0.0,5.0,regular
8479339,2025,Patrik Laine,MTL,L,5on5,5,2963.0,57.0,-0.34,0.39,0.53,0.34,0.52,0.28,0.53,48.0,2.21,0.16,0.12,0.63,0.08,1.13,0.89,0.16,0.16,0.16,1.0,0.0,1.0,2.0,5.0,8.0,1.0,0.0,0.0,0.0,1.0,0.0,1.0,1.0,1.0,3.0,1.0,2.0,2.0,2.0,0.0,1.0,3.0,0.0,0.0,0.16,0.0,0.0,0.0,0.0,0.0,8.53,3.0,2.99,0.0,0.02,0.0,0.0,0.19,0.18,0.18,57.0,3.0,6.0,7.0,41.0,12.0,7.0,4.0,34.0,2.0,0.0,11624.0,2.0,2.0,1.0,0.0,9.48,0.91,0.91,0.89,0.89,6.0,7.0,15.0,28.0,1.0,0.0,0.0,9.0,4.0,0.0,0.39,0.52,0.0,0.0,1.0,0.0,29.36,13.0,13.09,0.13,0.0,0.0,1.04,1.01,1.01,25.51,1.43,1.41,1.4,1.39,22.0,12.0,21.0,55.0,2.0,3.0,0.0,29.0,4.0,1.0,0.86,0.36,0.2,1.0,1.0,0.0,53.86,34.0,33.28,0.3,0.31,0.31,1.42,1.41,1.41,7.32,6.39,167.0,153.0,0.01,0.06,1.0,2.0,1.0,1.0,regular
8476479,2025,Phillip Danault,MTL,C,5on5,50,39056.0,782.0,17.56,0.44,0.53,0.51,0.52,0.5,0.53,261.0,59.63,5.15,4.22,15.0,2.12,31.84,23.65,4.96,5.11,4.93,5.0,1.0,61.0,21.0,31.0,113.0,8.0,2.0,5.0,1.0,16.0,0.0,35.0,24.0,59.0,80.0,7.0,14.0,316.0,36.0,7.0,36.0,58.0,18.0,6.0,1.44,2.14,1.57,1.0,0.0,1.0,113.82,82.0,82.15,19.0,0.89,0.68,1.17,4.87,4.9,4.85,782.0,94.0,123.0,145.0,420.0,113.0,78.0,102.0,489.0,316.0,243.0,108078.0,14.0,22.0,11.0,22.0,305.71,22.19,21.55,22.29,21.65,282.0,142.0,210.0,634.0,22.0,19.0,2.0,339.0,66.0,19.0,9.03,8.06,5.1,10.0,9.0,3.0,632.52,424.0,423.04,4.09,3.64,3.64,22.65,22.74,22.35,312.14,27.73,26.73,27.65,26.64,268.0,156.0,188.0,612.0,25.0,38.0,5.0,310.0,80.0,34.0,9.29,9.77,8.67,9.0,10.0,6.0,609.09,424.0,424.25,4.33,7.11,7.11,24.95,24.88,24.48,74.2,66.28,1739.0,1576.0,0.88,0.7,30.0,19.0,23.0,15.0,regular
8478104,2025,Sammy Blais,MTL,L,5on5,21,10506.0,239.0,7.04,0.52,0.49,0.48,0.48,0.52,0.5,231.0,16.78,2.17,1.34,3.86,0.59,8.75,6.28,2.07,2.21,2.11,3.0,2.0,18.0,5.0,5.0,28.0,8.0,3.0,5.0,1.0,5.0,0.0,4.0,6.0,15.0,20.0,5.0,10.0,1.0,78.0,4.0,2.0,12.0,10.0,1.0,0.55,1.29,0.33,1.0,2.0,0.0,28.08,23.0,23.15,2.0,0.29,1.07,0.71,1.75,1.76,1.74,239.0,22.0,18.0,43.0,156.0,32.0,34.0,39.0,134.0,1.0,2.0,50420.0,10.0,8.0,4.0,11.0,78.84,7.11,6.89,7.2,6.97,77.0,30.0,31.0,138.0,8.0,9.0,2.0,78.0,22.0,7.0,2.42,2.62,2.07,3.0,4.0,1.0,138.69,107.0,107.54,1.09,1.77,2.06,6.15,6.22,6.12,73.05,6.59,6.28,6.6,6.29,68.0,30.0,53.0,151.0,5.0,5.0,1.0,74.0,14.0,10.0,2.36,1.53,2.69,3.0,1.0,1.0,153.12,98.0,98.16,0.98,0.76,1.37,6.2,6.19,5.97,34.89,36.7,767.0,837.0,0.17,0.45,5.0,11.0,4.0,6.0,regular
8482737,2025,Zachary Bolduc,MTL,R,5on5,56,38748.0,800.0,21.88,0.5,0.48,0.5,0.49,0.51,0.5,415.0,74.78,7.78,5.07,17.78,2.68,40.51,31.17,7.55,8.02,7.78,5.0,5.0,57.0,48.0,30.0,135.0,16.0,6.0,6.0,1.0,20.0,0.0,31.0,42.0,51.0,99.0,11.0,22.0,14.0,106.0,11.0,41.0,73.0,23.0,9.0,2.65,2.96,2.17,1.0,4.0,1.0,138.04,105.0,107.22,16.0,1.06,1.13,1.37,7.48,7.68,7.61,800.0,104.0,84.0,143.0,469.0,121.0,122.0,133.0,424.0,14.0,13.0,126085.0,22.0,26.0,13.0,30.0,313.88,27.25,26.44,27.48,26.64,264.0,168.0,167.0,599.0,26.0,28.0,3.0,328.0,79.0,25.0,10.58,9.89,6.79,11.0,11.0,4.0,600.53,432.0,433.22,4.27,5.37,5.37,26.16,26.39,25.96,304.95,26.88,25.81,27.01,25.93,267.0,142.0,198.0,607.0,32.0,38.0,2.0,299.0,79.0,31.0,8.87,9.92,8.09,14.0,15.0,3.0,609.4,409.0,411.02,4.06,6.83,6.83,24.11,24.25,23.81,80.1,85.72,1845.0,1938.0,0.78,0.97,23.0,21.0,17.0,15.0,regular
8481065,2025,Angus Crookshank,NJD,C,5on5,8,4129.0,90.0,-0.21,0.23,0.52,0.39,0.53,0.38,0.51,87.0,3.83,0.12,0.21,1.12,0.12,2.01,1.41,0.12,0.11,0.11,0.0,0.0,3.0,2.0,3.0,8.0,0.0,0.0,0.0,0.0,0.0,0.0,1.0,4.0,3.0,5.0,2.0,4.0,1.0,5.0,0.0,2.0,5.0,0.0,0.0,0.12,0.0,0.0,0.0,0.0,0.0,7.67,5.0,4.81,1.0,0.04,0.0,0.0,0.16,0.15,0.15,90.0,11.0,10.0,6.0,63.0,10.0,14.0,11.0,55.0,1.0,2.0,20033.0,4.0,2.0,1.0,7.0,25.73,1.06,1.05,1.04,1.02,17.0,16.0,16.0,49.0,1.0,1.0,0.0,31.0,2.0,0.0,0.84,0.23,0.0,1.0,0.0,0.0,47.94,33.0,32.25,0.28,0.04,0.04,1.3,1.27,1.25,41.2,3.57,3.36,3.62,3.41,36.0,18.0,24.0,78.0,1.0,6.0,0.0,38.0,12.0,4.0,0.91,1.5,1.15,0.0,1.0,0.0,79.07,54.0,55.62,0.54,1.17,1.17,2.94,3.0,2.94,14.19,13.16,335.0,301.0,0.06,0.02,3.0,1.0,2.0,1.0,regular
8481721,2025,Arseny Gritsyuk,NJD,R,5on5,52,42614.0,889.0,37.26,0.54,0.46,0.58,0.48,0.59,0.48,289.0,107.23,6.87,6.73,28.82,3.63,58.67,43.26,6.72,6.84,6.68,8.0,4.0,104.0,44.0,41.0,189.0,19.0,7.0,10.0,0.0,22.0,0.0,50.0,59.0,97.0,141.0,9.0,18.0,3.0,49.0,15.0,31.0,125.0,20.0,3.0,3.48,2.58,0.82,2.0,4.0,1.0,186.05,148.0,146.96,7.0,1.4,1.94,0.93,7.34,7.32,7.24,889.0,85.0,95.0,156.0,553.0,154.0,115.0,126.0,494.0,3.0,7.0,115299.0,18.0,16.0,8.0,15.0,426.28,31.89,31.01,31.97,31.09,383.0,203.0,221.0,807.0,31.0,40.0,1.0,468.0,95.0,23.0,13.73,11.76,6.4,16.0,12.0,3.0,801.23,586.0,584.97,5.61,6.53,6.42,31.08,31.2,30.74,304.46,27.19,26.05,27.29,26.16,277.0,138.0,158.0,573.0,29.0,42.0,8.0,317.0,62.0,36.0,9.41,7.91,9.87,15.0,7.0,7.0,580.94,415.0,419.11,4.28,8.5,8.5,22.97,23.2,22.79,71.45,83.65,1746.0,1871.0,0.72,1.33,26.0,31.0,18.0,21.0,regular
8475455,2025,Brenden Dillon,NJD,D,5on5,56,51126.0,1057.0,12.15,0.5,0.47,0.51,0.51,0.51,0.51,259.0,42.23,1.14,2.1,12.05,1.44,25.03,19.25,1.12,1.16,1.13,3.0,4.0,40.0,21.0,31.0,92.0,10.0,3.0,4.0,0.0,11.0,0.0,15.0,28.0,37.0,58.0,14.0,34.0,0.0,122.0,7.0,30.0,61.0,0.0,0.0,1.14,0.0,0.0,3.0,0.0,0.0,91.94,61.0,61.4,15.0,0.42,0.72,0.04,1.5,1.52,1.5,1057.0,94.0,124.0,151.0,688.0,141.0,129.0,144.0,643.0,0.0,0.0,118609.0,34.0,22.0,8.0,57.0,414.14,32.58,31.32,32.85,31.59,380.0,188.0,232.0,800.0,27.0,44.0,1.0,440.0,98.0,30.0,12.02,12.39,8.18,13.0,13.0,1.0,800.47,568.0,570.54,5.52,8.73,8.73,29.37,29.56,29.13,396.17,32.24,31.03,32.06,30.88,360.0,187.0,221.0,768.0,45.0,38.0,6.0,427.0,92.0,28.0,13.21,10.92,8.1,29.0,11.0,5.0,771.65,547.0,548.59,5.45,7.06,7.06,30.63,30.56,30.04,77.96,86.44,1928.0,1861.0,2.7,0.88,62.0,17.0,46.0,13.0,regular
8477488,2025,Brett Pesce,NJD,D,5on5,32,33027.0,651.0,11.52,0.49,0.48,0.52,0.51,0.52,0.51,100.0,40.87,2.1,2.38,12.2,1.43,23.21,16.68,2.06,2.11,2.06,3.0,2.0,41.0,17.0,22.0,80.0,6.0,1.0,5.0,0.0,11.0,0.0,22.0,19.0,40.0,57.0,3.0,6.0,0.0,10.0,11.0,15.0,51.0,7.0,0.0,1.18,0.93,0.0,1.0,0.0,0.0,80.73,58.0,58.62,13.0,0.49,0.92,0.61,1.98,1.99,1.96,651.0,90.0,76.0,118.0,367.0,77.0,80.0,86.0,408.0,0.0,0.0,62928.0,6.0,6.0,3.0,46.0,285.94,23.57,22.84,23.86,23.11,259.0,133.0,146.0,538.0,14.0,32.0,1.0,307.0,62.0,23.0,9.36,8.1,6.12,9.0,4.0,1.0,544.82,392.0,396.79,3.99,5.35,5.25,22.31,22.53,22.15,265.44,24.6,23.57,24.57,23.53,238.0,124.0,133.0,495.0,23.0,40.0,4.0,262.0,70.0,30.0,7.45,8.6,8.55,7.0,13.0,3.0,495.67,362.0,362.56,3.83,9.26,9.26,19.17,19.14,18.8,40.69,44.13,1025.0,991.0,2.92,0.22,56.0,4.0,46.0,4.0,regular
8483531,2025,Brian Halonen,NJD,L,5on5,9,4033.0,94.0,-0.1,0.34,0.49,0.4,0.51,0.46,0.52,100.0,5.82,0.44,0.43,1.5,0.21,3.3,2.12,0.44,0.45,0.44,0.0,0.0,4.0,4.0,3.0,11.0,1.0,1.0,0.0,0.0,1.0,0.0,3.0,3.0,3.0,7.0,1.0,5.0,0.0,18.0,2.0,2.0,6.0,2.0,0.0,0.21,0.23,0.0,1.0,0.0,0.0,11.12,8.0,8.25,0.0,0.09,0.0,0.04,0.49,0.5,0.5,94.0,18.0,8.0,15.0,53.0,13.0,15.0,10.0,56.0,0.0,0.0,22167.0,5.0,5.0,1.0,2.0,22.12,1.26,1.25,1.26,1.25,23.0,7.0,12.0,42.0,2.0,1.0,0.0,26.0,4.0,0.0,0.72,0.54,0.0,2.0,0.0,0.0,43.37,30.0,31.18,0.29,0.04,0.04,1.51,1.52,1.51,26.47,2.46,2.42,2.48,2.43,20.0,15.0,29.0,64.0,3.0,2.0,0.0,24.0,8.0,3.0,0.69,1.07,0.71,2.0,0.0,1.0,63.61,35.0,34.56,0.36,0.43,0.43,2.39,2.39,2.35,15.61,16.07,407.0,397.0,0.02,0.0,3.0,0.0,1.0,0.0,regular
8479996,2025,Cody Glass,NJD,C,5on5,44,33008.0,745.0,23.57,0.49,0.49,0.52,0.51,0.52,0.51,301.0,68.99,8.05,4.88,15.57,2.22,35.67,25.61,7.76,8.14,7.86,2.0,2.0,72.0,20.0,17.0,109.0,16.0,12.0,7.0,1.0,20.0,0.0,25.0,28.0,60.0,80.0,10.0,23.0,266.0,29.0,1.0,24.0,53.0,30.0,9.0,1.97,3.35,2.74,4.0,7.0,1.0,109.85,92.0,92.99,9.0,1.03,1.41,2.31,6.78,6.89,6.84,745.0,81.0,99.0,146.0,419.0,108.0,82.0,88.0,467.0,266.0,240.0,100006.0,23.0,29.0,13.0,23.0,265.91,20.47,19.78,20.71,20.02,253.0,109.0,144.0,506.0,25.0,22.0,1.0,280.0,66.0,16.0,7.93,7.97,4.58,12.0,12.0,1.0,507.87,362.0,365.36,3.57,4.88,4.88,19.17,19.41,19.17,246.11,21.64,20.98,21.78,21.12,229.0,107.0,134.0,470.0,22.0,26.0,3.0,250.0,62.0,24.0,7.63,7.63,6.38,9.0,9.0,4.0,475.06,336.0,337.94,3.57,5.17,5.17,20.04,20.22,19.92,66.61,69.75,1608.0,1532.0,1.79,1.47,40.0,26.0,28.0,24.0,regular
8478841,2025,Colton White,NJD,D,5on5,23,16693.0,384.0,3.15,0.48,0.48,0.47,0.51,0.48,0.5,135.0,12.53,0.42,0.82,4.08,0.41,7.37,4.89,0.41,0.42,0.4,0.0,3.0,14.0,4.0,14.0,32.0,3.0,0.0,2.0,0.0,5.0,0.0,8.0,3.0,14.0,18.0,1.0,2.0,0.0,23.0,4.0,21.0,18.0,0.0,0.0,0.42,0.0,0.0,0.0,0.0,0.0,31.33,18.0,17.65,17.0,0.17,0.57,0.0,0.59,0.58,0.56,384.0,28.0,36.0,55.0,265.0,44.0,57.0,31.0,252.0,0.0,0.0,54877.0,2.0,4.0,2.0,15.0,118.87,9.22,8.95,9.38,9.11,119.0,43.0,60.0,222.0,9.0,10.0,0.0,121.0,35.0,6.0,3.36,4.18,1.68,2.0,7.0,0.0,221.1,162.0,162.22,1.58,2.03,2.13,8.68,8.74,8.63,128.1,10.04,9.78,10.04,9.79,120.0,58.0,71.0,249.0,8.0,11.0,1.0,141.0,29.0,8.0,3.75,3.58,2.72,5.0,2.0,1.0,251.96,178.0,179.91,1.69,2.43,2.43,9.3,9.31,9.2,37.1,40.21,899.0,865.0,0.83,0.07,28.0,1.0,17.0,1.0,regular
8477015,2025,Connor Brown,NJD,R,5on5,49,39564.0,788.0,19.09,0.44,0.5,0.49,0.52,0.5,0.51,255.0,63.76,6.06,4.47,15.61,2.23,32.43,24.21,5.89,6.18,6.0,6.0,4.0,54.0,31.0,11.0,96.0,16.0,6.0,5.0,0.0,13.0,1.0,25.0,35.0,48.0,79.0,3.0,6.0,4.0,17.0,8.0,26.0,59.0,20.0,6.0,1.86,2.67,1.53,3.0,3.0,0.0,96.57,85.0,85.51,8.0,0.94,0.96,1.54,5.45,5.56,5.49,788.0,70.0,98.0,132.0,488.0,135.0,100.0,111.0,442.0,4.0,9.0,107688.0,6.0,4.0,2.0,16.0,306.9,22.6,21.94,22.6,21.95,272.0,150.0,156.0,578.0,22.0,26.0,1.0,329.0,78.0,15.0,8.92,9.63,4.05,10.0,11.0,1.0,574.47,422.0,420.95,4.11,4.99,4.8,21.91,21.97,21.68,314.63,28.38,27.45,28.55,27.61,291.0,137.0,173.0,601.0,28.0,36.0,5.0,312.0,85.0,31.0,9.65,10.38,8.35,11.0,10.0,7.0,610.39,428.0,432.7,4.48,7.2,7.2,25.66,25.97,25.57,75.44,76.69,1818.0,1670.0,0.58,1.49,20.0,26.0,15.0,20.0,regular
8482110,2025,Dawson Mercer,NJD,C,5on5,56,47681.0,990.0,30.46,0.48,0.48,0.51,0.51,0.51,0.51,256.0,86.5,8.26,6.08,20.12,2.89,44.38,33.27,7.99,8.25,7.98,7.0,5.0,70.0,45.0,38.0,153.0,18.0,6.0,9.0,0.0,5.0,1.0,47.0,47.0,64.0,109.0,8.0,19.0,98.0,16.0,17.0,46.0,80.0,27.0,8.0,2.63,3.41,2.22,3.0,2.0,1.0,153.05,115.0,114.52,9.0,1.27,1.25,1.89,7.64,7.62,7.46,990.0,119.0,101.0,175.0,595.0,128.0,157.0,141.0,564.0,98.0,154.0,122054.0,19.0,17.0,7.0,24.0,403.53,29.96,29.02,29.96,29.02,352.0,203.0,225.0,780.0,27.0,42.0,1.0,443.0,90.0,22.0,12.78,11.13,6.06,10.0,14.0,3.0,777.36,555.0,553.3,5.44,5.94,5.94,29.45,29.51,28.97,386.46,32.92,31.95,32.75,31.81,349.0,183.0,218.0,750.0,32.0,33.0,4.0,408.0,90.0,34.0,12.45,11.39,9.09,13.0,12.0,7.0,755.22,532.0,533.69,5.47,6.79,6.8,31.58,31.57,31.13,80.58,85.76,1948.0,1879.0,1.4,1.11,31.0,28.0,25.0,23.0,regular
8479395,2025,Dennis Cholowski,NJD,D,5on5,15,12689.0,265.0,-0.5,0.46,0.52,0.46,0.53,0.48,0.54,78.0,9.96,0.41,0.54,2.63,0.34,5.81,4.27,0.41,0.41,0.41,0.0,1.0,9.0,5.0,6.0,20.0,1.0,0.0,0.0,0.0,3.0,0.0,7.0,4.0,9.0,14.0,1.0,2.0,0.0,3.0,4.0,15.0,13.0,1.0,0.0,0.29,0.12,0.0,0.0,0.0,0.0,20.13,14.0,14.01,13.0,0.11,0.0,0.0,0.52,0.52,0.52,265.0,19.0,26.0,30.0,190.0,27.0,46.0,22.0,170.0,0.0,0.0,33668.0,2.0,0.0,0.0,15.0,98.92,6.8,6.54,6.79,6.53,88.0,49.0,39.0,176.0,4.0,11.0,0.0,115.0,16.0,6.0,3.25,2.06,1.5,3.0,1.0,0.0,173.27,137.0,135.66,1.31,1.63,1.63,6.48,6.45,6.36,107.76,8.09,7.94,8.2,8.04,93.0,56.0,57.0,206.0,10.0,7.0,2.0,120.0,23.0,6.0,3.75,2.93,1.42,5.0,3.0,2.0,209.92,149.0,151.4,1.44,1.07,1.07,8.45,8.56,8.41,21.67,19.78,549.0,488.0,1.52,0.05,23.0,1.0,20.0,1.0,regular
8476462,2025,Dougie Hamilton,NJD,D,5on5,51,53329.0,1091.0,33.2,0.53,0.45,0.55,0.49,0.55,0.48,153.0,111.75,4.36,5.71,32.68,3.89,63.85,46.5,4.19,4.3,4.14,4.0,2.0,106.0,51.0,89.0,246.0,10.0,4.0,10.0,0.0,27.0,0.0,59.0,57.0,102.0,153.0,15.0,32.0,0.0,48.0,7.0,65.0,152.0,1.0,4.0,3.21,0.17,0.98,4.0,0.0,0.0,243.0,157.0,155.15,42.0,1.16,1.93,1.13,4.39,4.35,4.26,1091.0,103.0,118.0,228.0,642.0,138.0,167.0,159.0,627.0,0.0,0.0,99872.0,32.0,6.0,3.0,42.0,510.3,38.52,36.95,37.93,36.42,461.0,231.0,277.0,969.0,28.0,51.0,1.0,544.0,119.0,29.0,15.8,14.67,8.05,16.0,10.0,2.0,951.95,692.0,683.01,6.87,8.38,8.38,37.01,36.62,35.94,419.83,34.4,33.03,34.7,33.33,372.0,200.0,227.0,799.0,31.0,46.0,3.0,444.0,95.0,33.0,13.52,11.8,9.08,19.0,6.0,6.0,805.65,572.0,576.86,5.75,8.22,8.23,31.92,32.22,31.75,61.26,74.6,1511.0,1601.0,2.09,0.45,59.0,18.0,38.0,13.0,regular
8474149,2025,Evgenii Dadonov,NJD,L,5on5,16,9395.0,217.0,-0.99,0.36,0.49,0.43,0.53,0.42,0.52,148.0,14.03,1.14,1.0,3.35,0.54,6.55,5.42,1.11,1.12,1.09,0.0,0.0,14.0,4.0,11.0,29.0,0.0,0.0,1.0,0.0,4.0,0.0,5.0,8.0,14.0,18.0,1.0,2.0,0.0,6.0,2.0,10.0,14.0,2.0,2.0,0.34,0.29,0.51,0.0,0.0,0.0,28.69,18.0,17.62,1.0,0.22,0.24,0.2,1.15,1.14,1.11,217.0,27.0,13.0,23.0,154.0,34.0,38.0,22.0,123.0,0.0,1.0,38832.0,2.0,4.0,2.0,11.0,70.0,4.63,4.56,4.55,4.49,60.0,36.0,41.0,137.0,1.0,7.0,0.0,80.0,12.0,4.0,2.17,1.5,0.96,0.0,1.0,0.0,135.56,96.0,94.55,0.93,0.84,0.84,4.71,4.65,4.59,96.9,8.33,8.12,8.19,7.99,82.0,49.0,50.0,181.0,5.0,9.0,3.0,99.0,22.0,10.0,3.11,2.49,2.73,1.0,2.0,2.0,180.57,131.0,131.03,1.28,2.19,2.19,7.42,7.39,7.28,26.4,27.58,620.0,560.0,0.08,0.86,2.0,11.0,2.0,9.0,regular
8481559,2025,Jack Hughes,NJD,C,5on5,36,35790.0,667.0,42.12,0.56,0.46,0.57,0.49,0.57,0.5,73.0,87.14,8.45,6.34,19.22,3.02,47.87,36.1,8.25,8.6,8.39,4.0,5.0,83.0,38.0,46.0,167.0,17.0,8.0,11.0,0.0,11.0,0.0,48.0,43.0,75.0,113.0,0.0,0.0,53.0,2.0,17.0,53.0,84.0,33.0,4.0,3.3,4.2,0.95,6.0,2.0,0.0,169.68,121.0,123.09,15.0,1.33,1.29,1.21,8.56,8.65,8.56,667.0,95.0,30.0,82.0,460.0,106.0,91.0,111.0,359.0,53.0,94.0,73893.0,0.0,14.0,7.0,14.0,328.66,28.3,27.4,28.7,27.77,300.0,155.0,185.0,640.0,21.0,38.0,1.0,342.0,90.0,23.0,11.0,11.2,6.1,16.0,4.0,1.0,643.04,455.0,458.45,4.63,6.46,6.46,26.48,26.77,26.38,255.57,22.53,21.67,22.58,21.72,228.0,121.0,141.0,490.0,27.0,34.0,7.0,255.0,68.0,26.0,7.62,8.23,6.68,14.0,6.0,7.0,490.51,349.0,349.9,3.6,5.71,5.71,20.42,20.39,20.04,45.01,53.41,1154.0,1195.0,0.48,0.72,14.0,14.0,10.0,11.0,regular
8479407,2025,Jesper Bratt,NJD,L,5on5,56,47546.0,1044.0,46.3,0.57,0.44,0.57,0.48,0.55,0.49,276.0,102.08,9.36,6.96,24.65,3.59,53.96,40.48,8.89,9.42,8.95,8.0,5.0,91.0,48.0,45.0,184.0,19.0,6.0,15.0,1.0,11.0,0.0,53.0,54.0,85.0,133.0,4.0,8.0,3.0,47.0,16.0,43.0,101.0,28.0,10.0,3.2,3.42,2.73,4.0,2.0,0.0,183.35,139.0,139.12,11.0,1.45,3.33,2.31,8.49,8.55,8.37,1044.0,144.0,98.0,166.0,636.0,115.0,128.0,160.0,641.0,3.0,5.0,122189.0,8.0,16.0,8.0,18.0,457.62,40.64,38.98,40.67,39.02,422.0,208.0,278.0,908.0,25.0,51.0,1.0,469.0,118.0,43.0,15.0,14.37,11.27,16.0,6.0,3.0,900.65,630.0,626.99,6.48,8.84,9.04,38.07,38.04,37.28,371.17,30.87,29.93,30.93,30.0,329.0,181.0,177.0,687.0,41.0,40.0,6.0,384.0,99.0,27.0,11.56,11.97,7.33,24.0,8.0,9.0,690.12,510.0,512.09,5.17,7.21,7.21,28.83,28.92,28.44,69.9,87.81,1820.0,1942.0,1.45,0.76,40.0,22.0,31.0,17.0,regular
8480192,2025,Johnathan Kovacevic,NJD,D,5on5,10,9280.0,183.0,0.25,0.41,0.46,0.45,0.54,0.46,0.52,44.0,8.86,0.58,0.54,2.91,0.33,5.15,3.49,0.5,0.61,0.52,0.0,2.0,10.0,3.0,6.0,19.0,2.0,0.0,1.0,0.0,4.0,0.0,6.0,2.0,10.0,13.0,3.0,9.0,0.0,16.0,1.0,11.0,12.0,0.0,1.0,0.28,0.0,0.3,0.0,0.0,0.0,19.27,13.0,13.36,7.0,0.11,0.03,0.37,0.32,0.34,0.32,183.0,12.0,23.0,22.0,126.0,31.0,25.0,23.0,104.0,0.0,0.0,20315.0,9.0,5.0,1.0,9.0,71.72,5.78,5.58,5.86,5.66,63.0,36.0,36.0,135.0,4.0,10.0,0.0,78.0,15.0,6.0,2.35,1.79,1.64,1.0,3.0,0.0,136.45,99.0,99.85,1.0,1.66,1.66,5.12,5.23,5.15,87.17,8.18,7.81,8.19,7.81,76.0,40.0,48.0,164.0,7.0,13.0,2.0,88.0,15.0,13.0,2.68,1.95,3.54,3.0,1.0,3.0,164.3,116.0,116.5,1.29,3.12,3.12,6.35,6.33,6.17,13.51,15.89,339.0,292.0,0.63,0.02,15.0,1.0,11.0,1.0,regular
8478399,2025,Jonas Siegenthaler,NJD,D,5on5,56,59446.0,1195.0,8.8,0.48,0.49,0.5,0.52,0.51,0.51,160.0,44.86,1.91,2.33,13.24,1.6,25.02,17.89,1.89,1.91,1.88,0.0,5.0,43.0,19.0,49.0,111.0,5.0,0.0,3.0,0.0,10.0,0.0,24.0,25.0,43.0,62.0,12.0,27.0,0.0,73.0,18.0,67.0,59.0,1.0,2.0,1.22,0.13,0.57,0.0,0.0,0.0,108.54,62.0,61.17,49.0,0.48,0.66,0.38,2.01,2.02,1.99,1195.0,96.0,152.0,248.0,699.0,164.0,176.0,169.0,686.0,0.0,0.0,110289.0,27.0,11.0,4.0,78.0,500.72,39.48,37.72,39.08,37.37,450.0,231.0,257.0,938.0,27.0,56.0,1.0,530.0,115.0,36.0,15.35,14.0,10.12,16.0,8.0,3.0,930.15,681.0,677.39,6.77,9.98,9.98,36.27,36.13,35.52,491.23,43.52,41.58,43.61,41.66,443.0,224.0,278.0,945.0,39.0,64.0,7.0,506.0,107.0,54.0,15.04,13.66,14.82,19.0,11.0,9.0,949.14,667.0,668.4,6.9,13.22,13.23,37.19,37.36,36.71,71.06,75.16,1790.0,1684.0,4.44,0.1,89.0,6.0,67.0,4.0,regular
8477996,2025,Juho Lammikko,NJD,C,5on5,24,14057.0,320.0,-0.94,0.41,0.47,0.42,0.5,0.42,0.5,239.0,16.55,2.36,1.38,3.98,0.69,7.93,5.66,2.32,2.32,2.27,2.0,0.0,15.0,7.0,3.0,25.0,2.0,0.0,2.0,0.0,4.0,0.0,10.0,6.0,15.0,22.0,2.0,4.0,53.0,40.0,2.0,4.0,14.0,4.0,4.0,0.59,0.52,1.26,0.0,0.0,0.0,24.38,22.0,21.55,4.0,0.3,0.64,1.26,1.4,1.33,1.31,320.0,29.0,32.0,50.0,209.0,41.0,56.0,35.0,188.0,53.0,54.0,58621.0,4.0,0.0,0.0,14.0,89.92,6.86,6.6,6.73,6.49,88.0,36.0,51.0,175.0,5.0,10.0,0.0,102.0,13.0,9.0,2.55,1.62,2.69,2.0,2.0,1.0,169.69,124.0,122.01,1.22,2.54,2.54,5.54,5.42,5.36,125.76,10.01,9.65,10.21,9.82,114.0,59.0,67.0,240.0,9.0,14.0,3.0,136.0,28.0,9.0,3.98,3.44,2.59,4.0,5.0,0.0,245.58,173.0,176.43,1.7,3.01,3.01,8.7,8.77,8.65,38.45,42.94,931.0,915.0,0.24,0.34,10.0,4.0,5.0,4.0,regular
8484177,2025,Lenni Hameenaho,NJD,R,5on5,8,5864.0,138.0,4.59,0.53,0.44,0.51,0.53,0.53,0.51,61.0,11.37,0.63,0.6,2.91,0.35,5.69,4.83,0.63,0.66,0.66,2.0,0.0,9.0,6.0,2.0,17.0,4.0,2.0,1.0,0.0,1.0,0.0,8.0,3.0,7.0,13.0,0.0,0.0,0.0,4.0,2.0,7.0,13.0,2.0,0.0,0.39,0.24,0.0,1.0,1.0,0.0,17.6,15.0,15.56,3.0,0.12,0.07,0.0,0.75,0.79,0.79,138.0,16.0,14.0,26.0,82.0,19.0,18.0,18.0,83.0,0.0,1.0,17474.0,0.0,4.0,2.0,5.0,49.62,3.42,3.38,3.51,3.47,44.0,23.0,26.0,93.0,6.0,4.0,0.0,53.0,14.0,0.0,1.66,1.77,0.0,2.0,4.0,0.0,93.19,67.0,67.67,0.67,0.45,0.45,3.65,3.74,3.71,42.72,2.99,2.93,3.03,2.98,43.0,17.0,31.0,91.0,4.0,1.0,0.0,53.0,5.0,2.0,1.73,0.71,0.55,2.0,2.0,0.0,91.83,60.0,60.8,0.52,0.18,0.18,3.32,3.36,3.31,9.78,12.32,280.0,244.0,0.13,0.7,3.0,6.0,3.0,4.0,regular
8476822,2025,Luke Glendening,NJD,C,5on5,52,25725.0,664.0,-2.53,0.35,0.51,0.4,0.53,0.4,0.52,568.0,29.27,3.11,2.0,6.8,0.92,14.59,10.57,3.02,3.01,2.91,3.0,0.0,29.0,9.0,11.0,49.0,3.0,0.0,2.0,0.0,5.0,0.0,12.0,19.0,29.0,38.0,2.0,4.0,196.0,63.0,6.0,8.0,24.0,11.0,3.0,0.7,1.51,0.9,0.0,0.0,0.0,47.48,38.0,37.16,2.0,0.43,0.34,1.35,2.18,2.12,2.11,664.0,83.0,91.0,88.0,402.0,75.0,96.0,80.0,413.0,196.0,170.0,132165.0,4.0,4.0,2.0,33.0,167.92,11.5,11.07,11.34,10.93,152.0,76.0,94.0,322.0,6.0,16.0,0.0,193.0,25.0,10.0,5.1,3.31,3.08,4.0,2.0,0.0,317.02,228.0,226.13,2.15,3.33,3.32,10.33,10.19,10.07,247.4,21.23,20.37,21.52,20.63,229.0,108.0,143.0,480.0,20.0,35.0,2.0,260.0,49.0,28.0,7.11,6.1,8.01,12.0,6.0,2.0,483.55,337.0,339.36,3.36,7.58,7.58,17.01,17.16,16.86,92.38,90.48,2223.0,1995.0,0.45,0.76,14.0,12.0,10.0,9.0,regular
8482684,2025,Luke Hughes,NJD,D,5on5,49,56132.0,1072.0,28.25,0.48,0.49,0.52,0.5,0.51,0.51,106.0,89.06,4.67,5.33,25.42,2.88,50.58,36.12,4.52,4.66,4.51,6.0,5.0,85.0,40.0,101.0,226.0,15.0,4.0,7.0,0.0,28.0,1.0,45.0,40.0,81.0,121.0,11.0,22.0,0.0,13.0,16.0,64.0,116.0,6.0,3.0,3.24,0.8,0.63,3.0,1.0,0.0,225.17,125.0,125.23,45.0,1.09,0.97,0.65,5.11,5.11,4.97,1072.0,143.0,142.0,195.0,592.0,113.0,154.0,149.0,656.0,0.0,0.0,93386.0,22.0,12.0,6.0,31.0,474.9,38.78,37.38,38.98,37.57,420.0,227.0,294.0,941.0,31.0,50.0,1.0,503.0,106.0,38.0,15.06,13.56,10.16,18.0,9.0,4.0,936.46,647.0,647.48,6.51,9.11,9.11,36.18,36.24,35.54,461.84,42.18,40.66,42.42,40.91,418.0,213.0,228.0,859.0,41.0,57.0,8.0,450.0,132.0,49.0,12.91,16.43,12.84,14.0,18.0,9.0,868.96,631.0,634.95,6.74,11.56,11.57,37.36,37.64,36.97,60.1,62.14,1458.0,1473.0,3.59,0.29,74.0,10.0,62.0,9.0,regular
8484958,2025,Maxim Tsyplakov,NJD,R,5on5,30,16465.0,373.0,2.17,0.5,0.45,0.5,0.48,0.53,0.49,304.0,29.33,2.0,1.91,7.39,1.08,15.89,12.72,1.97,2.05,2.01,1.0,0.0,23.0,18.0,15.0,56.0,2.0,1.0,4.0,0.0,4.0,0.0,12.0,20.0,22.0,40.0,3.0,6.0,9.0,54.0,3.0,16.0,34.0,6.0,1.0,0.96,0.81,0.23,0.0,1.0,0.0,56.83,41.0,40.95,8.0,0.4,0.21,0.24,2.16,2.21,2.19,373.0,39.0,34.0,66.0,234.0,63.0,52.0,49.0,209.0,9.0,9.0,70621.0,6.0,4.0,2.0,5.0,130.66,10.25,10.05,10.38,10.18,111.0,69.0,67.0,247.0,7.0,18.0,0.0,141.0,31.0,8.0,3.99,3.8,2.45,3.0,4.0,0.0,248.2,180.0,179.86,1.76,2.99,2.99,9.02,9.12,9.04,116.42,10.09,9.85,10.14,9.9,95.0,65.0,85.0,245.0,15.0,9.0,1.0,122.0,28.0,10.0,4.05,3.44,2.6,7.0,7.0,1.0,248.13,160.0,161.92,1.71,1.37,1.37,10.43,10.52,10.34,42.98,52.07,1063.0,1129.0,0.26,0.55,11.0,9.0,9.0,8.0,regular
8481594,2025,Nathan Lgar,NJD,R,5on5,1,495.0,10.0,-0.46,0.11,0.48,0.22,0.46,0.22,0.47,10.0,0.0,0.0,0.0,0.0,0.0,0.0,0.0,0.0,0.0,0.0,0.0,0.0,0.0,0.0,0.0,0.0,0.0,0.0,0.0,0.0,0.0,0.0,0.0,0.0,0.0,0.0,0.0,0.0,0.0,2.0,0.0,0.0,0.0,0.0,0.0,0.0,0.0,0.0,0.0,0.0,0.0,0.0,0.0,0.0,0.0,0.0,0.0,0.0,0.0,0.0,0.0,10.0,2.0,0.0,2.0,6.0,0.0,4.0,2.0,4.0,0.0,1.0,2973.0,0.0,0.0,0.0,1.0,1.55,0.06,0.06,0.06,0.06,1.0,1.0,2.0,4.0,0.0,0.0,0.0,2.0,0.0,0.0,0.06,0.0,0.0,0.0,0.0,0.0,4.41,2.0,2.2,0.01,0.0,0.0,0.07,0.08,0.08,5.33,0.46,0.45,0.42,0.41,7.0,0.0,7.0,14.0,0.0,0.0,0.0,6.0,0.0,1.0,0.16,0.0,0.3,0.0,0.0,0.0,12.64,7.0,6.33,0.06,0.0,0.0,0.52,0.48,0.46,1.81,1.95,41.0,49.0,0.0,0.25,0.0,1.0,0.0,1.0,regular
8480002,2025,Nico Hischier,NJD,C,5on5,56,51111.0,1092.0,47.59,0.52,0.46,0.53,0.5,0.52,0.5,196.0,94.74,10.53,7.32,22.09,3.25,48.95,34.86,10.18,10.55,10.19,9.0,2.0,82.0,45.0,50.0,177.0,19.0,8.0,20.0,0.0,20.0,0.0,46.0,33.0,74.0,119.0,7.0,17.0,486.0,39.0,14.0,43.0,77.0,38.0,12.0,2.99,4.38,3.16,4.0,1.0,3.0,173.74,127.0,125.69,8.0,1.55,2.93,2.09,9.99,9.98,9.78,1092.0,155.0,162.0,238.0,537.0,114.0,119.0,155.0,704.0,486.0,387.0,118624.0,17.0,31.0,13.0,37.0,464.92,39.72,37.73,39.6,37.62,413.0,220.0,265.0,898.0,26.0,61.0,2.0,470.0,121.0,42.0,13.67,14.95,11.1,14.0,7.0,5.0,886.98,633.0,628.57,6.6,9.39,9.4,36.92,36.84,35.98,422.79,36.12,34.54,36.27,34.72,381.0,196.0,207.0,784.0,36.0,47.0,5.0,436.0,109.0,32.0,13.03,14.12,8.97,18.0,11.0,7.0,789.51,577.0,580.15,6.02,9.42,9.43,32.71,32.91,32.29,70.82,82.57,1830.0,1845.0,1.46,0.86,38.0,24.0,31.0,18.0,regular
8481032,2025,Paul Cotter,NJD,L,5on5,53,35705.0,772.0,1.76,0.41,0.5,0.43,0.53,0.42,0.53,422.0,56.16,5.42,3.92,13.08,1.86,28.1,21.62,5.1,5.37,5.06,1.0,2.0,42.0,32.0,24.0,98.0,6.0,3.0,8.0,0.0,6.0,0.0,30.0,27.0,39.0,71.0,5.0,13.0,38.0,144.0,6.0,20.0,49.0,20.0,5.0,1.65,2.41,1.36,0.0,3.0,0.0,97.11,74.0,74.0,5.0,0.83,1.51,1.33,4.92,4.93,4.86,772.0,97.0,68.0,109.0,498.0,109.0,125.0,88.0,450.0,38.0,36.0,125170.0,13.0,27.0,12.0,17.0,237.32,18.57,17.75,18.32,17.52,214.0,108.0,141.0,463.0,11.0,26.0,0.0,253.0,48.0,21.0,6.55,6.18,5.83,4.0,6.0,1.0,458.13,322.0,318.98,3.22,5.35,5.35,16.44,16.28,16.07,318.93,27.09,26.15,27.11,26.15,285.0,152.0,180.0,617.0,26.0,34.0,1.0,332.0,75.0,30.0,9.67,8.9,8.53,15.0,9.0,2.0,622.83,437.0,438.5,4.43,7.45,7.45,24.08,24.02,23.67,86.15,84.64,2122.0,1884.0,0.61,1.5,20.0,22.0,16.0,20.0,regular
8483429,2025,Seamus Casey,NJD,D,5on5,2,2140.0,48.0,0.1,0.35,0.48,0.53,0.56,0.43,0.53,4.0,4.37,0.14,0.24,1.49,0.15,2.42,1.56,0.13,0.13,0.13,0.0,0.0,4.0,2.0,2.0,8.0,0.0,0.0,0.0,0.0,1.0,0.0,4.0,1.0,4.0,6.0,0.0,0.0,0.0,0.0,2.0,3.0,6.0,0.0,0.0,0.14,0.0,0.0,0.0,0.0,0.0,7.53,6.0,5.75,3.0,0.05,0.0,0.03,0.15,0.15,0.15,48.0,10.0,4.0,7.0,27.0,6.0,7.0,9.0,26.0,0.0,0.0,3956.0,0.0,0.0,0.0,1.0,14.54,0.68,0.67,0.67,0.65,12.0,8.0,14.0,34.0,0.0,1.0,0.0,19.0,1.0,0.0,0.52,0.16,0.0,0.0,0.0,0.0,31.53,20.0,19.13,0.17,0.03,0.03,0.81,0.8,0.78,18.64,1.27,1.26,1.3,1.29,20.0,6.0,4.0,30.0,3.0,1.0,0.0,21.0,4.0,1.0,0.56,0.48,0.23,2.0,0.0,1.0,32.8,26.0,27.26,0.22,0.12,0.12,1.38,1.41,1.39,3.51,3.73,77.0,60.0,0.0,0.05,2.0,1.0,0.0,1.0,regular
8482941,2025,Shane Lachance,NJD,L,5on5,1,445.0,10.0,-0.39,0.42,0.44,0.25,0.45,0.36,0.45,12.0,0.0,0.0,0.0,0.0,0.0,0.0,0.0,0.0,0.0,0.0,0.0,0.0,0.0,0.0,0.0,0.0,0.0,0.0,0.0,0.0,0.0,0.0,0.0,0.0,0.0,0.0,0.0,0.0,1.0,1.0,0.0,0.0,0.0,0.0,0.0,0.0,0.0,0.0,0.0,0.0,0.0,0.0,0.0,0.0,0.0,0.0,0.0,0.0,0.0,0.0,0.0,10.0,2.0,0.0,2.0,6.0,1.0,3.0,1.0,5.0,1.0,0.0,3023.0,0.0,0.0,0.0,0.0,2.83,0.21,0.21,0.23,0.23,2.0,2.0,0.0,4.0,0.0,0.0,0.0,3.0,1.0,0.0,0.08,0.13,0.0,0.0,0.0,0.0,4.51,4.0,4.49,0.03,0.0,0.0,0.24,0.26,0.26,5.39,0.29,0.28,0.27,0.26,6.0,1.0,5.0,12.0,0.0,1.0,0.0,5.0,2.0,0.0,0.12,0.17,0.0,0.0,0.0,0.0,10.98,7.0,6.44,0.06,0.09,0.09,0.26,0.24,0.24,1.66,2.12,41.0,51.0,0.0,0.04,0.0,2.0,0.0,2.0,regular
8483495,2025,Simon Nemec,NJD,D,5on5,42,44153.0,839.0,17.53,0.43,0.52,0.48,0.53,0.48,0.53,137.0,50.32,1.63,2.93,13.4,1.66,31.34,23.04,1.59,1.61,1.58,4.0,4.0,48.0,26.0,65.0,139.0,12.0,4.0,2.0,0.0,12.0,0.0,25.0,31.0,44.0,70.0,8.0,16.0,0.0,11.0,14.0,45.0,72.0,2.0,0.0,1.43,0.2,0.0,3.0,1.0,0.0,137.01,74.0,72.68,37.0,0.58,0.23,0.0,2.21,2.19,2.14,839.0,86.0,91.0,108.0,554.0,114.0,123.0,132.0,470.0,0.0,0.0,82495.0,16.0,10.0,5.0,59.0,344.09,25.69,25.07,25.7,25.07,317.0,168.0,221.0,706.0,32.0,26.0,1.0,386.0,78.0,21.0,10.73,9.35,5.61,14.0,13.0,5.0,700.32,485.0,482.42,4.73,3.74,3.74,26.67,26.7,26.4,381.71,33.44,32.55,33.61,32.73,359.0,162.0,229.0,750.0,41.0,41.0,7.0,390.0,96.0,35.0,12.08,12.1,9.26,19.0,15.0,7.0,755.3,521.0,523.54,5.34,7.94,7.94,30.84,31.08,30.65,55.28,52.04,1333.0,1194.0,2.88,0.13,59.0,7.0,42.0,7.0,regular
8476474,2025,Stefan Noesen,NJD,R,5on5,38,22537.0,546.0,4.89,0.44,0.49,0.47,0.52,0.45,0.52,375.0,34.59,3.68,2.56,9.46,1.41,17.23,13.66,3.41,3.67,3.41,2.0,0.0,38.0,10.0,17.0,65.0,4.0,2.0,5.0,0.0,8.0,0.0,22.0,11.0,36.0,46.0,12.0,33.0,9.0,33.0,3.0,19.0,31.0,13.0,4.0,0.58,1.83,1.28,0.0,2.0,0.0,62.82,48.0,47.02,5.0,0.54,1.16,1.56,2.66,2.61,2.56,546.0,48.0,53.0,100.0,345.0,75.0,74.0,63.0,334.0,9.0,5.0,94342.0,33.0,21.0,6.0,13.0,162.81,13.24,12.4,12.96,12.18,171.0,52.0,96.0,319.0,6.0,22.0,0.0,176.0,31.0,16.0,4.43,3.94,4.87,3.0,3.0,0.0,310.23,223.0,218.9,2.21,5.03,5.03,10.42,10.18,10.03,195.7,16.7,16.0,16.9,16.2,184.0,85.0,98.0,367.0,15.0,25.0,3.0,209.0,38.0,22.0,5.7,4.83,6.17,7.0,6.0,2.0,373.71,269.0,271.81,2.66,5.65,5.65,13.71,13.85,13.63,62.68,65.19,1562.0,1465.0,0.33,0.48,10.0,15.0,8.0,12.0,regular
8478414,2025,Timo Meier,NJD,R,5on5,51,46816.0,962.0,36.85,0.49,0.47,0.53,0.5,0.52,0.5,160.0,152.92,13.04,9.99,37.81,5.12,80.75,60.3,12.34,12.96,12.26,5.0,4.0,120.0,87.0,62.0,269.0,16.0,7.0,15.0,1.0,26.0,0.0,75.0,84.0,113.0,200.0,5.0,10.0,36.0,85.0,14.0,40.0,159.0,33.0,15.0,5.04,4.08,3.92,4.0,1.0,2.0,267.95,207.0,206.18,14.0,2.07,1.93,3.03,12.09,12.01,11.8,962.0,122.0,115.0,190.0,535.0,135.0,131.0,151.0,545.0,36.0,48.0,107978.0,10.0,20.0,10.0,31.0,435.73,34.42,33.11,34.41,33.11,380.0,214.0,245.0,839.0,26.0,46.0,1.0,462.0,99.0,33.0,13.57,12.44,8.4,14.0,7.0,5.0,837.25,594.0,593.66,5.94,6.85,6.96,33.39,33.45,32.86,400.42,35.77,34.17,35.83,34.25,363.0,178.0,207.0,748.0,42.0,45.0,6.0,408.0,91.0,42.0,12.68,11.46,11.63,20.0,13.0,9.0,751.07,541.0,542.24,5.72,9.59,9.59,31.9,31.99,31.34,66.1,73.23,1661.0,1651.0,0.67,0.87,28.0,19.0,20.0,17.0,regular
8483841,2025,Xavier Parent,NJD,C,5on5,5,2566.0,56.0,-1.25,0.23,0.57,0.39,0.52,0.38,0.51,52.0,4.71,0.22,0.3,1.12,0.14,2.4,1.83,0.21,0.22,0.22,0.0,0.0,2.0,4.0,0.0,6.0,0.0,0.0,0.0,0.0,0.0,0.0,1.0,5.0,2.0,6.0,1.0,2.0,0.0,7.0,1.0,1.0,6.0,0.0,0.0,0.22,0.0,0.0,0.0,0.0,0.0,5.86,6.0,5.88,0.0,0.06,0.0,0.0,0.28,0.28,0.28,56.0,5.0,6.0,3.0,42.0,8.0,10.0,8.0,30.0,0.0,0.0,12375.0,2.0,0.0,0.0,1.0,19.11,0.83,0.82,0.81,0.8,13.0,12.0,11.0,36.0,0.0,1.0,0.0,24.0,1.0,0.0,0.71,0.12,0.0,0.0,0.0,0.0,35.23,25.0,24.31,0.22,0.04,0.04,1.01,0.99,0.98,30.51,2.84,2.64,2.9,2.7,27.0,13.0,16.0,56.0,2.0,6.0,0.0,27.0,9.0,4.0,0.6,1.15,1.09,0.0,2.0,0.0,56.19,40.0,40.96,0.43,1.17,1.17,2.1,2.17,2.12,9.2,6.84,192.0,174.0,0.0,0.0,0.0,0.0,0.0,0.0,regular
8479772,2025,Zack MacEwen,NJD,R,5on5,3,1128.0,26.0,1.03,0.78,0.61,0.75,0.6,0.79,0.62,34.0,4.59,0.24,0.28,0.96,0.14,2.37,2.0,0.24,0.24,0.24,0.0,0.0,3.0,3.0,0.0,6.0,0.0,0.0,0.0,0.0,0.0,0.0,3.0,3.0,3.0,6.0,0.0,0.0,0.0,6.0,1.0,2.0,6.0,0.0,0.0,0.24,0.0,0.0,0.0,0.0,0.0,6.55,6.0,6.45,0.0,0.06,0.0,0.0,0.3,0.3,0.3,26.0,3.0,0.0,0.0,23.0,3.0,5.0,2.0,16.0,0.0,2.0,7973.0,0.0,0.0,0.0,1.0,11.03,0.5,0.49,0.5,0.49,6.0,9.0,6.0,21.0,0.0,1.0,0.0,15.0,0.0,0.0,0.5,0.0,0.0,0.0,0.0,0.0,22.18,15.0,15.63,0.13,0.07,0.07,0.56,0.56,0.56,2.98,0.14,0.14,0.14,0.14,3.0,1.0,3.0,7.0,0.0,0.0,0.0,4.0,0.0,0.0,0.14,0.0,0.0,0.0,0.0,0.0,6.75,4.0,3.93,0.02,0.0,0.0,0.16,0.16,0.16,6.29,4.05,138.0,91.0,0.0,0.0,1.0,0.0,0.0,0.0,regular
8482482,2025,Adam Wilsby,NSH,D,5on5,41,38100.0,823.0,10.65,0.47,0.53,0.52,0.52,0.49,0.51,140.0,39.84,2.44,2.54,10.91,1.24,22.88,16.0,2.32,2.37,2.26,5.0,2.0,40.0,16.0,31.0,87.0,7.0,0.0,5.0,0.0,14.0,0.0,23.0,14.0,40.0,56.0,11.0,20.0,0.0,14.0,9.0,36.0,47.0,6.0,3.0,0.96,0.81,0.68,0.0,0.0,0.0,84.74,56.0,54.32,27.0,0.52,1.12,0.61,2.35,2.29,2.2,823.0,56.0,85.0,142.0,540.0,106.0,101.0,101.0,515.0,0.0,0.0,81494.0,20.0,4.0,2.0,27.0,301.01,24.53,23.69,24.1,23.29,274.0,136.0,172.0,582.0,18.0,39.0,4.0,320.0,65.0,25.0,9.08,8.75,6.69,9.0,7.0,2.0,571.88,410.0,403.82,4.24,7.07,7.07,21.7,21.4,21.0,308.89,27.31,26.04,27.83,26.51,281.0,141.0,126.0,548.0,26.0,35.0,4.0,316.0,74.0,32.0,9.6,9.06,8.65,14.0,9.0,3.0,557.66,422.0,428.13,4.41,7.43,7.43,24.29,24.67,24.04,62.29,55.01,1332.0,1245.0,3.54,0.13,76.0,9.0,54.0,7.0,regular
8477971,2025,Andreas Englund,NSH,D,5on5,3,1584.0,37.0,0.85,0.65,0.6,0.68,0.54,0.68,0.53,19.0,1.44,0.07,0.09,0.54,0.05,0.77,0.47,0.07,0.07,0.07,0.0,0.0,2.0,0.0,1.0,3.0,0.0,0.0,0.0,0.0,2.0,0.0,0.0,0.0,2.0,2.0,1.0,2.0,0.0,4.0,0.0,2.0,2.0,0.0,0.0,0.07,0.0,0.0,0.0,0.0,0.0,2.67,2.0,1.84,1.0,0.02,0.0,0.0,0.09,0.09,0.08,37.0,2.0,4.0,8.0,23.0,10.0,2.0,3.0,22.0,0.0,0.0,7511.0,2.0,2.0,1.0,1.0,16.81,1.6,1.57,1.61,1.59,10.0,13.0,7.0,30.0,0.0,2.0,0.0,17.0,3.0,3.0,0.54,0.37,0.69,0.0,0.0,0.0,29.06,23.0,22.29,0.23,0.49,0.49,1.34,1.33,1.33,8.16,0.85,0.83,0.85,0.83,8.0,3.0,3.0,14.0,1.0,2.0,0.0,8.0,1.0,2.0,0.29,0.09,0.47,1.0,0.0,0.0,14.76,11.0,11.28,0.09,0.47,0.47,0.47,0.47,0.47,8.54,5.63,136.0,116.0,0.37,0.0,6.0,0.0,4.0,0.0,regular
8485405,2025,Brady Martin,NSH,C,5on5,3,1776.0,34.0,0.54,0.5,0.5,0.43,0.53,0.46,0.53,32.0,2.05,0.09,0.11,0.58,0.06,1.29,0.87,0.09,0.08,0.08,1.0,0.0,2.0,1.0,0.0,3.0,1.0,0.0,0.0,0.0,0.0,0.0,2.0,1.0,2.0,3.0,0.0,0.0,5.0,0.0,0.0,3.0,3.0,0.0,0.0,0.09,0.0,0.0,0.0,0.0,0.0,2.68,3.0,2.69,2.0,0.02,0.0,0.0,0.11,0.1,0.1,34.0,11.0,0.0,7.0,16.0,2.0,5.0,6.0,21.0,5.0,10.0,6819.0,0.0,0.0,0.0,2.0,12.33,0.95,0.93,0.91,0.89,8.0,9.0,4.0,21.0,2.0,2.0,0.0,13.0,4.0,0.0,0.42,0.53,0.0,1.0,1.0,0.0,20.42,17.0,16.64,0.16,0.21,0.21,0.91,0.87,0.86,14.74,0.93,0.92,0.99,0.98,18.0,2.0,8.0,28.0,2.0,2.0,1.0,18.0,2.0,0.0,0.59,0.34,0.0,0.0,2.0,0.0,29.29,20.0,20.85,0.18,0.23,0.23,0.88,0.93,0.92,4.84,4.84,115.0,102.0,0.0,0.03,0.0,2.0,0.0,2.0,regular
8476869,2025,Brady Skjei,NSH,D,5on5,55,57223.0,1163.0,19.45,0.5,0.52,0.51,0.53,0.49,0.52,147.0,66.47,3.09,3.81,18.7,2.29,39.54,28.57,2.89,3.03,2.85,6.0,4.0,66.0,30.0,63.0,159.0,11.0,1.0,8.0,0.0,15.0,0.0,36.0,36.0,65.0,95.0,8.0,18.0,0.0,37.0,9.0,67.0,88.0,6.0,2.0,1.83,0.73,0.53,1.0,0.0,0.0,155.92,96.0,94.12,42.0,0.77,1.48,0.74,3.11,3.06,2.97,1163.0,88.0,141.0,221.0,713.0,133.0,102.0,145.0,783.0,0.0,0.0,103942.0,18.0,8.0,4.0,33.0,478.52,40.36,38.62,40.05,38.33,427.0,222.0,250.0,899.0,37.0,56.0,7.0,502.0,100.0,47.0,14.63,12.86,12.87,14.0,15.0,8.0,883.6,649.0,639.85,6.74,11.56,11.56,35.54,35.26,34.52,490.6,40.01,38.43,40.89,39.25,452.0,219.0,207.0,878.0,42.0,43.0,8.0,522.0,108.0,41.0,15.4,13.17,11.44,17.0,18.0,7.0,896.04,671.0,682.57,6.67,9.19,9.19,37.5,38.15,37.42,76.58,69.81,1734.0,1533.0,3.81,1.55,98.0,16.0,69.0,15.0,regular
8482062,2025,Cole Smith,NSH,R,5on5,36,25814.0,571.0,8.84,0.51,0.5,0.51,0.51,0.51,0.49,254.0,53.12,6.44,4.55,12.05,1.99,26.48,18.49,6.23,6.29,6.09,0.0,1.0,40.0,30.0,17.0,87.0,4.0,3.0,5.0,0.0,9.0,1.0,32.0,20.0,37.0,67.0,13.0,29.0,3.0,100.0,9.0,12.0,39.0,21.0,10.0,1.43,2.37,2.65,1.0,2.0,0.0,85.22,70.0,68.46,3.0,0.97,0.93,1.76,5.65,5.53,5.42,571.0,29.0,89.0,121.0,332.0,98.0,48.0,83.0,342.0,3.0,10.0,80368.0,29.0,13.0,6.0,6.0,204.48,16.97,16.2,16.67,15.93,178.0,101.0,103.0,382.0,11.0,25.0,2.0,210.0,48.0,21.0,5.77,5.72,5.48,5.0,5.0,1.0,374.1,279.0,274.13,3.03,5.06,5.06,14.93,14.67,14.43,194.99,16.29,15.76,16.41,15.89,170.0,93.0,104.0,367.0,20.0,15.0,3.0,201.0,47.0,15.0,5.91,5.98,4.41,9.0,8.0,3.0,373.67,263.0,267.2,2.64,3.54,3.54,15.39,15.5,15.28,59.35,59.5,1353.0,1276.0,0.61,0.23,21.0,9.0,14.0,8.0,regular
8475287,2025,Erik Haula,NSH,L,5on5,55,40766.0,894.0,22.54,0.52,0.51,0.51,0.53,0.49,0.51,358.0,83.39,8.67,6.02,20.57,3.06,44.03,32.65,8.18,8.63,8.14,2.0,5.0,67.0,48.0,27.0,142.0,13.0,6.0,11.0,1.0,11.0,0.0,42.0,45.0,61.0,109.0,16.0,32.0,256.0,64.0,8.0,30.0,79.0,24.0,12.0,2.25,2.94,3.5,1.0,3.0,2.0,140.52,115.0,114.34,11.0,1.28,1.37,2.83,7.12,7.12,6.97,894.0,111.0,72.0,146.0,565.0,84.0,123.0,136.0,551.0,256.0,259.0,120399.0,32.0,10.0,5.0,29.0,356.21,30.83,29.69,30.43,29.32,308.0,180.0,209.0,697.0,21.0,47.0,1.0,379.0,72.0,37.0,11.08,8.96,10.79,13.0,6.0,2.0,685.14,488.0,480.98,4.99,9.75,9.75,26.06,25.75,25.35,364.54,28.6,27.8,29.33,28.5,342.0,159.0,178.0,679.0,36.0,29.0,5.0,394.0,81.0,26.0,11.91,9.66,7.03,15.0,16.0,5.0,697.43,501.0,511.6,4.95,5.68,5.68,27.88,28.55,28.05,86.12,81.22,1936.0,1732.0,1.07,0.69,32.0,26.0,25.0,21.0,regular
8482768,2025,Fedor Svechkov,NSH,C,5on5,49,32364.0,656.0,13.49,0.54,0.52,0.53,0.52,0.51,0.51,399.0,51.42,5.56,3.8,12.0,1.73,27.13,19.78,5.29,5.46,5.2,3.0,4.0,49.0,21.0,24.0,94.0,8.0,1.0,5.0,1.0,9.0,0.0,30.0,25.0,48.0,69.0,6.0,12.0,150.0,40.0,9.0,26.0,47.0,18.0,5.0,1.93,2.29,1.34,0.0,0.0,1.0,91.51,70.0,68.86,9.0,0.8,1.29,1.68,4.68,4.62,4.53,656.0,73.0,21.0,91.0,471.0,83.0,96.0,97.0,380.0,150.0,185.0,110908.0,12.0,16.0,8.0,19.0,268.53,23.3,22.44,23.21,22.36,243.0,123.0,157.0,523.0,19.0,30.0,5.0,273.0,70.0,23.0,8.2,8.84,6.26,6.0,7.0,6.0,513.22,366.0,359.8,3.88,6.26,6.26,20.92,20.79,20.36,252.99,20.19,19.63,20.58,20.02,237.0,109.0,112.0,458.0,26.0,20.0,5.0,266.0,65.0,15.0,7.82,8.29,4.1,14.0,10.0,2.0,470.47,346.0,354.02,3.51,4.26,4.26,19.44,19.82,19.61,79.24,74.4,1822.0,1684.0,0.32,0.12,22.0,5.0,13.0,4.0,regular
8476887,2025,Filip Forsberg,NSH,L,5on5,55,48677.0,1041.0,54.62,0.53,0.51,0.56,0.51,0.54,0.49,150.0,139.82,10.84,8.83,35.13,4.66,73.91,54.65,10.42,10.62,10.21,7.0,3.0,119.0,69.0,76.0,264.0,25.0,15.0,11.0,2.0,33.0,1.0,71.0,57.0,104.0,173.0,10.0,20.0,10.0,98.0,29.0,53.0,148.0,29.0,11.0,4.36,3.67,2.8,10.0,2.0,3.0,257.57,188.0,184.46,13.0,1.84,1.93,2.29,10.39,10.21,10.02,1041.0,122.0,97.0,223.0,599.0,119.0,121.0,143.0,658.0,10.0,15.0,112488.0,20.0,32.0,16.0,17.0,446.49,36.34,35.05,35.77,34.52,388.0,225.0,250.0,863.0,33.0,46.0,4.0,472.0,108.0,33.0,13.92,13.86,8.55,17.0,11.0,5.0,843.18,613.0,601.88,6.24,7.96,7.96,34.61,34.21,33.45,387.34,32.71,31.59,33.49,32.34,358.0,170.0,164.0,692.0,29.0,37.0,2.0,412.0,82.0,34.0,13.02,10.04,9.65,13.0,13.0,3.0,710.34,528.0,539.73,5.39,8.4,8.4,29.69,30.3,29.73,80.61,77.12,1770.0,1719.0,0.99,1.48,41.0,30.0,29.0,21.0,regular
8483465,2025,Joakim Kemell,NSH,R,5on5,2,1022.0,21.0,-0.09,0.3,0.44,0.44,0.43,0.41,0.42,23.0,0.71,0.02,0.03,0.24,0.02,0.34,0.34,0.02,0.02,0.02,0.0,0.0,1.0,0.0,3.0,4.0,0.0,0.0,0.0,0.0,0.0,0.0,1.0,0.0,1.0,1.0,0.0,0.0,0.0,4.0,0.0,0.0,1.0,0.0,0.0,0.02,0.0,0.0,0.0,0.0,0.0,4.11,1.0,1.04,0.0,0.01,0.0,0.0,0.03,0.03,0.03,21.0,4.0,4.0,2.0,11.0,4.0,4.0,0.0,13.0,0.0,1.0,4279.0,0.0,0.0,0.0,1.0,7.81,0.29,0.29,0.3,0.3,7.0,4.0,4.0,15.0,0.0,0.0,0.0,11.0,0.0,0.0,0.29,0.0,0.0,0.0,0.0,0.0,15.62,11.0,11.44,0.09,0.0,0.0,0.38,0.39,0.39,11.94,0.66,0.65,0.66,0.66,11.0,5.0,3.0,19.0,0.0,1.0,0.0,13.0,3.0,0.0,0.28,0.37,0.0,0.0,0.0,0.0,18.96,16.0,16.06,0.13,0.15,0.15,0.64,0.64,0.64,2.39,3.06,67.0,88.0,0.0,0.0,0.0,0.0,0.0,0.0,regular
8476539,2025,Jonathan Marchessault,NSH,R,5on5,36,28173.0,590.0,14.21,0.46,0.54,0.49,0.53,0.46,0.52,188.0,55.84,4.31,3.64,14.74,1.91,29.33,22.07,4.22,4.18,4.09,2.0,3.0,53.0,23.0,39.0,115.0,9.0,4.0,5.0,0.0,12.0,0.0,28.0,27.0,49.0,72.0,2.0,4.0,6.0,46.0,6.0,38.0,62.0,8.0,6.0,1.74,0.92,1.66,2.0,1.0,1.0,112.7,76.0,74.02,12.0,0.76,0.94,1.35,3.73,3.65,3.62,590.0,64.0,49.0,108.0,369.0,57.0,89.0,97.0,347.0,6.0,12.0,77119.0,4.0,10.0,5.0,3.0,226.44,19.71,19.16,19.36,18.83,202.0,107.0,129.0,438.0,15.0,29.0,1.0,233.0,54.0,22.0,6.95,6.98,5.78,7.0,5.0,3.0,428.19,309.0,302.27,3.27,5.44,5.44,17.55,17.25,16.98,262.93,23.28,22.45,23.91,23.05,243.0,114.0,99.0,456.0,28.0,31.0,7.0,267.0,64.0,26.0,7.87,7.95,7.46,11.0,13.0,4.0,469.44,357.0,365.73,3.66,6.36,6.36,20.57,21.08,20.75,56.4,47.37,1244.0,1101.0,0.24,1.54,9.0,24.0,7.0,20.0,regular
8482111,2025,Justin Barron,NSH,D,5on5,31,24154.0,532.0,7.18,0.53,0.5,0.54,0.52,0.53,0.49,172.0,21.74,1.74,1.53,5.14,0.71,12.83,9.05,1.65,1.69,1.61,1.0,4.0,19.0,12.0,24.0,55.0,5.0,0.0,2.0,0.0,5.0,0.0,16.0,8.0,19.0,31.0,4.0,8.0,0.0,16.0,1.0,35.0,26.0,4.0,1.0,0.78,0.61,0.34,0.0,0.0,0.0,53.84,31.0,29.92,25.0,0.31,0.47,0.5,1.55,1.52,1.49,532.0,42.0,31.0,81.0,378.0,56.0,73.0,59.0,344.0,0.0,0.0,68607.0,8.0,2.0,1.0,28.0,200.49,16.52,15.88,16.23,15.63,166.0,110.0,119.0,395.0,12.0,22.0,1.0,205.0,59.0,12.0,6.02,7.08,3.41,7.0,4.0,1.0,388.59,276.0,271.05,2.82,3.88,3.88,15.45,15.29,14.96,178.12,14.56,14.25,14.93,14.63,169.0,73.0,98.0,340.0,19.0,17.0,4.0,187.0,41.0,14.0,5.43,4.88,4.24,7.0,7.0,5.0,351.24,242.0,248.57,2.44,3.89,3.89,13.11,13.43,13.25,49.45,49.06,1124.0,1049.0,1.33,0.43,32.0,9.0,25.0,8.0,regular
8482146,2025,Luke Evangelista,NSH,R,5on5,54,44606.0,882.0,54.79,0.59,0.48,0.6,0.49,0.58,0.48,220.0,102.97,8.97,6.9,25.75,3.69,54.08,40.62,8.55,8.87,8.47,13.0,6.0,90.0,50.0,34.0,174.0,25.0,6.0,12.0,1.0,22.0,0.0,49.0,51.0,84.0,134.0,6.0,12.0,0.0,10.0,18.0,35.0,107.0,22.0,11.0,3.27,2.65,3.05,4.0,2.0,0.0,170.9,140.0,137.77,8.0,1.45,3.16,2.91,7.51,7.45,7.3,882.0,96.0,65.0,172.0,549.0,134.0,109.0,135.0,504.0,0.0,1.0,113641.0,12.0,34.0,16.0,14.0,446.73,39.81,37.98,39.28,37.49,393.0,215.0,272.0,880.0,37.0,58.0,6.0,453.0,110.0,45.0,13.38,13.77,12.66,17.0,12.0,8.0,862.13,608.0,596.63,6.32,10.91,10.91,35.22,34.88,33.99,319.16,27.23,26.42,27.72,26.91,298.0,137.0,145.0,580.0,27.0,29.0,4.0,330.0,77.0,28.0,10.26,9.21,7.76,13.0,9.0,5.0,596.46,435.0,443.8,4.41,6.52,6.52,25.13,25.59,25.19,75.37,80.42,1710.0,1771.0,1.46,1.23,31.0,23.0,23.0,19.0,regular
8484241,2025,Matthew Wood,NSH,R,5on5,45,27071.0,562.0,18.06,0.5,0.53,0.5,0.53,0.47,0.52,421.0,54.29,6.29,3.95,12.3,1.92,28.42,21.12,6.05,6.28,6.05,5.0,0.0,49.0,25.0,19.0,93.0,12.0,7.0,8.0,0.0,8.0,0.0,26.0,25.0,42.0,67.0,1.0,2.0,9.0,33.0,3.0,23.0,48.0,19.0,7.0,1.73,2.53,2.03,2.0,5.0,0.0,91.17,74.0,73.16,7.0,0.84,1.98,1.86,5.26,5.24,5.15,562.0,77.0,27.0,79.0,379.0,75.0,87.0,95.0,305.0,9.0,15.0,104819.0,2.0,10.0,5.0,17.0,222.48,19.13,18.32,18.92,18.14,205.0,100.0,122.0,427.0,22.0,26.0,5.0,235.0,47.0,23.0,6.82,5.96,6.36,8.0,9.0,5.0,416.51,305.0,299.12,3.09,5.89,5.89,16.32,16.15,15.79,246.04,19.43,18.73,20.13,19.39,224.0,115.0,96.0,435.0,23.0,22.0,2.0,267.0,56.0,16.0,7.85,6.89,4.7,12.0,10.0,1.0,447.52,339.0,347.65,3.4,4.46,4.46,18.37,18.97,18.61,78.11,68.69,1708.0,1511.0,1.11,0.53,14.0,12.0,12.0,9.0,regular
8478047,2025,Michael Bunting,NSH,L,5on5,55,41524.0,867.0,34.91,0.54,0.51,0.53,0.52,0.51,0.51,334.0,113.9,10.74,7.62,28.38,3.93,56.69,43.63,10.2,10.66,10.14,11.0,2.0,83.0,68.0,42.0,193.0,21.0,8.0,16.0,0.0,13.0,0.0,49.0,65.0,75.0,143.0,7.0,14.0,7.0,29.0,7.0,34.0,108.0,31.0,12.0,3.41,3.92,3.41,4.0,4.0,0.0,191.41,151.0,149.3,8.0,1.61,3.71,3.67,8.69,8.64,8.44,867.0,103.0,59.0,118.0,587.0,121.0,124.0,129.0,493.0,7.0,14.0,119641.0,14.0,40.0,20.0,19.0,391.29,34.64,32.97,34.26,32.63,333.0,200.0,228.0,761.0,31.0,55.0,3.0,408.0,84.0,41.0,11.88,10.69,12.07,18.0,10.0,3.0,747.4,533.0,524.4,5.5,11.6,11.6,28.54,28.26,27.73,374.81,29.74,28.76,30.55,29.55,352.0,160.0,157.0,669.0,38.0,32.0,5.0,398.0,86.0,28.0,11.49,10.33,7.92,18.0,15.0,5.0,686.88,512.0,523.07,5.05,6.23,6.23,28.55,29.26,28.78,82.3,80.09,1872.0,1742.0,1.14,0.62,24.0,26.0,21.0,21.0,regular
8477446,2025,Michael McCarron,NSH,C,5on5,54,37806.0,828.0,12.15,0.48,0.52,0.49,0.53,0.49,0.51,423.0,83.29,7.41,6.13,20.19,2.73,42.02,31.53,7.03,7.32,6.96,3.0,3.0,74.0,36.0,20.0,130.0,9.0,3.0,13.0,2.0,17.0,0.0,41.0,36.0,71.0,107.0,21.0,57.0,301.0,147.0,14.0,29.0,81.0,19.0,10.0,2.16,2.59,2.66,1.0,1.0,1.0,127.58,110.0,108.54,14.0,1.28,2.26,2.88,5.81,5.73,5.66,828.0,33.0,130.0,164.0,501.0,143.0,71.0,111.0,503.0,301.0,268.0,120513.0,57.0,47.0,16.0,44.0,295.55,23.63,22.61,23.31,22.33,254.0,147.0,144.0,545.0,13.0,38.0,3.0,318.0,53.0,30.0,8.83,6.68,8.12,9.0,3.0,1.0,532.65,401.0,393.26,4.18,7.64,7.64,20.17,19.91,19.61,304.77,25.21,24.13,25.58,24.46,274.0,142.0,154.0,570.0,29.0,31.0,7.0,321.0,70.0,25.0,8.84,8.81,7.55,15.0,9.0,5.0,579.92,416.0,423.05,4.18,6.76,6.76,22.63,22.85,22.49,91.34,83.15,2044.0,1800.0,1.5,1.63,34.0,21.0,24.0,17.0,regular
8483565,2025,Nick Blankenburg,NSH,D,5on5,44,37411.0,791.0,24.73,0.56,0.52,0.54,0.52,0.53,0.51,206.0,47.27,2.61,2.75,13.54,1.52,26.65,18.92,2.56,2.57,2.52,5.0,4.0,33.0,33.0,51.0,117.0,11.0,2.0,7.0,0.0,8.0,0.0,21.0,28.0,31.0,64.0,3.0,8.0,0.0,35.0,9.0,38.0,58.0,6.0,2.0,1.24,0.76,0.61,1.0,0.0,1.0,113.24,66.0,63.91,28.0,0.56,1.24,0.41,2.76,2.72,2.67,791.0,50.0,50.0,105.0,586.0,104.0,99.0,90.0,498.0,0.0,0.0,92269.0,8.0,10.0,4.0,39.0,339.77,30.72,29.34,30.31,28.98,286.0,181.0,190.0,657.0,22.0,44.0,2.0,345.0,87.0,35.0,9.81,11.19,9.71,9.0,9.0,4.0,641.34,467.0,457.28,4.96,9.04,9.04,26.64,26.36,25.78,301.08,24.2,23.44,24.84,24.05,291.0,124.0,140.0,555.0,28.0,31.0,7.0,329.0,68.0,18.0,9.86,8.72,5.61,16.0,8.0,4.0,574.18,415.0,426.5,4.21,6.22,6.22,22.19,22.7,22.47,66.48,62.12,1496.0,1378.0,3.04,0.13,57.0,7.0,46.0,4.0,regular
8480246,2025,Nick Perbix,NSH,D,5on5,52,49712.0,1047.0,6.82,0.49,0.53,0.49,0.54,0.47,0.53,186.0,50.5,2.48,2.85,14.38,1.67,28.55,21.08,2.4,2.44,2.36,1.0,4.0,46.0,25.0,48.0,119.0,8.0,3.0,4.0,0.0,14.0,0.0,25.0,25.0,43.0,68.0,5.0,10.0,0.0,21.0,11.0,52.0,66.0,3.0,2.0,1.63,0.3,0.55,2.0,1.0,0.0,116.23,71.0,69.66,37.0,0.57,0.79,0.59,2.47,2.44,2.4,1047.0,93.0,107.0,165.0,682.0,109.0,100.0,144.0,694.0,0.0,0.0,103521.0,10.0,4.0,2.0,43.0,402.69,35.41,33.62,35.11,33.34,369.0,176.0,229.0,774.0,32.0,52.0,5.0,415.0,83.0,47.0,11.88,10.19,13.34,13.0,13.0,6.0,758.48,545.0,536.98,5.67,11.71,11.71,29.37,29.1,28.43,460.06,37.08,35.66,37.86,36.38,419.0,206.0,195.0,820.0,46.0,42.0,9.0,484.0,102.0,39.0,13.84,12.41,10.83,21.0,17.0,8.0,835.44,625.0,635.58,6.17,9.69,9.69,33.55,34.07,33.53,76.13,67.69,1740.0,1473.0,4.93,0.4,89.0,10.0,68.0,10.0,regular
8479980,2025,Nicolas Hague,NSH,D,5on5,41,41134.0,826.0,10.6,0.53,0.49,0.52,0.51,0.5,0.51,121.0,32.42,1.36,1.88,9.66,1.23,19.34,14.54,1.32,1.31,1.27,3.0,5.0,31.0,17.0,42.0,90.0,10.0,2.0,7.0,0.0,12.0,0.0,13.0,14.0,29.0,46.0,12.0,30.0,0.0,52.0,11.0,29.0,47.0,0.0,1.0,1.13,0.0,0.22,2.0,0.0,0.0,87.46,48.0,46.61,21.0,0.38,1.65,0.27,1.47,1.42,1.39,826.0,59.0,71.0,134.0,562.0,113.0,105.0,125.0,483.0,0.0,0.0,78995.0,30.0,14.0,4.0,33.0,349.05,31.69,30.51,31.25,30.11,302.0,175.0,203.0,680.0,26.0,44.0,6.0,358.0,83.0,36.0,11.04,10.36,10.29,14.0,7.0,5.0,664.27,477.0,468.25,5.07,9.44,9.44,27.31,27.0,26.55,351.57,27.96,27.24,28.57,27.82,336.0,148.0,147.0,631.0,37.0,22.0,5.0,382.0,84.0,18.0,11.65,10.99,5.33,20.0,14.0,3.0,650.32,484.0,495.81,4.81,4.5,4.5,28.27,28.89,28.5,52.22,53.84,1242.0,1171.0,2.45,0.48,51.0,7.0,41.0,6.0,regular
8482103,2025,Ozzy Wiesblatt,NSH,C,5on5,29,17019.0,377.0,3.16,0.49,0.52,0.5,0.55,0.48,0.52,292.0,25.3,2.63,1.82,5.55,0.84,13.8,10.38,2.55,2.64,2.57,2.0,1.0,23.0,12.0,14.0,49.0,4.0,1.0,3.0,0.0,5.0,0.0,10.0,16.0,22.0,34.0,13.0,32.0,0.0,71.0,6.0,13.0,25.0,6.0,4.0,0.7,0.73,1.2,0.0,0.0,1.0,47.67,35.0,34.31,1.0,0.38,0.73,0.9,2.11,2.09,2.07,377.0,23.0,54.0,75.0,225.0,58.0,41.0,49.0,229.0,0.0,3.0,68105.0,32.0,20.0,7.0,13.0,125.33,11.14,10.79,11.08,10.74,111.0,59.0,70.0,240.0,10.0,18.0,3.0,128.0,28.0,14.0,3.87,3.2,4.07,3.0,3.0,4.0,234.67,170.0,166.77,1.79,3.61,3.61,9.32,9.22,9.11,133.45,11.39,10.8,11.79,11.17,120.0,61.0,63.0,244.0,16.0,14.0,6.0,136.0,35.0,10.0,3.67,4.52,3.2,9.0,3.0,4.0,253.26,181.0,187.48,1.85,3.54,3.54,9.7,10.01,9.81,50.68,47.05,1184.0,959.0,0.24,0.15,6.0,6.0,5.0,5.0,regular
8483513,2025,Reid Schaefer,NSH,L,5on5,25,15475.0,361.0,3.34,0.46,0.53,0.45,0.51,0.46,0.51,242.0,25.84,2.49,2.14,6.15,0.9,14.23,10.09,2.44,2.49,2.43,1.0,1.0,22.0,14.0,13.0,49.0,6.0,4.0,3.0,0.0,4.0,0.0,14.0,11.0,18.0,32.0,5.0,13.0,0.0,63.0,2.0,10.0,27.0,7.0,2.0,0.91,1.05,0.54,2.0,1.0,1.0,49.2,36.0,36.14,4.0,0.45,0.88,0.53,2.42,2.42,2.39,361.0,26.0,46.0,71.0,218.0,55.0,43.0,43.0,220.0,0.0,1.0,57189.0,13.0,15.0,6.0,20.0,112.62,9.25,8.91,9.19,8.86,98.0,55.0,57.0,210.0,5.0,13.0,0.0,118.0,23.0,12.0,3.08,3.01,3.16,3.0,1.0,1.0,208.28,153.0,152.53,1.74,2.56,2.56,8.43,8.42,8.3,130.15,10.77,10.38,10.77,10.38,122.0,58.0,77.0,257.0,14.0,8.0,1.0,142.0,28.0,10.0,4.25,3.6,2.92,8.0,6.0,0.0,256.34,180.0,179.76,1.84,2.12,2.12,10.49,10.45,10.27,43.32,39.01,948.0,896.0,0.6,0.16,8.0,5.0,8.0,5.0,regular
8474600,2025,Roman Josi,NSH,D,5on5,43,47985.0,948.0,41.0,0.52,0.53,0.53,0.52,0.53,0.51,70.0,80.7,4.12,4.71,23.03,2.54,44.44,33.15,4.01,4.02,3.9,7.0,6.0,78.0,34.0,70.0,182.0,17.0,4.0,10.0,1.0,23.0,0.0,35.0,40.0,74.0,108.0,8.0,16.0,0.0,14.0,15.0,41.0,102.0,9.0,1.0,2.74,1.14,0.24,4.0,0.0,0.0,176.52,112.0,109.02,24.0,0.96,1.84,0.6,4.49,4.38,4.29,948.0,119.0,78.0,166.0,585.0,74.0,121.0,159.0,594.0,0.0,0.0,76871.0,16.0,20.0,10.0,55.0,447.81,36.37,34.79,35.96,34.43,393.0,217.0,241.0,851.0,38.0,56.0,6.0,478.0,96.0,36.0,14.26,12.56,9.56,21.0,11.0,6.0,833.95,610.0,600.58,6.29,10.14,10.14,32.52,32.22,31.54,402.26,33.2,32.1,33.87,32.75,368.0,178.0,195.0,741.0,43.0,32.0,4.0,418.0,96.0,32.0,12.41,11.63,9.17,20.0,19.0,4.0,759.75,546.0,557.34,5.46,7.51,7.51,31.15,31.76,31.25,59.29,52.91,1253.0,1168.0,3.49,0.1,56.0,9.0,40.0,6.0,regular
8475158,2025,Ryan O'Reilly,NSH,C,5on5,55,47506.0,979.0,54.75,0.52,0.52,0.54,0.51,0.52,0.5,173.0,79.65,10.32,6.42,17.43,2.67,40.3,28.86,9.87,10.25,9.8,9.0,6.0,67.0,39.0,17.0,123.0,29.0,14.0,7.0,4.0,8.0,0.0,48.0,29.0,53.0,92.0,4.0,8.0,347.0,10.0,26.0,29.0,58.0,37.0,11.0,2.38,4.76,3.19,4.0,7.0,3.0,120.78,106.0,105.03,12.0,1.37,1.38,3.72,7.98,8.0,7.76,979.0,114.0,94.0,213.0,558.0,102.0,118.0,148.0,611.0,347.0,288.0,113659.0,8.0,10.0,5.0,29.0,420.49,36.29,34.6,35.7,34.05,364.0,211.0,232.0,807.0,39.0,50.0,7.0,430.0,109.0,36.0,12.46,14.01,9.82,16.0,16.0,7.0,788.03,575.0,563.95,6.02,9.75,9.75,32.56,32.21,31.33,391.02,33.98,32.75,34.85,33.57,359.0,172.0,148.0,679.0,31.0,38.0,4.0,410.0,84.0,37.0,12.8,10.34,10.84,14.0,11.0,6.0,696.49,531.0,541.64,5.42,9.22,9.22,30.18,30.78,30.24,80.65,75.85,1826.0,1732.0,2.04,0.83,42.0,20.0,36.0,15.0,regular
8474564,2025,Steven Stamkos,NSH,C,5on5,55,44262.0,954.0,39.07,0.53,0.51,0.51,0.53,0.49,0.51,257.0,82.28,9.4,6.32,18.38,2.54,40.72,29.64,9.04,9.43,9.08,4.0,4.0,69.0,38.0,43.0,150.0,19.0,11.0,12.0,4.0,12.0,1.0,38.0,33.0,58.0,96.0,12.0,24.0,142.0,56.0,20.0,39.0,69.0,27.0,11.0,2.58,3.8,3.01,3.0,4.0,4.0,148.57,107.0,106.89,18.0,1.33,2.14,2.36,8.38,8.41,8.2,954.0,139.0,87.0,160.0,568.0,77.0,120.0,141.0,616.0,142.0,106.0,116903.0,24.0,16.0,8.0,17.0,357.82,32.5,31.23,32.35,31.08,293.0,193.0,206.0,692.0,26.0,48.0,6.0,363.0,90.0,33.0,11.18,11.97,9.36,10.0,10.0,6.0,680.43,486.0,481.25,5.19,9.85,9.85,27.84,27.77,27.19,373.05,29.12,28.16,29.86,28.87,350.0,160.0,166.0,676.0,35.0,30.0,5.0,402.0,82.0,26.0,11.77,10.0,7.35,13.0,16.0,6.0,696.0,510.0,521.88,5.04,6.7,6.7,27.46,28.07,27.65,84.44,80.7,1941.0,1735.0,0.42,1.38,19.0,40.0,15.0,31.0,regular
8479370,2025,Tyson Jost,NSH,C,5on5,42,26065.0,560.0,6.23,0.45,0.52,0.49,0.54,0.48,0.51,404.0,46.09,3.94,3.1,11.24,1.52,24.29,17.9,3.84,3.93,3.84,1.0,4.0,43.0,19.0,24.0,86.0,8.0,3.0,8.0,0.0,10.0,0.0,26.0,15.0,40.0,59.0,8.0,16.0,20.0,48.0,12.0,17.0,50.0,8.0,4.0,1.72,0.92,1.31,1.0,2.0,0.0,84.52,62.0,60.94,6.0,0.65,1.26,1.21,3.39,3.37,3.31,560.0,46.0,48.0,78.0,388.0,98.0,78.0,82.0,302.0,20.0,31.0,97028.0,16.0,18.0,9.0,9.0,203.27,15.54,14.78,15.39,14.66,189.0,88.0,113.0,390.0,13.0,21.0,2.0,228.0,37.0,12.0,7.11,4.91,3.51,5.0,6.0,2.0,384.28,277.0,273.22,2.78,4.08,4.08,14.23,14.15,13.91,218.92,18.86,18.01,19.23,18.35,214.0,83.0,113.0,410.0,26.0,19.0,5.0,219.0,58.0,20.0,6.32,7.24,5.31,12.0,10.0,4.0,419.38,297.0,302.53,3.04,4.32,4.32,17.58,17.91,17.54,71.72,67.23,1649.0,1422.0,0.58,0.48,9.0,10.0,8.0,7.0,regular
8480871,2025,Adam Boqvist,NYI,D,5on5,20,14247.0,325.0,-3.38,0.43,0.47,0.4,0.49,0.4,0.5,117.0,6.8,0.23,0.38,1.78,0.25,4.0,3.36,0.23,0.24,0.23,0.0,1.0,6.0,4.0,13.0,23.0,1.0,0.0,0.0,0.0,1.0,0.0,4.0,5.0,6.0,10.0,3.0,6.0,0.0,9.0,3.0,7.0,10.0,0.0,0.0,0.23,0.0,0.0,0.0,0.0,0.0,23.45,10.0,10.17,5.0,0.08,0.0,0.0,0.31,0.32,0.31,325.0,28.0,20.0,39.0,238.0,33.0,47.0,36.0,209.0,0.0,0.0,43534.0,6.0,0.0,0.0,18.0,97.18,9.12,8.94,9.29,9.1,81.0,48.0,55.0,184.0,7.0,9.0,1.0,97.0,17.0,15.0,2.94,2.12,4.06,2.0,1.0,4.0,186.21,129.0,129.6,1.31,2.39,2.39,8.05,8.18,8.1,138.62,12.28,11.89,12.29,11.9,128.0,63.0,82.0,273.0,10.0,11.0,0.0,137.0,42.0,12.0,4.09,5.01,3.17,2.0,7.0,1.0,276.04,191.0,192.43,1.95,2.07,2.07,12.16,12.14,11.91,29.15,32.4,642.0,663.0,0.61,0.03,17.0,3.0,12.0,2.0,regular
8476917,2025,Adam Pelech,NYI,D,5on5,57,59267.0,1270.0,22.57,0.52,0.43,0.53,0.45,0.53,0.46,166.0,93.21,3.71,5.06,26.53,3.16,55.94,40.6,3.58,3.7,3.58,3.0,2.0,78.0,57.0,69.0,204.0,8.0,3.0,8.0,1.0,27.0,0.0,47.0,50.0,75.0,132.0,14.0,28.0,0.0,35.0,20.0,45.0,127.0,8.0,0.0,2.69,1.02,0.0,2.0,1.0,0.0,202.89,135.0,134.21,32.0,1.0,1.35,0.41,4.3,4.28,4.22,1270.0,104.0,163.0,203.0,800.0,169.0,99.0,170.0,832.0,0.0,0.0,109009.0,28.0,16.0,8.0,80.0,512.53,43.61,41.86,43.36,41.64,450.0,255.0,271.0,976.0,38.0,63.0,6.0,542.0,120.0,43.0,15.57,15.07,12.96,15.0,19.0,4.0,975.58,705.0,702.7,6.82,12.64,12.89,37.54,37.41,36.79,457.51,40.42,38.81,40.87,39.25,384.0,234.0,256.0,874.0,35.0,50.0,4.0,454.0,120.0,44.0,13.85,14.87,11.69,17.0,13.0,5.0,875.99,618.0,621.8,6.3,9.51,9.71,37.01,37.21,36.34,65.38,85.32,1504.0,1807.0,4.64,0.55,101.0,11.0,81.0,9.0,regular
8481014,2025,Alexander Romanov,NYI,D,5on5,15,14821.0,291.0,-1.28,0.33,0.55,0.42,0.53,0.42,0.55,41.0,17.92,0.56,0.81,5.22,0.62,10.21,7.57,0.54,0.58,0.55,0.0,0.0,17.0,8.0,12.0,37.0,0.0,0.0,0.0,0.0,6.0,0.0,12.0,7.0,17.0,25.0,3.0,6.0,0.0,29.0,3.0,17.0,24.0,1.0,0.0,0.43,0.14,0.0,0.0,0.0,0.0,36.95,25.0,25.17,13.0,0.16,0.0,0.14,0.59,0.59,0.59,291.0,28.0,19.0,32.0,212.0,40.0,53.0,38.0,160.0,0.0,0.0,27993.0,6.0,9.0,3.0,24.0,110.03,8.04,7.88,7.95,7.79,96.0,55.0,53.0,204.0,6.0,12.0,0.0,116.0,30.0,5.0,3.15,3.61,1.28,4.0,2.0,0.0,200.49,151.0,148.63,1.43,1.87,1.87,7.61,7.52,7.47,153.26,16.14,15.28,16.26,15.4,143.0,62.0,71.0,276.0,14.0,23.0,1.0,133.0,50.0,22.0,4.11,5.91,6.13,3.0,10.0,1.0,279.94,205.0,206.53,2.33,4.95,5.04,13.44,13.63,13.3,20.19,16.5,438.0,392.0,1.25,0.15,35.0,4.0,28.0,4.0,regular
8475314,2025,Anders Lee,NYI,L,5on5,57,44031.0,913.0,35.1,0.52,0.44,0.51,0.47,0.51,0.48,301.0,121.34,14.67,10.08,30.46,4.71,60.16,43.92,13.92,14.53,13.78,11.0,7.0,97.0,67.0,33.0,197.0,23.0,5.0,32.0,1.0,20.0,0.0,59.0,48.0,92.0,159.0,10.0,20.0,33.0,52.0,9.0,28.0,91.0,56.0,17.0,3.07,6.85,4.75,1.0,4.0,0.0,197.31,164.0,163.34,6.0,2.14,5.8,5.88,10.93,10.91,10.7,913.0,132.0,90.0,148.0,543.0,136.0,118.0,147.0,512.0,33.0,27.0,124245.0,20.0,20.0,10.0,24.0,397.98,36.0,34.45,35.9,34.36,346.0,201.0,200.0,747.0,38.0,58.0,6.0,401.0,110.0,36.0,12.41,13.34,10.25,18.0,13.0,7.0,747.46,547.0,545.22,5.84,10.99,10.99,30.86,30.87,30.26,387.37,33.82,32.44,34.09,32.69,333.0,192.0,204.0,729.0,29.0,44.0,2.0,388.0,102.0,35.0,11.98,12.64,9.2,11.0,16.0,2.0,732.9,525.0,527.83,5.36,7.02,6.82,32.35,32.56,31.77,72.98,91.91,1733.0,1952.0,0.57,1.8,18.0,36.0,12.0,29.0,regular
8477407,2025,Anthony Duclair,NYI,L,5on5,54,37988.0,805.0,17.71,0.42,0.48,0.44,0.49,0.44,0.5,388.0,58.88,4.66,3.72,14.3,1.96,30.94,23.41,4.63,4.64,4.62,8.0,4.0,51.0,28.0,31.0,110.0,20.0,8.0,4.0,0.0,9.0,1.0,28.0,29.0,43.0,71.0,4.0,8.0,4.0,4.0,6.0,24.0,63.0,12.0,4.0,2.25,1.34,1.07,7.0,1.0,0.0,110.42,79.0,79.2,5.0,0.77,0.7,0.41,5.01,4.99,4.98,805.0,110.0,74.0,149.0,472.0,106.0,127.0,107.0,465.0,4.0,5.0,121735.0,8.0,10.0,5.0,33.0,295.87,23.89,23.1,23.83,23.05,258.0,145.0,151.0,554.0,27.0,32.0,3.0,309.0,72.0,22.0,8.99,8.49,6.41,16.0,7.0,4.0,555.61,403.0,403.37,3.92,6.13,6.13,21.68,21.72,21.38,374.53,33.18,31.74,33.2,31.76,334.0,176.0,195.0,705.0,23.0,46.0,1.0,381.0,93.0,36.0,12.48,11.21,9.48,11.0,10.0,2.0,704.36,510.0,510.68,5.3,7.94,7.94,30.53,30.49,29.87,79.49,86.98,1808.0,1847.0,0.36,1.33,14.0,21.0,12.0,15.0,regular
8477500,2025,Bo Horvat,NYI,C,5on5,43,34481.0,723.0,42.09,0.48,0.47,0.52,0.47,0.53,0.48,201.0,81.14,8.03,5.28,19.02,2.73,43.37,31.56,7.63,8.06,7.67,5.0,0.0,78.0,32.0,31.0,141.0,18.0,13.0,10.0,3.0,12.0,0.0,39.0,36.0,65.0,97.0,9.0,22.0,262.0,33.0,7.0,36.0,80.0,21.0,9.0,2.92,2.7,2.41,7.0,3.0,3.0,140.84,110.0,110.09,9.0,1.1,1.93,2.54,6.59,6.62,6.56,723.0,83.0,99.0,121.0,420.0,101.0,79.0,123.0,420.0,262.0,212.0,90754.0,22.0,16.0,8.0,17.0,295.46,24.33,23.63,24.35,23.67,283.0,121.0,148.0,552.0,28.0,29.0,3.0,313.0,73.0,18.0,10.09,9.02,5.22,16.0,8.0,4.0,551.69,404.0,404.19,3.75,5.73,5.73,22.34,22.37,22.12,270.41,26.25,24.97,26.33,25.05,228.0,134.0,140.0,502.0,21.0,32.0,3.0,248.0,83.0,31.0,7.74,10.19,8.33,8.0,9.0,4.0,502.8,362.0,363.15,3.86,6.54,6.54,23.58,23.65,23.12,57.76,64.99,1301.0,1468.0,0.42,1.81,11.0,36.0,7.0,24.0,regular
8484221,2025,Calum Ritchie,NYI,C,5on5,40,24594.0,552.0,9.07,0.43,0.49,0.44,0.49,0.45,0.5,364.0,41.97,4.37,2.76,9.88,1.41,20.63,14.96,4.24,4.39,4.26,2.0,1.0,40.0,14.0,13.0,67.0,9.0,6.0,2.0,0.0,10.0,0.0,21.0,15.0,34.0,48.0,7.0,14.0,90.0,11.0,3.0,26.0,33.0,17.0,4.0,1.04,2.02,1.32,2.0,4.0,0.0,66.53,54.0,53.64,9.0,0.58,0.52,1.51,3.44,3.39,3.37,552.0,72.0,36.0,91.0,353.0,80.0,92.0,73.0,307.0,90.0,160.0,94942.0,14.0,12.0,4.0,21.0,182.49,14.19,13.71,14.12,13.64,162.0,85.0,94.0,341.0,10.0,19.0,1.0,193.0,41.0,13.0,5.5,5.17,3.53,5.0,4.0,1.0,339.72,247.0,245.05,2.4,4.05,4.05,12.54,12.37,12.14,224.19,18.87,18.09,18.89,18.11,199.0,108.0,123.0,430.0,14.0,28.0,0.0,232.0,56.0,19.0,7.08,6.84,4.95,8.0,6.0,0.0,428.7,307.0,306.92,3.16,5.46,5.35,16.69,16.7,16.48,64.6,67.48,1398.0,1475.0,0.27,0.9,11.0,14.0,8.0,14.0,regular
8477369,2025,Carson Soucy,NYI,D,5on5,51,46130.0,1024.0,3.35,0.45,0.48,0.44,0.51,0.44,0.5,215.0,44.52,2.07,2.17,12.41,1.65,24.68,19.02,1.98,2.1,2.02,1.0,4.0,43.0,19.0,44.0,106.0,9.0,4.0,3.0,1.0,11.0,1.0,24.0,19.0,39.0,58.0,10.0,20.0,0.0,69.0,13.0,54.0,58.0,3.0,1.0,1.16,0.3,0.6,3.0,0.0,1.0,106.48,62.0,62.96,41.0,0.44,0.26,0.6,1.9,1.95,1.89,1024.0,70.0,102.0,145.0,707.0,104.0,127.0,99.0,694.0,0.0,0.0,107477.0,20.0,2.0,1.0,56.0,323.98,26.12,25.35,26.24,25.45,282.0,161.0,181.0,624.0,26.0,38.0,5.0,340.0,79.0,24.0,9.72,9.1,7.31,12.0,9.0,5.0,621.98,443.0,443.93,4.27,7.69,7.69,22.7,22.84,22.56,408.12,31.68,30.6,32.0,30.9,356.0,206.0,222.0,784.0,25.0,43.0,4.0,450.0,83.0,29.0,13.63,10.1,7.95,13.0,9.0,3.0,789.88,562.0,566.3,5.47,8.26,8.26,28.87,29.11,28.68,69.59,74.42,1718.0,1670.0,3.85,0.35,78.0,10.0,53.0,8.0,regular
8475231,2025,Casey Cizikas,NYI,C,5on5,56,33631.0,789.0,12.0,0.48,0.46,0.46,0.48,0.49,0.49,539.0,53.75,6.45,3.84,13.23,2.04,26.47,19.97,6.2,6.41,6.16,7.0,0.0,40.0,32.0,11.0,83.0,10.0,3.0,5.0,0.0,10.0,0.0,23.0,31.0,37.0,69.0,4.0,8.0,219.0,109.0,8.0,35.0,46.0,15.0,11.0,1.48,1.87,3.09,2.0,1.0,0.0,83.25,72.0,72.27,14.0,0.82,1.19,2.72,4.54,4.55,4.47,789.0,81.0,83.0,148.0,477.0,103.0,93.0,90.0,503.0,219.0,184.0,131815.0,8.0,8.0,3.0,31.0,224.4,18.47,17.98,18.52,18.02,200.0,108.0,126.0,434.0,16.0,30.0,1.0,240.0,46.0,22.0,6.18,5.93,6.36,7.0,7.0,2.0,435.37,308.0,308.12,2.91,5.59,5.59,15.79,15.85,15.68,237.29,20.22,19.29,20.61,19.66,206.0,119.0,176.0,501.0,19.0,22.0,1.0,244.0,62.0,19.0,7.2,7.88,5.14,11.0,6.0,2.0,506.57,325.0,329.24,3.28,4.79,4.79,18.71,19.02,18.58,89.37,103.57,2002.0,2139.0,1.39,0.65,24.0,14.0,20.0,11.0,regular
8484287,2025,Cole McWard,NYI,D,5on5,3,2472.0,47.0,-0.93,0.33,0.44,0.32,0.45,0.38,0.45,18.0,0.74,0.02,0.04,0.18,0.02,0.38,0.36,0.02,0.02,0.02,0.0,0.0,1.0,0.0,0.0,1.0,0.0,0.0,0.0,0.0,0.0,0.0,1.0,0.0,1.0,1.0,0.0,0.0,0.0,4.0,2.0,3.0,1.0,0.0,0.0,0.02,0.0,0.0,0.0,0.0,0.0,1.03,1.0,1.03,3.0,0.01,0.0,0.0,0.02,0.03,0.03,47.0,2.0,4.0,8.0,33.0,5.0,5.0,9.0,28.0,0.0,0.0,7527.0,0.0,0.0,0.0,5.0,16.28,1.15,1.14,1.18,1.17,18.0,5.0,2.0,25.0,3.0,1.0,0.0,18.0,5.0,0.0,0.5,0.66,0.0,2.0,1.0,0.0,26.21,23.0,23.44,0.24,0.15,0.15,1.24,1.27,1.25,27.28,2.34,2.22,2.34,2.23,27.0,10.0,16.0,53.0,2.0,3.0,0.0,25.0,10.0,2.0,0.65,1.2,0.48,0.0,1.0,1.0,50.86,37.0,36.33,0.38,0.43,0.43,2.29,2.3,2.22,3.32,4.21,100.0,121.0,0.08,0.0,3.0,0.0,3.0,0.0,regular
8482476,2025,Emil Heineman,NYI,L,5on5,57,46412.0,967.0,27.25,0.45,0.47,0.5,0.47,0.49,0.49,265.0,98.42,10.15,6.4,25.0,3.37,50.41,36.66,9.88,10.16,9.88,2.0,3.0,94.0,38.0,34.0,166.0,17.0,12.0,10.0,1.0,18.0,0.0,45.0,47.0,82.0,120.0,6.0,12.0,1.0,165.0,5.0,25.0,94.0,28.0,10.0,3.66,3.63,2.87,9.0,3.0,0.0,165.22,132.0,131.36,9.0,1.34,1.79,3.11,8.38,8.33,8.23,967.0,120.0,115.0,161.0,571.0,160.0,131.0,134.0,542.0,1.0,5.0,121864.0,12.0,12.0,7.0,35.0,374.93,29.86,28.85,29.98,28.96,344.0,170.0,208.0,722.0,25.0,39.0,3.0,403.0,89.0,22.0,12.14,11.42,6.29,16.0,7.0,2.0,723.16,514.0,515.46,4.77,7.18,7.21,27.41,27.4,27.03,392.09,37.11,35.36,37.26,35.5,341.0,188.0,183.0,712.0,33.0,45.0,3.0,371.0,112.0,46.0,11.32,13.9,11.87,12.0,16.0,5.0,713.06,529.0,531.13,5.55,9.21,9.21,33.44,33.6,32.85,79.13,88.62,1758.0,1969.0,0.95,1.29,26.0,25.0,21.0,17.0,regular
8483448,2025,Isaiah George,NYI,D,5on5,2,1503.0,37.0,-0.15,0.23,0.54,0.29,0.57,0.34,0.58,11.0,0.61,0.01,0.04,0.17,0.02,0.47,0.28,0.01,0.01,0.01,1.0,0.0,0.0,1.0,0.0,1.0,1.0,0.0,0.0,0.0,0.0,0.0,1.0,0.0,0.0,1.0,0.0,0.0,0.0,1.0,1.0,2.0,1.0,0.0,0.0,0.01,0.0,0.0,0.0,0.0,0.0,1.1,1.0,1.1,2.0,0.01,0.0,0.0,0.02,0.02,0.02,37.0,2.0,4.0,5.0,26.0,5.0,6.0,4.0,22.0,0.0,0.0,4222.0,0.0,0.0,0.0,1.0,6.81,0.29,0.29,0.29,0.28,8.0,2.0,2.0,12.0,1.0,0.0,0.0,10.0,0.0,0.0,0.29,0.0,0.0,1.0,0.0,0.0,12.13,10.0,10.08,0.08,0.0,0.0,0.37,0.37,0.36,13.5,0.98,0.97,1.01,0.99,12.0,7.0,11.0,30.0,1.0,2.0,0.0,14.0,5.0,0.0,0.45,0.54,0.0,1.0,0.0,0.0,30.67,19.0,19.4,0.16,0.26,0.26,0.89,0.88,0.88,2.46,2.11,57.0,43.0,0.11,0.0,3.0,0.0,2.0,0.0,regular
8476419,2025,Jean-Gabriel Pageau,NYI,C,5on5,49,35223.0,778.0,17.42,0.43,0.46,0.44,0.49,0.45,0.49,338.0,46.9,5.32,3.46,10.69,1.64,24.52,17.37,5.1,5.41,5.19,5.0,5.0,38.0,25.0,14.0,77.0,18.0,8.0,4.0,1.0,6.0,0.0,19.0,26.0,30.0,55.0,1.0,2.0,291.0,64.0,8.0,26.0,41.0,16.0,6.0,1.44,2.0,1.89,3.0,4.0,1.0,77.8,63.0,62.85,4.0,0.74,0.8,1.78,4.28,4.29,4.25,778.0,99.0,106.0,120.0,453.0,100.0,86.0,112.0,480.0,291.0,204.0,108968.0,2.0,4.0,2.0,32.0,262.46,22.08,21.22,22.09,21.24,220.0,143.0,117.0,480.0,23.0,30.0,4.0,275.0,67.0,21.0,7.83,8.12,6.13,10.0,9.0,4.0,481.78,363.0,362.92,3.65,6.07,6.08,19.65,19.61,19.22,328.04,29.61,28.29,29.83,28.51,296.0,149.0,169.0,614.0,26.0,44.0,1.0,321.0,87.0,37.0,9.56,10.06,9.99,13.0,12.0,1.0,618.09,445.0,448.16,4.7,8.51,8.6,25.72,25.86,25.19,69.79,80.99,1622.0,1689.0,1.35,0.33,26.0,15.0,18.0,9.0,regular
8477494,2025,Jonathan Drouin,NYI,L,5on5,50,40173.0,842.0,21.82,0.48,0.47,0.52,0.48,0.52,0.48,247.0,55.88,6.18,4.1,12.75,1.87,29.28,21.81,6.04,6.17,6.03,6.0,2.0,53.0,23.0,16.0,92.0,11.0,3.0,4.0,1.0,12.0,0.0,27.0,30.0,50.0,73.0,3.0,9.0,67.0,9.0,10.0,23.0,48.0,21.0,7.0,1.76,2.6,1.81,1.0,1.0,1.0,90.8,76.0,74.53,9.0,0.86,0.47,1.58,5.46,5.42,5.37,842.0,107.0,92.0,160.0,483.0,138.0,117.0,122.0,465.0,67.0,75.0,107204.0,9.0,16.0,7.0,15.0,332.8,25.75,24.88,25.64,24.77,297.0,163.0,160.0,620.0,18.0,32.0,1.0,369.0,69.0,22.0,11.05,8.57,6.13,12.0,5.0,1.0,618.76,460.0,458.61,4.42,6.03,6.38,23.78,23.68,23.29,310.51,28.42,27.18,28.41,27.15,277.0,144.0,160.0,581.0,19.0,40.0,2.0,299.0,90.0,32.0,9.25,11.09,8.09,6.0,10.0,3.0,581.14,421.0,421.59,4.42,7.58,7.58,25.27,25.25,24.72,70.61,78.95,1552.0,1708.0,0.82,0.67,18.0,24.0,14.0,17.0,regular
8481237,2025,Kyle MacLean,NYI,C,5on5,41,25613.0,564.0,1.32,0.45,0.47,0.43,0.49,0.47,0.49,372.0,37.11,3.77,2.44,8.91,1.28,19.28,14.32,3.71,3.76,3.7,0.0,3.0,32.0,18.0,7.0,57.0,5.0,2.0,4.0,1.0,10.0,0.0,10.0,24.0,30.0,48.0,8.0,19.0,38.0,81.0,4.0,15.0,34.0,11.0,5.0,0.98,1.34,1.46,0.0,1.0,1.0,56.45,50.0,49.85,5.0,0.51,0.75,1.28,3.0,2.99,2.98,564.0,53.0,56.0,112.0,343.0,78.0,77.0,66.0,343.0,38.0,24.0,95668.0,19.0,19.0,8.0,15.0,176.05,14.98,14.55,14.93,14.5,156.0,82.0,74.0,312.0,9.0,22.0,2.0,179.0,40.0,19.0,4.55,5.23,5.2,4.0,3.0,2.0,312.02,238.0,237.65,2.28,4.29,4.29,12.97,12.94,12.83,194.74,18.1,17.09,18.28,17.27,161.0,102.0,144.0,407.0,12.0,27.0,1.0,191.0,54.0,18.0,5.77,7.33,5.0,8.0,3.0,1.0,409.57,263.0,265.38,2.8,5.78,5.98,14.92,15.05,14.62,64.73,74.44,1460.0,1543.0,0.36,0.46,10.0,7.0,8.0,5.0,regular
8475151,2025,Kyle Palmieri,NYI,C,5on5,25,19253.0,401.0,17.43,0.45,0.5,0.5,0.5,0.49,0.51,143.0,34.53,2.64,2.38,7.27,0.99,18.87,13.84,2.6,2.62,2.58,2.0,5.0,30.0,16.0,18.0,64.0,10.0,3.0,1.0,0.0,8.0,0.0,18.0,16.0,27.0,43.0,4.0,8.0,2.0,17.0,4.0,12.0,32.0,14.0,0.0,1.14,1.5,0.0,2.0,1.0,0.0,63.2,46.0,45.41,2.0,0.49,0.37,0.08,3.05,3.03,2.99,401.0,63.0,43.0,62.0,233.0,63.0,57.0,56.0,225.0,2.0,2.0,53694.0,8.0,10.0,4.0,8.0,147.43,11.71,11.45,11.85,11.59,138.0,65.0,87.0,290.0,10.0,16.0,1.0,154.0,41.0,8.0,4.56,4.97,2.17,4.0,5.0,1.0,289.02,203.0,202.53,2.05,3.07,3.08,10.68,10.73,10.62,156.84,14.3,13.74,14.29,13.74,138.0,74.0,82.0,294.0,10.0,20.0,0.0,149.0,50.0,13.0,4.84,6.12,3.34,5.0,4.0,1.0,295.26,212.0,212.96,2.28,3.25,3.25,13.34,13.42,13.21,37.23,36.91,804.0,817.0,0.93,0.04,21.0,6.0,17.0,3.0,regular
8483553,2025,Marc Gatcomb,NYI,C,5on5,28,17246.0,389.0,3.55,0.49,0.42,0.46,0.47,0.5,0.47,272.0,29.63,2.31,1.97,7.68,1.06,16.84,12.15,2.26,2.36,2.31,1.0,1.0,31.0,11.0,7.0,49.0,3.0,1.0,5.0,0.0,8.0,0.0,21.0,7.0,30.0,41.0,3.0,6.0,0.0,124.0,5.0,10.0,35.0,5.0,2.0,1.05,0.69,0.57,0.0,1.0,0.0,49.76,42.0,42.47,4.0,0.4,1.04,0.41,2.3,2.36,2.35,389.0,38.0,36.0,80.0,235.0,49.0,49.0,40.0,251.0,0.0,2.0,67592.0,6.0,4.0,2.0,18.0,117.31,9.19,8.9,9.28,8.97,105.0,56.0,48.0,209.0,6.0,16.0,2.0,129.0,20.0,12.0,3.16,2.59,3.44,1.0,3.0,2.0,212.27,161.0,162.9,1.49,2.98,2.98,7.7,7.79,7.72,116.48,9.45,9.11,9.57,9.23,93.0,68.0,84.0,245.0,5.0,10.0,1.0,121.0,34.0,6.0,3.31,4.36,1.78,2.0,2.0,1.0,244.27,161.0,161.14,1.58,1.97,1.97,9.06,9.13,8.88,42.27,58.7,1024.0,1169.0,0.43,0.53,8.0,9.0,6.0,8.0,regular
8481569,2025,Marshall Warren,NYI,D,5on5,8,5371.0,130.0,2.88,0.51,0.45,0.51,0.51,0.49,0.5,48.0,9.91,0.29,0.46,3.04,0.31,5.84,4.06,0.28,0.29,0.28,2.0,1.0,7.0,7.0,5.0,19.0,3.0,0.0,1.0,0.0,3.0,0.0,6.0,4.0,7.0,14.0,2.0,4.0,0.0,7.0,1.0,7.0,14.0,0.0,0.0,0.29,0.0,0.0,0.0,0.0,0.0,19.15,14.0,14.0,5.0,0.09,0.23,0.0,0.38,0.38,0.36,130.0,19.0,9.0,21.0,81.0,19.0,22.0,14.0,75.0,0.0,0.0,18514.0,4.0,4.0,2.0,5.0,41.95,3.93,3.78,3.96,3.8,36.0,21.0,22.0,79.0,3.0,5.0,0.0,41.0,12.0,4.0,1.19,1.52,1.22,1.0,2.0,0.0,79.94,57.0,58.23,0.57,1.14,1.14,3.35,3.36,3.28,43.98,3.74,3.67,3.78,3.71,36.0,23.0,17.0,76.0,3.0,4.0,0.0,48.0,7.0,4.0,1.65,0.8,1.29,3.0,0.0,0.0,76.31,59.0,58.66,0.57,1.14,1.14,3.17,3.15,3.12,11.29,13.71,292.0,277.0,0.14,0.0,6.0,0.0,4.0,0.0,regular
8478445,2025,Mathew Barzal,NYI,C,5on5,56,53402.0,1009.0,48.55,0.51,0.44,0.51,0.47,0.52,0.47,104.0,92.35,9.66,6.54,21.88,3.15,46.8,34.98,9.26,9.64,9.24,11.0,4.0,81.0,42.0,42.0,165.0,26.0,11.0,18.0,1.0,19.0,0.0,34.0,41.0,70.0,112.0,13.0,29.0,180.0,17.0,25.0,55.0,84.0,28.0,11.0,2.58,3.68,3.39,5.0,3.0,3.0,166.15,123.0,123.57,16.0,1.36,3.75,2.57,8.45,8.49,8.35,1009.0,133.0,82.0,178.0,616.0,139.0,149.0,179.0,542.0,180.0,267.0,112066.0,29.0,28.0,14.0,33.0,470.04,41.01,39.25,40.92,39.17,419.0,224.0,232.0,875.0,41.0,58.0,6.0,483.0,115.0,45.0,14.16,13.9,12.95,22.0,11.0,8.0,875.0,643.0,641.62,6.47,11.75,11.99,35.5,35.46,34.84,436.86,38.86,37.26,38.97,37.36,377.0,215.0,234.0,826.0,28.0,56.0,2.0,429.0,127.0,36.0,13.56,16.07,9.23,10.0,17.0,1.0,825.52,592.0,593.41,6.05,9.6,9.6,35.31,35.43,34.69,66.31,83.5,1567.0,1800.0,1.39,1.3,27.0,27.0,20.0,21.0,regular
8485366,2025,Matthew Schaefer,NYI,D,5on5,57,62273.0,1251.0,40.42,0.48,0.46,0.48,0.48,0.49,0.49,135.0,79.59,4.42,4.54,22.09,2.58,44.5,32.86,4.34,4.44,4.36,6.0,5.0,80.0,31.0,80.0,191.0,16.0,5.0,10.0,1.0,16.0,0.0,32.0,48.0,75.0,106.0,14.0,28.0,0.0,26.0,18.0,57.0,95.0,13.0,3.0,2.16,1.58,0.68,3.0,1.0,1.0,190.28,111.0,111.07,41.0,0.92,2.31,0.86,4.48,4.48,4.42,1251.0,102.0,121.0,204.0,824.0,125.0,166.0,172.0,788.0,0.0,0.0,106003.0,28.0,52.0,25.0,57.0,502.22,41.86,40.48,41.97,40.59,460.0,233.0,249.0,942.0,45.0,60.0,7.0,533.0,123.0,37.0,16.15,15.35,10.36,29.0,9.0,7.0,941.08,693.0,691.4,7.0,11.68,11.85,37.01,36.93,36.4,520.9,46.16,43.82,45.95,43.63,450.0,259.0,292.0,1001.0,34.0,65.0,2.0,519.0,143.0,47.0,16.23,17.96,11.96,18.0,15.0,1.0,999.98,709.0,709.36,7.52,11.79,11.87,41.81,41.73,40.8,67.13,79.57,1538.0,1680.0,3.93,0.32,84.0,9.0,66.0,5.0,regular
8485702,2025,Max Shabanov,NYI,R,5on5,40,28379.0,588.0,10.65,0.41,0.47,0.44,0.49,0.46,0.49,278.0,44.67,4.37,2.92,10.91,1.44,23.43,16.91,4.26,4.37,4.26,5.0,2.0,42.0,18.0,19.0,79.0,11.0,4.0,2.0,1.0,7.0,0.0,26.0,21.0,38.0,56.0,0.0,0.0,0.0,24.0,7.0,29.0,43.0,13.0,4.0,1.68,1.47,1.23,2.0,1.0,1.0,78.75,60.0,59.3,14.0,0.61,0.22,1.45,3.53,3.48,3.43,588.0,77.0,62.0,93.0,356.0,97.0,88.0,90.0,313.0,0.0,2.0,89912.0,0.0,8.0,4.0,13.0,227.7,17.2,16.79,17.0,16.61,199.0,112.0,96.0,407.0,22.0,23.0,3.0,247.0,53.0,11.0,7.1,6.55,3.55,10.0,9.0,3.0,405.09,311.0,308.06,2.88,4.44,4.34,15.73,15.53,15.36,271.43,25.01,23.95,25.21,24.16,245.0,123.0,140.0,508.0,22.0,30.0,0.0,273.0,63.0,32.0,8.6,7.51,8.9,12.0,8.0,2.0,507.51,368.0,369.16,3.9,7.26,7.26,21.64,21.79,21.34,57.97,64.32,1342.0,1419.0,1.22,0.26,23.0,7.0,17.0,5.0,regular
8476292,2025,Ondrej Palat,NYI,L,5on5,56,38806.0,912.0,14.83,0.47,0.49,0.49,0.51,0.5,0.51,451.0,62.08,5.96,4.5,14.96,2.09,33.96,23.53,5.82,5.95,5.81,3.0,2.0,51.0,34.0,20.0,105.0,9.0,4.0,1.0,0.0,7.0,0.0,43.0,30.0,47.0,81.0,4.0,10.0,5.0,89.0,8.0,27.0,57.0,25.0,3.0,2.01,3.17,0.77,0.0,4.0,0.0,105.92,85.0,85.78,9.0,0.95,0.35,1.09,5.82,5.84,5.74,912.0,104.0,106.0,148.0,554.0,125.0,119.0,126.0,542.0,5.0,6.0,131228.0,10.0,20.0,10.0,42.0,312.22,23.65,22.93,23.94,23.22,294.0,139.0,162.0,595.0,25.0,25.0,0.0,349.0,64.0,20.0,10.14,8.15,5.35,12.0,12.0,1.0,598.35,433.0,437.42,4.13,5.01,5.01,22.76,22.99,22.63,306.0,26.3,25.44,26.17,25.33,281.0,144.0,184.0,609.0,31.0,38.0,3.0,322.0,83.0,20.0,10.07,10.52,5.71,17.0,11.0,3.0,607.64,425.0,424.81,4.27,7.0,7.0,23.57,23.64,23.3,87.57,92.06,2125.0,2005.0,0.97,1.71,31.0,24.0,21.0,19.0,regular
8477506,2025,Ryan Pulock,NYI,D,5on5,55,56952.0,1245.0,19.95,0.46,0.47,0.47,0.49,0.48,0.49,165.0,66.67,2.01,3.54,20.36,2.35,39.92,28.8,1.96,2.03,1.97,7.0,9.0,61.0,36.0,53.0,150.0,19.0,3.0,6.0,0.0,11.0,0.0,38.0,39.0,58.0,94.0,5.0,10.0,0.0,38.0,21.0,59.0,97.0,0.0,0.0,2.01,0.0,0.0,3.0,0.0,0.0,150.85,97.0,97.67,40.0,0.72,1.69,0.03,2.7,2.71,2.64,1245.0,101.0,125.0,220.0,799.0,125.0,128.0,137.0,855.0,0.0,0.0,105599.0,10.0,4.0,2.0,75.0,450.25,37.34,35.92,37.47,36.02,404.0,217.0,209.0,830.0,39.0,52.0,6.0,477.0,108.0,36.0,13.41,13.59,10.35,21.0,11.0,7.0,833.75,621.0,622.09,6.06,10.09,10.56,32.83,32.9,32.29,495.44,43.7,41.59,43.55,41.45,422.0,250.0,283.0,955.0,27.0,61.0,2.0,494.0,128.0,50.0,15.54,15.76,12.4,17.0,7.0,3.0,953.51,672.0,672.53,7.08,11.09,11.09,39.69,39.6,38.66,68.89,78.94,1581.0,1653.0,5.06,0.6,107.0,16.0,84.0,12.0,regular
8476429,2025,Scott Mayfield,NYI,D,5on5,55,50738.0,1104.0,1.68,0.46,0.47,0.44,0.5,0.47,0.5,219.0,55.98,2.09,2.99,16.66,1.85,32.98,23.44,2.0,2.07,1.98,1.0,6.0,47.0,33.0,49.0,129.0,8.0,1.0,6.0,0.0,20.0,0.0,24.0,29.0,46.0,79.0,21.0,48.0,0.0,53.0,9.0,41.0,76.0,4.0,0.0,1.58,0.51,0.0,0.0,1.0,0.0,127.49,80.0,79.07,31.0,0.61,1.49,0.16,2.54,2.52,2.41,1104.0,99.0,87.0,156.0,762.0,124.0,160.0,155.0,665.0,0.0,0.0,112053.0,48.0,34.0,14.0,53.0,356.52,30.67,29.54,30.62,29.5,317.0,167.0,166.0,650.0,25.0,43.0,4.0,364.0,91.0,29.0,11.09,11.06,8.52,11.0,9.0,5.0,650.12,484.0,483.21,4.72,8.3,8.12,27.27,27.25,26.86,403.63,35.63,34.4,35.98,34.74,358.0,194.0,259.0,811.0,33.0,46.0,0.0,409.0,106.0,37.0,12.72,12.81,10.1,17.0,14.0,2.0,816.63,552.0,556.5,5.71,8.35,8.35,32.99,33.31,32.71,75.09,85.51,1761.0,1784.0,6.43,0.34,113.0,9.0,92.0,8.0,regular
8481601,2025,Simon Holmstrom,NYI,R,5on5,55,41469.0,886.0,25.06,0.46,0.47,0.47,0.48,0.48,0.49,321.0,56.2,5.52,3.91,13.18,1.99,31.27,22.15,5.25,5.46,5.19,4.0,6.0,45.0,33.0,18.0,96.0,19.0,9.0,5.0,2.0,8.0,0.0,35.0,21.0,36.0,69.0,5.0,10.0,1.0,8.0,9.0,25.0,58.0,16.0,4.0,2.36,1.88,1.28,5.0,1.0,3.0,96.13,78.0,77.57,5.0,0.81,1.08,1.45,4.88,4.84,4.71,886.0,106.0,94.0,135.0,551.0,127.0,120.0,129.0,510.0,1.0,8.0,120762.0,10.0,18.0,9.0,24.0,322.05,25.52,24.6,25.4,24.47,281.0,169.0,163.0,613.0,33.0,30.0,7.0,348.0,80.0,22.0,9.91,9.79,5.82,18.0,9.0,6.0,609.88,450.0,447.37,4.43,5.82,6.07,23.89,23.7,23.26,358.45,30.08,28.71,30.17,28.82,319.0,170.0,193.0,682.0,25.0,51.0,1.0,366.0,94.0,29.0,11.09,11.62,7.37,13.0,11.0,1.0,687.29,489.0,491.91,5.12,8.49,8.58,26.62,26.71,26.11,81.15,92.68,1803.0,1925.0,1.42,1.54,24.0,29.0,22.0,19.0,regular
8477950,2025,Tony DeAngelo,NYI,D,5on5,57,56156.0,1133.0,29.85,0.45,0.47,0.52,0.46,0.52,0.47,202.0,94.08,4.2,5.0,27.67,3.15,51.92,39.07,4.08,4.16,4.05,7.0,7.0,95.0,36.0,59.0,190.0,17.0,3.0,9.0,0.0,25.0,0.0,51.0,43.0,92.0,128.0,11.0,25.0,0.0,24.0,13.0,66.0,120.0,9.0,2.0,2.56,1.11,0.53,0.0,2.0,1.0,191.64,131.0,131.62,50.0,1.02,1.47,0.6,4.62,4.62,4.52,1133.0,105.0,120.0,165.0,743.0,150.0,145.0,137.0,701.0,0.0,0.0,112120.0,25.0,15.0,6.0,44.0,488.44,36.99,35.99,36.85,35.84,433.0,238.0,260.0,931.0,40.0,50.0,3.0,526.0,116.0,29.0,14.99,14.04,7.96,21.0,15.0,4.0,928.84,671.0,668.69,6.49,9.11,8.89,34.6,34.5,34.03,469.37,44.58,42.37,45.11,42.89,415.0,216.0,224.0,855.0,39.0,66.0,3.0,441.0,142.0,48.0,13.39,18.09,13.1,11.0,24.0,4.0,860.63,631.0,636.16,6.64,13.21,13.21,38.01,38.41,37.5,71.98,81.15,1549.0,1826.0,3.05,0.65,71.0,15.0,56.0,13.0,regular
8484262,2025,Travis Mitchell,NYI,D,5on5,9,6152.0,142.0,-0.7,0.39,0.48,0.39,0.48,0.4,0.5,54.0,5.3,0.38,0.23,2.02,0.19,2.47,1.72,0.37,0.38,0.36,0.0,0.0,4.0,3.0,6.0,13.0,1.0,1.0,0.0,1.0,2.0,0.0,1.0,3.0,3.0,6.0,3.0,6.0,0.0,13.0,0.0,5.0,6.0,0.0,1.0,0.1,0.0,0.27,0.0,0.0,1.0,13.08,7.0,7.12,4.0,0.05,0.0,0.27,0.15,0.15,0.15,142.0,19.0,8.0,34.0,81.0,11.0,23.0,15.0,93.0,0.0,0.0,21108.0,6.0,4.0,2.0,6.0,36.6,2.68,2.56,2.63,2.52,31.0,19.0,15.0,65.0,3.0,3.0,1.0,39.0,9.0,2.0,1.04,1.08,0.55,1.0,1.0,1.0,64.88,50.0,49.76,0.44,0.66,0.66,2.47,2.42,2.35,53.96,4.12,4.02,4.16,4.05,47.0,28.0,28.0,103.0,3.0,5.0,0.0,59.0,14.0,2.0,1.85,1.83,0.44,2.0,1.0,0.0,101.99,75.0,75.1,0.72,0.91,0.91,3.93,3.93,3.89,15.0,16.05,333.0,360.0,0.31,0.01,10.0,1.0,8.0,1.0,regular
8481726,2025,Adam Edstrom,NYR,C,5on5,24,13633.0,332.0,4.69,0.46,0.5,0.48,0.5,0.47,0.5,245.0,21.57,2.62,1.63,4.72,0.73,11.04,8.27,2.59,2.8,2.76,2.0,0.0,21.0,8.0,6.0,35.0,4.0,2.0,2.0,0.0,5.0,0.0,12.0,8.0,19.0,27.0,1.0,2.0,2.0,48.0,5.0,11.0,17.0,7.0,5.0,0.63,0.73,1.26,0.0,1.0,1.0,37.24,29.0,30.57,6.0,0.35,0.21,0.45,2.53,2.67,2.65,332.0,18.0,39.0,46.0,229.0,61.0,47.0,36.0,188.0,2.0,0.0,59007.0,2.0,0.0,0.0,13.0,99.45,8.01,7.82,8.37,8.16,84.0,52.0,64.0,200.0,9.0,9.0,1.0,100.0,27.0,9.0,2.52,3.28,2.22,5.0,3.0,1.0,204.89,136.0,139.86,1.36,1.24,1.24,8.13,8.39,8.31,112.09,9.33,8.99,9.32,8.99,109.0,46.0,63.0,218.0,5.0,12.0,1.0,125.0,19.0,11.0,3.73,2.46,3.14,3.0,1.0,1.0,217.4,155.0,155.19,1.45,2.58,2.58,8.2,8.15,8.07,36.78,37.05,930.0,913.0,0.06,0.25,7.0,8.0,4.0,7.0,regular
8479323,2025,Adam Fox,NYR,D,5on5,30,33969.0,684.0,32.55,0.58,0.44,0.57,0.45,0.55,0.45,76.0,42.5,1.55,2.56,12.62,1.58,26.67,18.0,1.44,1.58,1.46,6.0,7.0,36.0,27.0,50.0,113.0,14.0,1.0,6.0,1.0,16.0,0.0,24.0,16.0,35.0,62.0,6.0,12.0,0.0,15.0,14.0,31.0,59.0,3.0,1.0,1.03,0.31,0.21,1.0,0.0,0.0,112.7,63.0,63.02,18.0,0.51,1.06,0.4,1.67,1.67,1.6,684.0,96.0,73.0,135.0,380.0,39.0,82.0,81.0,482.0,0.0,0.0,56591.0,12.0,10.0,5.0,36.0,297.38,25.75,24.89,26.33,25.45,251.0,161.0,199.0,611.0,26.0,31.0,2.0,311.0,77.0,24.0,9.12,9.73,6.9,11.0,13.0,2.0,616.46,412.0,416.61,4.21,6.42,6.46,23.5,24.0,23.55,245.4,18.36,17.8,18.57,17.99,226.0,106.0,138.0,470.0,16.0,16.0,2.0,264.0,52.0,16.0,7.55,6.47,4.34,8.0,6.0,2.0,473.09,332.0,334.29,3.17,2.83,3.16,18.37,18.46,18.25,31.74,39.71,787.0,973.0,2.4,0.25,40.0,11.0,31.0,5.0,regular
8482109,2025,Alexis Lafrenire,NYR,L,5on5,56,48644.0,1089.0,36.08,0.52,0.47,0.53,0.47,0.53,0.46,252.0,101.6,9.88,7.35,23.45,3.35,52.59,38.38,9.64,10.04,9.81,5.0,7.0,83.0,52.0,35.0,170.0,20.0,8.0,11.0,1.0,12.0,1.0,50.0,53.0,75.0,127.0,7.0,14.0,7.0,76.0,12.0,29.0,83.0,47.0,5.0,3.26,5.37,1.25,4.0,4.0,0.0,170.06,135.0,135.51,14.0,1.56,1.41,2.43,9.0,9.14,9.05,1089.0,152.0,95.0,183.0,659.0,134.0,158.0,145.0,652.0,7.0,21.0,120192.0,14.0,24.0,11.0,35.0,408.5,32.54,31.71,32.93,32.09,348.0,214.0,232.0,794.0,32.0,35.0,4.0,419.0,123.0,20.0,12.54,14.45,5.54,16.0,14.0,2.0,788.18,562.0,560.19,5.72,6.38,6.38,31.88,32.15,31.75,365.59,29.57,28.76,29.78,28.97,335.0,167.0,193.0,695.0,34.0,38.0,5.0,388.0,90.0,24.0,12.17,11.25,6.16,15.0,14.0,5.0,703.31,502.0,507.74,4.9,6.56,6.56,27.92,28.15,27.8,71.81,81.97,1759.0,1978.0,0.45,1.28,17.0,27.0,12.0,22.0,regular
8477320,2025,Anton Blidh,NYR,L,5on5,3,1305.0,34.0,0.8,0.56,0.45,0.45,0.51,0.5,0.48,35.0,3.61,0.3,0.26,0.96,0.18,1.97,1.34,0.28,0.29,0.27,0.0,1.0,4.0,1.0,0.0,5.0,1.0,0.0,2.0,0.0,1.0,0.0,1.0,1.0,4.0,5.0,0.0,0.0,0.0,8.0,0.0,0.0,3.0,2.0,0.0,0.07,0.23,0.0,0.0,0.0,0.0,4.59,5.0,4.79,0.0,0.05,0.33,0.23,0.13,0.12,0.12,34.0,2.0,3.0,5.0,24.0,4.0,3.0,5.0,22.0,0.0,0.0,7417.0,0.0,0.0,0.0,0.0,11.0,0.88,0.8,0.85,0.77,10.0,6.0,4.0,20.0,1.0,5.0,1.0,12.0,3.0,1.0,0.32,0.33,0.23,0.0,0.0,1.0,18.68,16.0,15.26,0.2,0.57,0.57,0.5,0.48,0.46,11.06,0.68,0.66,0.72,0.7,4.0,12.0,8.0,24.0,0.0,0.0,0.0,14.0,2.0,0.0,0.41,0.27,0.0,0.0,0.0,0.0,25.68,16.0,17.07,0.17,0.0,0.0,0.84,0.9,0.87,4.28,5.27,114.0,111.0,0.15,0.0,4.0,0.0,2.0,0.0,regular
8478550,2025,Artemi Panarin,NYR,L,5on5,52,51657.0,1060.0,60.11,0.51,0.47,0.55,0.46,0.54,0.45,80.0,108.71,7.7,6.92,28.08,3.77,59.86,43.68,7.6,7.64,7.54,12.0,8.0,94.0,56.0,65.0,215.0,34.0,14.0,7.0,1.0,10.0,1.0,60.0,58.0,80.0,136.0,6.0,12.0,0.0,8.0,11.0,56.0,125.0,23.0,2.0,4.37,2.73,0.6,10.0,4.0,0.0,213.07,150.0,148.61,17.0,1.42,1.17,1.0,8.11,8.08,8.03,1060.0,153.0,99.0,166.0,642.0,118.0,143.0,178.0,621.0,0.0,0.0,105457.0,12.0,22.0,12.0,9.0,460.64,34.58,33.73,34.81,33.95,403.0,234.0,261.0,898.0,43.0,34.0,4.0,493.0,123.0,21.0,14.27,14.65,5.66,27.0,15.0,1.0,893.48,637.0,634.88,6.22,6.44,6.49,34.31,34.45,34.06,396.04,33.34,32.38,33.6,32.63,364.0,179.0,203.0,746.0,38.0,43.0,2.0,418.0,94.0,31.0,12.84,12.34,8.16,17.0,16.0,5.0,754.35,543.0,549.12,5.31,7.83,7.83,30.82,31.1,30.64,63.26,70.47,1500.0,1746.0,0.49,1.5,19.0,27.0,13.0,24.0,regular
8482073,2025,Braden Schneider,NYR,D,5on5,56,58475.0,1173.0,8.3,0.44,0.5,0.47,0.5,0.46,0.49,168.0,70.94,2.51,3.7,20.44,2.31,41.89,30.16,2.48,2.49,2.46,4.0,4.0,69.0,32.0,65.0,166.0,10.0,2.0,7.0,0.0,20.0,0.0,36.0,36.0,67.0,99.0,7.0,14.0,0.0,109.0,15.0,53.0,96.0,5.0,0.0,1.8,0.71,0.0,1.0,1.0,0.0,164.96,101.0,100.35,30.0,0.74,1.04,0.22,3.02,3.02,2.99,1173.0,77.0,126.0,171.0,799.0,148.0,147.0,164.0,714.0,0.0,0.0,110361.0,14.0,8.0,4.0,68.0,420.93,33.33,32.36,33.73,32.72,363.0,215.0,263.0,841.0,30.0,39.0,1.0,438.0,111.0,29.0,12.12,13.1,8.1,19.0,11.0,0.0,837.25,578.0,578.4,5.6,7.57,7.57,31.35,31.65,31.34,500.4,41.63,40.13,41.56,40.06,438.0,251.0,273.0,962.0,47.0,55.0,8.0,540.0,107.0,42.0,16.66,13.67,11.29,21.0,16.0,10.0,967.33,689.0,692.45,6.74,10.51,10.83,37.54,37.53,36.94,71.01,69.91,1712.0,1711.0,4.55,0.18,84.0,6.0,62.0,6.0,regular
8482747,2025,Brennan Othmann,NYR,L,5on5,16,9152.0,228.0,-0.3,0.45,0.47,0.42,0.5,0.42,0.48,152.0,14.68,1.69,0.96,3.48,0.47,6.94,5.46,1.67,1.7,1.68,0.0,0.0,13.0,6.0,3.0,22.0,1.0,1.0,0.0,0.0,4.0,0.0,9.0,5.0,12.0,18.0,3.0,9.0,0.0,38.0,2.0,3.0,13.0,3.0,3.0,0.54,0.36,0.79,0.0,1.0,0.0,21.83,19.0,18.86,1.0,0.2,0.0,0.33,1.56,1.57,1.57,228.0,19.0,14.0,36.0,159.0,36.0,33.0,39.0,120.0,0.0,2.0,38013.0,9.0,17.0,7.0,7.0,59.27,5.53,5.27,5.63,5.36,50.0,31.0,43.0,124.0,5.0,9.0,0.0,59.0,14.0,8.0,1.69,1.68,2.16,2.0,3.0,0.0,125.03,81.0,81.57,0.83,1.56,1.56,4.8,4.9,4.83,83.21,6.77,6.53,6.79,6.55,70.0,43.0,55.0,168.0,10.0,11.0,2.0,85.0,22.0,6.0,2.68,2.56,1.53,6.0,2.0,2.0,171.85,113.0,115.14,1.12,2.14,2.14,5.75,5.73,5.64,23.34,25.91,583.0,590.0,0.11,0.92,1.0,9.0,1.0,7.0,regular
8482132,2025,Brett Berard,NYR,L,5on5,13,8200.0,196.0,-0.55,0.47,0.49,0.45,0.48,0.47,0.48,124.0,16.4,1.69,1.17,4.32,0.6,7.84,5.37,1.65,1.75,1.71,0.0,0.0,10.0,11.0,13.0,34.0,0.0,0.0,1.0,0.0,5.0,0.0,10.0,5.0,10.0,21.0,2.0,6.0,0.0,17.0,1.0,9.0,15.0,4.0,2.0,0.45,0.57,0.67,0.0,0.0,0.0,34.8,21.0,21.7,1.0,0.25,0.29,0.42,1.52,1.61,1.58,196.0,10.0,12.0,24.0,150.0,33.0,31.0,23.0,109.0,0.0,0.0,31467.0,6.0,0.0,0.0,9.0,60.24,5.15,4.97,5.26,5.08,44.0,37.0,37.0,118.0,2.0,8.0,1.0,62.0,14.0,5.0,1.81,1.8,1.53,2.0,0.0,0.0,120.11,81.0,82.41,0.92,1.62,1.62,4.44,4.55,4.48,65.87,5.84,5.5,5.75,5.4,65.0,25.0,54.0,144.0,3.0,11.0,0.0,68.0,15.0,7.0,1.95,1.8,2.09,1.0,2.0,0.0,143.72,90.0,89.3,0.92,2.2,2.2,4.56,4.5,4.45,19.23,20.24,474.0,504.0,0.05,0.01,5.0,2.0,4.0,1.0,regular
8477839,2025,Conor Sheary,NYR,L,5on5,37,29091.0,631.0,10.54,0.51,0.5,0.49,0.5,0.49,0.5,228.0,52.84,5.78,3.93,12.85,1.92,29.09,20.43,5.46,5.85,5.51,3.0,3.0,47.0,27.0,25.0,99.0,7.0,1.0,6.0,0.0,7.0,0.0,28.0,32.0,46.0,73.0,4.0,8.0,6.0,17.0,13.0,26.0,53.0,15.0,6.0,2.05,1.83,1.9,0.0,1.0,0.0,98.92,74.0,74.42,8.0,0.84,1.55,1.71,4.91,4.9,4.82,631.0,84.0,61.0,103.0,383.0,84.0,85.0,59.0,403.0,6.0,6.0,83608.0,8.0,16.0,8.0,21.0,237.66,20.56,19.54,20.62,19.6,198.0,131.0,142.0,471.0,8.0,31.0,3.0,251.0,58.0,20.0,7.38,6.99,6.18,2.0,4.0,2.0,470.05,329.0,329.11,3.28,7.16,7.2,16.64,16.78,16.4,255.54,19.52,18.9,19.8,19.17,213.0,135.0,135.0,483.0,12.0,24.0,2.0,278.0,53.0,17.0,8.4,6.34,4.77,7.0,3.0,2.0,489.34,348.0,352.28,3.34,4.92,4.92,17.93,18.05,17.79,50.11,49.38,1272.0,1256.0,1.11,1.05,23.0,20.0,19.0,15.0,regular
8484210,2025,Gabe Perreault,NYR,R,5on5,23,19058.0,419.0,6.07,0.45,0.45,0.46,0.47,0.44,0.46,123.0,27.09,3.61,2.0,6.54,0.94,12.63,9.28,3.54,3.54,3.46,2.0,2.0,26.0,9.0,18.0,53.0,6.0,2.0,6.0,0.0,5.0,0.0,8.0,14.0,24.0,33.0,2.0,4.0,3.0,18.0,5.0,14.0,19.0,10.0,6.0,0.79,1.15,1.67,1.0,0.0,1.0,52.34,35.0,34.63,4.0,0.43,1.0,1.16,2.88,2.81,2.8,419.0,65.0,39.0,92.0,223.0,62.0,67.0,53.0,237.0,3.0,1.0,50253.0,4.0,4.0,2.0,14.0,137.46,11.97,11.66,11.98,11.66,139.0,47.0,85.0,271.0,13.0,18.0,1.0,134.0,41.0,11.0,4.27,4.78,2.92,7.0,4.0,2.0,267.39,186.0,184.51,1.85,3.08,3.08,10.74,10.72,10.63,174.06,14.65,14.07,14.63,14.04,147.0,94.0,74.0,315.0,14.0,15.0,4.0,186.0,45.0,10.0,6.18,5.49,2.98,5.0,5.0,4.0,317.74,241.0,242.13,2.44,3.17,3.17,13.93,13.86,13.67,29.07,35.16,731.0,809.0,0.29,0.3,10.0,8.0,6.0,7.0,regular
8476468,2025,J.T. Miller,NYR,C,5on5,47,42174.0,963.0,31.2,0.52,0.48,0.49,0.5,0.48,0.49,186.0,67.8,7.62,5.23,15.61,2.42,35.65,26.46,7.28,7.51,7.18,7.0,6.0,63.0,30.0,16.0,109.0,20.0,7.0,6.0,1.0,12.0,0.0,39.0,29.0,56.0,86.0,7.0,14.0,273.0,93.0,7.0,40.0,57.0,28.0,8.0,2.09,3.47,2.06,2.0,5.0,0.0,107.76,93.0,91.98,13.0,1.12,1.38,1.88,6.86,6.82,6.67,963.0,137.0,119.0,197.0,510.0,88.0,104.0,125.0,646.0,273.0,171.0,99723.0,14.0,8.0,4.0,14.0,328.13,28.81,27.69,28.62,27.51,295.0,158.0,184.0,637.0,25.0,37.0,1.0,339.0,90.0,24.0,10.39,11.28,7.14,11.0,13.0,1.0,629.34,453.0,448.77,4.69,7.42,7.46,26.04,25.98,25.48,356.1,27.05,25.77,27.61,26.28,311.0,177.0,174.0,662.0,34.0,33.0,8.0,389.0,80.0,19.0,11.81,9.55,5.69,15.0,12.0,7.0,674.53,488.0,495.44,4.88,6.26,6.58,25.34,25.66,25.15,58.82,62.83,1531.0,1533.0,0.52,1.53,23.0,33.0,16.0,26.0,regular
8482877,2025,Jaroslav Chmelar,NYR,R,5on5,6,2828.0,65.0,-0.48,0.4,0.59,0.42,0.51,0.35,0.53,67.0,3.42,0.47,0.31,0.81,0.1,1.35,0.95,0.46,0.45,0.45,0.0,0.0,3.0,1.0,2.0,6.0,0.0,0.0,0.0,0.0,1.0,0.0,3.0,0.0,3.0,4.0,2.0,7.0,0.0,13.0,0.0,1.0,0.0,4.0,0.0,0.0,0.47,0.0,0.0,0.0,0.0,5.78,4.0,3.93,0.0,0.07,0.0,0.17,0.37,0.37,0.37,65.0,2.0,6.0,13.0,44.0,11.0,7.0,4.0,43.0,0.0,0.0,15586.0,7.0,7.0,2.0,3.0,12.67,1.11,1.11,1.06,1.06,10.0,7.0,14.0,31.0,0.0,1.0,0.0,11.0,5.0,1.0,0.19,0.57,0.34,0.0,0.0,0.0,29.93,17.0,16.47,0.17,0.17,0.17,1.11,1.08,1.08,22.15,1.68,1.65,1.71,1.68,20.0,11.0,11.0,42.0,2.0,4.0,0.0,27.0,2.0,2.0,0.8,0.26,0.62,2.0,0.0,0.0,43.84,31.0,31.91,0.27,0.72,0.72,1.24,1.25,1.24,12.21,8.34,240.0,232.0,0.05,0.1,2.0,3.0,2.0,2.0,regular
8477380,2025,Jonny Brodzinski,NYR,C,5on5,38,23747.0,553.0,6.17,0.42,0.48,0.45,0.48,0.44,0.48,341.0,47.6,5.07,3.46,12.1,1.67,24.56,17.15,4.93,5.2,5.05,3.0,3.0,33.0,31.0,23.0,87.0,10.0,4.0,8.0,3.0,10.0,0.0,24.0,18.0,29.0,60.0,5.0,10.0,23.0,28.0,9.0,16.0,45.0,13.0,6.0,1.41,1.52,2.14,0.0,1.0,3.0,87.35,64.0,64.77,3.0,0.72,1.47,2.2,3.59,3.63,3.6,553.0,44.0,48.0,81.0,380.0,100.0,70.0,66.0,317.0,23.0,17.0,90893.0,10.0,16.0,7.0,17.0,163.95,13.54,13.23,13.81,13.49,136.0,90.0,99.0,325.0,11.0,20.0,4.0,174.0,37.0,15.0,4.46,4.39,4.68,5.0,2.0,4.0,324.26,226.0,227.01,2.27,4.38,4.38,11.41,11.54,11.42,209.58,18.97,18.22,18.96,18.2,177.0,105.0,122.0,404.0,16.0,28.0,3.0,207.0,53.0,22.0,6.03,6.56,6.37,5.0,9.0,2.0,407.16,282.0,284.07,2.84,6.27,5.83,15.98,16.03,15.84,56.88,61.22,1377.0,1476.0,0.35,1.2,10.0,19.0,10.0,14.0,regular
8475413,2025,Justin Dowling,NYR,C,5on5,2,863.0,24.0,-0.48,0.26,0.38,0.33,0.36,0.35,0.38,24.0,1.63,0.13,0.21,0.58,0.11,1.18,0.79,0.13,0.13,0.13,0.0,0.0,1.0,2.0,0.0,3.0,0.0,0.0,1.0,0.0,0.0,0.0,1.0,1.0,1.0,3.0,0.0,0.0,1.0,3.0,0.0,0.0,2.0,1.0,0.0,0.02,0.1,0.0,0.0,0.0,0.0,3.08,3.0,3.11,0.0,0.04,0.1,0.1,0.07,0.07,0.07,24.0,0.0,3.0,2.0,19.0,0.0,4.0,4.0,16.0,1.0,2.0,4993.0,0.0,0.0,0.0,1.0,4.46,0.31,0.3,0.3,0.29,4.0,3.0,2.0,9.0,0.0,1.0,0.0,5.0,2.0,0.0,0.1,0.21,0.0,0.0,0.0,0.0,9.15,7.0,7.18,0.08,0.1,0.1,0.28,0.27,0.27,10.12,0.88,0.87,0.88,0.88,9.0,4.0,5.0,18.0,1.0,1.0,0.0,10.0,0.0,3.0,0.24,0.0,0.63,0.0,0.0,1.0,17.33,13.0,12.78,0.14,0.21,0.21,0.81,0.83,0.83,2.5,4.08,60.0,106.0,0.0,0.02,0.0,2.0,0.0,1.0,regular
8481704,2025,Juuso Parssinen,NYR,C,5on5,14,7444.0,183.0,2.24,0.4,0.58,0.42,0.54,0.4,0.53,152.0,12.33,0.91,0.88,2.63,0.39,7.22,4.97,0.91,0.92,0.92,0.0,1.0,12.0,5.0,4.0,21.0,3.0,2.0,0.0,0.0,2.0,0.0,5.0,8.0,10.0,15.0,1.0,2.0,14.0,20.0,3.0,6.0,12.0,5.0,0.0,0.4,0.51,0.0,1.0,1.0,0.0,20.71,17.0,16.96,2.0,0.18,0.0,0.0,1.09,1.11,1.1,183.0,14.0,13.0,21.0,135.0,26.0,27.0,23.0,107.0,14.0,15.0,34611.0,2.0,4.0,2.0,9.0,40.83,2.59,2.57,2.68,2.66,34.0,24.0,30.0,88.0,6.0,1.0,0.0,47.0,10.0,1.0,1.21,1.14,0.24,3.0,3.0,0.0,88.15,58.0,58.58,0.56,0.17,0.17,2.98,3.11,3.09,61.21,3.88,3.79,3.86,3.78,57.0,31.0,35.0,123.0,3.0,5.0,0.0,74.0,11.0,3.0,1.78,1.34,0.76,3.0,0.0,0.0,122.8,88.0,88.08,0.8,0.84,0.84,3.84,3.8,3.78,27.22,19.68,579.0,496.0,0.11,0.02,3.0,1.0,3.0,1.0,regular
8482460,2025,Matt Rempe,NYR,C,5on5,25,12423.0,284.0,2.46,0.52,0.48,0.52,0.49,0.49,0.48,266.0,19.15,2.56,1.67,4.17,0.61,8.71,6.28,2.54,2.54,2.51,0.0,0.0,15.0,9.0,6.0,30.0,1.0,1.0,2.0,0.0,3.0,0.0,10.0,8.0,14.0,23.0,4.0,11.0,2.0,81.0,2.0,5.0,10.0,11.0,3.0,0.46,1.39,0.72,0.0,1.0,0.0,29.8,24.0,23.95,3.0,0.36,0.34,0.45,2.47,2.45,2.43,284.0,20.0,27.0,43.0,194.0,53.0,32.0,37.0,162.0,2.0,4.0,62281.0,11.0,9.0,3.0,5.0,96.94,7.97,7.71,8.02,7.74,75.0,57.0,72.0,204.0,6.0,10.0,2.0,100.0,20.0,12.0,2.59,2.44,2.94,4.0,1.0,1.0,202.08,132.0,130.56,1.34,1.7,1.7,7.61,7.6,7.51,99.45,7.38,7.26,7.52,7.41,86.0,52.0,50.0,188.0,9.0,7.0,2.0,109.0,25.0,4.0,3.07,3.14,1.16,2.0,5.0,2.0,192.66,138.0,141.73,1.29,1.14,1.14,7.52,7.66,7.56,38.06,41.3,929.0,958.0,0.75,0.15,9.0,6.0,8.0,4.0,regular
8481525,2025,Matthew Robertson,NYR,D,5on5,46,42284.0,921.0,9.5,0.49,0.48,0.49,0.49,0.49,0.47,193.0,53.41,1.67,2.83,14.69,1.75,33.48,23.58,1.63,1.65,1.62,2.0,5.0,45.0,33.0,52.0,130.0,10.0,3.0,6.0,0.0,14.0,0.0,33.0,22.0,42.0,75.0,14.0,28.0,0.0,61.0,2.0,29.0,76.0,2.0,0.0,1.46,0.22,0.0,3.0,0.0,0.0,126.85,78.0,76.38,19.0,0.55,1.16,0.08,2.14,2.12,2.07,921.0,51.0,87.0,116.0,667.0,111.0,155.0,102.0,553.0,0.0,0.0,96560.0,28.0,4.0,2.0,44.0,342.69,27.23,26.5,27.21,26.48,285.0,186.0,199.0,670.0,25.0,33.0,6.0,355.0,97.0,19.0,10.45,11.2,5.58,15.0,7.0,3.0,661.83,471.0,465.84,4.83,5.63,5.68,26.39,26.28,25.94,352.2,28.34,27.38,28.58,27.59,316.0,170.0,203.0,689.0,32.0,40.0,5.0,379.0,86.0,21.0,11.63,10.67,6.05,14.0,13.0,5.0,702.44,486.0,492.98,4.8,7.32,7.32,25.82,26.03,25.69,57.57,63.45,1447.0,1517.0,3.02,0.39,57.0,10.0,35.0,6.0,regular
8476459,2025,Mika Zibanejad,NYR,C,5on5,55,49226.0,1095.0,48.18,0.49,0.48,0.49,0.48,0.49,0.47,211.0,110.24,9.9,7.61,26.61,3.86,57.86,43.15,9.67,9.89,9.66,10.0,5.0,99.0,50.0,38.0,187.0,25.0,10.0,9.0,1.0,17.0,0.0,49.0,64.0,89.0,139.0,5.0,10.0,306.0,73.0,18.0,52.0,102.0,41.0,6.0,3.16,5.01,1.73,4.0,6.0,0.0,186.23,149.0,148.57,17.0,1.59,2.14,2.39,9.1,9.12,9.04,1095.0,173.0,113.0,197.0,612.0,105.0,139.0,166.0,685.0,306.0,262.0,116783.0,10.0,12.0,6.0,23.0,398.55,30.05,29.43,29.99,29.38,361.0,188.0,219.0,768.0,30.0,35.0,1.0,428.0,99.0,22.0,12.0,11.7,6.34,17.0,12.0,1.0,759.54,549.0,545.0,5.27,6.25,6.0,29.31,29.28,28.94,412.23,30.68,29.68,30.97,29.94,363.0,204.0,222.0,789.0,34.0,32.0,3.0,458.0,87.0,22.0,14.25,10.79,5.65,20.0,11.0,3.0,800.87,567.0,573.29,5.53,5.68,5.68,30.53,30.8,30.25,72.53,79.43,1737.0,1850.0,1.42,1.54,37.0,25.0,27.0,23.0,regular
8483690,2025,Noah Laba,NYR,C,5on5,53,36933.0,833.0,10.42,0.45,0.5,0.46,0.5,0.46,0.49,397.0,53.46,6.06,4.01,12.3,1.84,28.1,20.7,5.87,6.22,6.02,4.0,4.0,41.0,32.0,17.0,90.0,12.0,4.0,7.0,2.0,7.0,0.0,33.0,22.0,37.0,69.0,10.0,20.0,205.0,71.0,5.0,21.0,46.0,21.0,6.0,1.56,2.68,1.82,1.0,1.0,2.0,91.27,73.0,74.19,6.0,0.84,1.56,2.21,4.69,4.82,4.77,833.0,67.0,78.0,107.0,581.0,118.0,117.0,99.0,499.0,205.0,193.0,122837.0,20.0,16.0,8.0,26.0,256.55,21.13,20.53,21.44,20.82,213.0,139.0,163.0,515.0,17.0,28.0,5.0,270.0,62.0,20.0,7.45,7.41,6.28,6.0,7.0,4.0,516.75,352.0,354.5,3.48,6.2,6.2,18.39,18.75,18.51,306.88,26.09,25.01,26.08,24.98,266.0,151.0,198.0,615.0,19.0,39.0,2.0,314.0,74.0,29.0,8.97,9.17,7.95,11.0,7.0,1.0,619.97,417.0,419.56,4.21,7.44,7.44,22.86,22.81,22.5,78.55,78.97,1915.0,1898.0,1.57,0.82,22.0,20.0,17.0,15.0,regular
8475842,2025,Sam Carrick,NYR,C,5on5,56,31565.0,743.0,8.33,0.51,0.48,0.47,0.49,0.47,0.48,542.0,62.03,6.3,4.12,14.77,2.04,30.09,24.68,5.95,6.42,6.06,3.0,1.0,49.0,33.0,21.0,103.0,6.0,2.0,11.0,1.0,15.0,0.0,22.0,32.0,47.0,80.0,15.0,48.0,188.0,80.0,7.0,21.0,57.0,14.0,11.0,1.52,1.69,3.09,1.0,0.0,1.0,102.14,82.0,81.48,10.0,0.86,2.25,2.32,4.85,4.88,4.84,743.0,34.0,98.0,111.0,500.0,143.0,95.0,91.0,414.0,188.0,158.0,137271.0,48.0,42.0,12.0,27.0,230.59,19.77,19.08,20.16,19.45,187.0,127.0,150.0,464.0,13.0,30.0,4.0,230.0,57.0,27.0,5.92,6.65,7.21,6.0,3.0,4.0,462.8,314.0,314.51,3.18,5.5,5.75,17.19,17.36,17.17,258.31,19.3,18.76,19.35,18.81,231.0,129.0,156.0,516.0,19.0,25.0,4.0,294.0,52.0,14.0,8.55,6.71,4.04,8.0,8.0,3.0,519.44,360.0,362.77,3.44,4.29,4.29,18.46,18.42,18.18,84.57,92.24,2089.0,2157.0,0.81,0.95,27.0,23.0,18.0,17.0,regular
8482666,2025,Scott Morrow,NYR,D,5on5,28,23528.0,500.0,6.53,0.47,0.44,0.5,0.46,0.49,0.45,142.0,23.12,0.59,1.04,6.53,0.74,12.83,10.28,0.58,0.58,0.57,1.0,2.0,18.0,14.0,42.0,74.0,3.0,0.0,1.0,0.0,4.0,0.0,16.0,11.0,18.0,32.0,1.0,2.0,0.0,9.0,4.0,17.0,30.0,2.0,0.0,0.39,0.2,0.0,0.0,0.0,0.0,72.9,32.0,31.31,10.0,0.21,0.23,0.0,0.8,0.79,0.77,500.0,44.0,42.0,70.0,344.0,65.0,80.0,59.0,296.0,0.0,0.0,60393.0,2.0,0.0,0.0,27.0,197.95,16.03,15.43,15.93,15.34,179.0,94.0,122.0,395.0,12.0,24.0,3.0,208.0,47.0,18.0,6.19,5.17,4.66,6.0,4.0,2.0,390.04,273.0,270.74,2.78,4.15,4.1,14.71,14.67,14.44,210.04,17.93,17.11,17.91,17.09,176.0,110.0,104.0,390.0,15.0,28.0,2.0,214.0,58.0,14.0,6.55,7.32,4.06,7.0,7.0,1.0,396.43,286.0,288.92,2.82,5.34,5.34,15.41,15.4,15.17,33.16,41.79,824.0,972.0,1.35,0.25,22.0,10.0,14.0,5.0,regular
8479390,2025,Taylor Raddysh,NYR,R,5on5,53,34081.0,773.0,9.75,0.47,0.49,0.47,0.49,0.47,0.48,441.0,42.13,4.22,3.19,9.88,1.45,23.01,16.24,4.16,4.29,4.23,3.0,2.0,34.0,24.0,14.0,72.0,12.0,7.0,1.0,0.0,7.0,0.0,16.0,27.0,27.0,51.0,4.0,6.0,1.0,43.0,10.0,18.0,40.0,13.0,5.0,1.4,1.55,1.27,4.0,3.0,0.0,71.71,58.0,58.32,6.0,0.68,0.21,0.93,3.96,4.03,3.99,773.0,54.0,77.0,108.0,534.0,129.0,111.0,101.0,432.0,1.0,9.0,125038.0,6.0,6.0,3.0,20.0,245.45,19.08,18.65,19.44,19.0,209.0,129.0,154.0,492.0,17.0,22.0,2.0,263.0,54.0,21.0,6.76,6.31,6.0,8.0,6.0,3.0,490.91,338.0,340.27,3.22,4.85,4.85,17.45,17.7,17.56,279.98,21.27,20.38,21.29,20.38,243.0,144.0,168.0,555.0,18.0,30.0,3.0,314.0,50.0,23.0,9.06,6.2,6.01,7.0,7.0,4.0,559.28,387.0,389.68,3.73,5.42,5.74,19.26,19.3,19.03,79.87,84.6,1929.0,1971.0,0.55,0.78,15.0,25.0,9.0,19.0,regular
8480001,2025,Urho Vaakanainen,NYR,D,5on5,26,20838.0,457.0,4.75,0.48,0.52,0.51,0.5,0.49,0.5,137.0,24.53,0.83,1.23,7.25,0.76,14.59,10.36,0.82,0.83,0.83,2.0,2.0,19.0,16.0,20.0,55.0,4.0,0.0,3.0,0.0,7.0,0.0,18.0,7.0,19.0,35.0,7.0,14.0,0.0,9.0,5.0,15.0,34.0,1.0,0.0,0.66,0.17,0.0,0.0,0.0,0.0,55.91,35.0,35.64,10.0,0.24,0.78,0.0,1.07,1.08,1.07,457.0,10.0,44.0,49.0,354.0,64.0,66.0,52.0,275.0,0.0,0.0,58041.0,14.0,6.0,3.0,19.0,158.67,12.88,12.58,13.07,12.76,128.0,90.0,100.0,318.0,13.0,13.0,0.0,162.0,43.0,13.0,4.42,5.12,3.34,3.0,10.0,0.0,322.75,218.0,221.07,2.14,2.34,2.34,12.68,12.94,12.82,166.73,13.84,13.24,13.66,13.05,145.0,83.0,80.0,308.0,14.0,17.0,1.0,173.0,41.0,14.0,5.23,4.87,3.74,6.0,6.0,2.0,305.92,228.0,226.51,2.27,3.49,3.49,12.62,12.46,12.18,36.5,34.38,862.0,874.0,0.87,0.01,23.0,3.0,16.0,1.0,regular
8476389,2025,Vincent Trocheck,NYR,C,5on5,42,38343.0,828.0,31.66,0.44,0.46,0.5,0.46,0.47,0.46,147.0,64.65,6.54,4.73,14.98,2.45,34.48,24.83,6.31,6.7,6.45,8.0,1.0,51.0,37.0,28.0,116.0,18.0,9.0,7.0,1.0,9.0,1.0,31.0,31.0,42.0,79.0,12.0,24.0,268.0,122.0,11.0,38.0,59.0,22.0,7.0,2.05,2.57,1.92,4.0,4.0,1.0,116.0,88.0,88.63,17.0,0.99,0.92,1.59,5.95,6.02,5.96,828.0,111.0,94.0,144.0,479.0,85.0,108.0,126.0,509.0,268.0,204.0,88447.0,24.0,20.0,10.0,29.0,293.55,23.86,22.93,24.13,23.18,243.0,159.0,196.0,598.0,28.0,31.0,3.0,299.0,86.0,17.0,9.09,10.15,4.62,15.0,12.0,1.0,597.08,402.0,402.68,4.15,5.63,5.63,22.39,22.58,22.21,327.55,30.0,28.91,30.14,29.05,300.0,148.0,148.0,596.0,32.0,43.0,7.0,330.0,88.0,30.0,10.67,10.86,8.47,10.0,14.0,8.0,601.89,448.0,452.09,4.53,9.09,9.09,25.43,25.57,25.16,49.95,59.59,1264.0,1464.0,0.75,1.83,24.0,29.0,16.0,24.0,regular
8478882,2025,Vladislav Gavrikov,NYR,D,5on5,56,67022.0,1271.0,22.22,0.5,0.47,0.5,0.48,0.49,0.47,84.0,71.11,2.67,3.81,21.2,2.48,42.47,31.38,2.59,2.65,2.58,2.0,5.0,65.0,39.0,91.0,195.0,13.0,6.0,7.0,0.0,19.0,0.0,36.0,36.0,59.0,98.0,12.0,24.0,0.0,28.0,14.0,63.0,100.0,3.0,1.0,2.15,0.3,0.21,5.0,1.0,0.0,192.69,104.0,103.2,49.0,0.77,1.82,0.3,3.14,3.14,3.06,1271.0,152.0,129.0,270.0,720.0,109.0,165.0,181.0,816.0,0.0,0.0,101814.0,24.0,8.0,4.0,68.0,503.5,41.2,39.71,41.66,40.16,435.0,261.0,319.0,1015.0,32.0,59.0,2.0,541.0,118.0,37.0,15.37,14.83,10.99,19.0,10.0,3.0,1011.05,696.0,696.41,6.86,11.89,11.92,36.14,36.45,35.87,521.62,40.87,39.75,41.28,40.16,480.0,235.0,291.0,1006.0,44.0,47.0,5.0,565.0,114.0,36.0,16.74,14.47,9.67,20.0,19.0,5.0,1019.09,715.0,724.31,6.93,8.64,8.64,39.17,39.57,39.07,63.14,70.66,1538.0,1667.0,4.76,0.69,92.0,12.0,73.0,10.0,regular
8478840,2025,Will Borgen,NYR,D,5on5,49,47168.0,1061.0,1.65,0.46,0.5,0.45,0.51,0.45,0.49,196.0,46.59,1.25,2.27,14.6,1.58,27.08,19.22,1.23,1.25,1.23,1.0,2.0,45.0,21.0,50.0,116.0,6.0,3.0,3.0,0.0,11.0,0.0,21.0,28.0,42.0,63.0,13.0,26.0,0.0,65.0,11.0,43.0,65.0,1.0,0.0,1.08,0.17,0.0,3.0,0.0,0.0,114.01,66.0,64.56,30.0,0.45,0.67,0.02,1.68,1.67,1.65,1061.0,66.0,120.0,141.0,734.0,110.0,128.0,119.0,704.0,0.0,0.0,100147.0,26.0,10.0,5.0,58.0,343.13,27.67,27.07,27.67,27.06,293.0,175.0,205.0,673.0,25.0,33.0,7.0,346.0,101.0,21.0,9.84,11.91,5.92,12.0,8.0,5.0,665.42,468.0,464.19,4.81,6.23,6.23,26.26,26.19,25.93,411.65,32.31,31.13,32.72,31.48,360.0,209.0,247.0,816.0,31.0,41.0,7.0,449.0,94.0,26.0,13.69,11.24,7.38,14.0,11.0,6.0,828.36,569.0,576.7,5.69,8.24,8.24,29.76,29.97,29.44,64.42,64.48,1551.0,1511.0,3.51,0.51,78.0,11.0,54.0,11.0,regular
8482157,2025,Will Cuylle,NYR,L,5on5,56,44347.0,1037.0,24.26,0.48,0.48,0.48,0.49,0.46,0.49,343.0,82.76,8.31,5.89,20.56,2.81,42.56,29.87,7.93,8.35,7.97,9.0,1.0,67.0,43.0,45.0,155.0,14.0,4.0,12.0,1.0,13.0,0.0,43.0,38.0,63.0,106.0,17.0,34.0,23.0,191.0,6.0,26.0,70.0,32.0,8.0,2.3,3.71,2.3,2.0,2.0,0.0,155.72,110.0,110.7,8.0,1.25,2.49,2.32,7.24,7.32,7.11,1037.0,138.0,114.0,163.0,622.0,109.0,134.0,130.0,664.0,23.0,24.0,124489.0,34.0,12.0,6.0,46.0,305.67,26.06,25.21,26.11,25.27,263.0,158.0,218.0,639.0,22.0,39.0,3.0,312.0,87.0,22.0,9.34,10.33,6.4,9.0,11.0,2.0,637.31,421.0,421.27,4.28,7.11,7.15,23.19,23.26,22.86,364.11,28.07,27.08,28.08,27.07,321.0,177.0,204.0,702.0,30.0,30.0,3.0,391.0,86.0,21.0,11.89,10.35,5.83,16.0,13.0,1.0,706.84,498.0,499.53,4.98,5.78,6.54,26.51,26.56,26.0,78.28,83.47,1914.0,1971.0,0.61,2.93,19.0,52.0,14.0,42.0,regular
8482245,2025,Artem Zub,OTT,D,5on5,55,53915.0,1235.0,23.98,0.56,0.55,0.53,0.54,0.55,0.54,185.0,74.37,2.63,3.75,21.6,2.43,43.59,32.0,2.5,2.64,2.5,7.0,6.0,63.0,43.0,46.0,152.0,17.0,4.0,10.0,0.0,10.0,0.0,42.0,40.0,59.0,102.0,14.0,28.0,0.0,51.0,16.0,52.0,102.0,1.0,3.0,1.83,0.09,0.71,3.0,0.0,1.0,152.11,106.0,106.68,34.0,0.75,3.02,0.62,2.77,2.79,2.73,1235.0,74.0,156.0,218.0,787.0,172.0,81.0,167.0,815.0,0.0,0.0,104843.0,28.0,6.0,3.0,59.0,451.19,36.79,35.56,37.37,36.11,391.0,215.0,213.0,819.0,41.0,40.0,3.0,462.0,101.0,43.0,12.26,12.66,11.87,23.0,10.0,8.0,827.14,606.0,613.73,5.99,8.83,9.29,33.49,34.0,33.45,362.71,28.48,27.26,28.26,27.07,339.0,164.0,237.0,740.0,34.0,40.0,4.0,392.0,91.0,20.0,11.27,11.94,5.27,16.0,14.0,4.0,731.78,503.0,498.57,5.07,6.02,6.02,27.53,27.35,26.93,74.56,61.87,1706.0,1480.0,6.53,0.13,124.0,5.0,92.0,3.0,regular
8481560,2025,Arthur Kaliyev,OTT,R,5on5,2,1134.0,24.0,1.15,0.48,0.5,0.56,0.53,0.53,0.53,23.0,2.55,0.3,0.24,0.69,0.1,1.07,0.6,0.23,0.29,0.22,0.0,0.0,3.0,0.0,3.0,6.0,0.0,0.0,1.0,0.0,1.0,0.0,1.0,0.0,3.0,3.0,0.0,0.0,0.0,0.0,0.0,1.0,2.0,1.0,0.0,0.11,0.19,0.0,0.0,0.0,0.0,5.77,3.0,2.86,1.0,0.05,0.15,0.19,0.16,0.15,0.14,24.0,5.0,2.0,4.0,13.0,6.0,2.0,2.0,14.0,0.0,0.0,5218.0,0.0,0.0,0.0,0.0,14.68,1.41,1.26,1.35,1.2,13.0,7.0,10.0,30.0,0.0,4.0,0.0,15.0,3.0,2.0,0.49,0.47,0.45,0.0,0.0,0.0,28.94,20.0,19.34,0.21,0.79,0.79,0.84,0.8,0.77,13.76,1.52,1.46,1.58,1.52,14.0,4.0,6.0,24.0,0.0,3.0,0.0,12.0,5.0,1.0,0.34,0.68,0.51,0.0,0.0,0.0,24.61,18.0,18.23,0.19,0.86,0.86,0.85,0.88,0.87,2.73,2.72,76.0,67.0,0.0,0.06,0.0,1.0,0.0,1.0,regular
8480801,2025,Brady Tkachuk,OTT,L,5on5,36,27148.0,722.0,43.75,0.6,0.56,0.58,0.52,0.59,0.54,215.0,91.24,8.81,6.41,21.58,2.77,45.6,33.82,8.46,8.85,8.5,5.0,7.0,94.0,25.0,34.0,153.0,19.0,7.0,7.0,0.0,13.0,0.0,47.0,45.0,87.0,112.0,11.0,22.0,53.0,93.0,9.0,18.0,84.0,26.0,9.0,2.95,3.32,2.55,3.0,4.0,0.0,154.62,119.0,119.86,4.0,1.34,1.8,1.9,8.26,8.31,8.18,722.0,127.0,47.0,146.0,402.0,95.0,95.0,114.0,418.0,53.0,40.0,74722.0,22.0,34.0,16.0,10.0,293.46,24.52,23.6,24.75,23.81,269.0,122.0,146.0,537.0,21.0,22.0,1.0,297.0,71.0,23.0,9.47,9.01,6.04,10.0,7.0,4.0,538.1,391.0,390.7,4.15,4.79,4.79,23.87,24.03,23.54,197.91,16.67,16.25,16.78,16.35,187.0,80.0,123.0,390.0,25.0,25.0,2.0,204.0,49.0,14.0,5.92,6.36,4.38,12.0,11.0,2.0,392.46,267.0,270.16,2.68,4.8,4.8,14.55,14.69,14.47,53.16,41.73,1156.0,1048.0,1.27,0.45,24.0,16.0,20.0,13.0,regular
8473512,2025,Claude Giroux,OTT,R,5on5,56,41086.0,1060.0,41.39,0.57,0.55,0.53,0.53,0.56,0.54,396.0,73.2,6.77,4.58,15.8,2.25,36.42,31.18,6.42,6.73,6.38,9.0,8.0,69.0,28.0,26.0,123.0,25.0,8.0,5.0,0.0,14.0,0.0,27.0,43.0,61.0,89.0,9.0,18.0,189.0,49.0,11.0,28.0,69.0,21.0,7.0,1.9,2.77,2.11,3.0,4.0,1.0,123.29,97.0,97.15,12.0,0.95,0.65,1.17,6.55,6.54,6.27,1060.0,114.0,164.0,199.0,583.0,160.0,103.0,130.0,667.0,189.0,113.0,120803.0,18.0,12.0,6.0,15.0,353.14,30.89,29.38,31.16,29.63,319.0,153.0,153.0,625.0,40.0,38.0,5.0,348.0,92.0,32.0,9.42,12.08,9.39,15.0,17.0,8.0,628.42,472.0,475.24,4.8,8.1,8.61,27.07,27.31,26.68,275.31,23.37,22.26,23.34,22.23,255.0,123.0,166.0,544.0,26.0,37.0,5.0,285.0,74.0,19.0,8.06,9.33,5.98,6.0,14.0,6.0,540.97,378.0,376.07,3.86,7.07,7.38,19.86,19.75,19.41,82.99,69.04,1951.0,1729.0,0.97,0.8,31.0,27.0,25.0,20.0,regular
8474102,2025,David Perron,OTT,L,5on5,49,32913.0,830.0,26.66,0.59,0.53,0.53,0.53,0.55,0.53,408.0,50.49,5.35,3.88,11.44,1.77,27.17,19.39,5.3,5.36,5.31,6.0,4.0,49.0,20.0,18.0,87.0,17.0,7.0,5.0,0.0,13.0,1.0,20.0,23.0,42.0,62.0,10.0,20.0,2.0,60.0,8.0,25.0,45.0,19.0,5.0,1.68,2.29,1.38,1.0,4.0,2.0,87.47,69.0,69.08,5.0,0.81,1.02,0.89,5.27,5.25,5.2,830.0,108.0,48.0,141.0,533.0,142.0,126.0,116.0,446.0,2.0,5.0,108655.0,20.0,20.0,10.0,18.0,276.24,21.89,21.26,21.98,21.35,238.0,140.0,126.0,504.0,25.0,31.0,0.0,290.0,75.0,13.0,8.52,9.76,3.61,16.0,7.0,2.0,505.9,378.0,379.44,3.83,5.19,5.19,20.53,20.6,20.32,223.18,14.98,14.5,14.9,14.42,221.0,90.0,132.0,443.0,19.0,18.0,2.0,254.0,45.0,12.0,6.81,5.04,3.13,10.0,7.0,2.0,440.84,311.0,308.85,2.87,3.34,3.34,14.5,14.44,14.21,74.73,65.28,1749.0,1546.0,1.44,1.28,27.0,26.0,22.0,18.0,regular
8478502,2025,Dennis Gilbert,OTT,D,5on5,1,830.0,19.0,0.0,0.71,0.45,0.53,0.47,0.65,0.48,6.0,0.0,0.0,0.0,0.0,0.0,0.0,0.0,0.0,0.0,0.0,0.0,0.0,0.0,0.0,2.0,2.0,0.0,0.0,0.0,0.0,0.0,0.0,0.0,0.0,0.0,0.0,0.0,0.0,0.0,0.0,0.0,3.0,0.0,0.0,0.0,0.0,0.0,0.0,0.0,0.0,0.0,1.83,0.0,0.0,3.0,0.0,0.0,0.0,0.0,0.0,0.0,19.0,0.0,1.0,0.0,18.0,4.0,2.0,1.0,12.0,0.0,0.0,2301.0,0.0,0.0,0.0,1.0,8.95,1.22,1.17,1.11,1.07,9.0,4.0,4.0,17.0,0.0,3.0,0.0,8.0,4.0,1.0,0.25,0.53,0.44,0.0,0.0,0.0,15.16,13.0,11.62,0.18,0.65,0.65,0.75,0.68,0.68,5.38,0.49,0.48,0.53,0.53,5.0,2.0,8.0,15.0,1.0,1.0,0.0,5.0,2.0,0.0,0.25,0.24,0.0,1.0,0.0,0.0,16.73,7.0,7.72,0.1,0.07,0.07,0.51,0.55,0.55,1.31,1.57,34.0,38.0,0.08,0.0,3.0,0.0,2.0,0.0,regular
8480208,2025,Drake Batherson,OTT,R,5on5,53,43477.0,1069.0,49.46,0.55,0.55,0.55,0.52,0.54,0.54,223.0,95.52,8.85,7.23,22.47,3.15,51.2,36.11,8.54,8.95,8.63,8.0,8.0,80.0,49.0,27.0,156.0,27.0,11.0,10.0,2.0,15.0,0.0,53.0,40.0,69.0,118.0,7.0,17.0,6.0,73.0,15.0,29.0,92.0,33.0,4.0,3.23,4.3,1.31,5.0,6.0,0.0,157.23,129.0,129.94,7.0,1.51,1.8,2.32,8.04,8.15,8.02,1069.0,180.0,66.0,162.0,661.0,148.0,158.0,176.0,587.0,6.0,9.0,110386.0,17.0,29.0,13.0,16.0,383.11,32.05,31.04,32.33,31.29,320.0,204.0,196.0,720.0,33.0,40.0,4.0,396.0,107.0,21.0,12.25,13.39,6.41,18.0,13.0,2.0,720.74,524.0,525.45,5.46,7.51,7.51,30.0,30.19,29.6,320.92,26.38,25.32,26.13,25.07,288.0,150.0,159.0,597.0,34.0,33.0,4.0,334.0,80.0,24.0,9.73,9.64,7.01,13.0,15.0,6.0,593.3,438.0,434.14,4.33,6.82,6.82,23.89,23.8,23.32,76.28,62.44,1714.0,1558.0,0.73,0.83,17.0,27.0,15.0,20.0,regular
8481528,2025,Dylan Cozens,OTT,C,5on5,56,44073.0,1072.0,47.76,0.58,0.54,0.56,0.52,0.56,0.53,294.0,101.68,11.21,7.82,22.34,3.15,52.1,36.38,10.69,11.48,10.94,6.0,5.0,87.0,46.0,40.0,173.0,18.0,7.0,7.0,0.0,19.0,0.0,53.0,47.0,80.0,126.0,15.0,30.0,270.0,140.0,13.0,31.0,85.0,37.0,11.0,3.39,4.88,2.94,5.0,2.0,0.0,175.25,133.0,134.53,12.0,1.65,1.08,2.7,10.15,10.31,10.01,1072.0,164.0,117.0,220.0,571.0,158.0,137.0,163.0,614.0,270.0,242.0,117816.0,30.0,32.0,16.0,16.0,391.03,32.57,31.45,33.06,31.93,331.0,198.0,212.0,741.0,28.0,36.0,1.0,405.0,93.0,31.0,12.54,11.82,8.21,15.0,9.0,4.0,746.68,529.0,532.29,5.49,6.94,6.96,31.1,31.53,30.79,301.16,23.87,22.99,23.78,22.89,273.0,137.0,167.0,577.0,34.0,32.0,5.0,316.0,73.0,21.0,8.96,8.81,6.1,17.0,12.0,5.0,576.7,410.0,409.46,3.97,6.32,6.32,21.52,21.48,21.05,81.31,68.53,1835.0,1696.0,1.19,0.53,24.0,15.0,17.0,13.0,regular
8480188,2025,Fabian Zetterlund,OTT,L,5on5,56,40793.0,1021.0,27.78,0.54,0.56,0.53,0.53,0.54,0.54,368.0,89.88,8.12,6.26,21.34,2.93,47.5,34.85,7.96,8.2,8.03,7.0,2.0,77.0,44.0,34.0,155.0,17.0,8.0,8.0,1.0,15.0,0.0,44.0,46.0,69.0,113.0,7.0,16.0,1.0,103.0,12.0,25.0,93.0,20.0,8.0,3.27,2.45,2.4,5.0,1.0,2.0,157.71,121.0,122.55,5.0,1.29,1.26,1.64,7.77,7.8,7.71,1021.0,137.0,58.0,176.0,650.0,161.0,151.0,176.0,533.0,1.0,5.0,121096.0,16.0,22.0,11.0,23.0,373.52,29.99,29.06,30.3,29.34,327.0,179.0,203.0,709.0,32.0,26.0,3.0,398.0,79.0,29.0,12.08,9.8,8.11,15.0,13.0,4.0,716.11,506.0,509.79,5.2,5.58,5.58,29.61,29.81,29.42,315.75,25.82,24.91,25.82,24.92,280.0,153.0,194.0,627.0,37.0,34.0,3.0,335.0,77.0,21.0,9.92,9.77,6.13,18.0,16.0,3.0,625.5,433.0,434.2,4.4,6.36,6.36,23.86,23.93,23.59,83.89,66.59,1867.0,1646.0,0.8,0.78,24.0,18.0,19.0,12.0,regular
8478173,2025,Hayden Hodgson,OTT,R,5on5,9,3408.0,91.0,-0.27,0.48,0.55,0.5,0.53,0.42,0.55,105.0,5.41,0.51,0.42,1.15,0.19,3.32,2.4,0.49,0.51,0.5,0.0,0.0,3.0,5.0,2.0,10.0,0.0,0.0,1.0,0.0,0.0,0.0,5.0,2.0,3.0,8.0,4.0,11.0,0.0,23.0,0.0,3.0,6.0,2.0,0.0,0.24,0.27,0.0,0.0,0.0,0.0,10.31,8.0,8.17,0.0,0.09,0.26,0.0,0.6,0.6,0.58,91.0,8.0,3.0,14.0,66.0,14.0,14.0,13.0,50.0,0.0,0.0,22384.0,11.0,7.0,2.0,0.0,23.59,2.53,2.37,2.62,2.45,22.0,10.0,20.0,52.0,2.0,4.0,1.0,25.0,3.0,4.0,0.73,0.47,1.32,1.0,0.0,1.0,53.77,32.0,33.25,0.32,1.32,1.32,1.52,1.58,1.44,33.22,2.74,2.52,2.68,2.47,27.0,17.0,9.0,53.0,3.0,5.0,1.0,32.0,9.0,3.0,0.78,1.17,0.78,0.0,2.0,1.0,52.2,44.0,43.05,0.5,0.8,0.8,2.43,2.36,2.32,16.44,13.25,356.0,311.0,0.01,0.07,1.0,1.0,1.0,1.0,regular
8482105,2025,Jake Sanderson,OTT,D,5on5,56,58146.0,1327.0,55.83,0.58,0.54,0.56,0.52,0.58,0.52,147.0,87.0,3.67,4.65,26.09,2.8,47.96,33.83,3.59,3.68,3.6,9.0,7.0,69.0,50.0,81.0,200.0,23.0,7.0,4.0,0.0,18.0,0.0,44.0,46.0,62.0,112.0,4.0,8.0,0.0,19.0,19.0,53.0,111.0,7.0,1.0,2.64,0.82,0.2,6.0,1.0,0.0,198.74,119.0,119.2,41.0,0.96,0.88,0.1,4.53,4.55,4.45,1327.0,153.0,165.0,216.0,793.0,113.0,95.0,202.0,917.0,0.0,0.0,103743.0,8.0,18.0,9.0,66.0,510.65,42.45,40.84,42.86,41.25,439.0,245.0,261.0,945.0,46.0,48.0,4.0,515.0,124.0,45.0,14.3,15.42,12.73,25.0,12.0,9.0,946.88,684.0,686.77,6.93,10.75,11.1,38.28,38.68,37.97,364.44,30.87,29.5,30.81,29.45,336.0,165.0,245.0,746.0,38.0,39.0,5.0,380.0,95.0,26.0,10.95,12.51,7.41,17.0,14.0,7.0,743.13,501.0,501.04,5.11,7.13,7.13,28.85,28.8,28.38,71.44,61.54,1631.0,1527.0,7.02,0.68,110.0,24.0,90.0,19.0,regular
8481606,2025,Jordan Spence,OTT,D,5on5,47,44588.0,1006.0,36.1,0.62,0.53,0.62,0.5,0.62,0.51,171.0,70.35,2.88,3.82,21.41,2.37,40.2,28.31,2.79,2.81,2.73,4.0,10.0,58.0,41.0,56.0,155.0,18.0,4.0,10.0,0.0,10.0,0.0,42.0,33.0,54.0,95.0,4.0,8.0,0.0,34.0,9.0,34.0,90.0,9.0,0.0,1.65,1.23,0.0,3.0,1.0,0.0,152.82,99.0,97.44,15.0,0.78,3.01,0.64,3.02,2.96,2.9,1006.0,144.0,48.0,190.0,624.0,105.0,146.0,118.0,637.0,0.0,0.0,90311.0,8.0,0.0,0.0,33.0,458.48,36.6,35.32,36.67,35.4,402.0,221.0,236.0,859.0,40.0,50.0,3.0,486.0,108.0,29.0,14.46,13.61,8.53,17.0,20.0,3.0,860.69,623.0,623.47,6.4,9.19,9.02,33.99,34.0,33.33,275.17,22.39,21.75,22.48,21.84,261.0,117.0,159.0,537.0,24.0,27.0,1.0,293.0,66.0,19.0,8.36,8.31,5.72,11.0,13.0,0.0,535.6,378.0,377.67,3.85,5.73,5.73,20.52,20.61,20.29,61.83,55.73,1328.0,1344.0,4.02,0.52,58.0,15.0,48.0,12.0,regular
8477073,2025,Kurtis MacDermid,OTT,L,5on5,16,3819.0,120.0,-2.3,0.19,0.57,0.27,0.53,0.29,0.55,192.0,2.47,0.05,0.06,0.48,0.07,0.96,1.37,0.05,0.05,0.05,1.0,0.0,2.0,1.0,0.0,3.0,1.0,0.0,0.0,0.0,0.0,0.0,1.0,2.0,2.0,3.0,9.0,33.0,0.0,13.0,0.0,2.0,3.0,0.0,0.0,0.05,0.0,0.0,0.0,0.0,0.0,3.14,3.0,3.15,1.0,0.01,0.0,0.0,0.06,0.07,0.07,120.0,21.0,3.0,19.0,77.0,11.0,20.0,18.0,71.0,0.0,0.0,43995.0,33.0,29.0,7.0,5.0,16.86,0.69,0.68,0.75,0.74,10.0,13.0,9.0,32.0,1.0,1.0,0.0,23.0,0.0,0.0,0.69,0.0,0.0,1.0,0.0,0.0,34.25,23.0,24.63,0.19,0.01,0.01,0.86,0.94,0.93,40.44,2.98,2.75,2.89,2.68,29.0,26.0,30.0,85.0,4.0,3.0,1.0,46.0,5.0,4.0,1.29,0.67,1.02,3.0,0.0,1.0,82.3,55.0,54.01,0.53,0.72,1.02,2.49,2.44,2.39,28.53,21.21,693.0,606.0,0.01,0.0,2.0,2.0,1.0,0.0,regular
8474189,2025,Lars Eller,OTT,C,5on5,42,25679.0,633.0,9.76,0.49,0.57,0.48,0.54,0.48,0.55,399.0,34.28,3.11,2.49,7.52,1.02,17.21,13.64,3.08,3.2,3.16,4.0,3.0,31.0,14.0,25.0,70.0,8.0,1.0,2.0,0.0,4.0,0.0,24.0,14.0,30.0,44.0,2.0,4.0,185.0,31.0,3.0,21.0,33.0,10.0,2.0,1.24,1.18,0.69,0.0,1.0,0.0,71.33,45.0,46.12,5.0,0.53,0.21,0.61,3.04,3.1,3.07,633.0,74.0,95.0,105.0,359.0,95.0,64.0,87.0,387.0,185.0,136.0,97424.0,4.0,14.0,7.0,21.0,177.99,13.4,13.01,13.65,13.24,158.0,83.0,134.0,375.0,16.0,12.0,1.0,190.0,39.0,12.0,5.37,4.83,3.2,6.0,9.0,1.0,381.28,241.0,244.85,2.41,1.95,1.95,13.87,14.05,13.75,189.45,14.15,13.67,14.09,13.61,170.0,91.0,142.0,403.0,15.0,16.0,2.0,209.0,40.0,12.0,5.94,5.0,3.2,7.0,6.0,2.0,399.42,261.0,259.01,2.53,2.86,2.86,13.82,13.84,13.63,71.49,54.8,1547.0,1322.0,0.79,0.64,15.0,16.0,10.0,13.0,regular
8478020,2025,Michael Amadio,OTT,R,5on5,56,47541.0,1131.0,24.97,0.56,0.55,0.53,0.53,0.55,0.54,196.0,76.39,7.73,5.54,17.22,2.58,37.93,30.01,7.39,7.87,7.53,7.0,4.0,63.0,38.0,21.0,122.0,19.0,8.0,8.0,0.0,10.0,0.0,39.0,36.0,55.0,93.0,5.0,10.0,4.0,75.0,21.0,40.0,66.0,27.0,8.0,2.36,3.34,2.03,3.0,3.0,2.0,123.34,101.0,102.07,11.0,1.18,1.2,2.43,6.46,6.58,6.46,1131.0,92.0,148.0,244.0,647.0,184.0,124.0,144.0,679.0,4.0,4.0,114348.0,10.0,20.0,10.0,28.0,389.75,31.8,30.5,32.13,30.82,347.0,181.0,191.0,719.0,35.0,46.0,5.0,406.0,87.0,35.0,10.95,11.01,9.85,15.0,12.0,8.0,723.45,528.0,531.9,5.21,8.93,9.12,27.89,28.16,27.73,314.54,24.77,23.72,24.52,23.51,297.0,140.0,212.0,649.0,34.0,30.0,4.0,346.0,72.0,19.0,10.09,9.4,5.28,17.0,13.0,4.0,644.22,437.0,434.91,4.35,5.46,5.46,23.65,23.43,23.09,82.08,67.64,1857.0,1624.0,1.24,1.11,28.0,19.0,24.0,13.0,regular
8476393,2025,Nick Cousins,OTT,C,5on5,55,34949.0,898.0,19.91,0.58,0.54,0.54,0.53,0.54,0.54,477.0,53.46,5.47,3.57,12.3,1.73,26.13,20.81,5.28,5.56,5.36,4.0,4.0,49.0,21.0,20.0,90.0,15.0,7.0,8.0,1.0,9.0,0.0,25.0,21.0,42.0,63.0,19.0,41.0,11.0,111.0,11.0,32.0,47.0,15.0,8.0,1.27,1.96,2.25,3.0,4.0,0.0,92.37,70.0,71.44,14.0,0.75,1.54,2.47,3.75,3.81,3.75,898.0,87.0,46.0,155.0,610.0,158.0,123.0,119.0,498.0,11.0,13.0,124085.0,41.0,33.0,15.0,27.0,282.77,22.79,22.06,22.97,22.24,258.0,128.0,160.0,546.0,23.0,32.0,3.0,297.0,65.0,24.0,8.0,8.1,6.69,12.0,8.0,3.0,549.96,386.0,388.45,3.77,6.66,6.66,19.91,19.99,19.7,232.18,16.42,15.53,16.32,15.44,192.0,132.0,144.0,468.0,15.0,22.0,1.0,266.0,44.0,14.0,7.25,5.31,3.87,8.0,4.0,3.0,465.16,324.0,320.94,3.12,3.92,3.92,15.61,15.59,15.21,88.54,74.73,1981.0,1763.0,0.91,1.13,23.0,26.0,20.0,19.0,regular
8475324,2025,Nick Jensen,OTT,D,5on5,53,49508.0,1133.0,9.2,0.5,0.58,0.48,0.55,0.48,0.57,199.0,42.76,1.73,2.33,12.73,1.46,25.14,17.61,1.68,1.76,1.71,4.0,7.0,30.0,31.0,44.0,105.0,15.0,4.0,6.0,0.0,8.0,1.0,26.0,16.0,26.0,57.0,3.0,6.0,0.0,29.0,10.0,45.0,57.0,3.0,1.0,1.1,0.39,0.25,3.0,1.0,0.0,106.93,61.0,61.52,29.0,0.47,0.8,0.32,1.88,1.88,1.84,1133.0,81.0,92.0,163.0,797.0,172.0,146.0,172.0,643.0,0.0,0.0,104423.0,6.0,4.0,2.0,55.0,388.98,34.82,33.41,35.31,33.86,351.0,175.0,200.0,726.0,40.0,41.0,7.0,389.0,106.0,31.0,12.31,13.91,8.6,18.0,14.0,8.0,735.83,526.0,531.19,5.59,8.05,8.12,32.29,32.62,31.99,422.62,34.75,33.18,34.4,32.85,365.0,209.0,218.0,792.0,52.0,53.0,10.0,437.0,105.0,32.0,12.47,12.24,10.04,18.0,24.0,10.0,785.59,574.0,569.27,5.7,11.55,11.55,28.9,28.68,28.15,74.36,53.07,1701.0,1365.0,4.02,0.4,82.0,7.0,66.0,7.0,regular
8484321,2025,Nikolas Matinpalo,OTT,D,5on5,30,24822.0,638.0,2.13,0.53,0.56,0.46,0.55,0.44,0.57,155.0,23.45,0.83,1.24,6.61,0.71,13.69,9.93,0.8,0.83,0.8,3.0,0.0,18.0,15.0,30.0,63.0,3.0,0.0,4.0,0.0,2.0,0.0,10.0,17.0,18.0,33.0,5.0,10.0,0.0,27.0,6.0,16.0,32.0,1.0,0.0,0.69,0.14,0.0,0.0,0.0,0.0,63.11,33.0,32.68,10.0,0.25,0.94,0.14,0.94,0.94,0.93,638.0,43.0,42.0,106.0,447.0,86.0,93.0,79.0,380.0,0.0,0.0,63198.0,10.0,2.0,1.0,29.0,171.2,15.22,14.5,15.41,14.68,157.0,74.0,116.0,347.0,13.0,22.0,2.0,173.0,41.0,17.0,5.37,5.16,4.69,7.0,3.0,3.0,350.01,231.0,232.46,2.37,4.82,4.82,12.77,12.94,12.7,208.92,13.59,12.95,13.57,12.94,186.0,104.0,114.0,404.0,15.0,17.0,3.0,245.0,33.0,12.0,6.64,3.67,3.28,7.0,5.0,3.0,405.59,290.0,290.61,2.71,3.32,3.62,12.68,12.65,12.39,43.54,34.18,1053.0,855.0,1.0,0.16,32.0,4.0,22.0,4.0,regular
8480245,2025,Olle Lycksell,OTT,R,5on5,7,4143.0,95.0,1.07,0.45,0.6,0.44,0.58,0.42,0.59,65.0,6.86,0.68,0.44,1.41,0.21,3.33,2.94,0.68,0.65,0.65,0.0,1.0,7.0,2.0,1.0,10.0,2.0,1.0,1.0,0.0,0.0,0.0,5.0,2.0,6.0,8.0,0.0,0.0,0.0,4.0,1.0,1.0,6.0,2.0,1.0,0.17,0.28,0.23,0.0,1.0,0.0,9.44,9.0,8.5,1.0,0.09,0.14,0.0,0.77,0.74,0.74,95.0,12.0,1.0,13.0,69.0,16.0,12.0,18.0,49.0,0.0,0.0,15468.0,0.0,2.0,1.0,4.0,25.56,1.95,1.9,1.88,1.83,27.0,7.0,21.0,55.0,3.0,3.0,0.0,26.0,7.0,1.0,0.7,1.01,0.23,1.0,2.0,0.0,52.14,34.0,32.6,0.33,0.34,0.34,1.94,1.88,1.86,33.31,2.38,2.31,2.42,2.35,34.0,13.0,24.0,71.0,5.0,2.0,0.0,39.0,6.0,2.0,1.14,0.62,0.62,3.0,1.0,1.0,73.16,47.0,47.75,0.46,0.49,0.49,2.34,2.38,2.36,12.19,8.04,262.0,189.0,0.01,0.01,2.0,1.0,1.0,1.0,regular
8482092,2025,Ridly Greig,OTT,C,5on5,51,39449.0,1001.0,26.84,0.53,0.57,0.5,0.54,0.52,0.55,298.0,71.89,8.0,5.34,17.49,2.44,35.06,26.66,7.67,8.04,7.72,7.0,6.0,73.0,22.0,30.0,125.0,21.0,8.0,12.0,2.0,18.0,0.0,30.0,27.0,65.0,87.0,15.0,35.0,138.0,57.0,7.0,29.0,61.0,23.0,11.0,1.71,3.09,3.2,1.0,2.0,5.0,126.33,95.0,95.7,9.0,1.14,1.85,2.78,6.36,6.46,6.37,1001.0,101.0,161.0,196.0,543.0,155.0,95.0,137.0,614.0,138.0,129.0,108404.0,35.0,39.0,18.0,24.0,312.74,25.97,24.95,26.15,25.16,281.0,140.0,153.0,574.0,33.0,34.0,3.0,317.0,80.0,24.0,8.93,10.35,6.7,18.0,10.0,5.0,580.4,421.0,424.56,4.37,6.31,6.22,24.12,24.34,23.98,285.96,23.47,22.44,23.57,22.53,267.0,129.0,169.0,565.0,30.0,33.0,6.0,306.0,70.0,20.0,9.01,8.15,6.31,13.0,13.0,4.0,566.15,396.0,397.23,4.06,6.66,6.66,20.88,20.98,20.53,77.28,59.42,1776.0,1496.0,0.57,0.47,26.0,17.0,17.0,14.0,regular
8481596,2025,Shane Pinto,OTT,C,5on5,46,37273.0,888.0,30.52,0.57,0.53,0.52,0.53,0.54,0.53,190.0,82.73,9.45,5.83,19.78,2.97,42.44,30.52,9.01,9.61,9.16,5.0,6.0,70.0,41.0,28.0,139.0,22.0,11.0,10.0,3.0,10.0,1.0,38.0,41.0,59.0,100.0,10.0,20.0,189.0,50.0,9.0,24.0,68.0,30.0,13.0,2.14,3.62,3.69,4.0,3.0,4.0,140.63,111.0,112.4,12.0,1.21,1.89,2.96,7.7,7.78,7.67,888.0,80.0,139.0,195.0,474.0,118.0,90.0,118.0,562.0,189.0,188.0,95543.0,20.0,18.0,9.0,19.0,307.03,26.04,25.0,26.31,25.24,279.0,137.0,133.0,549.0,32.0,36.0,5.0,309.0,76.0,31.0,8.12,9.45,8.47,16.0,9.0,7.0,552.3,416.0,419.37,4.14,7.38,7.73,22.45,22.59,22.25,253.33,19.47,18.75,19.26,18.56,226.0,125.0,165.0,516.0,28.0,22.0,4.0,278.0,60.0,13.0,7.79,7.55,4.13,12.0,13.0,3.0,511.25,351.0,348.35,3.38,4.76,4.76,18.1,17.88,17.66,63.98,57.08,1525.0,1355.0,1.14,0.28,23.0,12.0,22.0,8.0,regular
8483676,2025,Stephen Halliday,OTT,C,5on5,24,8852.0,246.0,11.25,0.5,0.58,0.54,0.55,0.52,0.56,279.0,20.82,1.87,1.5,4.98,0.72,11.76,8.17,1.83,1.92,1.88,2.0,2.0,22.0,7.0,8.0,37.0,8.0,4.0,1.0,1.0,3.0,0.0,9.0,12.0,18.0,25.0,1.0,2.0,21.0,28.0,2.0,10.0,20.0,9.0,0.0,0.74,1.13,0.0,1.0,3.0,0.0,37.97,29.0,29.41,4.0,0.32,0.36,0.36,1.83,1.87,1.86,246.0,32.0,16.0,27.0,171.0,41.0,37.0,36.0,132.0,21.0,35.0,58574.0,2.0,2.0,1.0,7.0,75.09,5.97,5.87,5.97,5.87,75.0,28.0,50.0,153.0,8.0,7.0,2.0,80.0,18.0,5.0,2.37,2.29,1.32,2.0,6.0,0.0,152.75,103.0,102.27,1.15,1.45,1.45,5.67,5.63,5.57,70.83,5.96,5.77,5.91,5.72,59.0,38.0,32.0,129.0,6.0,7.0,0.0,75.0,15.0,7.0,2.21,1.97,1.78,1.0,4.0,1.0,128.3,97.0,95.94,1.03,1.12,1.12,5.87,5.84,5.72,48.36,34.9,993.0,826.0,0.12,0.28,7.0,6.0,5.0,4.0,regular
8478469,2025,Thomas Chabot,OTT,D,5on5,41,42872.0,883.0,26.55,0.53,0.55,0.52,0.54,0.53,0.55,83.0,59.02,2.6,3.42,17.01,1.99,34.94,25.04,2.54,2.59,2.54,6.0,3.0,51.0,34.0,53.0,138.0,12.0,3.0,6.0,1.0,20.0,0.0,23.0,33.0,48.0,82.0,8.0,18.0,0.0,28.0,13.0,28.0,79.0,5.0,1.0,1.82,0.57,0.21,3.0,0.0,0.0,136.0,85.0,84.01,22.0,0.69,1.31,0.27,3.01,3.01,2.96,883.0,90.0,73.0,128.0,592.0,126.0,108.0,153.0,496.0,0.0,0.0,74844.0,18.0,12.0,6.0,66.0,371.17,31.59,30.37,31.84,30.59,331.0,175.0,191.0,697.0,43.0,33.0,5.0,385.0,100.0,21.0,12.43,13.32,5.83,23.0,18.0,2.0,698.45,506.0,507.67,5.32,6.47,6.54,30.36,30.48,29.84,332.57,27.66,26.64,27.64,26.63,295.0,160.0,180.0,635.0,43.0,41.0,8.0,348.0,82.0,25.0,10.13,9.84,7.68,20.0,17.0,6.0,638.01,455.0,456.2,4.57,7.74,7.74,24.49,24.58,24.24,50.76,40.8,1159.0,1002.0,1.86,0.28,56.0,13.0,41.0,8.0,regular
8482116,2025,Tim Sttzle,OTT,C,5on5,56,46896.0,1088.0,63.43,0.53,0.56,0.55,0.52,0.55,0.54,216.0,92.65,10.75,7.02,20.4,2.95,47.84,33.04,10.35,10.78,10.38,10.0,8.0,85.0,37.0,37.0,159.0,33.0,15.0,7.0,2.0,17.0,0.0,42.0,41.0,70.0,107.0,13.0,29.0,215.0,73.0,16.0,57.0,76.0,36.0,10.0,3.31,4.53,2.91,9.0,5.0,1.0,159.81,122.0,122.69,17.0,1.49,1.22,2.81,9.42,9.46,9.32,1088.0,187.0,54.0,164.0,683.0,170.0,158.0,212.0,548.0,215.0,189.0,114993.0,29.0,45.0,21.0,32.0,433.34,36.01,34.81,36.12,34.9,371.0,217.0,214.0,802.0,46.0,39.0,4.0,447.0,116.0,25.0,13.67,14.72,7.62,26.0,15.0,5.0,800.06,588.0,587.85,6.0,8.07,8.07,33.94,34.03,33.48,350.49,31.79,30.46,32.03,30.69,324.0,150.0,188.0,662.0,40.0,47.0,8.0,350.0,92.0,32.0,10.25,11.42,10.12,9.0,24.0,7.0,664.33,474.0,475.82,4.95,10.2,10.5,26.25,26.42,26.02,77.88,60.61,1774.0,1611.0,1.22,1.34,26.0,22.0,21.0,18.0,regular
8482095,2025,Tyler Kleven,OTT,D,5on5,51,45841.0,1079.0,17.65,0.53,0.56,0.52,0.53,0.54,0.54,222.0,63.92,2.03,3.23,20.09,2.16,37.23,26.26,1.98,2.03,1.98,8.0,1.0,59.0,32.0,40.0,131.0,10.0,1.0,4.0,0.0,20.0,0.0,38.0,28.0,58.0,90.0,11.0,26.0,0.0,87.0,18.0,52.0,90.0,0.0,1.0,1.83,0.0,0.2,1.0,0.0,0.0,130.71,91.0,90.98,45.0,0.65,0.76,0.35,2.33,2.33,2.28,1079.0,96.0,65.0,228.0,690.0,135.0,153.0,108.0,683.0,0.0,0.0,101506.0,26.0,16.0,5.0,62.0,380.94,28.66,27.96,28.73,28.03,339.0,183.0,183.0,705.0,28.0,40.0,2.0,411.0,87.0,24.0,11.17,10.75,6.74,10.0,15.0,3.0,709.77,522.0,524.13,5.19,6.28,6.28,27.56,27.58,27.24,322.79,25.71,24.76,25.77,24.82,303.0,142.0,206.0,651.0,30.0,26.0,1.0,351.0,71.0,23.0,9.83,8.86,7.02,9.0,17.0,4.0,648.1,445.0,443.53,4.29,6.7,7.0,23.0,23.04,22.49,74.13,59.09,1634.0,1428.0,4.25,0.39,76.0,10.0,61.0,8.0,regular
8482673,2025,Xavier Bourgault,OTT,R,5on5,2,715.0,18.0,0.38,0.68,0.46,0.63,0.47,0.6,0.47,24.0,4.68,0.43,0.33,1.19,0.16,2.3,1.6,0.43,0.44,0.44,0.0,0.0,3.0,3.0,1.0,7.0,0.0,0.0,1.0,0.0,1.0,0.0,2.0,2.0,3.0,6.0,0.0,0.0,0.0,3.0,0.0,1.0,5.0,0.0,1.0,0.18,0.0,0.25,0.0,0.0,0.0,6.87,6.0,5.84,0.0,0.07,0.16,0.0,0.5,0.51,0.51,18.0,2.0,0.0,2.0,14.0,3.0,0.0,6.0,9.0,0.0,0.0,5406.0,0.0,0.0,0.0,0.0,9.56,1.1,1.09,1.11,1.1,7.0,5.0,3.0,15.0,1.0,2.0,1.0,8.0,2.0,2.0,0.29,0.26,0.55,0.0,1.0,0.0,14.68,12.0,11.69,0.17,0.26,0.26,1.01,1.03,1.03,5.83,0.52,0.52,0.53,0.53,5.0,3.0,1.0,9.0,2.0,0.0,0.0,6.0,2.0,0.0,0.14,0.38,0.0,1.0,1.0,0.0,9.35,8.0,8.1,0.08,0.0,0.0,0.6,0.61,0.61,3.16,3.64,62.0,71.0,0.02,0.0,2.0,0.0,2.0,0.0,regular
8480874,2025,Adam Ginning,PHI,D,5on5,5,3945.0,86.0,-1.15,0.38,0.49,0.35,0.49,0.3,0.51,22.0,3.18,0.08,0.17,0.97,0.13,2.05,1.6,0.08,0.08,0.08,0.0,0.0,2.0,3.0,4.0,9.0,0.0,0.0,0.0,0.0,2.0,0.0,2.0,1.0,2.0,5.0,0.0,0.0,0.0,4.0,0.0,5.0,5.0,0.0,0.0,0.08,0.0,0.0,0.0,0.0,0.0,8.99,5.0,4.96,2.0,0.04,0.0,0.0,0.11,0.12,0.11,86.0,6.0,4.0,11.0,65.0,10.0,15.0,8.0,53.0,0.0,0.0,11033.0,0.0,0.0,0.0,3.0,16.65,1.39,1.37,1.41,1.39,12.0,11.0,14.0,37.0,2.0,1.0,0.0,18.0,4.0,1.0,0.55,0.53,0.3,1.0,1.0,0.0,36.83,23.0,22.81,0.23,0.3,0.3,1.31,1.33,1.32,37.73,2.24,2.2,2.29,2.26,32.0,21.0,15.0,68.0,2.0,2.0,0.0,48.0,4.0,1.0,1.53,0.45,0.26,2.0,0.0,0.0,69.95,53.0,54.13,0.48,0.11,0.11,2.61,2.67,2.64,6.52,6.7,135.0,143.0,0.41,0.08,6.0,2.0,6.0,2.0,regular
8481553,2025,Bobby Brink,PHI,R,5on5,49,37858.0,823.0,22.31,0.49,0.51,0.49,0.47,0.5,0.48,264.0,64.64,6.63,4.46,14.45,2.01,33.64,24.82,6.51,6.7,6.58,4.0,3.0,66.0,20.0,23.0,109.0,16.0,9.0,7.0,0.0,11.0,0.0,31.0,28.0,57.0,77.0,9.0,18.0,12.0,59.0,6.0,25.0,58.0,23.0,5.0,2.14,3.06,1.43,3.0,6.0,0.0,109.98,86.0,86.72,6.0,0.94,1.08,1.27,6.3,6.39,6.3,823.0,94.0,58.0,151.0,520.0,99.0,124.0,108.0,492.0,12.0,29.0,108655.0,18.0,16.0,8.0,25.0,264.74,21.57,20.76,21.8,20.98,242.0,121.0,151.0,514.0,22.0,22.0,2.0,276.0,70.0,17.0,8.14,8.95,4.48,10.0,9.0,3.0,518.88,363.0,366.16,3.71,4.33,4.68,20.6,20.84,20.51,267.07,22.61,21.86,22.61,21.88,231.0,137.0,167.0,535.0,24.0,27.0,3.0,280.0,66.0,22.0,7.74,8.08,6.79,13.0,8.0,3.0,536.86,368.0,369.56,3.54,5.18,5.18,20.89,20.94,20.54,68.58,66.17,1477.0,1674.0,1.06,0.79,24.0,17.0,16.0,12.0,regular
8481546,2025,Cam York,PHI,D,5on5,48,49648.0,1091.0,19.88,0.5,0.5,0.48,0.48,0.5,0.49,164.0,45.4,3.03,3.01,11.89,1.45,24.84,17.78,2.92,3.03,2.91,5.0,6.0,37.0,25.0,31.0,93.0,14.0,3.0,5.0,1.0,6.0,0.0,21.0,27.0,34.0,59.0,9.0,18.0,0.0,7.0,8.0,35.0,49.0,10.0,3.0,1.34,1.02,0.67,1.0,1.0,1.0,91.98,62.0,61.72,19.0,0.61,1.23,0.64,3.0,2.98,2.95,1091.0,83.0,123.0,203.0,682.0,96.0,89.0,143.0,763.0,0.0,0.0,92702.0,18.0,6.0,3.0,68.0,364.4,30.04,29.11,30.2,29.26,327.0,170.0,181.0,678.0,37.0,31.0,3.0,377.0,97.0,23.0,12.35,11.84,5.85,19.0,15.0,3.0,676.27,497.0,497.18,5.04,5.84,5.67,29.41,29.54,29.09,361.56,29.52,28.64,29.94,29.04,310.0,188.0,250.0,748.0,38.0,34.0,5.0,381.0,90.0,27.0,10.85,10.79,7.88,17.0,17.0,4.0,755.31,498.0,504.72,4.72,6.76,6.76,27.42,27.73,27.35,59.46,59.66,1301.0,1394.0,4.03,0.27,85.0,12.0,61.0,11.0,regular
8479336,2025,Carl Grundstrom,PHI,R,5on5,26,17659.0,387.0,6.48,0.39,0.55,0.42,0.5,0.4,0.52,211.0,30.42,2.51,1.97,7.52,1.08,16.58,12.34,2.43,2.52,2.43,0.0,2.0,27.0,15.0,12.0,54.0,9.0,7.0,2.0,1.0,7.0,0.0,14.0,12.0,20.0,35.0,4.0,8.0,2.0,79.0,4.0,11.0,32.0,8.0,2.0,0.99,0.94,0.59,5.0,1.0,1.0,53.95,42.0,42.37,1.0,0.41,0.38,0.92,2.01,1.99,1.96,387.0,33.0,41.0,75.0,238.0,55.0,61.0,51.0,220.0,2.0,2.0,58484.0,8.0,6.0,3.0,14.0,97.22,7.42,7.15,7.37,7.1,80.0,53.0,69.0,202.0,12.0,11.0,1.0,102.0,25.0,6.0,3.14,2.82,1.46,9.0,2.0,1.0,201.21,133.0,133.19,1.32,1.78,2.01,6.73,6.64,6.54,140.67,11.66,11.31,11.77,11.42,104.0,92.0,83.0,279.0,10.0,14.0,2.0,154.0,31.0,11.0,4.63,3.81,3.23,5.0,3.0,2.0,281.31,196.0,196.85,1.89,2.95,2.95,10.6,10.67,10.52,41.71,34.46,866.0,852.0,0.39,0.65,9.0,11.0,7.0,11.0,regular
8477989,2025,Christian Dvorak,PHI,C,5on5,54,45054.0,948.0,28.21,0.48,0.51,0.46,0.49,0.47,0.5,233.0,85.94,11.23,6.99,18.86,3.0,42.19,30.73,10.85,11.21,10.84,12.0,4.0,74.0,39.0,19.0,132.0,24.0,8.0,11.0,0.0,10.0,0.0,39.0,45.0,66.0,105.0,7.0,14.0,290.0,23.0,12.0,37.0,56.0,47.0,10.0,2.24,6.36,2.63,0.0,6.0,2.0,129.96,113.0,111.47,20.0,1.49,1.73,2.93,9.79,9.75,9.54,948.0,117.0,107.0,148.0,576.0,134.0,108.0,171.0,535.0,290.0,238.0,115531.0,14.0,18.0,9.0,28.0,362.94,33.11,32.08,33.11,32.08,317.0,174.0,145.0,636.0,42.0,36.0,4.0,341.0,126.0,24.0,11.17,15.46,6.48,14.0,21.0,7.0,630.46,491.0,486.17,5.2,6.27,6.27,32.03,31.91,31.29,411.99,35.69,34.3,36.16,34.73,353.0,209.0,191.0,753.0,42.0,44.0,4.0,425.0,98.0,39.0,13.14,11.85,10.71,22.0,16.0,4.0,762.94,562.0,568.54,5.54,8.53,8.53,32.71,33.17,32.66,67.66,64.98,1581.0,1646.0,1.12,1.11,29.0,20.0,21.0,17.0,regular
8484142,2025,Denver Barkey,PHI,C,5on5,21,14690.0,329.0,8.92,0.62,0.5,0.52,0.47,0.56,0.48,150.0,15.44,1.81,1.21,3.35,0.61,8.42,6.61,1.73,1.85,1.77,5.0,0.0,15.0,7.0,7.0,29.0,6.0,1.0,3.0,0.0,0.0,0.0,8.0,10.0,14.0,21.0,4.0,8.0,2.0,17.0,2.0,12.0,13.0,7.0,2.0,0.46,0.85,0.5,0.0,1.0,0.0,29.73,22.0,22.75,4.0,0.26,0.65,0.64,1.43,1.48,1.45,329.0,36.0,45.0,68.0,180.0,47.0,33.0,46.0,203.0,2.0,4.0,46705.0,8.0,12.0,6.0,11.0,126.7,11.3,10.55,11.3,10.56,106.0,64.0,59.0,229.0,9.0,12.0,0.0,125.0,33.0,12.0,4.07,4.0,3.23,5.0,4.0,0.0,228.13,170.0,170.41,1.79,2.53,2.53,10.55,10.61,10.34,92.94,6.99,6.68,6.93,6.63,86.0,46.0,78.0,210.0,13.0,7.0,0.0,105.0,21.0,6.0,2.89,2.55,1.56,7.0,5.0,1.0,211.29,132.0,131.51,1.22,0.87,0.87,7.35,7.31,7.09,30.89,31.21,662.0,758.0,0.25,0.04,6.0,3.0,6.0,3.0,regular
8482126,2025,Emil Andrae,PHI,D,5on5,40,38041.0,810.0,11.5,0.51,0.48,0.49,0.48,0.48,0.49,148.0,28.83,1.45,1.64,8.07,0.9,15.95,11.99,1.39,1.41,1.35,7.0,2.0,21.0,19.0,37.0,77.0,10.0,1.0,1.0,0.0,3.0,0.0,15.0,20.0,20.0,39.0,7.0,14.0,0.0,45.0,4.0,27.0,37.0,1.0,2.0,0.83,0.11,0.52,1.0,0.0,0.0,75.31,40.0,38.86,14.0,0.33,0.21,0.52,1.27,1.22,1.2,810.0,79.0,52.0,100.0,579.0,81.0,128.0,84.0,517.0,0.0,0.0,80783.0,14.0,14.0,7.0,37.0,282.29,25.22,24.21,25.24,24.23,255.0,127.0,155.0,537.0,30.0,31.0,4.0,279.0,79.0,24.0,8.74,10.02,6.47,10.0,14.0,6.0,537.0,382.0,381.96,4.05,6.27,6.27,23.0,23.02,22.68,302.3,24.52,23.69,24.73,23.89,254.0,163.0,150.0,567.0,19.0,30.0,2.0,321.0,74.0,22.0,9.69,8.69,6.14,8.0,8.0,3.0,572.08,417.0,419.74,4.13,5.27,5.27,23.39,23.54,23.19,49.12,52.77,1122.0,1217.0,2.31,0.17,59.0,4.0,45.0,4.0,regular
8477903,2025,Garnet Hathaway,PHI,R,5on5,46,25059.0,602.0,-0.56,0.43,0.5,0.44,0.49,0.44,0.5,489.0,23.43,2.01,1.56,5.71,0.85,13.39,9.46,1.98,1.96,1.93,0.0,1.0,19.0,14.0,8.0,41.0,2.0,1.0,2.0,0.0,8.0,0.0,15.0,7.0,18.0,32.0,16.0,44.0,7.0,171.0,2.0,19.0,27.0,5.0,1.0,0.92,0.73,0.36,1.0,0.0,0.0,40.53,33.0,32.48,7.0,0.32,0.54,0.43,1.9,1.88,1.85,602.0,44.0,53.0,102.0,403.0,83.0,81.0,63.0,375.0,7.0,6.0,111880.0,44.0,40.0,14.0,30.0,139.3,10.05,9.8,9.85,9.61,112.0,81.0,95.0,288.0,7.0,11.0,0.0,155.0,32.0,6.0,4.22,3.79,2.04,6.0,1.0,0.0,284.94,193.0,190.38,1.88,2.14,2.14,9.79,9.63,9.51,177.99,13.32,12.89,13.54,13.11,143.0,101.0,121.0,365.0,14.0,16.0,1.0,198.0,32.0,14.0,5.99,3.62,3.71,7.0,5.0,2.0,370.64,244.0,247.78,2.38,3.25,3.25,12.45,12.61,12.37,75.04,74.12,1583.0,1675.0,0.81,0.92,20.0,17.0,15.0,15.0,regular
8481848,2025,Jacob Gaucher,PHI,C,5on5,3,1518.0,34.0,0.31,0.39,0.59,0.51,0.55,0.55,0.54,31.0,2.86,0.27,0.2,0.63,0.1,1.65,1.15,0.27,0.26,0.26,0.0,0.0,3.0,1.0,0.0,4.0,0.0,0.0,0.0,0.0,2.0,0.0,0.0,2.0,3.0,4.0,0.0,0.0,9.0,2.0,0.0,2.0,3.0,1.0,0.0,0.17,0.1,0.0,0.0,0.0,0.0,3.83,4.0,3.83,0.0,0.04,0.0,0.0,0.32,0.3,0.3,34.0,5.0,2.0,5.0,22.0,6.0,3.0,5.0,20.0,9.0,9.0,7259.0,0.0,2.0,1.0,1.0,10.59,0.57,0.56,0.54,0.53,11.0,5.0,7.0,23.0,0.0,0.0,0.0,15.0,1.0,0.0,0.47,0.1,0.0,0.0,0.0,0.0,21.66,16.0,15.17,0.16,0.0,0.0,0.74,0.69,0.68,10.23,0.9,0.87,0.97,0.94,7.0,6.0,9.0,22.0,1.0,1.0,0.0,11.0,1.0,1.0,0.51,0.1,0.29,1.0,0.0,0.0,23.0,13.0,13.47,0.12,0.29,0.29,0.73,0.76,0.74,4.37,3.06,113.0,92.0,0.0,0.03,0.0,2.0,0.0,1.0,regular
8482142,2025,Jamie Drysdale,PHI,D,5on5,52,57416.0,1184.0,17.02,0.52,0.5,0.48,0.48,0.48,0.5,121.0,56.23,2.88,3.36,16.13,1.86,32.82,22.95,2.77,2.84,2.73,3.0,10.0,48.0,32.0,43.0,123.0,15.0,2.0,3.0,0.0,14.0,0.0,30.0,31.0,46.0,78.0,5.0,10.0,0.0,11.0,7.0,32.0,72.0,6.0,2.0,1.74,0.7,0.44,1.0,0.0,1.0,123.14,80.0,79.76,22.0,0.69,0.6,0.38,3.19,3.15,3.06,1184.0,92.0,88.0,163.0,841.0,92.0,169.0,153.0,770.0,0.0,0.0,97451.0,10.0,12.0,6.0,51.0,441.66,38.65,37.19,38.94,37.43,386.0,215.0,226.0,827.0,38.0,42.0,6.0,443.0,120.0,38.0,13.41,14.82,10.43,11.0,17.0,10.0,827.49,601.0,601.18,6.29,8.38,8.38,36.55,36.71,36.05,477.1,36.35,34.98,36.47,35.11,438.0,218.0,239.0,895.0,41.0,40.0,4.0,530.0,94.0,32.0,16.22,11.12,9.0,23.0,14.0,4.0,906.11,656.0,661.02,6.3,7.79,7.79,34.87,34.96,34.34,59.03,59.34,1317.0,1431.0,2.41,0.23,70.0,8.0,51.0,6.0,regular
8484779,2025,Jett Luchanko,PHI,C,5on5,4,2128.0,44.0,-0.46,0.36,0.49,0.44,0.48,0.48,0.47,46.0,1.56,0.13,0.11,0.26,0.04,0.84,0.63,0.13,0.12,0.12,0.0,0.0,1.0,1.0,0.0,2.0,0.0,0.0,0.0,0.0,0.0,0.0,2.0,0.0,1.0,2.0,1.0,2.0,11.0,2.0,0.0,1.0,1.0,1.0,0.0,0.05,0.08,0.0,0.0,0.0,0.0,1.94,2.0,1.94,0.0,0.02,0.0,0.0,0.15,0.15,0.14,44.0,4.0,1.0,7.0,32.0,3.0,3.0,6.0,32.0,11.0,10.0,9286.0,2.0,2.0,1.0,3.0,10.45,0.79,0.77,0.8,0.78,10.0,5.0,5.0,20.0,0.0,1.0,0.0,11.0,4.0,0.0,0.32,0.47,0.0,0.0,0.0,0.0,20.86,15.0,15.32,0.15,0.01,0.01,0.93,0.95,0.92,12.2,1.41,1.35,1.47,1.4,11.0,5.0,9.0,25.0,3.0,1.0,1.0,11.0,3.0,2.0,0.4,0.44,0.58,0.0,2.0,1.0,25.77,16.0,16.61,0.19,0.36,0.36,1.25,1.28,1.27,5.04,5.27,119.0,128.0,0.0,0.0,0.0,0.0,0.0,0.0,regular
8478967,2025,Lane Pederson,PHI,C,5on5,5,2623.0,58.0,-0.91,0.22,0.58,0.34,0.43,0.29,0.47,58.0,1.43,0.16,0.14,0.24,0.04,0.85,0.56,0.16,0.17,0.17,0.0,0.0,0.0,2.0,2.0,4.0,0.0,0.0,0.0,0.0,0.0,0.0,1.0,1.0,0.0,2.0,0.0,0.0,12.0,16.0,1.0,6.0,1.0,1.0,0.0,0.05,0.11,0.0,0.0,0.0,0.0,4.37,2.0,2.06,2.0,0.03,0.0,0.0,0.19,0.2,0.2,58.0,4.0,3.0,9.0,42.0,5.0,6.0,6.0,41.0,12.0,13.0,11296.0,0.0,0.0,0.0,3.0,8.62,0.5,0.5,0.52,0.52,6.0,6.0,10.0,22.0,1.0,0.0,0.0,10.0,2.0,0.0,0.29,0.21,0.0,1.0,0.0,0.0,22.84,12.0,12.35,0.1,0.0,0.0,0.6,0.62,0.62,20.81,1.73,1.6,1.61,1.49,14.0,16.0,13.0,43.0,1.0,2.0,0.0,25.0,3.0,2.0,0.64,0.43,0.66,0.0,1.0,0.0,40.63,30.0,28.65,0.29,0.44,0.44,1.58,1.49,1.43,7.92,5.64,143.0,187.0,0.0,0.01,0.0,1.0,0.0,1.0,regular
8484387,2025,Matvei Michkov,PHI,R,5on5,54,39065.0,914.0,28.75,0.55,0.49,0.51,0.47,0.52,0.48,397.0,88.15,8.61,6.59,20.68,3.08,46.52,34.51,8.15,8.74,8.27,6.0,4.0,87.0,33.0,44.0,164.0,18.0,8.0,12.0,0.0,21.0,0.0,39.0,40.0,79.0,112.0,22.0,49.0,1.0,18.0,12.0,52.0,85.0,25.0,10.0,2.66,3.26,2.69,4.0,3.0,1.0,165.48,120.0,121.54,14.0,1.39,2.56,1.96,8.05,8.18,8.06,914.0,148.0,52.0,143.0,571.0,117.0,144.0,119.0,534.0,1.0,7.0,122516.0,49.0,27.0,12.0,17.0,318.96,27.85,26.65,27.98,26.78,294.0,142.0,163.0,599.0,30.0,35.0,1.0,326.0,82.0,28.0,9.88,10.52,7.45,15.0,13.0,2.0,600.66,436.0,437.45,4.63,6.99,7.25,25.22,25.4,25.01,294.0,23.0,22.3,23.31,22.62,254.0,148.0,181.0,583.0,29.0,25.0,1.0,313.0,72.0,17.0,9.73,8.37,4.92,14.0,12.0,3.0,596.94,402.0,409.7,3.82,4.21,4.21,22.55,22.96,22.64,73.33,77.72,1627.0,1828.0,0.12,2.18,7.0,31.0,5.0,26.0,regular
8476372,2025,Nick Seeler,PHI,D,5on5,55,53187.0,1220.0,10.53,0.49,0.51,0.49,0.47,0.5,0.48,214.0,74.47,2.71,4.02,22.61,2.62,43.99,31.06,2.45,2.69,2.45,2.0,1.0,63.0,44.0,60.0,167.0,5.0,2.0,4.0,0.0,27.0,0.0,36.0,38.0,61.0,105.0,12.0,27.0,0.0,86.0,9.0,30.0,101.0,5.0,1.0,1.82,0.54,0.34,2.0,0.0,0.0,165.12,107.0,106.55,24.0,0.8,0.99,0.55,2.95,2.96,2.8,1220.0,69.0,111.0,164.0,876.0,144.0,133.0,150.0,793.0,0.0,0.0,110604.0,27.0,21.0,9.0,81.0,434.04,35.46,34.05,35.3,33.9,379.0,214.0,208.0,801.0,28.0,41.0,0.0,436.0,129.0,28.0,12.27,15.54,7.65,15.0,9.0,4.0,794.96,593.0,588.59,6.04,6.91,6.91,34.6,34.54,33.85,425.55,36.26,34.76,36.6,35.08,349.0,234.0,260.0,843.0,42.0,43.0,4.0,448.0,96.0,39.0,13.49,11.57,11.2,21.0,15.0,6.0,848.33,583.0,587.22,5.66,9.21,9.21,32.72,33.03,32.33,67.1,65.64,1456.0,1609.0,3.26,0.81,74.0,17.0,54.0,15.0,regular
8475235,2025,Nicolas Deslauriers,PHI,L,5on5,21,10443.0,236.0,0.01,0.51,0.5,0.46,0.48,0.48,0.5,228.0,12.32,0.84,0.72,3.19,0.4,6.14,4.71,0.83,0.84,0.83,1.0,0.0,12.0,4.0,6.0,22.0,1.0,0.0,1.0,0.0,4.0,0.0,6.0,5.0,12.0,16.0,7.0,26.0,1.0,76.0,3.0,8.0,13.0,2.0,1.0,0.3,0.23,0.3,0.0,0.0,0.0,21.98,16.0,16.06,5.0,0.15,0.12,0.11,0.87,0.88,0.88,236.0,19.0,25.0,39.0,153.0,30.0,38.0,23.0,145.0,1.0,0.0,53979.0,26.0,20.0,4.0,8.0,66.15,5.14,5.04,5.05,4.96,51.0,39.0,33.0,123.0,2.0,10.0,0.0,72.0,13.0,5.0,2.1,1.58,1.46,2.0,0.0,0.0,120.47,90.0,88.08,0.88,1.83,1.38,4.64,4.57,4.5,70.49,4.88,4.74,4.93,4.8,62.0,35.0,48.0,145.0,5.0,9.0,1.0,80.0,12.0,5.0,2.14,1.38,1.36,3.0,1.0,1.0,147.62,97.0,98.66,0.95,1.49,1.49,4.34,4.4,4.34,35.44,35.48,747.0,814.0,1.33,0.18,14.0,8.0,10.0,5.0,regular
8483733,2025,Nikita Grebenkin,PHI,R,5on5,41,27026.0,594.0,8.65,0.44,0.52,0.48,0.48,0.48,0.49,337.0,25.07,2.08,1.62,5.78,0.81,12.9,9.8,1.99,2.08,1.98,4.0,4.0,25.0,8.0,21.0,54.0,11.0,3.0,2.0,1.0,3.0,0.0,17.0,8.0,22.0,30.0,7.0,20.0,4.0,65.0,9.0,31.0,23.0,9.0,1.0,0.79,1.09,0.2,1.0,2.0,0.0,53.4,33.0,32.79,13.0,0.33,0.04,0.56,1.86,1.85,1.83,594.0,49.0,43.0,135.0,367.0,103.0,79.0,88.0,324.0,4.0,2.0,94083.0,20.0,28.0,11.0,10.0,184.95,14.39,13.86,14.19,13.67,166.0,87.0,107.0,360.0,15.0,15.0,2.0,194.0,51.0,8.0,5.85,6.17,2.38,9.0,5.0,1.0,353.71,253.0,249.23,2.51,3.18,3.18,13.73,13.55,13.31,205.06,18.58,17.62,18.78,17.8,169.0,108.0,116.0,393.0,21.0,21.0,5.0,202.0,52.0,23.0,5.93,6.42,6.23,10.0,6.0,5.0,399.75,277.0,281.78,2.8,4.96,4.96,16.4,16.63,16.31,63.74,58.43,1322.0,1432.0,0.36,0.54,7.0,14.0,5.0,13.0,regular
8480220,2025,Noah Cates,PHI,L,5on5,55,40486.0,936.0,24.68,0.51,0.5,0.48,0.48,0.49,0.49,399.0,64.17,8.1,5.12,14.85,2.29,30.77,22.86,7.61,8.13,7.63,8.0,2.0,62.0,22.0,21.0,105.0,17.0,7.0,6.0,3.0,15.0,0.0,27.0,29.0,55.0,77.0,9.0,21.0,251.0,59.0,14.0,23.0,44.0,28.0,12.0,1.66,3.34,3.11,3.0,1.0,3.0,105.02,84.0,83.99,4.0,1.09,1.37,3.62,5.58,5.61,5.53,936.0,105.0,87.0,191.0,553.0,108.0,129.0,112.0,587.0,251.0,305.0,123305.0,21.0,19.0,8.0,31.0,280.66,22.93,22.07,22.9,22.04,261.0,120.0,152.0,533.0,25.0,23.0,3.0,287.0,74.0,20.0,8.55,9.04,5.33,14.0,8.0,3.0,529.54,381.0,379.42,3.92,5.06,5.37,21.48,21.49,21.13,280.19,21.73,21.03,21.75,21.06,232.0,157.0,193.0,582.0,16.0,21.0,1.0,308.0,63.0,18.0,8.6,7.63,5.51,11.0,4.0,1.0,583.9,389.0,391.55,3.7,4.19,4.19,21.24,21.24,20.88,79.65,80.17,1724.0,1870.0,1.63,0.65,42.0,17.0,28.0,13.0,regular
8478454,2025,Noah Juulsen,PHI,D,5on5,41,30286.0,745.0,6.1,0.49,0.5,0.47,0.48,0.47,0.5,222.0,22.86,0.79,1.32,6.29,0.73,14.51,10.36,0.77,0.76,0.75,2.0,5.0,19.0,15.0,28.0,62.0,8.0,1.0,5.0,0.0,3.0,0.0,10.0,15.0,18.0,33.0,6.0,15.0,0.0,78.0,7.0,34.0,34.0,0.0,0.0,0.79,0.0,0.0,1.0,0.0,0.0,60.12,34.0,32.89,32.0,0.26,0.78,0.0,1.05,1.02,1.0,745.0,72.0,48.0,94.0,531.0,79.0,97.0,71.0,498.0,0.0,0.0,93138.0,15.0,11.0,4.0,30.0,206.9,18.09,17.22,17.71,16.87,189.0,92.0,112.0,393.0,24.0,25.0,1.0,213.0,52.0,16.0,6.79,6.65,4.65,13.0,9.0,2.0,379.07,281.0,272.98,2.87,5.23,5.4,15.55,15.21,14.95,234.24,19.01,18.35,19.46,18.81,183.0,140.0,126.0,449.0,22.0,24.0,1.0,253.0,53.0,17.0,7.85,6.53,4.63,14.0,5.0,3.0,466.07,323.0,332.33,3.2,3.72,3.72,18.5,18.96,18.66,57.42,58.47,1271.0,1378.0,3.26,0.19,60.0,10.0,44.0,8.0,regular
8480015,2025,Owen Tippett,PHI,R,5on5,55,43389.0,962.0,38.45,0.56,0.48,0.51,0.47,0.53,0.48,295.0,118.04,10.14,7.62,27.76,3.73,61.97,46.78,9.82,10.16,9.84,8.0,5.0,107.0,51.0,46.0,204.0,26.0,13.0,9.0,1.0,18.0,0.0,51.0,67.0,94.0,145.0,7.0,14.0,4.0,92.0,11.0,46.0,120.0,26.0,12.0,3.95,3.02,3.18,7.0,4.0,2.0,203.6,158.0,156.91,14.0,1.58,2.2,1.8,9.92,9.92,9.84,962.0,101.0,130.0,167.0,564.0,124.0,107.0,145.0,586.0,4.0,5.0,120402.0,14.0,22.0,11.0,26.0,369.95,32.66,31.44,32.6,31.39,316.0,184.0,154.0,654.0,32.0,38.0,1.0,370.0,99.0,31.0,11.62,12.57,8.47,16.0,13.0,3.0,652.84,500.0,498.24,5.18,7.32,7.27,30.57,30.53,29.97,328.37,26.16,25.28,26.46,25.58,280.0,172.0,180.0,632.0,34.0,31.0,2.0,357.0,70.0,25.0,10.81,8.2,7.16,20.0,10.0,4.0,639.69,452.0,457.56,4.38,5.88,5.88,24.65,24.96,24.47,69.91,75.74,1603.0,1820.0,0.6,0.5,21.0,11.0,14.0,9.0,regular
8477499,2025,Rasmus Ristolainen,PHI,D,5on5,18,17695.0,383.0,4.75,0.44,0.56,0.47,0.48,0.48,0.5,60.0,22.2,0.75,1.17,6.27,0.8,12.19,9.83,0.74,0.75,0.74,1.0,2.0,19.0,12.0,15.0,46.0,4.0,1.0,2.0,0.0,4.0,0.0,15.0,9.0,18.0,30.0,2.0,4.0,0.0,16.0,5.0,9.0,31.0,0.0,0.0,0.75,0.0,0.0,1.0,0.0,0.0,46.71,31.0,31.16,8.0,0.24,0.34,0.0,0.98,0.98,0.98,383.0,24.0,36.0,58.0,265.0,52.0,44.0,43.0,244.0,0.0,0.0,35410.0,4.0,8.0,4.0,20.0,123.36,9.66,9.38,9.51,9.23,103.0,67.0,57.0,227.0,5.0,12.0,0.0,128.0,33.0,9.0,3.54,3.81,2.32,5.0,0.0,0.0,225.91,170.0,169.56,1.73,2.04,2.04,9.35,9.26,9.06,133.83,12.17,11.62,12.19,11.64,107.0,75.0,79.0,261.0,11.0,15.0,2.0,136.0,30.0,16.0,3.98,3.71,4.48,4.0,5.0,2.0,260.59,182.0,181.28,1.82,3.06,3.06,10.93,11.01,10.71,24.23,19.34,518.0,550.0,1.46,0.07,32.0,3.0,23.0,3.0,regular
8479022,2025,Rodrigo Abols,PHI,C,5on5,42,24519.0,549.0,6.36,0.4,0.51,0.44,0.5,0.44,0.5,406.0,46.03,4.54,3.41,11.24,1.61,24.44,17.76,4.39,4.47,4.33,3.0,3.0,40.0,23.0,22.0,85.0,8.0,2.0,5.0,0.0,13.0,0.0,23.0,20.0,38.0,61.0,8.0,22.0,153.0,48.0,10.0,14.0,44.0,16.0,3.0,1.67,1.85,1.02,1.0,1.0,0.0,84.43,63.0,61.87,4.0,0.72,0.75,1.02,4.24,4.19,4.17,549.0,31.0,50.0,97.0,371.0,77.0,83.0,52.0,337.0,153.0,140.0,101333.0,22.0,18.0,6.0,20.0,150.22,10.42,10.15,10.33,10.07,130.0,78.0,95.0,303.0,11.0,12.0,1.0,173.0,29.0,6.0,5.12,3.56,1.74,7.0,3.0,1.0,300.89,208.0,206.74,2.01,1.88,1.88,10.55,10.47,10.39,191.51,15.33,14.86,15.5,15.03,151.0,113.0,128.0,392.0,13.0,21.0,2.0,208.0,39.0,17.0,6.09,4.61,4.63,5.0,5.0,3.0,396.35,264.0,266.61,2.59,3.82,4.07,13.85,13.97,13.73,68.66,64.86,1479.0,1490.0,0.73,0.35,19.0,6.0,12.0,5.0,regular
8476461,2025,Sean Couturier,PHI,C,5on5,54,42703.0,926.0,27.21,0.55,0.48,0.52,0.46,0.52,0.48,278.0,76.14,7.38,5.43,17.47,2.52,39.96,29.23,7.22,7.41,7.24,6.0,8.0,63.0,39.0,30.0,132.0,19.0,5.0,7.0,0.0,12.0,0.0,37.0,41.0,58.0,97.0,9.0,18.0,322.0,57.0,18.0,43.0,69.0,29.0,4.0,2.44,3.69,1.24,1.0,4.0,0.0,132.54,102.0,102.79,16.0,1.15,1.15,1.0,7.53,7.56,7.41,926.0,107.0,126.0,162.0,531.0,124.0,91.0,142.0,569.0,322.0,284.0,118463.0,18.0,14.0,7.0,25.0,342.85,30.33,28.87,30.6,29.15,310.0,157.0,186.0,653.0,29.0,38.0,1.0,345.0,91.0,31.0,10.47,11.26,8.6,14.0,11.0,4.0,655.32,467.0,469.49,4.88,7.39,7.7,27.5,27.79,27.28,311.52,24.34,23.55,24.46,23.68,265.0,160.0,177.0,602.0,32.0,27.0,1.0,327.0,82.0,16.0,9.9,9.87,4.56,16.0,14.0,2.0,608.86,425.0,429.58,4.12,5.04,4.79,23.6,23.84,23.43,70.61,75.91,1559.0,1810.0,0.5,1.42,12.0,20.0,9.0,14.0,regular
8478439,2025,Travis Konecny,PHI,R,5on5,54,46241.0,985.0,41.83,0.47,0.52,0.46,0.49,0.47,0.5,219.0,96.13,8.22,6.68,22.39,3.07,51.43,37.2,7.94,8.18,7.9,10.0,8.0,91.0,38.0,28.0,157.0,34.0,16.0,8.0,2.0,18.0,0.0,51.0,36.0,75.0,113.0,12.0,27.0,7.0,64.0,10.0,70.0,93.0,31.0,5.0,3.18,3.58,1.46,8.0,6.0,2.0,154.72,129.0,127.53,24.0,1.39,1.37,1.42,8.19,8.11,7.87,985.0,122.0,109.0,163.0,591.0,122.0,141.0,166.0,556.0,7.0,19.0,114342.0,27.0,25.0,11.0,22.0,363.14,30.83,29.84,30.89,29.89,332.0,165.0,161.0,658.0,42.0,29.0,6.0,368.0,106.0,23.0,11.82,12.63,6.38,16.0,17.0,9.0,649.5,497.0,492.32,5.08,5.44,5.44,30.47,30.4,29.81,405.66,34.54,33.16,34.92,33.51,352.0,201.0,227.0,780.0,35.0,40.0,3.0,418.0,102.0,33.0,12.79,12.52,9.23,17.0,16.0,2.0,786.21,553.0,557.48,5.41,8.15,8.15,31.79,32.05,31.59,70.58,65.01,1571.0,1627.0,0.67,1.66,21.0,31.0,17.0,24.0,regular
8477948,2025,Travis Sanheim,PHI,D,5on5,55,61797.0,1313.0,22.25,0.51,0.5,0.48,0.48,0.5,0.48,126.0,67.82,4.26,4.19,19.41,2.3,36.94,26.91,4.04,4.3,4.08,5.0,9.0,51.0,43.0,47.0,141.0,17.0,3.0,5.0,0.0,14.0,0.0,33.0,39.0,48.0,91.0,8.0,16.0,0.0,31.0,18.0,67.0,83.0,8.0,3.0,2.57,0.87,0.82,3.0,0.0,0.0,140.8,94.0,94.37,50.0,0.86,1.19,0.64,4.49,4.56,4.47,1313.0,92.0,155.0,253.0,813.0,152.0,113.0,168.0,880.0,0.0,0.0,101994.0,16.0,14.0,7.0,82.0,456.8,38.79,37.61,38.86,37.7,403.0,218.0,215.0,836.0,46.0,39.0,2.0,458.0,136.0,27.0,14.92,16.4,7.47,25.0,19.0,2.0,834.0,621.0,619.95,6.44,7.65,7.96,37.27,37.33,36.74,448.13,37.47,36.3,37.78,36.62,377.0,234.0,299.0,910.0,45.0,38.0,1.0,458.0,116.0,37.0,13.01,14.15,10.32,23.0,19.0,3.0,917.08,611.0,618.09,5.94,7.88,7.88,35.46,35.8,35.29,63.79,64.43,1421.0,1542.0,3.73,0.72,87.0,21.0,68.0,17.0,regular
8481533,2025,Trevor Zegras,PHI,C,5on5,55,49564.0,996.0,41.33,0.54,0.48,0.49,0.47,0.5,0.48,152.0,98.01,9.46,6.38,23.09,3.39,49.61,39.06,9.18,9.37,9.1,11.0,5.0,81.0,50.0,33.0,164.0,27.0,11.0,10.0,0.0,20.0,2.0,49.0,39.0,70.0,120.0,9.0,18.0,47.0,21.0,13.0,47.0,87.0,37.0,7.0,2.93,4.54,1.99,4.0,6.0,1.0,161.24,131.0,128.86,14.0,1.34,1.75,2.33,8.46,8.35,8.24,996.0,121.0,94.0,157.0,624.0,143.0,142.0,183.0,528.0,47.0,96.0,114227.0,18.0,12.0,7.0,15.0,415.38,37.87,36.71,37.73,36.58,360.0,203.0,175.0,738.0,42.0,45.0,3.0,399.0,133.0,31.0,13.2,16.26,8.42,14.0,21.0,7.0,728.99,563.0,556.93,5.94,8.66,8.73,35.08,34.88,34.29,412.63,32.49,31.64,32.84,31.99,356.0,208.0,196.0,760.0,41.0,35.0,2.0,442.0,93.0,29.0,13.71,11.03,7.75,23.0,14.0,4.0,768.34,564.0,568.96,5.46,6.24,6.24,31.71,32.1,31.66,64.7,69.41,1519.0,1692.0,0.72,1.17,23.0,26.0,20.0,21.0,regular
8482804,2025,Ty Murchison,PHI,D,5on5,3,2525.0,57.0,0.07,0.61,0.55,0.45,0.49,0.5,0.48,15.0,0.68,0.02,0.04,0.26,0.02,0.43,0.22,0.02,0.02,0.02,0.0,0.0,1.0,0.0,1.0,2.0,0.0,0.0,0.0,0.0,1.0,0.0,0.0,0.0,1.0,1.0,0.0,0.0,0.0,5.0,0.0,3.0,1.0,0.0,0.0,0.02,0.0,0.0,0.0,0.0,0.0,1.94,1.0,0.97,3.0,0.01,0.0,0.0,0.03,0.03,0.03,57.0,9.0,5.0,10.0,33.0,5.0,6.0,6.0,40.0,0.0,0.0,7374.0,0.0,0.0,0.0,1.0,11.54,1.26,1.21,1.21,1.15,8.0,8.0,6.0,22.0,2.0,2.0,0.0,11.0,3.0,2.0,0.39,0.4,0.47,1.0,1.0,0.0,21.43,16.0,15.6,0.17,0.47,0.47,0.96,0.92,0.91,12.28,0.81,0.8,0.84,0.82,9.0,7.0,11.0,27.0,1.0,0.0,0.0,13.0,3.0,0.0,0.41,0.4,0.0,1.0,0.0,0.0,27.08,16.0,16.12,0.16,0.0,0.0,0.97,1.0,0.98,4.83,4.01,94.0,99.0,0.1,0.01,2.0,1.0,2.0,1.0,regular
8482159,2025,Tyson Foerster,PHI,R,5on5,21,17017.0,375.0,12.83,0.51,0.46,0.47,0.47,0.49,0.48,97.0,29.57,2.17,2.04,7.18,1.06,16.92,12.62,2.17,2.16,2.15,1.0,1.0,28.0,14.0,14.0,56.0,9.0,7.0,5.0,0.0,4.0,0.0,11.0,15.0,21.0,35.0,3.0,6.0,0.0,18.0,7.0,9.0,34.0,8.0,0.0,1.27,0.91,0.0,5.0,2.0,0.0,55.52,42.0,41.55,3.0,0.42,1.16,0.0,2.6,2.58,2.57,375.0,39.0,43.0,91.0,202.0,51.0,47.0,44.0,233.0,0.0,0.0,46704.0,6.0,2.0,1.0,14.0,110.19,9.76,9.52,9.72,9.47,103.0,49.0,59.0,211.0,12.0,10.0,2.0,112.0,31.0,9.0,3.76,3.57,2.43,7.0,4.0,1.0,208.53,152.0,150.51,1.61,2.14,2.45,8.92,8.87,8.8,112.0,9.49,9.11,9.54,9.17,92.0,64.0,82.0,238.0,4.0,11.0,1.0,121.0,26.0,9.0,3.18,3.4,2.9,3.0,0.0,1.0,238.56,156.0,157.94,1.51,2.09,2.09,8.91,8.93,8.73,25.54,30.29,623.0,690.0,0.47,0.7,10.0,8.0,8.0,8.0,regular
8477511,2025,Anthony Mantha,PIT,R,5on5,55,41134.0,833.0,38.41,0.52,0.51,0.49,0.51,0.5,0.52,353.0,85.26,9.41,6.26,20.41,2.99,43.01,30.91,9.02,9.66,9.25,6.0,7.0,77.0,36.0,38.0,151.0,28.0,15.0,11.0,3.0,13.0,0.0,38.0,36.0,62.0,98.0,8.0,19.0,6.0,31.0,10.0,51.0,74.0,28.0,11.0,2.54,3.67,3.2,4.0,9.0,2.0,153.97,113.0,115.31,11.0,1.32,2.16,3.43,7.3,7.48,7.3,833.0,92.0,21.0,121.0,599.0,122.0,148.0,130.0,433.0,6.0,17.0,124522.0,19.0,23.0,10.0,24.0,359.67,34.06,32.86,34.85,33.6,327.0,161.0,173.0,661.0,38.0,44.0,6.0,346.0,105.0,37.0,10.63,12.98,10.44,16.0,14.0,8.0,676.7,488.0,500.57,5.37,9.55,9.69,29.73,30.34,29.82,353.44,31.63,30.29,31.31,29.98,309.0,175.0,194.0,678.0,27.0,38.0,3.0,360.0,91.0,33.0,11.37,11.19,9.07,16.0,7.0,4.0,671.42,484.0,480.02,4.95,7.89,7.95,28.63,28.46,27.92,88.06,84.37,2004.0,1888.0,0.48,0.54,25.0,19.0,17.0,11.0,regular
8485414,2025,Ben Kindel,PIT,C,5on5,52,38918.0,784.0,34.03,0.55,0.51,0.55,0.51,0.56,0.51,321.0,83.11,8.38,5.6,19.3,2.76,40.64,32.33,7.75,8.58,7.92,5.0,2.0,75.0,34.0,31.0,140.0,14.0,7.0,10.0,1.0,9.0,0.0,35.0,48.0,68.0,102.0,6.0,12.0,152.0,19.0,13.0,45.0,74.0,25.0,10.0,2.34,3.09,2.95,3.0,3.0,1.0,143.9,109.0,111.93,12.0,1.18,2.27,3.27,6.29,6.43,6.19,784.0,89.0,58.0,136.0,501.0,120.0,117.0,104.0,443.0,152.0,189.0,116880.0,12.0,24.0,11.0,38.0,355.11,30.73,29.18,31.36,29.77,318.0,170.0,187.0,675.0,24.0,41.0,1.0,375.0,84.0,29.0,11.83,10.49,8.41,14.0,8.0,2.0,686.86,488.0,497.84,5.1,7.93,8.27,27.55,28.07,27.23,287.15,25.3,24.15,25.24,24.09,247.0,142.0,173.0,562.0,25.0,35.0,5.0,288.0,70.0,31.0,8.67,8.66,7.97,12.0,11.0,2.0,555.37,389.0,385.21,4.07,6.85,6.85,22.52,22.52,22.22,86.34,82.47,1872.0,1830.0,1.34,0.93,23.0,25.0,17.0,15.0,regular
8481481,2025,Blake Lizotte,PIT,C,5on5,46,30359.0,683.0,20.08,0.54,0.51,0.54,0.5,0.54,0.51,405.0,47.68,5.12,3.48,11.1,1.66,23.86,17.78,4.87,5.25,4.99,4.0,5.0,38.0,25.0,17.0,80.0,13.0,4.0,4.0,1.0,6.0,0.0,26.0,23.0,34.0,59.0,8.0,21.0,152.0,37.0,6.0,24.0,45.0,11.0,7.0,1.68,1.36,2.08,2.0,1.0,1.0,82.88,63.0,65.03,8.0,0.73,0.7,1.59,4.26,4.37,4.29,683.0,13.0,164.0,105.0,401.0,107.0,43.0,94.0,439.0,152.0,128.0,108934.0,21.0,17.0,7.0,14.0,261.89,22.33,21.49,22.87,22.03,223.0,134.0,152.0,509.0,19.0,25.0,3.0,269.0,66.0,22.0,8.16,8.23,5.94,7.0,9.0,3.0,525.81,357.0,367.18,3.7,5.35,5.35,20.69,21.24,20.84,226.25,19.19,18.12,18.86,17.82,201.0,107.0,131.0,439.0,15.0,17.0,3.0,235.0,54.0,19.0,6.94,6.9,5.35,6.0,6.0,3.0,428.42,308.0,301.24,3.22,4.5,4.5,17.9,17.66,16.96,80.13,78.04,1717.0,1719.0,1.11,0.32,25.0,11.0,22.0,6.0,regular
8478147,2025,Bokondji Imama,PIT,L,5on5,2,917.0,20.0,0.5,0.71,0.6,0.61,0.5,0.6,0.52,22.0,2.46,0.26,0.14,0.52,0.07,1.15,0.85,0.26,0.29,0.29,0.0,0.0,2.0,1.0,1.0,4.0,0.0,0.0,0.0,0.0,0.0,0.0,1.0,2.0,2.0,3.0,1.0,5.0,0.0,3.0,0.0,2.0,1.0,2.0,0.0,0.03,0.23,0.0,0.0,0.0,0.0,4.63,3.0,3.41,0.0,0.03,0.0,0.0,0.29,0.33,0.33,20.0,2.0,4.0,3.0,11.0,3.0,5.0,0.0,12.0,0.0,0.0,4359.0,5.0,5.0,1.0,0.0,11.26,0.77,0.74,0.85,0.82,7.0,8.0,4.0,19.0,0.0,1.0,0.0,11.0,4.0,0.0,0.36,0.41,0.0,0.0,0.0,0.0,21.4,15.0,16.62,0.13,0.08,0.08,0.82,0.91,0.88,7.14,0.31,0.31,0.28,0.28,7.0,3.0,2.0,12.0,0.0,0.0,0.0,10.0,0.0,0.0,0.31,0.0,0.0,0.0,0.0,0.0,10.89,10.0,9.18,0.08,0.0,0.0,0.38,0.35,0.35,3.96,2.62,61.0,60.0,0.0,0.0,0.0,0.0,0.0,0.0,regular
8476967,2025,Brett Kulak,PIT,D,5on5,55,56174.0,1016.0,5.5,0.47,0.53,0.47,0.54,0.47,0.54,182.0,56.99,1.85,3.08,16.8,1.93,34.17,25.18,1.83,1.88,1.86,3.0,4.0,58.0,25.0,66.0,149.0,8.0,1.0,11.0,0.0,18.0,0.0,20.0,33.0,57.0,82.0,13.0,26.0,0.0,8.0,8.0,37.0,81.0,2.0,0.0,1.6,0.25,0.0,1.0,0.0,0.0,152.35,83.0,84.96,23.0,0.61,2.53,0.0,2.47,2.5,2.48,1016.0,87.0,73.0,169.0,687.0,132.0,148.0,134.0,602.0,0.0,0.0,111469.0,26.0,0.0,0.0,65.0,404.7,33.68,32.44,34.48,33.22,353.0,203.0,224.0,780.0,33.0,45.0,5.0,433.0,91.0,32.0,12.77,11.72,9.18,14.0,13.0,6.0,800.63,556.0,569.79,5.6,9.32,9.32,29.96,30.78,30.18,449.24,38.39,37.06,38.22,36.91,367.0,252.0,261.0,880.0,43.0,39.0,8.0,470.0,117.0,32.0,14.78,14.39,9.23,24.0,11.0,8.0,870.72,619.0,614.28,6.33,8.98,8.98,35.74,35.64,35.17,86.65,76.27,1878.0,1631.0,4.08,0.33,71.0,12.0,52.0,9.0,regular
8475810,2025,Bryan Rust,PIT,R,5on5,48,42941.0,885.0,36.71,0.45,0.52,0.48,0.52,0.48,0.52,146.0,98.41,10.56,7.75,22.6,3.4,52.08,38.62,10.05,10.69,10.18,3.0,3.0,82.0,53.0,21.0,156.0,19.0,13.0,13.0,0.0,12.0,2.0,48.0,47.0,69.0,122.0,8.0,16.0,0.0,15.0,3.0,31.0,96.0,28.0,11.0,3.52,3.87,3.17,10.0,3.0,0.0,157.59,135.0,137.14,11.0,1.65,2.63,3.02,9.18,9.29,9.05,885.0,153.0,77.0,216.0,439.0,68.0,110.0,146.0,561.0,0.0,1.0,103215.0,16.0,14.0,7.0,38.0,363.63,30.31,28.82,30.69,29.2,320.0,182.0,178.0,680.0,38.0,36.0,3.0,383.0,93.0,26.0,11.65,11.65,7.01,21.0,11.0,6.0,690.87,502.0,508.87,5.4,6.41,6.41,29.3,29.7,28.79,386.22,36.52,34.96,36.56,34.99,348.0,185.0,208.0,741.0,35.0,49.0,4.0,377.0,118.0,38.0,11.06,14.47,10.99,19.0,13.0,3.0,732.22,533.0,529.69,5.72,9.35,9.35,32.88,32.88,32.33,72.89,66.75,1632.0,1527.0,0.67,0.8,13.0,25.0,13.0,17.0,regular
8478452,2025,Caleb Jones,PIT,D,5on5,7,6420.0,125.0,0.38,0.47,0.49,0.42,0.47,0.44,0.48,34.0,7.59,0.21,0.41,1.95,0.24,4.63,3.57,0.2,0.21,0.2,1.0,0.0,5.0,6.0,6.0,17.0,1.0,0.0,2.0,0.0,1.0,0.0,1.0,7.0,5.0,11.0,0.0,0.0,0.0,10.0,1.0,4.0,11.0,0.0,0.0,0.21,0.0,0.0,0.0,0.0,0.0,17.57,11.0,11.28,4.0,0.08,0.53,0.0,0.29,0.29,0.28,125.0,8.0,15.0,17.0,85.0,22.0,16.0,10.0,77.0,0.0,0.0,14392.0,0.0,2.0,1.0,13.0,50.04,5.11,4.67,5.13,4.69,43.0,22.0,30.0,95.0,4.0,7.0,0.0,45.0,12.0,8.0,1.25,1.74,2.12,2.0,2.0,0.0,96.58,65.0,66.05,0.78,1.72,1.72,4.17,4.19,4.1,62.41,5.81,5.62,5.88,5.68,49.0,34.0,47.0,130.0,3.0,8.0,0.0,57.0,22.0,4.0,1.97,2.74,1.1,1.0,2.0,0.0,127.07,83.0,81.97,0.92,1.46,1.52,5.21,5.24,5.17,10.45,10.73,214.0,242.0,0.7,0.01,7.0,3.0,4.0,1.0,regular
8477365,2025,Connor Clifton,PIT,D,5on5,25,22214.0,411.0,4.0,0.55,0.5,0.51,0.5,0.52,0.51,104.0,17.01,0.59,0.95,4.64,0.53,10.54,7.76,0.58,0.61,0.6,0.0,2.0,18.0,7.0,33.0,58.0,3.0,1.0,1.0,0.0,4.0,0.0,12.0,7.0,17.0,24.0,8.0,22.0,0.0,89.0,7.0,19.0,25.0,0.0,0.0,0.59,0.0,0.0,1.0,0.0,0.0,59.75,25.0,25.97,9.0,0.19,0.03,0.0,0.77,0.8,0.79,411.0,21.0,38.0,68.0,284.0,67.0,52.0,42.0,250.0,0.0,0.0,51324.0,22.0,5.0,1.0,32.0,175.25,15.95,15.32,16.23,15.57,147.0,93.0,103.0,343.0,12.0,22.0,3.0,177.0,44.0,19.0,5.47,5.17,5.32,5.0,4.0,3.0,352.82,240.0,245.75,2.55,4.74,4.74,13.77,14.01,13.78,162.81,12.9,12.57,12.81,12.48,139.0,83.0,114.0,336.0,14.0,13.0,2.0,179.0,31.0,12.0,5.68,4.1,3.12,9.0,3.0,2.0,326.69,222.0,216.65,2.23,2.35,2.4,12.74,12.64,12.5,37.81,37.79,801.0,814.0,1.47,0.09,26.0,2.0,21.0,2.0,regular
8480980,2025,Connor Dewar,PIT,C,5on5,55,35633.0,797.0,29.01,0.52,0.51,0.53,0.5,0.53,0.51,505.0,82.42,5.99,5.34,18.91,2.66,45.44,34.65,5.83,6.13,5.96,4.0,4.0,67.0,46.0,39.0,152.0,16.0,8.0,8.0,0.0,9.0,0.0,37.0,51.0,59.0,105.0,5.0,10.0,5.0,94.0,5.0,19.0,86.0,23.0,4.0,2.35,2.69,0.94,4.0,4.0,0.0,155.92,113.0,115.22,4.0,1.11,1.2,0.57,6.52,6.69,6.56,797.0,27.0,189.0,127.0,454.0,122.0,55.0,114.0,506.0,5.0,3.0,130023.0,10.0,27.0,12.0,10.0,299.11,23.69,22.82,24.2,23.32,257.0,153.0,166.0,576.0,27.0,28.0,2.0,318.0,70.0,22.0,9.42,8.42,5.85,14.0,9.0,4.0,591.84,410.0,419.11,4.15,5.24,5.24,22.61,23.13,22.73,266.41,22.31,21.25,22.18,21.14,235.0,131.0,139.0,505.0,22.0,24.0,3.0,280.0,64.0,22.0,8.42,7.95,5.94,10.0,9.0,3.0,499.8,366.0,362.28,3.77,4.94,4.94,21.14,21.13,20.46,98.43,93.68,2089.0,2061.0,1.24,1.02,29.0,18.0,23.0,14.0,regular
8482475,2025,Egor Chinakhov,PIT,R,5on5,46,29726.0,650.0,19.72,0.51,0.53,0.51,0.52,0.5,0.52,407.0,69.29,6.16,4.61,16.34,2.24,36.1,27.55,6.08,6.29,6.21,2.0,3.0,62.0,31.0,44.0,137.0,16.0,11.0,4.0,0.0,15.0,0.0,30.0,33.0,51.0,82.0,2.0,4.0,3.0,37.0,7.0,22.0,66.0,24.0,3.0,2.4,3.09,0.66,5.0,6.0,0.0,142.66,93.0,96.13,7.0,0.97,0.77,0.67,6.46,6.63,6.59,650.0,60.0,46.0,88.0,456.0,89.0,92.0,95.0,374.0,3.0,5.0,110542.0,4.0,16.0,8.0,14.0,245.83,20.91,20.32,21.33,20.73,223.0,115.0,141.0,479.0,22.0,17.0,2.0,256.0,65.0,17.0,8.03,8.06,4.82,10.0,9.0,3.0,494.36,338.0,348.34,3.43,3.77,3.77,20.57,21.05,20.79,248.04,20.36,19.22,20.11,18.99,222.0,115.0,121.0,458.0,22.0,27.0,2.0,263.0,52.0,22.0,8.04,6.43,5.89,9.0,12.0,1.0,449.05,337.0,332.2,3.32,5.33,5.33,18.35,18.17,17.88,84.87,76.64,1848.0,1715.0,0.31,0.72,11.0,19.0,8.0,16.0,regular
8474578,2025,Erik Karlsson,PIT,D,5on5,50,52634.0,970.0,39.75,0.5,0.52,0.54,0.5,0.54,0.51,157.0,89.76,3.46,5.1,25.55,3.01,52.9,37.98,3.38,3.56,3.48,11.0,2.0,74.0,54.0,88.0,216.0,15.0,2.0,11.0,0.0,19.0,0.0,51.0,45.0,72.0,126.0,7.0,14.0,0.0,7.0,19.0,55.0,122.0,6.0,0.0,2.77,0.69,0.0,2.0,0.0,0.0,219.61,128.0,130.67,31.0,1.03,1.89,0.27,4.22,4.33,4.23,970.0,106.0,103.0,178.0,583.0,73.0,100.0,157.0,640.0,0.0,0.0,97959.0,14.0,10.0,5.0,33.0,465.0,37.84,36.45,38.25,36.87,422.0,220.0,245.0,887.0,44.0,43.0,3.0,491.0,123.0,28.0,15.44,15.12,7.28,23.0,16.0,5.0,900.13,642.0,651.41,6.74,6.82,6.96,37.62,38.08,37.23,411.37,37.7,36.09,37.58,35.98,368.0,188.0,202.0,758.0,34.0,50.0,4.0,397.0,122.0,37.0,11.62,14.85,11.24,17.0,15.0,2.0,753.73,556.0,553.38,5.84,9.93,9.93,33.61,33.66,33.11,72.78,67.64,1544.0,1573.0,3.18,0.76,73.0,9.0,55.0,9.0,regular
8471215,2025,Evgeni Malkin,PIT,C,5on5,40,33268.0,697.0,35.49,0.5,0.52,0.48,0.51,0.49,0.52,165.0,63.72,6.93,4.92,14.81,2.21,33.79,25.34,6.64,7.1,6.81,10.0,4.0,63.0,25.0,17.0,105.0,21.0,7.0,6.0,1.0,18.0,0.0,30.0,27.0,56.0,81.0,12.0,24.0,94.0,15.0,17.0,54.0,59.0,22.0,7.0,1.95,2.98,1.99,5.0,1.0,1.0,108.4,88.0,90.76,18.0,1.04,1.22,1.26,6.7,6.88,6.78,697.0,94.0,27.0,94.0,482.0,63.0,115.0,125.0,394.0,94.0,117.0,86959.0,24.0,18.0,9.0,14.0,270.55,25.18,24.26,25.87,24.92,250.0,123.0,109.0,482.0,31.0,29.0,4.0,273.0,78.0,22.0,9.19,9.53,6.46,16.0,10.0,5.0,497.39,373.0,385.28,4.1,6.1,6.1,23.17,23.81,23.34,285.79,25.63,24.22,25.4,24.02,247.0,140.0,145.0,532.0,22.0,32.0,3.0,285.0,74.0,28.0,8.91,8.99,7.73,13.0,6.0,3.0,521.64,387.0,381.13,4.07,6.8,6.85,22.85,22.75,22.42,64.56,59.52,1422.0,1346.0,0.42,1.51,14.0,25.0,10.0,23.0,regular
8480842,2025,Filip Hallander,PIT,C,5on5,13,9182.0,197.0,4.68,0.5,0.47,0.48,0.46,0.46,0.47,102.0,24.19,3.26,2.04,5.95,0.9,10.94,7.91,2.94,3.19,2.88,2.0,1.0,21.0,10.0,12.0,43.0,3.0,0.0,4.0,0.0,6.0,0.0,7.0,14.0,21.0,31.0,1.0,2.0,0.0,3.0,2.0,12.0,16.0,11.0,4.0,0.56,1.6,1.11,0.0,0.0,0.0,42.47,31.0,30.78,3.0,0.44,0.86,0.94,2.77,2.73,2.5,197.0,22.0,18.0,35.0,122.0,28.0,34.0,21.0,114.0,0.0,1.0,29952.0,2.0,6.0,3.0,5.0,77.16,8.31,7.42,8.28,7.4,76.0,28.0,52.0,156.0,7.0,14.0,1.0,73.0,19.0,12.0,2.21,2.58,3.52,5.0,1.0,1.0,157.17,104.0,105.39,1.26,3.4,3.4,6.17,6.18,5.78,88.02,8.16,7.73,8.18,7.75,81.0,39.0,49.0,169.0,4.0,14.0,1.0,89.0,18.0,13.0,2.67,2.2,3.29,3.0,0.0,1.0,168.83,120.0,119.53,1.31,2.35,2.35,7.12,7.1,6.99,20.2,23.09,433.0,510.0,0.17,0.02,5.0,3.0,4.0,2.0,regular
8484839,2025,Harrison Brunicke,PIT,D,5on5,9,8165.0,162.0,0.9,0.52,0.53,0.49,0.49,0.49,0.5,38.0,9.64,0.42,0.55,2.85,0.3,5.73,4.14,0.4,0.42,0.41,0.0,0.0,8.0,6.0,7.0,21.0,1.0,1.0,1.0,0.0,0.0,0.0,6.0,6.0,7.0,13.0,3.0,6.0,0.0,4.0,1.0,14.0,13.0,1.0,0.0,0.32,0.09,0.0,1.0,0.0,0.0,21.51,14.0,14.27,10.0,0.11,0.25,0.0,0.52,0.54,0.52,162.0,13.0,9.0,26.0,114.0,24.0,23.0,18.0,97.0,0.0,0.0,18652.0,6.0,4.0,2.0,13.0,67.16,6.89,6.38,6.99,6.47,60.0,28.0,38.0,126.0,4.0,11.0,0.0,59.0,18.0,11.0,1.57,2.5,2.82,2.0,2.0,0.0,127.69,88.0,89.28,1.04,2.55,2.55,5.37,5.44,5.32,67.94,6.31,6.02,6.39,6.1,61.0,30.0,42.0,133.0,8.0,8.0,1.0,63.0,24.0,4.0,2.1,3.23,0.97,4.0,3.0,1.0,131.57,91.0,90.9,1.04,1.5,1.5,5.85,5.9,5.85,16.53,14.84,305.0,318.0,2.02,0.04,15.0,3.0,13.0,1.0,regular
8482470,2025,Ilya Solovyov,PIT,D,5on5,20,14256.0,315.0,9.2,0.61,0.59,0.57,0.57,0.6,0.57,114.0,19.82,0.63,1.02,6.02,0.68,12.13,8.53,0.61,0.64,0.63,2.0,2.0,16.0,13.0,19.0,48.0,5.0,1.0,2.0,0.0,3.0,0.0,11.0,12.0,15.0,28.0,5.0,10.0,0.0,21.0,5.0,10.0,29.0,0.0,0.0,0.63,0.0,0.0,1.0,0.0,0.0,49.09,29.0,29.65,8.0,0.2,0.43,0.0,0.83,0.85,0.84,315.0,25.0,21.0,43.0,226.0,59.0,38.0,32.0,186.0,0.0,0.0,44123.0,10.0,2.0,1.0,22.0,147.63,12.15,11.65,12.47,11.96,136.0,69.0,76.0,281.0,13.0,14.0,1.0,154.0,42.0,9.0,4.5,5.51,2.14,6.0,6.0,1.0,290.32,205.0,210.45,2.08,2.68,2.68,11.55,11.84,11.49,99.13,7.86,7.6,7.82,7.56,97.0,37.0,74.0,208.0,9.0,12.0,2.0,103.0,21.0,10.0,2.68,2.63,2.55,2.0,5.0,2.0,201.55,134.0,131.95,1.36,1.95,1.95,7.27,7.25,7.15,40.33,27.58,866.0,646.0,1.97,0.11,31.0,4.0,25.0,3.0,regular
8481030,2025,Jack St. Ivany,PIT,D,5on5,17,14404.0,274.0,5.85,0.48,0.52,0.47,0.53,0.48,0.52,86.0,14.6,0.64,0.79,4.41,0.5,8.53,6.12,0.62,0.67,0.65,3.0,4.0,13.0,8.0,10.0,31.0,7.0,0.0,1.0,0.0,3.0,0.0,9.0,8.0,13.0,21.0,3.0,6.0,0.0,39.0,4.0,17.0,20.0,1.0,0.0,0.45,0.19,0.0,0.0,0.0,0.0,32.22,21.0,21.76,12.0,0.16,0.12,0.22,0.58,0.6,0.58,274.0,15.0,25.0,47.0,187.0,37.0,26.0,38.0,173.0,0.0,0.0,37773.0,6.0,0.0,0.0,21.0,119.38,9.38,9.08,9.78,9.48,103.0,61.0,58.0,222.0,13.0,7.0,0.0,131.0,26.0,7.0,4.07,3.53,1.78,6.0,4.0,3.0,231.35,164.0,170.38,1.62,0.96,0.96,10.04,10.5,10.2,126.45,10.1,9.33,10.0,9.22,108.0,68.0,71.0,247.0,7.0,14.0,0.0,140.0,24.0,12.0,4.07,2.92,3.12,5.0,2.0,0.0,241.93,176.0,172.77,1.81,3.14,3.14,8.77,8.68,8.38,27.45,25.82,622.0,556.0,0.86,0.01,24.0,2.0,18.0,1.0,regular
8479533,2025,Joona Koppanen,PIT,L,5on5,10,6322.0,142.0,1.04,0.47,0.49,0.51,0.52,0.5,0.53,100.0,9.51,0.76,0.7,2.37,0.41,5.49,4.27,0.71,0.76,0.71,0.0,1.0,6.0,8.0,2.0,16.0,1.0,0.0,2.0,0.0,1.0,0.0,6.0,5.0,6.0,14.0,1.0,2.0,6.0,9.0,1.0,3.0,10.0,4.0,0.0,0.3,0.46,0.0,0.0,0.0,0.0,16.29,14.0,14.23,1.0,0.14,0.4,0.16,0.75,0.76,0.75,142.0,9.0,30.0,21.0,82.0,21.0,17.0,11.0,93.0,6.0,4.0,24730.0,2.0,2.0,1.0,3.0,48.04,4.12,3.92,4.03,3.84,35.0,31.0,31.0,97.0,2.0,7.0,0.0,50.0,10.0,6.0,1.28,1.26,1.58,2.0,0.0,0.0,96.48,66.0,65.04,0.69,1.67,1.67,3.14,3.1,3.06,47.58,4.69,4.34,4.72,4.38,43.0,22.0,29.0,94.0,4.0,4.0,0.0,44.0,16.0,5.0,1.24,1.85,1.6,1.0,2.0,1.0,93.98,65.0,65.4,0.68,1.21,1.21,4.17,4.24,3.95,14.74,15.39,390.0,356.0,0.14,0.11,6.0,3.0,4.0,2.0,regular
8479638,2025,Justin Brazeau,PIT,R,5on5,41,29047.0,612.0,25.58,0.52,0.51,0.49,0.51,0.5,0.52,307.0,70.65,8.79,6.11,15.62,2.37,36.01,26.1,8.36,9.01,8.56,6.0,4.0,65.0,30.0,14.0,109.0,21.0,11.0,10.0,0.0,10.0,0.0,38.0,26.0,54.0,84.0,5.0,10.0,0.0,54.0,10.0,29.0,56.0,28.0,11.0,2.37,3.45,2.96,6.0,4.0,1.0,113.24,95.0,98.41,6.0,1.31,2.24,2.56,7.55,7.73,7.54,612.0,74.0,31.0,93.0,414.0,82.0,107.0,88.0,335.0,0.0,1.0,94207.0,10.0,16.0,8.0,25.0,247.12,22.96,22.06,23.65,22.71,219.0,116.0,124.0,459.0,25.0,27.0,1.0,245.0,64.0,26.0,7.73,8.05,7.18,13.0,10.0,2.0,472.63,335.0,345.88,3.72,5.95,5.95,20.73,21.3,20.9,246.27,21.01,20.11,20.78,19.91,214.0,124.0,135.0,473.0,25.0,22.0,3.0,257.0,60.0,21.0,7.99,7.29,5.74,16.0,8.0,1.0,465.61,338.0,333.93,3.49,4.66,4.72,19.79,19.73,19.38,69.57,66.54,1524.0,1483.0,0.87,0.52,23.0,13.0,15.0,11.0,regular
8475763,2025,Kevin Hayes,PIT,R,5on5,23,15588.0,330.0,6.79,0.56,0.51,0.52,0.53,0.52,0.53,184.0,35.11,3.44,2.7,8.34,1.22,18.55,13.74,3.34,3.43,3.34,2.0,0.0,36.0,12.0,10.0,58.0,5.0,3.0,3.0,0.0,10.0,1.0,13.0,18.0,33.0,45.0,3.0,6.0,27.0,26.0,3.0,15.0,31.0,13.0,4.0,1.02,1.39,1.04,1.0,1.0,1.0,57.69,48.0,47.71,1.0,0.57,0.29,0.56,3.45,3.46,3.43,330.0,37.0,39.0,51.0,203.0,49.0,44.0,44.0,193.0,27.0,54.0,53047.0,6.0,2.0,1.0,7.0,134.92,11.95,11.66,11.81,11.53,127.0,57.0,59.0,243.0,11.0,12.0,2.0,131.0,40.0,13.0,3.89,4.77,3.29,6.0,3.0,2.0,239.71,184.0,182.18,1.94,2.33,2.33,11.57,11.43,11.33,123.24,9.55,9.27,9.65,9.37,106.0,63.0,55.0,224.0,15.0,9.0,0.0,133.0,31.0,5.0,4.08,4.04,1.42,9.0,6.0,0.0,227.92,169.0,171.84,1.67,1.62,1.62,9.6,9.72,9.63,35.7,33.92,872.0,776.0,0.66,0.59,11.0,12.0,9.0,12.0,regular
8471724,2025,Kris Letang,PIT,D,5on5,50,54737.0,943.0,25.08,0.51,0.51,0.5,0.52,0.51,0.52,111.0,72.3,3.19,4.14,20.12,2.4,42.05,30.09,3.12,3.17,3.1,4.0,7.0,64.0,38.0,61.0,163.0,11.0,0.0,4.0,0.0,16.0,0.0,39.0,43.0,64.0,102.0,10.0,20.0,0.0,57.0,14.0,56.0,92.0,9.0,1.0,1.95,1.02,0.22,0.0,0.0,0.0,166.09,102.0,103.06,41.0,0.84,1.09,0.34,3.7,3.67,3.61,943.0,125.0,66.0,151.0,601.0,76.0,144.0,123.0,600.0,0.0,0.0,95853.0,20.0,6.0,3.0,54.0,484.21,42.54,40.74,43.11,41.28,416.0,247.0,244.0,907.0,36.0,46.0,4.0,496.0,122.0,45.0,15.13,14.97,12.44,20.0,9.0,7.0,921.54,663.0,673.57,7.17,9.69,10.04,39.68,40.26,39.13,458.54,40.31,38.62,40.15,38.48,421.0,214.0,258.0,893.0,38.0,44.0,2.0,474.0,120.0,41.0,14.86,14.4,11.05,21.0,14.0,3.0,885.74,635.0,631.23,6.55,9.34,9.3,37.55,37.52,36.75,67.75,65.9,1539.0,1444.0,4.67,0.33,73.0,15.0,59.0,10.0,regular
8476856,2025,Mathew Dumba,PIT,D,5on5,11,9705.0,192.0,1.03,0.45,0.47,0.46,0.5,0.48,0.5,59.0,9.81,0.34,0.59,3.13,0.36,5.52,4.05,0.33,0.34,0.33,1.0,1.0,7.0,7.0,12.0,26.0,3.0,1.0,2.0,0.0,3.0,0.0,1.0,7.0,6.0,13.0,4.0,11.0,0.0,16.0,6.0,8.0,13.0,1.0,0.0,0.25,0.09,0.0,1.0,0.0,0.0,25.82,14.0,14.12,6.0,0.12,0.26,0.0,0.46,0.46,0.45,192.0,8.0,20.0,27.0,137.0,20.0,23.0,25.0,124.0,0.0,0.0,25021.0,11.0,7.0,2.0,10.0,73.45,5.54,5.39,5.63,5.47,70.0,34.0,43.0,147.0,5.0,5.0,0.0,85.0,14.0,5.0,2.64,1.58,1.31,4.0,1.0,0.0,147.16,104.0,105.18,1.08,0.95,0.95,5.67,5.73,5.65,82.87,6.64,6.39,6.63,6.39,71.0,42.0,58.0,171.0,9.0,6.0,1.0,90.0,16.0,7.0,2.71,2.04,1.89,4.0,4.0,1.0,169.54,113.0,112.75,1.09,1.24,1.24,6.49,6.51,6.39,15.71,17.65,376.0,378.0,0.37,0.02,9.0,1.0,8.0,1.0,regular
8478569,2025,Noel Acciari,PIT,C,5on5,42,26112.0,583.0,19.47,0.56,0.5,0.53,0.5,0.53,0.51,398.0,54.46,6.22,4.24,12.17,1.82,28.57,20.98,5.99,6.34,6.1,7.0,2.0,51.0,23.0,20.0,94.0,15.0,6.0,5.0,1.0,6.0,0.0,38.0,19.0,45.0,68.0,2.0,7.0,115.0,43.0,5.0,9.0,46.0,21.0,7.0,1.93,2.63,1.66,2.0,3.0,1.0,97.25,74.0,76.16,2.0,0.9,1.28,1.51,5.61,5.72,5.62,583.0,16.0,161.0,82.0,324.0,101.0,37.0,89.0,356.0,115.0,82.0,100224.0,7.0,9.0,3.0,23.0,208.97,17.71,16.98,18.09,17.35,182.0,102.0,124.0,408.0,21.0,20.0,2.0,213.0,52.0,19.0,6.21,6.56,4.93,10.0,8.0,3.0,419.35,284.0,290.9,2.94,4.18,4.18,16.46,16.86,16.59,183.86,14.03,13.55,13.86,13.4,162.0,90.0,116.0,368.0,15.0,11.0,1.0,201.0,39.0,12.0,5.74,5.09,3.2,7.0,7.0,1.0,362.87,252.0,248.49,2.51,2.35,2.35,14.19,14.08,13.77,78.83,77.4,1640.0,1627.0,0.78,0.62,20.0,10.0,17.0,8.0,regular
8483503,2025,Owen Pickering,PIT,D,5on5,4,2893.0,69.0,-0.72,0.42,0.5,0.47,0.53,0.46,0.51,24.0,1.34,0.02,0.07,0.34,0.05,0.89,0.63,0.02,0.02,0.02,0.0,0.0,1.0,1.0,4.0,6.0,0.0,0.0,0.0,0.0,0.0,0.0,1.0,1.0,1.0,2.0,1.0,2.0,0.0,1.0,1.0,4.0,2.0,0.0,0.0,0.02,0.0,0.0,0.0,0.0,0.0,6.3,2.0,1.98,4.0,0.01,0.0,0.0,0.04,0.04,0.04,69.0,5.0,8.0,13.0,43.0,6.0,11.0,8.0,44.0,0.0,0.0,9303.0,2.0,0.0,0.0,2.0,22.88,1.83,1.75,1.94,1.86,25.0,7.0,12.0,44.0,2.0,3.0,0.0,24.0,6.0,2.0,0.67,0.66,0.5,1.0,1.0,0.0,45.67,32.0,33.13,0.32,0.6,0.6,1.55,1.62,1.6,28.02,2.54,2.31,2.49,2.27,26.0,12.0,12.0,50.0,5.0,4.0,1.0,29.0,4.0,5.0,0.7,0.51,1.33,3.0,1.0,1.0,49.95,38.0,38.23,0.4,1.06,1.06,1.88,1.85,1.8,7.55,7.44,162.0,141.0,0.89,0.0,10.0,0.0,8.0,0.0,regular
8478450,2025,Parker Wotherspoon,PIT,D,5on5,55,57242.0,1035.0,24.3,0.5,0.52,0.53,0.5,0.53,0.51,165.0,45.39,1.53,2.36,12.91,1.51,26.48,20.21,1.5,1.53,1.5,4.0,9.0,43.0,22.0,43.0,108.0,15.0,2.0,3.0,0.0,18.0,0.0,24.0,18.0,41.0,63.0,12.0,24.0,0.0,96.0,19.0,70.0,64.0,1.0,0.0,1.41,0.12,0.0,2.0,0.0,0.0,108.92,65.0,64.98,49.0,0.47,0.37,0.17,1.83,1.84,1.8,1035.0,71.0,109.0,188.0,667.0,139.0,97.0,144.0,655.0,0.0,0.0,108414.0,24.0,10.0,5.0,63.0,488.38,40.5,39.04,40.88,39.44,441.0,232.0,263.0,936.0,41.0,45.0,2.0,515.0,129.0,29.0,16.35,16.2,7.94,22.0,13.0,6.0,952.83,673.0,683.6,7.06,8.14,8.14,39.42,39.82,39.01,445.98,39.72,37.91,39.37,37.6,389.0,215.0,225.0,829.0,37.0,48.0,6.0,437.0,130.0,37.0,12.61,15.99,11.12,20.0,13.0,4.0,818.74,604.0,597.52,6.29,8.8,8.84,37.16,36.93,36.22,81.62,76.28,1729.0,1737.0,3.42,0.43,75.0,6.0,58.0,6.0,regular
8481577,2025,Philip Tomasino,PIT,R,5on5,9,6380.0,124.0,0.38,0.47,0.49,0.45,0.49,0.44,0.5,81.0,11.7,1.29,0.84,2.72,0.37,5.59,4.2,1.27,1.33,1.31,0.0,1.0,9.0,6.0,5.0,20.0,1.0,0.0,0.0,0.0,1.0,0.0,5.0,9.0,9.0,15.0,0.0,0.0,2.0,11.0,0.0,3.0,10.0,3.0,2.0,0.39,0.39,0.51,0.0,0.0,0.0,20.72,15.0,15.36,1.0,0.18,0.0,0.24,1.22,1.27,1.26,124.0,13.0,8.0,21.0,82.0,18.0,18.0,14.0,74.0,2.0,2.0,21411.0,0.0,0.0,0.0,7.0,39.8,3.29,3.27,3.4,3.37,32.0,23.0,34.0,89.0,1.0,2.0,0.0,43.0,9.0,3.0,1.36,1.16,0.77,1.0,0.0,0.0,93.04,55.0,56.98,0.57,0.27,0.27,3.59,3.72,3.69,52.26,3.77,3.68,3.7,3.61,50.0,21.0,36.0,107.0,3.0,5.0,0.0,55.0,15.0,1.0,1.68,1.8,0.29,1.0,2.0,0.0,105.03,71.0,69.43,0.72,0.8,0.8,3.68,3.6,3.59,17.09,18.1,338.0,351.0,0.02,0.18,3.0,2.0,3.0,2.0,regular
8476483,2025,Rickard Rakell,PIT,R,5on5,35,30356.0,614.0,23.6,0.45,0.54,0.48,0.51,0.48,0.52,116.0,72.03,7.79,5.54,17.55,2.38,36.41,25.32,7.32,7.93,7.46,6.0,3.0,64.0,31.0,25.0,120.0,13.0,4.0,7.0,0.0,9.0,0.0,40.0,35.0,60.0,91.0,2.0,4.0,2.0,43.0,11.0,25.0,55.0,33.0,7.0,2.2,3.98,1.61,0.0,3.0,1.0,123.2,95.0,97.52,10.0,1.18,1.19,1.4,7.57,7.76,7.45,614.0,108.0,38.0,154.0,314.0,45.0,88.0,87.0,394.0,2.0,11.0,74477.0,4.0,10.0,5.0,27.0,247.17,20.3,19.32,20.59,19.61,213.0,123.0,137.0,473.0,21.0,21.0,1.0,253.0,65.0,18.0,7.91,8.08,4.31,9.0,9.0,3.0,486.66,336.0,343.21,3.67,3.79,3.79,20.18,20.55,19.91,263.97,25.2,24.2,25.1,24.09,233.0,133.0,156.0,522.0,20.0,32.0,2.0,264.0,77.0,25.0,7.98,9.29,7.93,10.0,7.0,3.0,511.82,366.0,361.11,3.77,7.11,7.11,21.87,21.75,21.32,58.57,50.21,1216.0,1146.0,0.35,0.8,14.0,21.0,10.0,15.0,regular
8483487,2025,Rutger McGroarty,PIT,R,5on5,19,13022.0,283.0,8.65,0.54,0.54,0.56,0.51,0.58,0.52,156.0,32.27,3.59,2.35,7.66,1.16,16.73,12.52,3.49,3.61,3.52,1.0,1.0,33.0,11.0,8.0,52.0,4.0,2.0,5.0,0.0,5.0,0.0,21.0,11.0,31.0,42.0,1.0,2.0,4.0,20.0,0.0,11.0,31.0,8.0,5.0,1.02,1.1,1.46,2.0,0.0,0.0,52.97,44.0,44.59,6.0,0.49,0.88,1.3,2.78,2.82,2.79,283.0,29.0,18.0,48.0,188.0,53.0,42.0,39.0,149.0,4.0,9.0,42839.0,2.0,14.0,7.0,7.0,121.4,9.73,9.32,9.77,9.37,111.0,56.0,60.0,227.0,9.0,14.0,0.0,133.0,25.0,9.0,4.03,3.07,2.63,5.0,4.0,0.0,230.88,167.0,169.94,1.68,2.38,2.38,9.02,9.14,8.85,88.71,8.4,7.95,8.42,7.98,77.0,44.0,57.0,178.0,11.0,10.0,1.0,85.0,26.0,10.0,2.74,3.11,2.55,5.0,5.0,1.0,175.75,121.0,120.59,1.29,2.33,2.33,7.37,7.42,7.32,33.68,29.18,683.0,655.0,0.17,0.11,7.0,5.0,3.0,5.0,regular
8477435,2025,Ryan Graves,PIT,D,5on5,19,16891.0,330.0,4.72,0.55,0.5,0.52,0.51,0.55,0.52,95.0,25.06,0.94,1.38,7.07,0.85,15.15,10.62,0.91,0.93,0.9,0.0,0.0,19.0,17.0,27.0,63.0,1.0,1.0,2.0,0.0,5.0,0.0,8.0,20.0,18.0,35.0,4.0,8.0,0.0,15.0,5.0,13.0,35.0,0.0,1.0,0.73,0.0,0.21,1.0,0.0,0.0,62.91,36.0,36.37,9.0,0.28,0.31,0.24,0.98,0.99,0.97,330.0,12.0,32.0,58.0,228.0,47.0,36.0,31.0,216.0,0.0,0.0,40413.0,8.0,6.0,3.0,34.0,135.47,11.4,11.03,11.55,11.17,119.0,69.0,84.0,272.0,7.0,15.0,2.0,148.0,24.0,16.0,4.5,2.56,4.34,4.0,1.0,2.0,275.04,188.0,189.94,1.87,3.28,3.14,10.13,10.22,10.03,114.23,9.14,8.85,9.2,8.9,99.0,57.0,91.0,247.0,9.0,11.0,2.0,124.0,23.0,9.0,3.8,3.1,2.25,5.0,3.0,1.0,244.51,156.0,154.72,1.55,1.72,1.68,9.01,9.1,8.99,27.31,27.56,640.0,605.0,1.13,0.1,30.0,4.0,22.0,4.0,regular
8478854,2025,Ryan Shea,PIT,D,5on5,55,53779.0,994.0,26.03,0.54,0.5,0.51,0.51,0.52,0.52,199.0,61.9,2.64,3.47,18.03,2.07,36.2,25.57,2.49,2.7,2.54,11.0,6.0,53.0,35.0,44.0,132.0,20.0,3.0,3.0,0.0,15.0,1.0,34.0,32.0,50.0,85.0,4.0,8.0,0.0,26.0,14.0,31.0,83.0,4.0,1.0,1.84,0.46,0.34,3.0,0.0,0.0,133.94,88.0,89.45,20.0,0.71,0.94,0.59,2.77,2.84,2.76,994.0,76.0,81.0,139.0,698.0,129.0,119.0,129.0,617.0,0.0,0.0,111877.0,8.0,12.0,6.0,55.0,492.26,44.39,42.21,45.27,43.06,423.0,251.0,225.0,899.0,52.0,54.0,8.0,497.0,133.0,44.0,14.94,16.39,13.06,26.0,15.0,11.0,919.11,674.0,688.64,7.2,11.47,11.81,39.78,40.68,39.55,456.42,38.11,36.12,37.87,35.9,417.0,216.0,241.0,874.0,38.0,52.0,5.0,496.0,93.0,44.0,15.16,11.1,11.85,20.0,14.0,4.0,863.39,633.0,625.54,6.35,11.18,11.18,33.28,33.19,32.32,77.73,77.89,1766.0,1692.0,4.09,0.5,70.0,13.0,57.0,9.0,regular
8481591,2025,Sam Poulin,PIT,R,5on5,2,1589.0,29.0,0.07,0.52,0.51,0.54,0.53,0.65,0.52,9.0,3.18,0.21,0.21,0.78,0.12,2.18,1.5,0.21,0.2,0.2,0.0,0.0,1.0,4.0,1.0,6.0,0.0,0.0,0.0,0.0,0.0,0.0,3.0,2.0,1.0,5.0,0.0,0.0,0.0,2.0,1.0,1.0,4.0,1.0,0.0,0.1,0.12,0.0,0.0,0.0,0.0,5.29,5.0,4.48,1.0,0.04,0.0,0.0,0.26,0.24,0.24,29.0,2.0,4.0,3.0,20.0,5.0,3.0,5.0,16.0,0.0,0.0,4456.0,0.0,0.0,0.0,2.0,13.44,0.81,0.81,0.74,0.74,11.0,9.0,8.0,28.0,0.0,0.0,0.0,18.0,2.0,0.0,0.6,0.21,0.0,0.0,0.0,0.0,24.96,20.0,18.14,0.19,0.0,0.0,1.0,0.92,0.91,8.26,0.76,0.76,0.82,0.82,8.0,3.0,13.0,24.0,2.0,0.0,0.0,9.0,1.0,1.0,0.3,0.19,0.26,2.0,0.0,0.0,26.3,11.0,11.8,0.1,0.0,0.0,0.86,0.93,0.93,2.65,2.58,64.0,57.0,0.05,0.0,2.0,0.0,2.0,0.0,regular
8471675,2025,Sidney Crosby,PIT,C,5on5,55,51074.0,1038.0,52.53,0.48,0.53,0.5,0.52,0.51,0.52,102.0,84.94,8.06,6.4,18.76,3.08,45.18,34.52,7.71,8.2,7.85,11.0,6.0,75.0,41.0,29.0,145.0,31.0,14.0,6.0,2.0,14.0,1.0,40.0,41.0,61.0,102.0,11.0,22.0,464.0,46.0,18.0,52.0,85.0,22.0,9.0,3.0,2.47,2.6,5.0,3.0,6.0,148.66,116.0,118.34,9.0,1.34,1.1,1.79,7.62,7.69,7.49,1038.0,173.0,76.0,247.0,542.0,85.0,132.0,155.0,666.0,464.0,412.0,114582.0,22.0,26.0,13.0,21.0,444.4,36.76,35.05,37.23,35.54,391.0,219.0,214.0,824.0,40.0,43.0,4.0,467.0,109.0,34.0,14.22,13.49,9.04,21.0,12.0,7.0,840.95,610.0,619.69,6.51,8.24,8.24,35.03,35.54,34.52,428.69,39.34,37.67,39.33,37.66,385.0,206.0,249.0,840.0,37.0,49.0,4.0,428.0,124.0,39.0,12.76,15.19,11.39,21.0,12.0,4.0,831.48,591.0,587.75,6.19,9.3,9.3,36.23,36.27,35.6,85.37,76.66,1841.0,1726.0,0.92,2.35,20.0,47.0,13.0,38.0,regular
8478438,2025,Tommy Novak,PIT,C,5on5,55,40925.0,867.0,28.7,0.54,0.5,0.51,0.51,0.53,0.51,372.0,82.78,8.66,6.36,18.52,2.89,44.78,32.8,8.49,8.63,8.48,12.0,5.0,74.0,40.0,26.0,140.0,24.0,7.0,8.0,3.0,16.0,0.0,40.0,43.0,67.0,107.0,10.0,22.0,91.0,9.0,19.0,27.0,79.0,27.0,8.0,3.15,3.34,2.17,4.0,0.0,3.0,140.93,114.0,114.44,8.0,1.34,1.42,1.75,8.24,8.29,8.18,867.0,103.0,45.0,125.0,594.0,112.0,145.0,124.0,486.0,91.0,126.0,124731.0,22.0,8.0,4.0,20.0,365.59,32.9,31.77,33.24,32.1,317.0,187.0,170.0,674.0,35.0,35.0,5.0,373.0,103.0,28.0,12.27,13.03,7.6,19.0,9.0,7.0,682.74,504.0,510.6,5.54,6.37,6.72,31.72,32.06,31.55,333.71,27.91,26.42,27.78,26.3,298.0,156.0,195.0,649.0,29.0,43.0,3.0,350.0,75.0,29.0,10.79,9.31,7.82,20.0,7.0,2.0,640.39,454.0,448.25,4.6,8.45,8.49,24.03,23.98,23.6,89.22,88.09,1991.0,1917.0,0.96,1.36,27.0,23.0,23.0,19.0,regular
8482698,2025,Tristan Broz,PIT,C,5on5,1,690.0,15.0,-0.4,0.22,0.34,0.32,0.47,0.25,0.42,11.0,1.5,0.08,0.08,0.5,0.04,0.78,0.52,0.08,0.08,0.08,0.0,0.0,2.0,0.0,0.0,2.0,0.0,0.0,0.0,0.0,2.0,0.0,0.0,0.0,2.0,2.0,0.0,0.0,3.0,0.0,0.0,1.0,2.0,0.0,0.0,0.08,0.0,0.0,0.0,0.0,0.0,2.05,2.0,2.08,0.0,0.02,0.0,0.0,0.1,0.1,0.09,15.0,2.0,0.0,1.0,12.0,2.0,2.0,3.0,8.0,3.0,3.0,2753.0,0.0,0.0,0.0,0.0,2.91,0.14,0.14,0.14,0.14,3.0,1.0,3.0,7.0,0.0,0.0,0.0,4.0,0.0,0.0,0.14,0.0,0.0,0.0,0.0,0.0,7.23,4.0,4.15,0.03,0.0,0.0,0.17,0.17,0.17,8.0,0.5,0.48,0.5,0.48,9.0,3.0,3.0,15.0,1.0,0.0,0.0,11.0,1.0,0.0,0.37,0.13,0.0,1.0,0.0,0.0,14.56,12.0,11.61,0.11,0.0,0.0,0.61,0.61,0.59,1.04,1.99,34.0,39.0,0.0,0.0,0.0,0.0,0.0,0.0,regular
8482758,2025,Ville Koivunen,PIT,R,5on5,27,19031.0,385.0,9.42,0.58,0.49,0.58,0.5,0.58,0.5,205.0,31.07,3.71,2.2,7.13,0.98,15.39,11.59,3.58,3.81,3.68,0.0,1.0,26.0,15.0,24.0,65.0,2.0,1.0,4.0,0.0,4.0,1.0,12.0,19.0,25.0,40.0,4.0,8.0,2.0,3.0,5.0,12.0,25.0,11.0,5.0,1.09,1.2,1.42,0.0,0.0,1.0,66.56,41.0,42.06,6.0,0.47,1.08,0.93,3.24,3.31,3.21,385.0,47.0,22.0,65.0,251.0,70.0,65.0,43.0,207.0,2.0,0.0,63234.0,8.0,2.0,1.0,11.0,178.79,15.07,14.36,15.22,14.51,156.0,93.0,109.0,358.0,4.0,19.0,1.0,193.0,40.0,16.0,5.6,4.77,4.71,2.0,0.0,2.0,361.99,249.0,252.52,2.43,3.42,3.76,13.74,13.9,13.33,133.03,10.87,10.46,10.69,10.28,110.0,72.0,80.0,262.0,9.0,12.0,1.0,140.0,31.0,11.0,3.97,3.82,3.08,4.0,5.0,0.0,257.16,182.0,178.75,1.79,2.99,2.99,9.67,9.53,9.45,46.16,47.46,997.0,1011.0,0.54,0.24,14.0,6.0,10.0,5.0,regular
8476457,2025,Adam Larsson,SEA,D,5on5,54,59737.0,1127.0,3.72,0.44,0.46,0.43,0.47,0.44,0.47,126.0,52.64,1.78,2.82,15.66,1.81,32.23,22.71,1.72,1.77,1.72,5.0,5.0,55.0,22.0,43.0,120.0,14.0,4.0,7.0,1.0,15.0,0.0,26.0,25.0,51.0,73.0,16.0,30.0,0.0,71.0,10.0,31.0,76.0,1.0,0.0,1.61,0.17,0.0,4.0,0.0,0.0,120.11,77.0,77.09,21.0,0.57,1.64,0.1,2.24,2.25,2.18,1127.0,108.0,140.0,214.0,665.0,111.0,129.0,149.0,738.0,0.0,0.0,103725.0,30.0,2.0,1.0,92.0,431.22,37.18,35.56,37.15,35.54,383.0,204.0,229.0,816.0,31.0,47.0,8.0,443.0,104.0,40.0,13.28,12.93,10.96,11.0,9.0,11.0,815.08,587.0,585.12,6.02,9.96,9.97,33.24,33.25,32.66,540.2,46.88,44.6,47.13,44.86,458.0,286.0,318.0,1062.0,38.0,75.0,2.0,565.0,121.0,58.0,16.22,14.8,15.87,21.0,11.0,6.0,1066.72,744.0,746.81,7.58,14.67,14.67,39.79,40.04,39.21,57.1,66.2,1476.0,1694.0,3.53,0.26,89.0,8.0,69.0,7.0,regular
8483570,2025,Ben Meyers,SEA,C,5on5,31,18761.0,462.0,9.86,0.53,0.42,0.47,0.43,0.48,0.43,293.0,44.78,4.54,3.29,10.6,1.4,23.05,16.12,4.4,4.45,4.3,3.0,3.0,39.0,20.0,17.0,76.0,11.0,5.0,6.0,0.0,9.0,0.0,19.0,20.0,34.0,54.0,2.0,4.0,115.0,35.0,4.0,14.0,40.0,15.0,4.0,1.35,1.9,1.29,2.0,3.0,0.0,75.55,59.0,58.05,5.0,0.69,1.78,0.99,4.23,4.15,4.11,462.0,18.0,91.0,86.0,267.0,81.0,70.0,59.0,252.0,115.0,96.0,75566.0,4.0,6.0,3.0,6.0,153.41,13.77,13.3,13.7,13.24,134.0,72.0,73.0,279.0,16.0,16.0,4.0,148.0,44.0,14.0,4.67,5.29,3.81,6.0,7.0,3.0,278.89,206.0,205.13,2.21,3.39,3.4,12.58,12.55,12.43,159.41,12.41,11.95,12.41,11.95,150.0,71.0,88.0,309.0,16.0,15.0,1.0,179.0,25.0,17.0,4.82,3.25,4.35,8.0,5.0,3.0,309.57,221.0,221.54,2.18,2.66,2.66,11.93,11.91,11.72,42.03,56.93,1030.0,1345.0,0.8,0.06,18.0,5.0,16.0,3.0,regular
8484800,2025,Berkly Catton,SEA,C,5on5,40,27151.0,619.0,8.32,0.48,0.44,0.47,0.45,0.48,0.44,312.0,47.59,4.46,3.47,10.82,1.6,25.42,19.23,4.25,4.53,4.31,0.0,5.0,37.0,28.0,14.0,79.0,9.0,4.0,3.0,1.0,9.0,0.0,26.0,23.0,33.0,61.0,6.0,12.0,36.0,4.0,8.0,17.0,50.0,10.0,5.0,1.77,1.25,1.43,1.0,0.0,3.0,78.2,65.0,64.47,4.0,0.72,0.92,1.08,4.11,4.13,4.07,619.0,111.0,25.0,82.0,401.0,98.0,125.0,66.0,330.0,36.0,52.0,93979.0,12.0,14.0,7.0,21.0,223.76,18.42,17.56,18.33,17.45,189.0,117.0,104.0,410.0,13.0,24.0,4.0,244.0,39.0,23.0,7.11,4.73,6.59,6.0,2.0,5.0,404.72,306.0,302.46,3.04,5.65,5.41,16.06,15.92,15.67,234.89,20.06,19.48,20.34,19.75,205.0,121.0,142.0,468.0,14.0,34.0,2.0,256.0,44.0,26.0,7.17,5.41,7.48,6.0,4.0,4.0,476.84,326.0,332.34,3.26,6.63,6.63,16.7,16.9,16.67,50.23,63.45,1241.0,1543.0,0.76,0.96,11.0,11.0,10.0,10.0,regular
8477986,2025,Brandon Montour,SEA,D,5on5,36,40788.0,728.0,25.65,0.5,0.46,0.51,0.45,0.51,0.46,63.0,75.92,3.3,4.37,21.36,2.61,45.44,32.93,3.25,3.2,3.15,4.0,3.0,65.0,45.0,53.0,163.0,11.0,4.0,5.0,1.0,19.0,0.0,36.0,46.0,61.0,106.0,9.0,23.0,0.0,37.0,19.0,44.0,106.0,3.0,1.0,2.4,0.38,0.52,4.0,0.0,0.0,159.2,110.0,107.35,32.0,0.88,1.84,0.91,3.27,3.19,3.14,728.0,76.0,72.0,108.0,472.0,93.0,100.0,113.0,422.0,0.0,0.0,66369.0,23.0,21.0,9.0,34.0,331.04,23.23,22.4,22.68,21.88,279.0,188.0,194.0,661.0,22.0,26.0,3.0,393.0,57.0,17.0,11.43,6.9,4.9,13.0,6.0,3.0,645.36,467.0,456.67,4.38,4.79,4.95,22.66,22.16,21.87,322.17,23.63,22.82,24.16,23.34,288.0,165.0,171.0,624.0,19.0,29.0,2.0,362.0,72.0,19.0,9.87,8.58,5.18,8.0,8.0,3.0,635.92,453.0,463.15,4.45,4.09,4.1,23.98,24.54,24.1,39.45,46.57,897.0,1097.0,2.71,0.37,49.0,9.0,37.0,7.0,regular
8479985,2025,Cale Fleury,SEA,D,5on5,16,15656.0,318.0,-0.05,0.44,0.45,0.41,0.44,0.42,0.43,56.0,21.33,0.69,1.08,6.91,0.77,12.1,8.45,0.66,0.7,0.67,1.0,0.0,20.0,10.0,13.0,43.0,2.0,1.0,2.0,0.0,4.0,0.0,15.0,8.0,19.0,29.0,1.0,5.0,0.0,30.0,3.0,12.0,30.0,0.0,0.0,0.69,0.0,0.0,1.0,0.0,0.0,43.27,30.0,30.38,9.0,0.22,0.28,0.0,0.91,0.93,0.88,318.0,16.0,31.0,49.0,222.0,39.0,49.0,23.0,207.0,0.0,0.0,34752.0,5.0,9.0,3.0,19.0,109.45,8.72,8.34,8.92,8.52,96.0,51.0,47.0,194.0,7.0,10.0,1.0,115.0,24.0,8.0,3.42,2.99,2.31,2.0,4.0,1.0,196.8,147.0,149.09,1.44,2.11,2.11,8.05,8.18,8.0,144.55,10.9,10.41,10.72,10.24,133.0,66.0,86.0,285.0,6.0,19.0,0.0,168.0,17.0,14.0,4.99,2.22,3.7,2.0,3.0,1.0,280.87,199.0,197.19,1.96,3.78,3.78,9.09,8.97,8.82,19.92,24.5,476.0,613.0,2.32,0.02,34.0,1.0,28.0,1.0,regular
8476905,2025,Chandler Stephenson,SEA,C,5on5,52,43739.0,985.0,14.33,0.34,0.5,0.39,0.48,0.39,0.49,252.0,32.16,2.62,2.07,7.39,1.04,17.77,14.11,2.58,2.62,2.59,4.0,6.0,34.0,11.0,10.0,55.0,15.0,5.0,3.0,0.0,6.0,0.0,12.0,19.0,29.0,40.0,5.0,10.0,316.0,13.0,13.0,34.0,37.0,5.0,3.0,1.3,0.58,0.74,2.0,2.0,1.0,55.11,45.0,45.1,8.0,0.43,0.69,0.43,2.61,2.62,2.6,985.0,105.0,207.0,172.0,501.0,124.0,125.0,145.0,591.0,316.0,285.0,113441.0,10.0,16.0,8.0,29.0,281.33,18.83,18.43,18.79,18.39,256.0,138.0,170.0,564.0,20.0,19.0,1.0,332.0,51.0,11.0,9.83,6.14,2.86,9.0,7.0,4.0,559.98,394.0,391.14,3.68,2.99,2.99,19.52,19.45,19.12,437.95,36.64,34.66,36.95,34.95,393.0,219.0,258.0,870.0,25.0,63.0,2.0,480.0,93.0,39.0,13.83,11.78,11.02,13.0,7.0,5.0,875.35,612.0,616.55,6.33,11.32,11.33,31.64,31.85,30.99,71.0,72.09,1652.0,1774.0,1.12,1.45,36.0,27.0,26.0,23.0,regular
8480009,2025,Eeli Tolvanen,SEA,R,5on5,53,40917.0,928.0,19.95,0.38,0.48,0.43,0.47,0.42,0.47,341.0,67.42,5.51,4.13,15.72,2.2,35.26,28.18,5.44,5.52,5.44,6.0,4.0,58.0,33.0,47.0,138.0,14.0,4.0,1.0,1.0,19.0,0.0,30.0,37.0,54.0,87.0,6.0,12.0,0.0,125.0,8.0,31.0,69.0,17.0,5.0,2.19,2.07,1.25,1.0,1.0,2.0,137.21,91.0,90.05,8.0,0.86,0.03,0.58,5.79,5.76,5.7,928.0,112.0,141.0,138.0,537.0,143.0,129.0,120.0,536.0,0.0,0.0,119610.0,12.0,12.0,6.0,51.0,279.11,18.12,17.77,18.18,17.81,245.0,146.0,185.0,576.0,21.0,11.0,1.0,340.0,40.0,11.0,10.43,4.92,2.78,14.0,3.0,4.0,572.57,391.0,389.02,3.57,2.04,2.2,19.5,19.54,19.2,382.63,30.1,28.66,30.28,28.83,351.0,189.0,239.0,779.0,26.0,49.0,2.0,435.0,75.0,30.0,12.33,9.44,8.34,13.0,8.0,5.0,782.37,540.0,542.96,5.37,7.82,7.83,27.64,27.78,27.05,74.24,79.91,1675.0,1913.0,1.15,1.2,19.0,28.0,15.0,22.0,regular
8477919,2025,Frederick Gaudreau,SEA,C,5on5,41,33086.0,745.0,4.82,0.33,0.5,0.39,0.47,0.4,0.48,217.0,44.42,3.0,2.97,11.11,1.56,24.06,18.28,2.97,3.01,2.99,6.0,3.0,37.0,24.0,20.0,81.0,11.0,2.0,5.0,0.0,7.0,0.0,22.0,25.0,35.0,59.0,3.0,9.0,143.0,17.0,15.0,27.0,50.0,10.0,1.0,1.7,1.07,0.23,1.0,0.0,1.0,80.75,61.0,61.11,8.0,0.62,0.45,0.38,3.25,3.25,3.23,745.0,56.0,177.0,114.0,398.0,109.0,95.0,96.0,445.0,143.0,168.0,91422.0,9.0,13.0,5.0,28.0,199.88,12.61,12.44,12.68,12.5,174.0,103.0,124.0,401.0,17.0,8.0,0.0,236.0,34.0,7.0,7.02,3.71,1.88,9.0,5.0,3.0,400.37,277.0,276.55,2.59,1.4,1.2,14.0,14.04,13.9,304.86,25.8,24.53,25.74,24.48,249.0,172.0,196.0,617.0,13.0,42.0,1.0,321.0,70.0,30.0,9.08,8.64,8.07,6.0,2.0,5.0,616.23,421.0,421.63,4.37,7.3,7.3,22.88,22.81,22.28,63.52,62.68,1361.0,1541.0,1.39,0.89,36.0,21.0,24.0,19.0,regular
8482874,2025,Jacob Melanson,SEA,R,5on5,20,11669.0,279.0,4.96,0.56,0.44,0.52,0.41,0.53,0.42,210.0,25.74,2.33,1.93,5.65,0.79,13.49,9.81,2.28,2.39,2.34,1.0,2.0,16.0,18.0,8.0,42.0,4.0,1.0,2.0,1.0,5.0,1.0,11.0,14.0,15.0,33.0,2.0,7.0,1.0,108.0,2.0,8.0,25.0,6.0,3.0,0.91,0.72,0.7,0.0,0.0,1.0,42.74,34.0,34.42,3.0,0.4,0.51,0.26,2.47,2.52,2.52,279.0,9.0,20.0,62.0,188.0,51.0,37.0,31.0,160.0,1.0,0.0,49571.0,7.0,11.0,4.0,6.0,99.19,8.17,7.92,8.22,7.98,85.0,47.0,43.0,175.0,8.0,13.0,2.0,99.0,25.0,8.0,3.05,3.08,2.03,3.0,4.0,1.0,177.81,132.0,133.0,1.41,2.23,2.23,7.34,7.43,7.37,82.11,6.44,6.15,6.39,6.11,79.0,36.0,48.0,163.0,8.0,9.0,1.0,92.0,16.0,7.0,2.48,2.1,1.85,5.0,2.0,1.0,161.4,115.0,114.62,1.18,1.51,1.51,6.1,6.07,5.96,31.51,40.43,666.0,944.0,0.09,0.08,5.0,9.0,4.0,6.0,regular
8475768,2025,Jaden Schwartz,SEA,L,5on5,35,28123.0,615.0,17.13,0.44,0.45,0.46,0.45,0.45,0.45,185.0,53.65,5.78,3.97,12.53,1.98,28.75,22.0,5.61,5.79,5.62,6.0,1.0,52.0,23.0,27.0,102.0,12.0,5.0,6.0,2.0,7.0,0.0,19.0,38.0,47.0,70.0,4.0,8.0,18.0,26.0,15.0,35.0,50.0,19.0,6.0,1.67,2.3,1.8,2.0,1.0,2.0,101.48,75.0,74.6,7.0,0.83,1.17,1.93,4.68,4.69,4.6,615.0,92.0,78.0,110.0,335.0,77.0,85.0,90.0,363.0,18.0,9.0,77741.0,8.0,2.0,1.0,27.0,199.47,15.19,14.8,15.17,14.79,183.0,95.0,128.0,406.0,19.0,17.0,5.0,222.0,46.0,10.0,6.48,5.89,2.83,9.0,6.0,4.0,403.24,278.0,275.84,2.66,3.25,3.67,14.18,14.16,13.95,238.73,18.99,18.24,19.0,18.24,219.0,116.0,138.0,473.0,14.0,26.0,1.0,263.0,55.0,17.0,7.31,6.81,4.86,6.0,4.0,4.0,473.85,335.0,335.63,3.25,4.93,4.93,17.31,17.29,16.89,40.12,48.93,1002.0,1233.0,0.49,0.96,11.0,25.0,9.0,22.0,regular
8476467,2025,Jamie Oleksiak,SEA,D,5on5,52,46275.0,923.0,6.68,0.44,0.45,0.45,0.45,0.45,0.45,246.0,50.69,1.83,3.04,14.92,1.58,30.34,21.29,1.79,1.83,1.79,2.0,3.0,48.0,25.0,28.0,101.0,8.0,3.0,2.0,0.0,9.0,0.0,27.0,32.0,45.0,70.0,7.0,14.0,0.0,58.0,14.0,44.0,73.0,0.0,0.0,1.83,0.0,0.0,3.0,0.0,0.0,100.91,73.0,73.18,28.0,0.61,0.29,0.0,2.44,2.44,2.39,923.0,54.0,94.0,137.0,638.0,142.0,138.0,86.0,557.0,0.0,0.0,111214.0,14.0,8.0,4.0,63.0,332.16,24.67,23.61,24.63,23.6,310.0,147.0,172.0,629.0,31.0,25.0,4.0,369.0,68.0,20.0,10.75,8.0,5.91,14.0,13.0,4.0,630.67,457.0,457.98,4.47,5.72,5.72,23.41,23.44,23.07,402.35,30.99,30.19,30.92,30.1,366.0,191.0,226.0,783.0,25.0,40.0,4.0,443.0,88.0,26.0,12.26,11.07,7.64,10.0,6.0,9.0,783.94,557.0,558.66,5.5,7.21,7.21,29.27,29.09,28.6,65.58,78.86,1542.0,1876.0,4.14,0.47,74.0,10.0,64.0,7.0,regular
8483497,2025,Jani Nyman,SEA,R,5on5,24,14009.0,322.0,6.56,0.53,0.43,0.48,0.45,0.5,0.45,240.0,31.47,3.23,2.24,7.02,1.13,16.82,12.57,3.04,3.17,2.99,1.0,0.0,27.0,16.0,12.0,55.0,4.0,3.0,5.0,1.0,2.0,0.0,20.0,13.0,24.0,40.0,3.0,6.0,2.0,20.0,1.0,13.0,33.0,6.0,4.0,1.3,0.68,1.26,1.0,1.0,1.0,54.62,43.0,42.67,4.0,0.47,1.79,1.01,2.7,2.65,2.61,322.0,55.0,12.0,45.0,210.0,52.0,69.0,34.0,167.0,2.0,4.0,58148.0,6.0,12.0,6.0,4.0,117.14,10.89,9.93,10.77,9.85,106.0,53.0,55.0,214.0,6.0,13.0,3.0,125.0,23.0,11.0,3.67,3.04,4.18,2.0,1.0,3.0,211.49,159.0,158.26,1.59,4.45,4.45,8.02,7.97,7.85,115.44,9.63,9.37,9.63,9.38,109.0,50.0,71.0,230.0,5.0,13.0,1.0,118.0,34.0,7.0,3.35,4.1,2.18,1.0,3.0,1.0,231.37,159.0,158.68,1.57,2.71,2.71,8.49,8.48,8.31,30.77,41.41,832.0,1026.0,0.23,0.53,11.0,8.0,8.0,7.0,regular
8477955,2025,Jared McCann,SEA,L,5on5,30,22913.0,552.0,28.29,0.56,0.44,0.49,0.45,0.51,0.45,202.0,47.48,4.17,3.32,12.05,1.66,25.48,18.34,3.88,4.19,3.9,8.0,0.0,37.0,28.0,17.0,82.0,13.0,5.0,5.0,2.0,12.0,0.0,22.0,21.0,32.0,60.0,1.0,5.0,6.0,18.0,6.0,25.0,48.0,13.0,4.0,1.48,1.61,1.08,0.0,3.0,2.0,82.2,65.0,64.95,5.0,0.7,0.95,1.29,3.58,3.59,3.47,552.0,94.0,36.0,91.0,331.0,74.0,84.0,80.0,314.0,6.0,7.0,68688.0,5.0,21.0,8.0,12.0,202.89,18.36,17.3,18.37,17.3,170.0,112.0,80.0,362.0,19.0,30.0,6.0,210.0,51.0,21.0,6.1,6.1,6.15,8.0,6.0,5.0,361.82,282.0,280.64,2.95,6.29,6.29,15.02,14.97,14.63,196.92,14.33,13.78,14.45,13.89,174.0,101.0,102.0,377.0,14.0,21.0,1.0,227.0,36.0,12.0,6.54,4.37,3.42,7.0,5.0,2.0,380.13,275.0,278.67,2.67,3.76,3.76,13.24,13.35,13.1,37.14,46.57,946.0,1151.0,0.89,0.61,18.0,13.0,13.0,10.0,regular
8477401,2025,John Hayden,SEA,C,5on5,3,1621.0,38.0,-0.78,0.27,0.41,0.33,0.46,0.35,0.44,30.0,2.08,0.18,0.14,0.38,0.07,1.3,0.94,0.18,0.18,0.18,0.0,0.0,2.0,1.0,2.0,5.0,0.0,0.0,0.0,0.0,0.0,0.0,0.0,3.0,2.0,3.0,1.0,2.0,5.0,7.0,1.0,2.0,2.0,1.0,0.0,0.09,0.08,0.0,0.0,0.0,0.0,5.05,3.0,3.03,2.0,0.03,0.0,0.0,0.2,0.21,0.21,38.0,1.0,4.0,12.0,21.0,5.0,5.0,7.0,21.0,5.0,9.0,7317.0,2.0,0.0,0.0,2.0,6.44,0.37,0.37,0.38,0.38,5.0,4.0,4.0,13.0,0.0,0.0,0.0,8.0,1.0,0.0,0.29,0.08,0.0,0.0,0.0,0.0,13.18,9.0,9.14,0.08,0.0,0.0,0.45,0.46,0.46,12.34,1.02,1.01,1.01,1.01,12.0,5.0,10.0,27.0,1.0,1.0,0.0,13.0,3.0,1.0,0.37,0.28,0.36,0.0,1.0,0.0,28.07,17.0,17.25,0.15,0.04,0.04,1.13,1.13,1.12,3.49,5.0,106.0,125.0,0.0,0.05,0.0,2.0,0.0,1.0,regular
8474586,2025,Jordan Eberle,SEA,R,5on5,52,46624.0,993.0,34.99,0.47,0.45,0.48,0.44,0.48,0.45,167.0,92.21,8.45,6.23,21.05,3.01,47.76,35.52,8.0,8.51,8.06,5.0,2.0,79.0,43.0,32.0,154.0,18.0,11.0,10.0,2.0,17.0,1.0,33.0,50.0,68.0,111.0,7.0,14.0,8.0,36.0,9.0,35.0,86.0,28.0,8.0,2.87,3.28,2.29,5.0,4.0,2.0,154.76,122.0,122.7,8.0,1.31,1.88,2.58,7.18,7.25,7.13,993.0,150.0,108.0,184.0,551.0,139.0,130.0,139.0,585.0,8.0,14.0,110212.0,14.0,6.0,3.0,26.0,356.26,27.02,25.67,27.04,25.71,317.0,174.0,183.0,674.0,31.0,32.0,7.0,384.0,82.0,25.0,10.94,9.35,6.73,15.0,9.0,7.0,672.2,491.0,490.49,4.82,6.02,6.06,25.78,25.79,25.33,387.03,30.15,29.12,30.12,29.11,327.0,204.0,189.0,720.0,17.0,40.0,2.0,427.0,74.0,30.0,12.5,9.12,8.53,8.0,6.0,3.0,720.81,531.0,532.16,5.3,8.16,8.16,27.29,27.34,27.02,63.23,78.43,1530.0,1919.0,0.95,1.32,24.0,28.0,17.0,25.0,regular
8479372,2025,Joshua Mahura,SEA,D,5on5,20,16230.0,360.0,0.45,0.42,0.43,0.41,0.45,0.42,0.45,107.0,13.88,0.5,0.71,3.68,0.44,8.54,6.13,0.5,0.52,0.52,0.0,2.0,11.0,9.0,12.0,32.0,2.0,0.0,0.0,0.0,6.0,0.0,10.0,4.0,11.0,20.0,3.0,6.0,0.0,22.0,2.0,11.0,19.0,1.0,0.0,0.41,0.09,0.0,0.0,0.0,0.0,32.03,20.0,20.11,7.0,0.14,0.0,0.0,0.64,0.65,0.65,360.0,23.0,28.0,51.0,258.0,50.0,55.0,37.0,218.0,0.0,0.0,44179.0,6.0,0.0,0.0,21.0,109.18,7.2,7.11,7.31,7.23,94.0,56.0,56.0,206.0,13.0,5.0,2.0,125.0,21.0,4.0,3.84,2.45,0.91,9.0,2.0,2.0,207.9,150.0,152.33,1.4,0.73,0.73,7.85,7.98,7.93,148.68,9.87,9.77,9.79,9.69,142.0,65.0,89.0,296.0,6.0,10.0,1.0,173.0,29.0,5.0,4.7,3.83,1.34,1.0,2.0,3.0,297.24,207.0,206.37,1.95,1.24,1.24,10.58,10.46,10.39,23.06,30.35,634.0,760.0,1.2,0.23,21.0,6.0,18.0,5.0,regular
8481554,2025,Kaapo Kakko,SEA,R,5on5,38,28916.0,667.0,16.88,0.48,0.45,0.48,0.45,0.48,0.46,233.0,49.36,4.21,3.49,11.14,1.61,26.54,20.0,4.09,4.22,4.1,4.0,6.0,49.0,18.0,18.0,85.0,14.0,4.0,5.0,1.0,10.0,0.0,23.0,25.0,45.0,63.0,3.0,6.0,11.0,19.0,11.0,24.0,48.0,16.0,3.0,1.34,2.14,0.72,1.0,3.0,0.0,84.48,67.0,66.63,6.0,0.73,0.86,0.73,4.21,4.19,4.12,667.0,112.0,44.0,128.0,383.0,96.0,100.0,86.0,385.0,11.0,10.0,85466.0,6.0,10.0,5.0,6.0,232.77,19.47,18.19,19.17,17.93,213.0,103.0,121.0,437.0,22.0,25.0,5.0,249.0,47.0,20.0,7.2,5.81,6.47,11.0,6.0,5.0,429.29,316.0,311.08,3.16,6.4,6.4,16.23,16.06,15.76,251.37,20.79,19.99,20.92,20.12,213.0,129.0,129.0,471.0,15.0,33.0,2.0,253.0,69.0,20.0,7.17,8.25,5.37,6.0,6.0,3.0,473.98,342.0,343.63,3.52,6.47,6.47,17.85,17.97,17.68,51.01,61.44,1207.0,1460.0,0.77,0.43,20.0,17.0,17.0,12.0,regular
8482665,2025,Matty Beniers,SEA,C,5on5,54,49409.0,1010.0,32.84,0.47,0.45,0.47,0.45,0.47,0.45,146.0,81.6,8.45,5.95,19.15,2.83,43.55,31.07,7.91,8.4,7.85,7.0,8.0,66.0,45.0,33.0,144.0,24.0,9.0,6.0,3.0,12.0,0.0,49.0,35.0,57.0,102.0,5.0,12.0,302.0,21.0,9.0,48.0,73.0,28.0,10.0,2.56,3.17,2.73,3.0,3.0,3.0,142.72,111.0,109.94,18.0,1.25,1.44,2.78,6.92,6.85,6.74,1010.0,161.0,111.0,175.0,563.0,122.0,133.0,154.0,601.0,302.0,321.0,114053.0,12.0,26.0,13.0,40.0,361.48,28.44,27.03,28.43,27.04,319.0,182.0,196.0,697.0,32.0,33.0,7.0,392.0,82.0,27.0,11.29,9.65,7.49,14.0,11.0,7.0,693.82,501.0,499.04,4.97,6.58,6.58,26.84,26.84,26.33,415.58,31.74,30.79,31.76,30.83,352.0,219.0,210.0,781.0,25.0,40.0,2.0,456.0,84.0,31.0,13.31,9.97,8.45,11.0,9.0,5.0,782.42,571.0,572.48,5.63,7.72,7.72,29.65,29.74,29.39,65.84,81.34,1595.0,1975.0,1.96,1.07,30.0,25.0,24.0,21.0,regular
8484168,2025,Oscar Fisker Molgaard,SEA,C,5on5,2,720.0,19.0,0.6,0.16,0.48,0.29,0.48,0.27,0.46,24.0,1.26,0.07,0.07,0.33,0.06,0.84,0.64,0.07,0.07,0.07,1.0,0.0,1.0,1.0,0.0,2.0,1.0,0.0,0.0,0.0,1.0,0.0,0.0,1.0,1.0,2.0,0.0,0.0,5.0,1.0,1.0,1.0,2.0,0.0,0.0,0.07,0.0,0.0,0.0,0.0,0.0,2.13,2.0,2.13,0.0,0.01,0.0,0.0,0.08,0.09,0.09,19.0,2.0,2.0,1.0,14.0,6.0,2.0,1.0,10.0,5.0,2.0,5277.0,0.0,0.0,0.0,0.0,2.56,0.15,0.15,0.16,0.16,3.0,1.0,1.0,5.0,1.0,0.0,0.0,4.0,0.0,0.0,0.15,0.0,0.0,1.0,0.0,0.0,5.19,4.0,4.2,0.04,0.0,0.0,0.19,0.19,0.19,7.91,0.79,0.71,0.75,0.68,5.0,6.0,1.0,12.0,0.0,4.0,0.0,7.0,3.0,1.0,0.14,0.39,0.26,0.0,0.0,0.0,11.84,11.0,10.81,0.12,0.6,0.6,0.31,0.29,0.28,2.92,3.2,71.0,77.0,0.0,0.0,0.0,0.0,0.0,0.0,regular
8479324,2025,Ryan Lindgren,SEA,D,5on5,54,51138.0,1078.0,5.62,0.43,0.47,0.45,0.45,0.45,0.46,233.0,50.14,2.51,2.65,14.74,1.71,28.33,21.07,2.16,2.45,2.12,2.0,3.0,35.0,36.0,49.0,120.0,7.0,2.0,2.0,1.0,16.0,0.0,28.0,23.0,33.0,69.0,18.0,40.0,0.0,28.0,10.0,53.0,65.0,4.0,2.0,1.38,0.41,0.71,1.0,0.0,1.0,117.68,71.0,69.88,37.0,0.53,0.34,0.77,2.27,2.24,2.21,1078.0,77.0,118.0,145.0,738.0,123.0,119.0,121.0,715.0,0.0,0.0,112324.0,40.0,22.0,8.0,65.0,373.63,28.53,27.25,28.45,27.18,316.0,205.0,219.0,740.0,31.0,31.0,6.0,424.0,75.0,22.0,12.56,9.21,6.76,16.0,8.0,7.0,734.93,521.0,519.1,5.02,6.3,6.45,27.09,27.02,26.61,455.19,37.47,35.81,37.37,35.74,405.0,228.0,254.0,887.0,24.0,54.0,1.0,498.0,94.0,41.0,14.5,11.33,11.64,11.0,9.0,4.0,886.36,633.0,634.08,6.5,10.23,10.24,33.74,33.75,33.14,65.75,75.61,1552.0,1869.0,4.32,0.47,88.0,14.0,66.0,14.0,regular
8482751,2025,Ryan Winterton,SEA,C,5on5,52,32916.0,773.0,10.68,0.49,0.45,0.45,0.46,0.45,0.46,472.0,55.33,5.54,4.01,12.42,1.84,28.92,21.27,5.43,5.5,5.4,9.0,2.0,52.0,22.0,28.0,102.0,14.0,3.0,4.0,0.0,13.0,0.0,23.0,31.0,49.0,71.0,6.0,15.0,0.0,43.0,10.0,22.0,51.0,19.0,4.0,1.9,2.5,1.14,0.0,2.0,1.0,101.65,74.0,73.71,8.0,0.85,1.0,0.83,5.55,5.5,5.44,773.0,68.0,97.0,125.0,483.0,136.0,130.0,96.0,411.0,0.0,3.0,124604.0,15.0,21.0,9.0,21.0,236.66,20.58,19.96,20.51,19.88,200.0,121.0,118.0,439.0,23.0,22.0,4.0,242.0,55.0,24.0,7.5,6.72,6.37,8.0,8.0,7.0,436.97,321.0,319.74,3.33,4.43,4.44,19.47,19.37,19.13,283.22,21.63,20.88,21.75,21.0,253.0,141.0,152.0,546.0,20.0,26.0,1.0,317.0,54.0,23.0,8.59,6.86,6.18,11.0,6.0,3.0,550.15,394.0,397.01,3.82,4.79,4.79,20.67,20.82,20.54,71.03,87.59,1776.0,2105.0,0.25,0.51,15.0,11.0,9.0,11.0,regular
8482858,2025,Ryker Evans,SEA,D,5on5,39,36373.0,671.0,7.95,0.5,0.44,0.46,0.45,0.47,0.46,164.0,27.58,1.06,1.49,8.28,0.87,15.86,11.45,1.04,1.04,1.03,2.0,2.0,25.0,14.0,25.0,64.0,9.0,5.0,1.0,0.0,10.0,0.0,10.0,13.0,20.0,34.0,10.0,22.0,0.0,25.0,5.0,25.0,37.0,2.0,0.0,0.78,0.28,0.0,5.0,0.0,0.0,63.78,39.0,38.97,21.0,0.3,0.17,0.22,1.14,1.13,1.12,671.0,41.0,50.0,97.0,483.0,97.0,111.0,73.0,390.0,0.0,0.0,81579.0,22.0,8.0,4.0,37.0,275.68,23.52,22.39,23.34,22.24,244.0,127.0,132.0,503.0,28.0,26.0,7.0,281.0,64.0,26.0,8.4,7.48,7.64,14.0,7.0,7.0,499.85,371.0,368.75,3.82,6.43,6.43,20.91,20.75,20.49,299.7,23.97,23.15,24.08,23.25,274.0,141.0,176.0,591.0,22.0,34.0,3.0,330.0,59.0,26.0,9.21,7.38,7.37,11.0,7.0,4.0,595.03,415.0,417.39,4.21,6.79,6.79,21.4,21.44,21.06,48.93,62.09,1171.0,1409.0,1.55,0.47,41.0,12.0,36.0,11.0,regular
8483524,2025,Shane Wright,SEA,C,5on5,54,38797.0,879.0,16.64,0.52,0.43,0.46,0.45,0.47,0.45,393.0,66.4,8.68,4.95,15.6,2.35,32.93,22.5,7.93,8.66,7.92,5.0,3.0,62.0,25.0,21.0,108.0,14.0,6.0,13.0,3.0,11.0,0.0,32.0,25.0,56.0,81.0,4.0,8.0,127.0,42.0,11.0,52.0,53.0,19.0,15.0,1.98,2.19,4.51,1.0,3.0,2.0,107.65,87.0,86.96,18.0,1.05,3.43,4.39,5.35,5.38,5.29,879.0,154.0,44.0,127.0,554.0,135.0,166.0,104.0,474.0,127.0,211.0,124665.0,8.0,6.0,3.0,39.0,306.72,28.13,26.41,28.03,26.34,268.0,144.0,146.0,558.0,23.0,37.0,8.0,312.0,67.0,33.0,9.16,8.6,10.37,11.0,5.0,7.0,554.38,412.0,410.33,4.24,10.0,10.19,22.18,22.12,21.75,328.97,25.83,25.01,25.92,25.09,299.0,160.0,198.0,657.0,19.0,37.0,3.0,364.0,69.0,26.0,9.97,8.4,7.46,9.0,7.0,3.0,662.06,459.0,462.73,4.47,7.65,7.65,22.65,22.72,22.37,66.15,87.25,1734.0,2099.0,1.25,1.01,41.0,17.0,30.0,12.0,regular
8481789,2025,Tye Kartye,SEA,L,5on5,38,21556.0,511.0,5.24,0.41,0.44,0.47,0.45,0.47,0.45,396.0,35.94,2.71,2.48,8.92,1.13,19.18,13.58,2.63,2.63,2.57,3.0,2.0,25.0,23.0,20.0,68.0,7.0,2.0,6.0,0.0,4.0,0.0,16.0,20.0,23.0,46.0,3.0,6.0,3.0,95.0,9.0,17.0,37.0,9.0,2.0,1.12,1.13,0.46,2.0,0.0,0.0,67.44,48.0,47.32,3.0,0.51,0.74,0.52,2.7,2.65,2.63,511.0,21.0,64.0,93.0,333.0,97.0,70.0,65.0,279.0,3.0,6.0,94001.0,6.0,10.0,5.0,18.0,152.65,10.28,9.99,10.1,9.83,134.0,78.0,90.0,302.0,11.0,13.0,1.0,177.0,28.0,7.0,5.33,3.15,1.81,7.0,3.0,1.0,300.58,212.0,211.07,2.06,1.83,1.83,10.5,10.4,10.32,172.57,14.69,14.27,14.8,14.39,160.0,79.0,101.0,340.0,17.0,18.0,1.0,173.0,49.0,17.0,4.4,5.92,4.36,7.0,8.0,2.0,341.96,239.0,240.95,2.49,2.85,2.85,14.33,14.44,14.22,50.97,63.68,1317.0,1588.0,0.62,0.22,16.0,10.0,15.0,9.0,regular
8478407,2025,Vince Dunn,SEA,D,5on5,53,58534.0,1137.0,22.8,0.45,0.46,0.46,0.46,0.45,0.46,139.0,73.46,3.59,3.85,23.19,2.47,39.11,28.79,3.45,3.56,3.42,3.0,3.0,74.0,27.0,71.0,172.0,12.0,6.0,4.0,0.0,21.0,0.0,30.0,40.0,68.0,95.0,16.0,32.0,0.0,16.0,13.0,60.0,93.0,6.0,2.0,2.26,0.61,0.72,4.0,2.0,0.0,170.67,101.0,100.4,40.0,0.79,0.41,0.68,3.7,3.71,3.61,1137.0,148.0,141.0,213.0,635.0,97.0,154.0,171.0,715.0,0.0,0.0,101899.0,32.0,18.0,9.0,49.0,432.34,35.39,33.81,35.39,33.81,385.0,207.0,244.0,836.0,33.0,46.0,9.0,463.0,93.0,36.0,13.81,11.43,10.15,13.0,9.0,11.0,831.23,592.0,587.85,5.94,9.84,9.85,31.49,31.48,30.9,512.18,42.97,41.15,43.4,41.57,427.0,284.0,287.0,998.0,34.0,67.0,3.0,542.0,120.0,49.0,15.28,14.59,13.11,18.0,11.0,5.0,1009.14,711.0,718.29,7.13,12.78,12.78,37.33,37.71,36.96,57.46,67.61,1419.0,1692.0,4.68,0.6,92.0,19.0,74.0,16.0,regular
8478874,2025,Adam Gaudette,SJS,R,5on5,44,27377.0,605.0,13.85,0.46,0.45,0.45,0.45,0.43,0.44,350.0,60.07,6.51,4.54,13.61,1.98,30.19,22.17,6.31,6.59,6.38,2.0,2.0,56.0,23.0,27.0,106.0,14.0,10.0,7.0,0.0,11.0,0.0,22.0,29.0,46.0,69.0,7.0,14.0,56.0,40.0,9.0,13.0,52.0,19.0,8.0,1.71,2.4,2.41,4.0,6.0,0.0,107.53,79.0,80.11,3.0,0.95,1.67,1.76,5.71,5.85,5.73,605.0,56.0,69.0,96.0,384.0,102.0,84.0,84.0,335.0,56.0,73.0,98332.0,14.0,8.0,4.0,16.0,192.02,17.07,16.41,17.23,16.57,174.0,85.0,121.0,380.0,19.0,22.0,2.0,193.0,45.0,21.0,5.79,5.4,5.88,7.0,8.0,4.0,385.05,259.0,262.35,2.73,4.17,4.52,15.28,15.49,15.2,250.29,19.79,19.13,19.78,19.12,239.0,107.0,123.0,469.0,26.0,25.0,6.0,276.0,51.0,19.0,8.36,6.35,5.08,10.0,9.0,7.0,467.77,346.0,345.27,3.51,5.11,5.11,18.19,18.11,17.85,59.35,72.37,1335.0,1633.0,0.39,0.2,11.0,11.0,8.0,9.0,regular
8477505,2025,Alexander Wennberg,SJS,C,5on5,54,45756.0,935.0,28.07,0.48,0.45,0.47,0.44,0.46,0.43,216.0,40.17,4.57,2.91,9.19,1.29,18.9,15.16,4.31,4.51,4.26,9.0,6.0,39.0,13.0,19.0,71.0,18.0,3.0,5.0,0.0,8.0,0.0,13.0,23.0,36.0,49.0,3.0,6.0,270.0,16.0,19.0,38.0,35.0,10.0,7.0,1.36,1.29,1.92,3.0,0.0,0.0,69.8,52.0,51.46,14.0,0.62,0.68,1.58,3.6,3.61,3.55,935.0,96.0,148.0,181.0,510.0,124.0,117.0,151.0,543.0,270.0,326.0,110469.0,6.0,26.0,13.0,53.0,318.33,27.15,25.88,27.08,25.8,298.0,141.0,197.0,636.0,25.0,33.0,5.0,336.0,74.0,29.0,10.08,9.27,7.81,10.0,11.0,4.0,635.96,439.0,438.94,4.43,6.3,6.72,24.86,24.99,24.6,369.18,28.93,27.4,28.95,27.42,328.0,180.0,214.0,722.0,32.0,33.0,5.0,406.0,76.0,26.0,11.5,9.55,7.87,16.0,11.0,5.0,720.06,508.0,506.49,5.01,7.99,7.99,25.94,25.92,25.38,69.73,86.58,1500.0,1899.0,1.58,0.32,34.0,14.0,29.0,12.0,regular
8476624,2025,Barclay Goodrow,SJS,C,5on5,54,30177.0,684.0,1.2,0.44,0.46,0.41,0.46,0.41,0.45,517.0,38.42,4.95,3.1,8.71,1.42,19.73,14.08,4.59,4.81,4.46,2.0,2.0,36.0,16.0,21.0,73.0,7.0,3.0,4.0,2.0,7.0,0.0,18.0,20.0,33.0,49.0,8.0,16.0,10.0,81.0,4.0,24.0,33.0,13.0,6.0,1.26,1.82,1.87,0.0,2.0,1.0,73.05,52.0,51.55,11.0,0.67,1.08,1.65,3.97,3.9,3.81,684.0,54.0,76.0,145.0,409.0,91.0,112.0,87.0,394.0,10.0,15.0,126048.0,16.0,12.0,6.0,32.0,185.63,16.87,16.02,16.8,15.96,176.0,77.0,117.0,370.0,11.0,26.0,4.0,194.0,39.0,20.0,5.6,5.24,6.03,3.0,4.0,4.0,373.41,253.0,254.11,2.72,5.09,5.09,14.5,14.48,14.23,267.89,21.63,20.85,21.77,20.99,258.0,111.0,163.0,532.0,24.0,27.0,1.0,287.0,60.0,22.0,8.24,7.33,6.06,15.0,6.0,3.0,532.82,369.0,370.21,3.77,5.03,5.03,20.36,20.56,20.21,80.02,93.88,1766.0,2089.0,0.37,0.82,12.0,21.0,10.0,18.0,regular
8484911,2025,Collin Graf,SJS,R,5on5,53,40204.0,793.0,18.63,0.46,0.46,0.42,0.47,0.41,0.46,304.0,55.46,7.21,4.58,12.26,1.96,27.61,20.38,7.02,7.24,7.05,4.0,6.0,50.0,24.0,35.0,109.0,21.0,11.0,8.0,3.0,7.0,0.0,21.0,27.0,39.0,63.0,2.0,4.0,2.0,51.0,11.0,33.0,45.0,22.0,7.0,1.74,3.19,2.28,4.0,4.0,3.0,109.93,74.0,74.96,8.0,0.98,1.45,2.49,5.7,5.75,5.68,793.0,96.0,86.0,133.0,478.0,130.0,102.0,109.0,452.0,2.0,10.0,113344.0,4.0,16.0,8.0,21.0,253.02,24.16,23.06,24.17,23.08,226.0,116.0,153.0,495.0,27.0,36.0,6.0,247.0,69.0,26.0,7.38,9.07,7.71,12.0,8.0,7.0,500.16,342.0,345.92,3.6,7.92,7.92,19.85,19.96,19.7,366.08,28.94,28.14,29.05,28.25,338.0,164.0,194.0,696.0,27.0,41.0,5.0,385.0,95.0,22.0,11.08,11.84,6.02,11.0,12.0,4.0,697.09,502.0,503.47,5.13,6.93,6.93,27.15,27.17,26.82,71.54,84.27,1617.0,1853.0,1.33,0.59,28.0,22.0,19.0,13.0,regular
8475200,2025,Dmitry Orlov,SJS,D,5on5,54,56117.0,1042.0,16.28,0.48,0.45,0.49,0.43,0.46,0.42,139.0,45.36,1.51,2.41,13.65,1.63,26.17,19.62,1.46,1.5,1.45,5.0,5.0,40.0,25.0,42.0,107.0,11.0,1.0,1.0,0.0,11.0,0.0,24.0,28.0,39.0,64.0,15.0,30.0,0.0,70.0,11.0,53.0,64.0,1.0,0.0,1.41,0.1,0.0,1.0,0.0,0.0,107.36,65.0,64.86,36.0,0.49,0.19,0.31,1.69,1.69,1.66,1042.0,96.0,145.0,192.0,609.0,120.0,165.0,161.0,596.0,0.0,0.0,100108.0,30.0,16.0,8.0,41.0,408.68,37.34,35.91,37.15,35.72,361.0,192.0,268.0,821.0,35.0,44.0,5.0,410.0,105.0,38.0,12.92,13.19,11.22,18.0,9.0,8.0,820.12,553.0,552.12,5.79,8.7,8.7,34.42,34.4,33.83,471.98,41.23,39.41,41.26,39.42,428.0,211.0,226.0,865.0,43.0,54.0,7.0,466.0,131.0,42.0,13.49,16.47,11.28,16.0,18.0,9.0,865.02,639.0,640.21,6.69,9.89,9.89,38.04,37.99,37.19,59.55,74.27,1315.0,1756.0,3.62,0.24,67.0,13.0,45.0,10.0,regular
8482206,2025,Ethan Cardwell,SJS,R,5on5,7,4782.0,106.0,-0.35,0.34,0.56,0.43,0.49,0.38,0.48,54.0,10.25,0.9,0.56,2.44,0.33,5.53,4.24,0.89,0.88,0.86,0.0,0.0,6.0,8.0,5.0,19.0,1.0,1.0,1.0,0.0,2.0,0.0,3.0,7.0,5.0,13.0,1.0,2.0,0.0,9.0,3.0,5.0,10.0,3.0,1.0,0.32,0.36,0.22,1.0,0.0,0.0,18.65,14.0,13.67,3.0,0.12,0.24,0.19,0.83,0.81,0.81,106.0,7.0,13.0,10.0,76.0,12.0,19.0,16.0,59.0,0.0,0.0,16067.0,2.0,0.0,0.0,1.0,29.02,2.54,2.45,2.48,2.4,22.0,19.0,24.0,65.0,2.0,4.0,0.0,32.0,5.0,4.0,0.83,0.65,1.06,2.0,0.0,0.0,64.16,41.0,40.5,0.42,0.69,0.69,2.26,2.22,2.2,51.02,4.99,4.75,5.16,4.9,43.0,24.0,18.0,85.0,5.0,8.0,0.0,43.0,18.0,6.0,1.31,2.26,1.43,1.0,3.0,1.0,86.66,67.0,67.63,0.74,1.47,1.47,4.26,4.37,4.27,11.65,9.23,231.0,242.0,0.28,0.17,4.0,3.0,4.0,3.0,regular
8484994,2025,Igor Chernyshov,SJS,L,5on5,15,12734.0,250.0,11.48,0.55,0.43,0.53,0.45,0.52,0.45,62.0,29.05,3.66,2.18,6.23,0.96,12.99,9.98,3.48,3.55,3.38,5.0,1.0,24.0,12.0,7.0,43.0,8.0,2.0,5.0,0.0,7.0,0.0,10.0,12.0,22.0,34.0,1.0,2.0,0.0,9.0,0.0,15.0,16.0,16.0,4.0,0.55,1.91,1.19,0.0,2.0,0.0,42.68,36.0,35.8,4.0,0.46,0.47,1.36,2.76,2.76,2.7,250.0,34.0,20.0,45.0,151.0,41.0,34.0,35.0,140.0,0.0,0.0,31768.0,2.0,4.0,2.0,5.0,119.13,12.77,12.29,12.72,12.25,97.0,60.0,56.0,213.0,15.0,17.0,5.0,102.0,42.0,13.0,3.66,5.52,3.6,7.0,5.0,3.0,213.65,157.0,158.22,1.83,3.27,3.57,11.03,11.04,10.79,105.9,10.53,9.88,10.52,9.87,95.0,50.0,47.0,192.0,13.0,18.0,1.0,98.0,35.0,12.0,2.97,4.36,3.2,6.0,6.0,1.0,195.07,145.0,145.65,1.56,3.03,3.03,9.06,9.11,8.82,20.55,27.05,424.0,528.0,0.99,0.01,14.0,2.0,11.0,1.0,regular
8475784,2025,Jeff Skinner,SJS,L,5on5,32,20065.0,442.0,9.7,0.45,0.46,0.44,0.45,0.42,0.44,267.0,46.48,4.24,3.41,10.7,1.51,24.47,18.66,4.06,4.21,4.04,2.0,3.0,44.0,19.0,25.0,88.0,9.0,4.0,9.0,1.0,12.0,0.0,23.0,15.0,40.0,59.0,7.0,14.0,2.0,17.0,5.0,24.0,46.0,14.0,3.0,1.6,1.81,0.83,2.0,1.0,1.0,87.83,63.0,63.0,11.0,0.7,2.08,1.0,3.94,3.91,3.84,442.0,42.0,59.0,62.0,279.0,80.0,78.0,55.0,229.0,2.0,8.0,73765.0,14.0,28.0,14.0,11.0,147.11,12.73,12.25,12.54,12.06,140.0,60.0,88.0,288.0,12.0,17.0,2.0,152.0,37.0,11.0,4.84,4.73,3.15,7.0,2.0,3.0,285.82,200.0,198.19,2.1,3.27,3.57,11.27,11.17,11.01,199.83,15.77,15.23,16.01,15.45,181.0,91.0,92.0,364.0,19.0,18.0,2.0,215.0,44.0,13.0,6.55,5.73,3.5,9.0,7.0,3.0,365.42,272.0,272.86,2.81,3.47,3.47,15.11,15.23,14.99,45.57,54.18,986.0,1220.0,0.62,0.73,9.0,17.0,8.0,12.0,regular
8475906,2025,John Klingberg,SJS,D,5on5,40,40533.0,768.0,16.48,0.47,0.45,0.47,0.44,0.45,0.42,115.0,45.37,1.56,2.32,13.99,1.55,26.47,19.11,1.49,1.58,1.5,2.0,3.0,39.0,26.0,43.0,108.0,8.0,3.0,3.0,0.0,9.0,0.0,19.0,31.0,36.0,62.0,8.0,16.0,0.0,29.0,7.0,51.0,63.0,2.0,0.0,1.32,0.25,0.0,2.0,1.0,0.0,108.97,65.0,65.7,40.0,0.47,0.39,0.05,1.98,1.99,1.91,768.0,79.0,92.0,131.0,466.0,66.0,133.0,136.0,433.0,0.0,0.0,75500.0,16.0,10.0,5.0,48.0,305.25,25.72,24.93,25.78,24.99,272.0,142.0,179.0,593.0,32.0,27.0,3.0,315.0,71.0,28.0,9.11,8.77,7.84,11.0,14.0,7.0,597.26,414.0,416.88,4.19,4.75,4.93,24.98,25.19,24.79,364.24,29.44,28.02,29.47,28.03,332.0,165.0,169.0,666.0,31.0,41.0,6.0,385.0,84.0,28.0,11.31,10.77,7.36,12.0,11.0,8.0,665.0,497.0,496.33,5.05,7.57,7.57,26.93,26.92,26.37,44.84,54.28,1006.0,1304.0,2.59,0.06,50.0,2.0,37.0,2.0,regular
8484801,2025,Macklin Celebrini,SJS,C,5on5,54,51472.0,944.0,69.22,0.47,0.45,0.46,0.44,0.45,0.43,117.0,105.28,10.22,7.6,23.65,3.47,56.51,41.53,10.01,10.23,10.02,19.0,7.0,100.0,43.0,46.0,189.0,42.0,16.0,15.0,1.0,11.0,0.0,49.0,52.0,84.0,127.0,11.0,22.0,342.0,25.0,28.0,69.0,97.0,36.0,10.0,3.54,4.15,2.51,8.0,6.0,2.0,189.34,143.0,143.74,21.0,1.58,2.88,1.73,10.07,10.14,10.02,944.0,141.0,84.0,176.0,543.0,98.0,171.0,184.0,491.0,342.0,369.0,104753.0,22.0,50.0,24.0,29.0,378.1,35.43,34.21,35.53,34.3,345.0,164.0,216.0,725.0,52.0,42.0,9.0,360.0,112.0,37.0,11.68,13.78,9.96,25.0,19.0,8.0,727.98,509.0,513.13,5.44,7.76,8.04,32.83,33.05,32.57,460.12,40.15,38.33,40.06,38.24,413.0,215.0,214.0,842.0,38.0,57.0,6.0,452.0,135.0,41.0,12.83,16.3,11.03,18.0,14.0,6.0,840.07,628.0,625.64,6.57,10.44,10.44,36.29,36.25,35.63,61.46,75.36,1411.0,1779.0,0.71,0.39,21.0,16.0,15.0,12.0,regular
8479983,2025,Mario Ferraro,SJS,D,5on5,54,54910.0,1057.0,7.67,0.45,0.46,0.45,0.45,0.45,0.43,149.0,62.43,2.82,3.34,17.69,2.16,35.84,27.16,2.76,2.86,2.79,3.0,3.0,61.0,28.0,48.0,137.0,9.0,3.0,8.0,2.0,10.0,0.0,43.0,25.0,58.0,86.0,10.0,20.0,0.0,83.0,18.0,53.0,84.0,3.0,2.0,1.83,0.42,0.57,1.0,0.0,2.0,138.23,89.0,89.48,32.0,0.67,1.46,0.8,2.69,2.69,2.65,1057.0,70.0,131.0,192.0,664.0,156.0,134.0,153.0,614.0,0.0,0.0,101315.0,20.0,12.0,6.0,74.0,406.06,33.44,32.35,33.67,32.59,387.0,170.0,222.0,779.0,36.0,47.0,6.0,425.0,98.0,34.0,12.2,12.44,8.8,14.0,17.0,5.0,783.48,557.0,561.34,5.62,8.14,8.14,30.92,31.28,30.81,495.14,40.73,38.42,40.89,38.53,453.0,229.0,286.0,968.0,37.0,53.0,5.0,530.0,106.0,46.0,14.86,12.93,12.95,18.0,13.0,6.0,968.03,682.0,680.99,6.83,12.03,12.03,35.54,35.64,34.99,63.44,74.78,1357.0,1653.0,2.6,0.34,49.0,6.0,29.0,5.0,regular
8485402,2025,Michael Misa,SJS,C,5on5,17,10320.0,217.0,6.62,0.47,0.46,0.46,0.46,0.44,0.44,146.0,18.5,2.42,1.39,4.05,0.63,9.55,6.97,2.3,2.47,2.35,1.0,4.0,19.0,6.0,11.0,36.0,7.0,2.0,3.0,1.0,1.0,0.0,10.0,9.0,17.0,23.0,2.0,4.0,55.0,7.0,0.0,8.0,15.0,7.0,3.0,0.61,0.76,1.04,0.0,1.0,1.0,36.35,25.0,25.33,1.0,0.29,0.89,1.04,1.67,1.69,1.65,217.0,22.0,22.0,38.0,135.0,40.0,25.0,31.0,121.0,55.0,63.0,38663.0,4.0,6.0,3.0,9.0,77.19,7.49,7.24,7.79,7.52,78.0,25.0,53.0,156.0,12.0,8.0,3.0,72.0,23.0,8.0,2.14,3.0,2.35,3.0,7.0,2.0,161.88,103.0,106.49,1.06,2.26,2.26,6.29,6.54,6.42,97.86,8.3,7.66,8.34,7.68,96.0,36.0,50.0,182.0,8.0,14.0,3.0,101.0,20.0,11.0,3.0,2.58,2.71,2.0,3.0,3.0,183.86,132.0,133.25,1.47,2.72,2.72,7.05,7.06,6.86,21.38,25.05,517.0,619.0,0.1,0.52,5.0,10.0,2.0,9.0,regular
8475181,2025,Nick Leddy,SJS,D,5on5,19,17901.0,343.0,-3.6,0.38,0.47,0.39,0.47,0.37,0.46,64.0,6.28,0.38,0.38,1.58,0.21,3.63,2.81,0.38,0.4,0.39,1.0,3.0,5.0,4.0,8.0,17.0,4.0,0.0,0.0,0.0,0.0,0.0,5.0,4.0,5.0,9.0,3.0,6.0,0.0,4.0,3.0,12.0,8.0,1.0,0.0,0.27,0.12,0.0,0.0,0.0,0.0,16.83,9.0,9.02,7.0,0.08,0.0,0.12,0.34,0.35,0.35,343.0,35.0,35.0,66.0,207.0,33.0,54.0,49.0,207.0,0.0,0.0,38083.0,6.0,0.0,0.0,22.0,105.93,9.29,8.92,9.31,8.95,102.0,40.0,63.0,205.0,10.0,10.0,2.0,106.0,28.0,8.0,3.58,3.76,1.95,4.0,3.0,3.0,203.57,142.0,142.11,1.49,1.69,1.69,9.08,9.12,9.02,178.19,15.43,14.83,15.55,14.93,156.0,89.0,78.0,323.0,19.0,21.0,1.0,184.0,48.0,13.0,5.51,6.38,3.54,11.0,6.0,2.0,327.06,245.0,247.22,2.61,4.29,4.29,13.75,13.86,13.69,25.7,28.86,555.0,633.0,1.04,0.28,22.0,5.0,17.0,5.0,regular
8480825,2025,Patrick Giles,SJS,R,5on5,3,1525.0,35.0,0.63,0.41,0.36,0.42,0.4,0.36,0.37,34.0,1.41,0.02,0.08,0.35,0.04,0.88,0.63,0.02,0.02,0.02,0.0,1.0,2.0,0.0,3.0,5.0,1.0,0.0,0.0,0.0,0.0,0.0,2.0,0.0,2.0,2.0,0.0,0.0,9.0,3.0,0.0,1.0,2.0,0.0,0.0,0.02,0.0,0.0,0.0,0.0,0.0,4.96,2.0,1.89,0.0,0.02,0.0,0.0,0.04,0.04,0.04,35.0,2.0,7.0,4.0,22.0,8.0,3.0,3.0,21.0,9.0,6.0,8148.0,0.0,0.0,0.0,2.0,7.46,0.88,0.79,0.89,0.8,9.0,1.0,9.0,19.0,1.0,1.0,0.0,7.0,1.0,2.0,0.18,0.11,0.58,0.0,1.0,0.0,19.18,10.0,9.92,0.12,0.25,0.25,0.75,0.75,0.74,13.8,1.23,1.18,1.28,1.22,10.0,8.0,8.0,26.0,0.0,2.0,0.0,14.0,2.0,2.0,0.44,0.33,0.46,0.0,0.0,0.0,26.29,18.0,18.47,0.2,0.46,0.46,0.97,1.0,0.98,2.92,5.09,99.0,151.0,0.0,0.1,1.0,3.0,0.0,2.0,regular
8483630,2025,Pavol Regenda,SJS,L,5on5,16,11105.0,239.0,9.69,0.48,0.46,0.5,0.46,0.48,0.46,112.0,27.77,4.33,2.07,6.14,0.91,12.43,9.12,4.04,4.29,4.01,1.0,0.0,24.0,11.0,3.0,38.0,5.0,4.0,4.0,1.0,4.0,0.0,12.0,11.0,20.0,31.0,5.0,10.0,5.0,34.0,2.0,6.0,17.0,9.0,9.0,0.49,1.03,2.81,0.0,2.0,2.0,38.43,35.0,35.03,1.0,0.45,0.82,2.04,2.74,2.75,2.74,239.0,20.0,34.0,36.0,149.0,34.0,41.0,36.0,128.0,5.0,2.0,35338.0,10.0,8.0,4.0,3.0,89.25,8.7,8.31,8.75,8.36,89.0,32.0,55.0,176.0,9.0,11.0,2.0,90.0,18.0,13.0,2.73,2.17,3.8,1.0,5.0,3.0,180.59,121.0,122.52,1.21,2.61,2.9,7.01,7.14,7.05,96.01,9.51,8.68,9.58,8.72,82.0,47.0,48.0,177.0,6.0,16.0,1.0,96.0,19.0,14.0,3.3,2.35,3.86,5.0,0.0,1.0,175.54,129.0,128.33,1.54,4.06,4.06,6.99,6.94,6.75,21.59,25.74,466.0,549.0,0.27,0.1,5.0,4.0,3.0,4.0,regular
8480798,2025,Philipp Kurashev,SJS,C,5on5,33,25763.0,520.0,12.67,0.45,0.44,0.46,0.42,0.43,0.41,180.0,34.54,2.84,2.3,7.77,1.11,19.54,14.44,2.79,2.82,2.77,6.0,3.0,37.0,11.0,22.0,70.0,14.0,5.0,1.0,0.0,7.0,0.0,23.0,12.0,32.0,43.0,4.0,8.0,13.0,33.0,4.0,26.0,35.0,12.0,1.0,1.27,1.37,0.2,2.0,3.0,0.0,69.95,48.0,47.95,7.0,0.47,0.03,0.0,3.31,3.29,3.23,520.0,40.0,58.0,100.0,322.0,78.0,90.0,80.0,272.0,13.0,11.0,68585.0,8.0,12.0,6.0,7.0,169.65,14.72,14.28,14.78,14.34,157.0,74.0,131.0,362.0,19.0,11.0,3.0,169.0,49.0,13.0,5.26,5.87,3.59,7.0,10.0,2.0,359.74,231.0,230.8,2.35,2.48,2.48,14.6,14.68,14.5,223.28,18.07,17.22,18.08,17.22,202.0,107.0,115.0,424.0,18.0,23.0,0.0,234.0,59.0,16.0,6.48,7.51,4.08,7.0,9.0,2.0,424.4,309.0,309.8,3.18,4.41,4.41,16.85,16.83,16.58,39.84,49.72,893.0,1212.0,0.29,1.09,9.0,24.0,7.0,18.0,regular
8471817,2025,Ryan Reaves,SJS,R,5on5,46,21866.0,501.0,-1.64,0.45,0.47,0.43,0.46,0.43,0.45,506.0,28.67,3.56,2.19,7.03,1.0,13.14,10.08,3.41,3.6,3.44,0.0,0.0,23.0,14.0,14.0,51.0,3.0,3.0,5.0,1.0,2.0,0.0,14.0,13.0,20.0,34.0,10.0,32.0,0.0,142.0,7.0,17.0,22.0,10.0,5.0,0.86,1.3,1.4,0.0,1.0,2.0,51.27,37.0,37.16,3.0,0.47,0.77,1.05,2.98,3.0,2.95,501.0,47.0,47.0,116.0,291.0,67.0,82.0,58.0,294.0,0.0,2.0,110265.0,32.0,28.0,8.0,15.0,133.37,12.37,11.92,12.42,11.95,122.0,61.0,82.0,265.0,8.0,16.0,1.0,137.0,32.0,14.0,4.02,4.33,4.03,2.0,3.0,3.0,268.14,183.0,183.78,2.02,2.73,2.73,11.66,11.71,11.53,179.51,14.89,14.27,14.94,14.31,176.0,70.0,104.0,350.0,20.0,20.0,1.0,190.0,40.0,16.0,5.5,4.86,4.54,12.0,5.0,3.0,352.22,246.0,248.22,2.52,3.64,3.64,13.78,13.93,13.69,73.91,83.67,1576.0,1858.0,0.32,0.71,10.0,23.0,8.0,14.0,regular
8484806,2025,Sam Dickinson,SJS,D,5on5,45,39073.0,749.0,2.0,0.45,0.45,0.44,0.45,0.43,0.44,200.0,41.21,1.92,2.36,11.9,1.32,23.62,16.87,1.91,1.96,1.94,2.0,4.0,40.0,18.0,41.0,99.0,7.0,1.0,3.0,0.0,8.0,0.0,19.0,27.0,39.0,57.0,6.0,12.0,0.0,39.0,10.0,44.0,53.0,4.0,1.0,1.19,0.48,0.25,0.0,1.0,0.0,99.19,58.0,58.45,33.0,0.48,0.36,0.09,2.32,2.35,2.34,749.0,58.0,78.0,130.0,483.0,100.0,130.0,82.0,437.0,0.0,0.0,90868.0,12.0,6.0,3.0,38.0,269.65,25.2,24.05,25.19,24.08,254.0,109.0,169.0,532.0,30.0,35.0,6.0,264.0,71.0,28.0,8.28,8.87,8.04,13.0,14.0,3.0,535.17,363.0,364.67,3.89,7.58,7.63,21.45,21.64,21.3,359.05,30.33,29.23,30.5,29.39,315.0,174.0,195.0,684.0,33.0,35.0,1.0,367.0,94.0,28.0,10.8,11.5,8.04,16.0,13.0,4.0,688.3,489.0,490.7,5.21,7.03,7.03,28.52,28.65,28.19,54.1,67.1,1219.0,1497.0,2.42,0.17,60.0,4.0,45.0,4.0,regular
8482166,2025,Shakir Mukhamadullin,SJS,D,5on5,25,21845.0,448.0,1.95,0.44,0.47,0.43,0.48,0.44,0.46,111.0,21.61,0.65,1.18,6.06,0.69,12.98,9.44,0.64,0.65,0.64,1.0,3.0,22.0,9.0,23.0,54.0,7.0,3.0,2.0,0.0,7.0,0.0,8.0,11.0,19.0,28.0,6.0,12.0,0.0,12.0,3.0,27.0,31.0,0.0,0.0,0.65,0.0,0.0,3.0,0.0,0.0,54.16,31.0,31.0,16.0,0.23,0.05,0.0,0.89,0.88,0.87,448.0,44.0,45.0,77.0,282.0,53.0,64.0,55.0,276.0,0.0,0.0,51415.0,12.0,2.0,1.0,29.0,155.74,13.64,12.97,13.7,13.03,147.0,67.0,78.0,292.0,16.0,21.0,3.0,160.0,36.0,18.0,4.5,4.37,4.77,9.0,4.0,3.0,294.19,214.0,215.88,2.23,3.6,3.6,12.27,12.32,12.15,200.04,17.16,16.38,17.19,16.42,190.0,87.0,106.0,383.0,21.0,23.0,3.0,209.0,53.0,15.0,6.13,6.39,4.63,8.0,10.0,3.0,382.54,277.0,276.13,2.81,5.36,5.36,14.61,14.66,14.45,33.27,37.97,762.0,839.0,1.16,0.04,37.0,3.0,24.0,3.0,regular
8480043,2025,Timothy Liljegren,SJS,D,5on5,41,40631.0,804.0,1.95,0.48,0.44,0.42,0.44,0.42,0.43,129.0,35.1,1.33,2.02,10.14,1.17,21.24,15.1,1.31,1.37,1.34,5.0,3.0,29.0,22.0,32.0,83.0,8.0,0.0,6.0,0.0,7.0,0.0,19.0,19.0,29.0,51.0,12.0,27.0,0.0,35.0,3.0,37.0,48.0,3.0,0.0,0.97,0.36,0.0,0.0,0.0,0.0,84.02,51.0,51.76,26.0,0.41,1.4,0.02,1.72,1.75,1.72,804.0,62.0,122.0,148.0,472.0,103.0,112.0,104.0,485.0,0.0,0.0,77177.0,27.0,15.0,6.0,59.0,259.55,25.59,24.65,25.55,24.63,240.0,111.0,164.0,515.0,25.0,35.0,8.0,246.0,75.0,30.0,7.88,9.39,8.32,9.0,11.0,5.0,520.86,351.0,354.14,3.8,7.63,7.63,21.76,21.82,21.52,353.43,28.04,27.18,28.06,27.19,304.0,182.0,214.0,700.0,31.0,38.0,4.0,376.0,82.0,28.0,11.14,10.11,6.79,19.0,9.0,3.0,697.05,486.0,484.96,5.03,6.16,6.16,26.91,26.96,26.47,45.88,57.35,1017.0,1311.0,3.39,0.16,64.0,12.0,44.0,8.0,regular
8480848,2025,Ty Dellandrea,SJS,C,5on5,42,28572.0,611.0,1.08,0.37,0.48,0.39,0.46,0.37,0.45,297.0,42.26,4.44,3.01,10.46,1.68,20.25,15.17,4.21,4.42,4.19,6.0,2.0,40.0,15.0,20.0,75.0,9.0,1.0,4.0,0.0,7.0,1.0,19.0,23.0,39.0,54.0,8.0,16.0,188.0,113.0,6.0,23.0,34.0,15.0,6.0,0.99,1.89,1.56,0.0,0.0,1.0,73.92,55.0,54.43,7.0,0.64,0.85,1.32,3.76,3.75,3.69,611.0,49.0,89.0,94.0,379.0,96.0,95.0,96.0,324.0,188.0,160.0,93511.0,16.0,26.0,14.0,27.0,172.92,13.91,13.16,13.74,13.01,155.0,83.0,109.0,347.0,12.0,22.0,3.0,189.0,34.0,15.0,5.02,4.56,4.33,5.0,2.0,5.0,344.67,238.0,236.87,2.39,4.44,4.44,11.86,11.79,11.58,289.76,23.54,22.76,23.82,23.01,261.0,136.0,155.0,552.0,30.0,29.0,1.0,307.0,67.0,23.0,9.24,8.32,5.98,16.0,11.0,3.0,558.65,397.0,400.54,4.05,5.4,5.4,22.19,22.36,22.01,61.81,66.27,1317.0,1531.0,1.11,0.82,21.0,15.0,18.0,11.0,regular
8475726,2025,Tyler Toffoli,SJS,C,5on5,54,39364.0,889.0,32.3,0.48,0.45,0.47,0.44,0.47,0.43,359.0,78.16,6.53,5.06,18.97,2.62,41.95,32.86,6.44,6.62,6.53,9.0,6.0,74.0,34.0,57.0,165.0,23.0,8.0,9.0,0.0,20.0,0.0,29.0,42.0,66.0,100.0,3.0,6.0,4.0,36.0,11.0,30.0,82.0,19.0,7.0,2.54,2.45,1.54,5.0,3.0,0.0,167.91,108.0,109.85,11.0,1.05,2.17,0.88,6.7,6.82,6.77,889.0,111.0,96.0,180.0,502.0,91.0,127.0,109.0,562.0,4.0,13.0,116861.0,6.0,8.0,4.0,23.0,295.48,24.56,23.65,24.55,23.65,276.0,131.0,174.0,581.0,32.0,26.0,3.0,314.0,67.0,26.0,9.48,8.07,7.01,16.0,13.0,3.0,580.54,407.0,408.02,3.96,5.14,5.46,23.06,23.2,22.89,334.92,26.58,25.32,26.63,25.36,289.0,171.0,193.0,653.0,28.0,31.0,2.0,357.0,79.0,24.0,9.91,9.55,7.11,15.0,10.0,3.0,653.71,460.0,459.94,4.65,7.24,7.24,24.0,24.02,23.64,72.32,88.93,1555.0,1968.0,1.51,1.46,27.0,22.0,23.0,16.0,regular
8479576,2025,Vincent Desharnais,SJS,D,5on5,27,20785.0,438.0,0.68,0.47,0.43,0.43,0.46,0.42,0.44,144.0,17.14,0.56,0.88,4.9,0.58,10.54,7.54,0.54,0.58,0.56,0.0,3.0,17.0,8.0,21.0,46.0,4.0,1.0,2.0,1.0,6.0,0.0,7.0,9.0,16.0,24.0,9.0,18.0,0.0,40.0,2.0,19.0,24.0,1.0,0.0,0.4,0.16,0.0,0.0,1.0,0.0,46.95,25.0,25.29,17.0,0.17,0.42,0.22,0.51,0.52,0.51,438.0,29.0,44.0,71.0,294.0,66.0,54.0,57.0,261.0,0.0,0.0,56200.0,18.0,8.0,4.0,32.0,128.79,11.51,11.03,11.58,11.11,126.0,52.0,94.0,272.0,13.0,15.0,1.0,133.0,32.0,13.0,3.79,4.05,3.68,5.0,7.0,1.0,277.09,178.0,180.39,1.81,3.36,3.23,10.09,10.27,10.06,179.98,12.77,12.21,12.64,12.09,177.0,70.0,112.0,359.0,13.0,15.0,1.0,197.0,41.0,9.0,5.35,4.71,2.71,6.0,5.0,2.0,353.8,247.0,243.99,2.44,2.88,2.88,12.33,12.17,11.98,30.85,40.15,778.0,917.0,1.74,0.16,35.0,6.0,27.0,5.0,regular
8482861,2025,Vincent Iorio,SJS,D,5on5,21,18314.0,363.0,-0.8,0.41,0.52,0.44,0.49,0.43,0.49,97.0,14.2,0.43,0.82,3.89,0.47,8.98,6.42,0.43,0.43,0.43,1.0,2.0,10.0,11.0,13.0,34.0,3.0,0.0,0.0,0.0,5.0,0.0,11.0,5.0,10.0,21.0,6.0,12.0,0.0,11.0,4.0,13.0,21.0,0.0,0.0,0.43,0.0,0.0,0.0,0.0,0.0,33.51,21.0,20.97,12.0,0.16,0.0,0.0,0.59,0.59,0.59,363.0,35.0,32.0,66.0,230.0,54.0,61.0,41.0,207.0,0.0,0.0,42621.0,12.0,0.0,0.0,28.0,126.74,11.33,11.06,11.3,11.02,109.0,67.0,72.0,248.0,14.0,13.0,3.0,131.0,34.0,11.0,4.11,4.6,2.63,4.0,7.0,3.0,246.05,176.0,175.98,1.89,2.23,2.53,10.7,10.68,10.55,169.91,16.32,15.21,16.49,15.37,158.0,74.0,82.0,314.0,19.0,26.0,2.0,163.0,46.0,23.0,4.67,5.42,6.23,12.0,5.0,2.0,320.6,232.0,235.88,2.55,5.49,5.49,13.38,13.56,13.26,32.22,30.19,622.0,648.0,0.86,0.06,19.0,5.0,15.0,5.0,regular
8484227,2025,Will Smith,SJS,C,5on5,41,33802.0,679.0,31.12,0.44,0.46,0.46,0.43,0.44,0.42,189.0,69.03,7.53,4.78,17.24,2.52,33.53,24.41,7.08,7.7,7.21,9.0,3.0,58.0,32.0,38.0,128.0,23.0,11.0,3.0,4.0,10.0,0.0,38.0,28.0,47.0,79.0,4.0,8.0,10.0,9.0,8.0,35.0,55.0,25.0,10.0,1.97,2.9,2.66,5.0,3.0,3.0,130.06,90.0,91.71,10.0,1.0,0.41,1.84,6.69,6.8,6.7,679.0,91.0,63.0,123.0,402.0,63.0,111.0,108.0,397.0,10.0,21.0,83839.0,8.0,12.0,6.0,8.0,251.02,21.55,20.84,21.88,21.15,239.0,100.0,146.0,485.0,29.0,23.0,5.0,247.0,68.0,24.0,7.35,8.09,6.11,15.0,9.0,5.0,490.34,339.0,343.8,3.5,3.52,3.84,21.2,21.48,21.19,317.42,27.65,26.23,27.48,26.05,282.0,151.0,144.0,577.0,21.0,39.0,3.0,314.0,88.0,31.0,8.65,10.66,8.33,9.0,9.0,3.0,570.72,433.0,428.6,4.6,7.89,7.89,24.35,24.13,23.78,45.96,54.92,1092.0,1435.0,0.32,1.66,13.0,22.0,6.0,18.0,regular
8482667,2025,William Eklund,SJS,L,5on5,50,44595.0,860.0,29.94,0.47,0.45,0.47,0.44,0.47,0.43,159.0,89.37,9.07,6.7,19.39,2.95,47.23,35.66,8.62,9.03,8.6,7.0,6.0,85.0,36.0,27.0,148.0,20.0,7.0,12.0,2.0,12.0,0.0,42.0,48.0,78.0,114.0,11.0,22.0,1.0,42.0,11.0,44.0,87.0,24.0,10.0,3.28,3.35,2.44,2.0,4.0,1.0,147.35,121.0,120.77,10.0,1.41,2.75,1.88,8.59,8.6,8.45,860.0,95.0,112.0,150.0,503.0,115.0,107.0,148.0,490.0,1.0,9.0,100141.0,22.0,30.0,15.0,33.0,338.26,30.05,28.73,29.99,28.67,313.0,148.0,192.0,653.0,29.0,39.0,4.0,343.0,84.0,34.0,10.57,10.58,8.91,10.0,15.0,4.0,652.43,461.0,460.88,4.88,7.36,7.74,27.2,27.37,26.87,376.06,33.42,31.62,33.31,31.52,335.0,178.0,209.0,722.0,42.0,43.0,8.0,382.0,94.0,37.0,11.15,11.71,10.56,20.0,15.0,7.0,723.34,513.0,513.59,5.22,9.21,9.21,29.42,29.48,28.79,61.2,75.81,1329.0,1714.0,0.69,1.06,23.0,37.0,15.0,27.0,regular
8482859,2025,Zack Ostapchuk,SJS,C,5on5,31,16659.0,391.0,1.39,0.4,0.46,0.42,0.45,0.44,0.45,319.0,22.93,2.7,1.7,5.11,0.73,11.29,8.49,2.62,2.71,2.63,1.0,0.0,23.0,7.0,7.0,37.0,4.0,3.0,3.0,0.0,2.0,0.0,10.0,12.0,20.0,27.0,4.0,8.0,128.0,77.0,5.0,8.0,19.0,6.0,5.0,0.64,0.75,1.3,1.0,1.0,1.0,38.15,30.0,30.84,4.0,0.36,0.28,1.04,2.02,2.05,2.03,391.0,33.0,43.0,88.0,227.0,46.0,60.0,44.0,241.0,128.0,103.0,72619.0,8.0,16.0,8.0,11.0,105.74,8.24,8.06,8.26,8.08,97.0,48.0,58.0,203.0,5.0,14.0,1.0,112.0,26.0,7.0,3.18,3.26,1.81,1.0,2.0,2.0,206.22,145.0,147.15,1.44,1.96,1.96,7.72,7.74,7.65,136.44,12.14,11.57,12.11,11.54,129.0,58.0,91.0,278.0,11.0,15.0,0.0,136.0,38.0,13.0,3.9,4.67,3.58,5.0,5.0,1.0,276.89,187.0,186.13,1.99,2.91,2.91,11.22,11.28,11.03,49.06,58.55,1027.0,1235.0,0.72,0.28,19.0,7.0,13.0,5.0,regular
8483463,2025,Aleksanteri Kaskimaki,STL,C,5on5,5,2957.0,71.0,-0.7,0.27,0.45,0.44,0.48,0.46,0.48,47.0,4.59,0.16,0.26,1.37,0.18,2.91,2.12,0.16,0.16,0.16,0.0,0.0,5.0,2.0,0.0,7.0,0.0,0.0,0.0,0.0,3.0,0.0,1.0,3.0,5.0,7.0,0.0,0.0,1.0,2.0,0.0,2.0,7.0,0.0,0.0,0.16,0.0,0.0,0.0,0.0,0.0,6.57,7.0,6.66,2.0,0.05,0.0,0.0,0.21,0.21,0.21,71.0,8.0,7.0,7.0,49.0,14.0,10.0,12.0,35.0,1.0,1.0,11565.0,0.0,2.0,1.0,3.0,19.91,1.06,1.02,1.07,1.03,21.0,7.0,9.0,37.0,1.0,1.0,0.0,24.0,3.0,1.0,0.51,0.35,0.21,1.0,0.0,0.0,35.61,28.0,27.3,0.24,0.11,0.11,1.19,1.19,1.17,25.2,2.88,2.79,2.87,2.78,23.0,10.0,15.0,48.0,7.0,3.0,2.0,22.0,6.0,5.0,0.74,0.84,1.3,1.0,2.0,4.0,48.1,33.0,32.81,0.39,0.73,0.73,2.54,2.54,2.48,7.87,9.48,177.0,189.0,0.01,0.0,1.0,0.0,1.0,0.0,regular
8480281,2025,Alexey Toropchenko,STL,R,5on5,40,24932.0,616.0,-1.14,0.42,0.5,0.38,0.49,0.41,0.49,408.0,40.67,4.58,2.95,9.51,1.28,20.26,14.41,4.46,4.53,4.41,3.0,0.0,36.0,17.0,11.0,64.0,4.0,1.0,2.0,1.0,11.0,0.0,17.0,22.0,35.0,52.0,4.0,14.0,1.0,88.0,3.0,19.0,33.0,13.0,7.0,1.21,1.71,1.66,0.0,1.0,0.0,63.46,53.0,52.54,3.0,0.63,0.39,0.56,4.65,4.6,4.58,616.0,39.0,90.0,111.0,376.0,92.0,89.0,70.0,365.0,1.0,0.0,96637.0,14.0,9.0,3.0,32.0,149.63,12.11,11.69,11.92,11.51,132.0,68.0,72.0,272.0,11.0,13.0,1.0,155.0,31.0,14.0,4.48,3.93,3.69,7.0,4.0,0.0,266.92,200.0,197.42,2.04,2.98,2.98,11.1,11.01,10.86,211.3,16.74,16.15,16.85,16.27,190.0,99.0,146.0,435.0,24.0,18.0,3.0,228.0,45.0,16.0,6.46,5.75,4.53,12.0,9.0,3.0,440.61,289.0,290.29,2.86,4.31,4.31,15.28,15.38,15.1,62.29,62.2,1400.0,1468.0,0.81,0.46,17.0,19.0,15.0,13.0,regular
8475170,2025,Brayden Schenn,STL,C,5on5,56,47482.0,1022.0,18.59,0.5,0.48,0.48,0.47,0.47,0.48,205.0,68.34,9.17,5.03,16.32,2.36,33.49,24.63,8.77,9.4,8.99,7.0,2.0,58.0,33.0,31.0,122.0,17.0,8.0,6.0,1.0,17.0,0.0,27.0,33.0,50.0,83.0,16.0,47.0,258.0,123.0,13.0,35.0,55.0,19.0,17.0,1.94,2.52,4.71,4.0,2.0,2.0,122.85,91.0,92.41,7.0,1.07,1.0,3.28,6.96,7.08,6.98,1022.0,139.0,126.0,167.0,590.0,142.0,155.0,141.0,584.0,258.0,239.0,120768.0,47.0,39.0,12.0,22.0,363.27,32.62,31.54,32.87,31.78,321.0,176.0,207.0,704.0,26.0,44.0,3.0,367.0,97.0,33.0,11.09,12.19,9.34,11.0,11.0,4.0,702.17,497.0,499.89,5.07,7.64,7.64,30.04,30.17,29.74,414.41,32.17,30.77,32.48,31.08,382.0,182.0,203.0,767.0,39.0,44.0,7.0,454.0,78.0,32.0,12.88,9.96,9.34,17.0,14.0,8.0,775.58,564.0,568.23,5.47,9.33,9.33,28.31,28.68,28.13,74.39,80.02,1663.0,1850.0,1.01,1.02,21.0,31.0,17.0,25.0,regular
8475764,2025,Cam Fowler,STL,D,5on5,56,59508.0,1250.0,14.55,0.47,0.5,0.49,0.47,0.48,0.48,177.0,56.22,2.52,3.01,15.89,1.86,33.39,24.31,2.43,2.52,2.43,3.0,5.0,54.0,27.0,69.0,150.0,9.0,1.0,5.0,0.0,20.0,0.0,31.0,24.0,53.0,80.0,6.0,12.0,0.0,8.0,10.0,45.0,78.0,2.0,1.0,1.9,0.28,0.35,1.0,0.0,0.0,147.46,81.0,81.12,29.0,0.61,0.97,0.54,2.59,2.58,2.5,1250.0,160.0,139.0,191.0,760.0,147.0,185.0,158.0,760.0,0.0,0.0,108742.0,12.0,6.0,3.0,40.0,471.66,39.88,38.3,39.91,38.33,422.0,221.0,265.0,908.0,33.0,55.0,7.0,482.0,124.0,37.0,14.26,15.1,10.52,12.0,17.0,4.0,902.51,643.0,644.49,6.49,10.93,10.93,35.45,35.4,34.72,514.83,44.64,42.5,44.77,42.66,459.0,239.0,255.0,953.0,49.0,52.0,8.0,531.0,117.0,50.0,15.3,15.13,14.21,26.0,14.0,9.0,961.45,698.0,699.59,7.05,12.44,12.44,39.19,39.39,38.62,67.12,67.56,1459.0,1664.0,4.66,0.45,76.0,14.0,64.0,12.0,regular
8476892,2025,Colton Parayko,STL,D,5on5,56,63780.0,1322.0,9.17,0.52,0.47,0.45,0.49,0.46,0.49,127.0,74.3,3.11,4.29,20.12,2.43,44.81,32.22,3.02,3.04,2.95,6.0,6.0,67.0,40.0,50.0,157.0,13.0,1.0,10.0,0.0,14.0,0.0,44.0,38.0,66.0,106.0,6.0,12.0,0.0,56.0,20.0,53.0,104.0,2.0,1.0,2.38,0.31,0.42,1.0,0.0,0.0,154.69,107.0,105.92,34.0,0.87,1.84,0.47,3.51,3.45,3.39,1322.0,127.0,182.0,206.0,807.0,177.0,129.0,189.0,827.0,0.0,0.0,104470.0,12.0,16.0,8.0,112.0,467.12,43.15,41.06,42.9,40.84,414.0,220.0,229.0,863.0,37.0,67.0,7.0,452.0,137.0,45.0,13.65,16.64,12.86,15.0,15.0,7.0,858.93,634.0,633.97,6.76,12.35,12.28,37.55,37.46,36.8,535.85,40.53,38.98,40.74,39.22,481.0,255.0,317.0,1053.0,50.0,47.0,4.0,589.0,111.0,36.0,16.93,13.63,9.96,27.0,15.0,8.0,1060.94,736.0,739.83,7.15,9.41,9.41,38.26,38.54,37.78,63.86,71.67,1504.0,1564.0,4.08,0.15,118.0,5.0,88.0,4.0,regular
8484164,2025,Dalibor Dvorsky,STL,R,5on5,46,33523.0,757.0,9.96,0.43,0.49,0.46,0.47,0.47,0.47,336.0,45.77,3.87,2.9,10.33,1.45,23.81,18.65,3.82,3.78,3.73,1.0,3.0,41.0,20.0,12.0,73.0,8.0,4.0,4.0,0.0,9.0,1.0,27.0,16.0,37.0,57.0,6.0,12.0,192.0,64.0,5.0,32.0,43.0,13.0,5.0,1.19,1.42,1.26,2.0,1.0,1.0,71.7,61.0,60.33,14.0,0.6,0.74,0.95,3.52,3.45,3.43,757.0,110.0,58.0,126.0,463.0,115.0,125.0,87.0,430.0,192.0,216.0,105056.0,12.0,8.0,4.0,16.0,236.45,18.24,17.53,18.21,17.52,230.0,94.0,121.0,445.0,19.0,29.0,2.0,257.0,48.0,19.0,7.16,5.79,5.29,10.0,7.0,2.0,441.1,324.0,324.22,3.08,4.99,4.99,16.33,16.31,16.08,277.07,23.97,22.96,24.28,23.24,246.0,126.0,157.0,529.0,22.0,34.0,3.0,280.0,61.0,31.0,7.86,7.67,8.44,10.0,8.0,4.0,538.01,372.0,375.75,3.84,7.56,7.56,20.25,20.55,20.24,66.54,69.08,1460.0,1665.0,0.58,0.34,23.0,18.0,14.0,12.0,regular
8482077,2025,Dylan Holloway,STL,L,5on5,34,29884.0,613.0,17.74,0.53,0.47,0.5,0.47,0.5,0.47,114.0,61.53,5.84,4.09,15.76,2.0,32.06,23.26,5.72,5.81,5.7,4.0,3.0,61.0,22.0,36.0,119.0,14.0,7.0,6.0,0.0,11.0,0.0,24.0,35.0,54.0,76.0,4.0,11.0,8.0,88.0,3.0,14.0,58.0,19.0,6.0,1.81,2.41,1.62,5.0,2.0,0.0,119.45,83.0,83.16,5.0,0.86,1.56,1.61,5.09,5.13,5.08,613.0,93.0,51.0,106.0,363.0,88.0,88.0,103.0,334.0,8.0,9.0,73137.0,11.0,11.0,4.0,26.0,234.89,20.41,19.62,20.49,19.7,214.0,107.0,126.0,447.0,21.0,32.0,4.0,243.0,56.0,22.0,7.25,7.04,6.12,9.0,9.0,3.0,446.21,321.0,322.35,3.25,6.43,6.43,17.23,17.34,17.07,231.69,18.32,17.85,18.41,17.94,220.0,98.0,133.0,451.0,29.0,16.0,1.0,247.0,55.0,16.0,7.03,7.2,4.1,14.0,12.0,3.0,452.32,318.0,318.1,3.11,3.02,3.02,18.42,18.52,18.21,45.3,51.91,1027.0,1144.0,0.68,0.59,16.0,12.0,13.0,11.0,regular
8481070,2025,Hugh McGing,STL,L,5on5,3,1839.0,48.0,1.38,0.29,0.41,0.41,0.48,0.41,0.48,25.0,3.16,0.33,0.19,0.8,0.09,1.5,1.09,0.32,0.31,0.3,1.0,0.0,4.0,0.0,1.0,5.0,2.0,1.0,0.0,0.0,1.0,0.0,2.0,0.0,3.0,3.0,0.0,0.0,2.0,0.0,1.0,2.0,2.0,2.0,0.0,0.07,0.25,0.0,0.0,1.0,0.0,4.85,4.0,3.79,0.0,0.04,0.0,0.16,0.2,0.2,0.2,48.0,4.0,2.0,10.0,32.0,11.0,8.0,6.0,23.0,2.0,0.0,6970.0,0.0,0.0,0.0,2.0,12.28,0.74,0.73,0.71,0.7,10.0,7.0,5.0,22.0,2.0,1.0,0.0,15.0,2.0,0.0,0.48,0.25,0.0,1.0,1.0,0.0,20.87,17.0,16.33,0.14,0.16,0.16,0.72,0.7,0.7,18.25,1.83,1.75,1.9,1.82,20.0,4.0,8.0,32.0,2.0,3.0,2.0,16.0,5.0,3.0,0.43,0.69,0.71,0.0,0.0,2.0,33.67,24.0,24.79,0.26,0.68,0.68,1.42,1.49,1.44,3.45,4.91,93.0,101.0,0.02,0.0,1.0,0.0,1.0,0.0,regular
8481715,2025,Hunter Skinner,STL,D,5on5,1,645.0,16.0,0.0,0.36,0.55,0.36,0.48,0.36,0.44,6.0,0.0,0.0,0.0,0.0,0.0,0.0,0.0,0.0,0.0,0.0,0.0,0.0,0.0,0.0,1.0,1.0,0.0,0.0,0.0,0.0,0.0,0.0,0.0,0.0,0.0,0.0,0.0,0.0,0.0,4.0,0.0,0.0,0.0,0.0,0.0,0.0,0.0,0.0,0.0,0.0,0.0,1.03,0.0,0.0,0.0,0.0,0.0,0.0,0.0,0.0,0.0,16.0,1.0,0.0,4.0,11.0,2.0,0.0,2.0,12.0,0.0,0.0,3015.0,0.0,0.0,0.0,1.0,2.93,0.27,0.26,0.27,0.26,4.0,0.0,1.0,5.0,2.0,1.0,0.0,3.0,1.0,0.0,0.1,0.17,0.0,2.0,0.0,0.0,5.13,4.0,4.15,0.04,0.17,0.17,0.13,0.13,0.13,5.21,0.47,0.47,0.47,0.47,5.0,2.0,2.0,9.0,1.0,0.0,0.0,5.0,2.0,0.0,0.12,0.36,0.0,0.0,1.0,0.0,8.7,7.0,6.73,0.06,0.0,0.0,0.53,0.53,0.53,1.5,1.25,34.0,37.0,0.03,0.0,1.0,0.0,1.0,0.0,regular
8482089,2025,Jake Neighbours,STL,L,5on5,43,33587.0,758.0,21.24,0.51,0.49,0.48,0.48,0.48,0.48,237.0,57.79,7.71,4.57,13.21,1.85,26.91,19.75,7.33,7.84,7.46,4.0,3.0,49.0,25.0,18.0,92.0,19.0,12.0,3.0,3.0,8.0,0.0,25.0,26.0,37.0,62.0,10.0,20.0,2.0,102.0,9.0,27.0,37.0,27.0,10.0,1.51,3.31,2.9,3.0,6.0,3.0,93.1,74.0,75.04,7.0,0.98,0.72,2.41,6.28,6.42,6.32,758.0,113.0,93.0,112.0,440.0,89.0,119.0,115.0,435.0,2.0,5.0,94016.0,20.0,26.0,12.0,20.0,258.62,22.45,21.52,22.62,21.69,235.0,118.0,136.0,489.0,28.0,26.0,3.0,265.0,68.0,20.0,8.57,8.28,5.6,12.0,12.0,4.0,489.47,353.0,355.67,3.64,5.25,5.25,20.84,21.05,20.69,277.57,21.58,20.6,21.53,20.57,229.0,150.0,142.0,521.0,31.0,27.0,7.0,299.0,61.0,19.0,8.52,7.93,5.13,18.0,7.0,6.0,524.41,379.0,380.66,3.67,5.24,5.24,19.95,19.91,19.35,61.93,64.3,1325.0,1449.0,0.67,0.95,23.0,17.0,17.0,14.0,regular
8483516,2025,Jimmy Snuggerud,STL,R,5on5,44,35677.0,775.0,19.72,0.46,0.5,0.47,0.47,0.46,0.48,208.0,88.92,8.46,6.01,21.95,2.96,45.84,33.78,7.97,8.55,8.06,5.0,4.0,72.0,47.0,36.0,155.0,14.0,5.0,11.0,3.0,10.0,0.0,42.0,51.0,67.0,114.0,5.0,10.0,2.0,47.0,13.0,23.0,84.0,28.0,7.0,2.93,3.58,1.95,0.0,4.0,1.0,155.06,119.0,120.2,9.0,1.27,2.16,2.87,6.86,6.94,6.81,775.0,103.0,88.0,126.0,458.0,99.0,97.0,99.0,480.0,2.0,1.0,97514.0,10.0,16.0,8.0,25.0,272.22,24.47,23.25,24.66,23.42,232.0,134.0,158.0,524.0,19.0,35.0,6.0,267.0,70.0,29.0,7.94,8.55,7.97,8.0,8.0,3.0,523.05,366.0,367.81,3.79,6.32,6.32,21.93,22.05,21.49,320.23,28.32,26.87,28.32,26.91,274.0,164.0,156.0,594.0,24.0,32.0,4.0,337.0,71.0,30.0,10.26,9.22,8.83,11.0,7.0,6.0,602.25,438.0,440.63,4.5,7.9,7.9,24.92,25.11,24.56,60.51,60.5,1338.0,1491.0,0.9,0.41,20.0,19.0,14.0,11.0,regular
8481013,2025,Jonatan Berggren,STL,R,5on5,35,25235.0,545.0,14.22,0.46,0.53,0.51,0.5,0.48,0.52,242.0,41.31,3.54,2.66,9.61,1.43,20.92,15.84,3.46,3.58,3.49,2.0,5.0,36.0,18.0,20.0,74.0,10.0,3.0,6.0,0.0,10.0,0.0,20.0,15.0,33.0,51.0,3.0,6.0,1.0,23.0,4.0,31.0,39.0,12.0,3.0,1.3,1.54,0.7,1.0,2.0,0.0,74.17,54.0,54.15,8.0,0.56,1.14,0.58,3.53,3.54,3.47,545.0,76.0,58.0,89.0,322.0,83.0,83.0,73.0,306.0,1.0,2.0,78150.0,6.0,22.0,10.0,8.0,195.94,15.01,14.25,15.0,14.25,179.0,86.0,123.0,388.0,14.0,23.0,0.0,207.0,44.0,14.0,5.69,5.48,3.84,11.0,2.0,1.0,383.44,265.0,263.06,2.54,3.83,3.83,13.73,13.71,13.39,210.28,17.46,16.71,17.76,16.99,179.0,108.0,89.0,376.0,17.0,23.0,1.0,225.0,40.0,22.0,6.87,4.81,5.78,12.0,3.0,2.0,383.25,287.0,291.43,2.87,5.04,5.04,15.28,15.48,15.29,57.24,50.54,1218.0,1225.0,0.78,0.42,14.0,17.0,11.0,10.0,regular
8479385,2025,Jordan Kyrou,STL,R,5on5,46,36511.0,815.0,36.91,0.62,0.45,0.56,0.45,0.56,0.45,248.0,99.45,8.52,6.74,24.04,3.44,52.73,38.54,8.06,8.46,7.99,6.0,4.0,91.0,43.0,48.0,182.0,19.0,9.0,22.0,0.0,18.0,1.0,34.0,50.0,82.0,125.0,2.0,4.0,1.0,9.0,13.0,19.0,101.0,28.0,5.0,3.83,3.21,1.49,4.0,5.0,0.0,180.94,134.0,133.9,2.0,1.39,3.83,1.78,8.13,8.1,7.92,815.0,123.0,53.0,134.0,505.0,122.0,116.0,122.0,455.0,1.0,8.0,102032.0,4.0,14.0,7.0,14.0,325.42,29.81,28.43,29.66,28.3,303.0,140.0,158.0,601.0,28.0,50.0,3.0,328.0,85.0,30.0,10.62,10.71,8.48,11.0,13.0,4.0,595.69,443.0,441.82,4.64,9.27,9.27,25.19,25.11,24.61,253.7,18.24,17.93,18.44,18.13,242.0,103.0,132.0,477.0,28.0,17.0,3.0,277.0,50.0,18.0,7.16,6.19,4.9,11.0,12.0,5.0,482.92,345.0,347.88,3.21,3.81,3.81,17.58,17.82,17.66,60.31,73.33,1371.0,1686.0,0.28,1.23,7.0,24.0,2.0,19.0,regular
8475753,2025,Justin Faulk,STL,D,5on5,56,60949.0,1277.0,25.5,0.47,0.5,0.47,0.48,0.47,0.48,165.0,74.05,3.5,4.2,20.05,2.47,43.29,31.5,3.45,3.55,3.5,5.0,2.0,75.0,30.0,61.0,166.0,15.0,8.0,9.0,0.0,20.0,0.0,30.0,38.0,67.0,97.0,12.0,26.0,0.0,42.0,14.0,43.0,97.0,8.0,0.0,2.46,1.04,0.0,8.0,0.0,0.0,164.53,105.0,105.71,28.0,0.85,1.27,0.51,3.83,3.84,3.8,1277.0,127.0,149.0,206.0,795.0,154.0,188.0,178.0,757.0,0.0,0.0,107301.0,26.0,6.0,3.0,87.0,445.54,34.6,33.58,34.84,33.82,433.0,174.0,242.0,849.0,39.0,40.0,3.0,479.0,97.0,31.0,14.19,11.74,8.68,22.0,15.0,2.0,847.88,607.0,609.68,5.9,7.81,7.87,32.63,32.79,32.13,498.01,39.64,38.05,40.05,38.45,434.0,239.0,271.0,944.0,41.0,45.0,9.0,531.0,97.0,45.0,14.73,12.67,12.24,23.0,9.0,9.0,957.75,673.0,678.56,6.66,10.2,10.2,36.04,36.43,35.81,72.41,72.56,1518.0,1673.0,4.37,0.51,76.0,15.0,55.0,12.0,regular
8482733,2025,Logan Mailloux,STL,D,5on5,41,33348.0,727.0,0.33,0.46,0.5,0.49,0.48,0.48,0.49,219.0,39.93,1.33,2.21,11.29,1.3,23.21,16.66,1.26,1.31,1.25,1.0,1.0,34.0,22.0,32.0,88.0,2.0,0.0,5.0,0.0,10.0,0.0,17.0,24.0,34.0,56.0,15.0,33.0,0.0,52.0,8.0,39.0,55.0,1.0,0.0,1.17,0.16,0.0,0.0,0.0,0.0,85.2,56.0,54.95,29.0,0.44,1.06,0.0,1.77,1.75,1.67,727.0,99.0,45.0,139.0,444.0,91.0,121.0,73.0,442.0,0.0,0.0,87924.0,33.0,19.0,7.0,26.0,245.4,20.78,19.69,20.56,19.49,204.0,132.0,150.0,486.0,11.0,29.0,1.0,254.0,63.0,19.0,7.76,7.94,5.09,6.0,4.0,1.0,474.19,336.0,331.52,3.43,4.88,4.88,19.34,19.18,18.81,272.67,24.34,23.34,24.91,23.9,234.0,135.0,136.0,505.0,34.0,35.0,4.0,267.0,70.0,32.0,7.34,8.58,8.42,14.0,12.0,8.0,518.26,369.0,376.8,3.79,7.37,7.37,20.76,21.34,20.91,58.55,58.31,1266.0,1363.0,2.93,0.06,51.0,4.0,44.0,2.0,regular
8478472,2025,Mathieu Joseph,STL,R,5on5,39,27035.0,604.0,9.45,0.5,0.5,0.48,0.49,0.49,0.49,321.0,39.08,3.93,2.8,8.84,1.21,19.91,14.32,3.83,3.94,3.84,2.0,6.0,28.0,23.0,13.0,64.0,9.0,1.0,8.0,0.0,4.0,0.0,19.0,19.0,27.0,50.0,2.0,4.0,4.0,85.0,9.0,22.0,30.0,17.0,4.0,0.86,2.02,1.04,1.0,0.0,0.0,64.42,51.0,51.63,3.0,0.59,1.45,0.74,3.77,3.79,3.77,604.0,59.0,57.0,117.0,371.0,104.0,90.0,72.0,338.0,4.0,9.0,90051.0,4.0,16.0,8.0,22.0,182.29,15.24,14.67,15.16,14.6,165.0,81.0,104.0,350.0,13.0,23.0,4.0,180.0,53.0,13.0,5.41,6.39,3.43,5.0,6.0,2.0,347.79,246.0,246.16,2.48,3.79,3.79,13.92,13.91,13.7,191.55,15.43,14.87,15.65,15.1,173.0,85.0,117.0,375.0,19.0,21.0,2.0,197.0,45.0,16.0,5.45,5.97,4.01,6.0,8.0,5.0,381.59,258.0,261.17,2.64,3.53,3.53,14.54,14.84,14.59,59.78,60.23,1322.0,1376.0,0.81,0.66,24.0,11.0,15.0,7.0,regular
8479644,2025,Matt Luff,STL,R,5on5,5,2696.0,67.0,0.78,0.44,0.44,0.47,0.46,0.46,0.47,52.0,4.01,0.4,0.27,0.98,0.17,1.65,1.52,0.36,0.4,0.36,0.0,0.0,5.0,0.0,2.0,7.0,1.0,1.0,1.0,0.0,1.0,0.0,0.0,2.0,4.0,4.0,0.0,0.0,0.0,8.0,2.0,0.0,3.0,1.0,1.0,0.08,0.11,0.21,1.0,0.0,0.0,6.88,5.0,4.93,0.0,0.06,0.11,0.11,0.35,0.35,0.33,67.0,7.0,6.0,8.0,46.0,13.0,8.0,8.0,38.0,0.0,0.0,12496.0,0.0,0.0,0.0,4.0,19.18,1.29,1.24,1.24,1.2,18.0,8.0,9.0,35.0,1.0,1.0,0.0,23.0,1.0,2.0,0.74,0.11,0.44,1.0,0.0,0.0,33.56,26.0,25.05,0.27,0.11,0.11,1.45,1.4,1.37,23.43,1.62,1.61,1.7,1.69,22.0,9.0,9.0,40.0,3.0,1.0,0.0,26.0,3.0,2.0,0.75,0.33,0.55,1.0,1.0,1.0,40.09,31.0,31.42,0.28,0.34,0.34,1.56,1.59,1.59,7.07,8.88,167.0,196.0,0.18,0.06,3.0,1.0,2.0,1.0,regular
8482516,2025,Matthew Kessel,STL,D,5on5,21,14813.0,330.0,2.17,0.45,0.51,0.46,0.45,0.45,0.46,112.0,15.28,0.68,0.84,4.12,0.47,8.63,6.25,0.59,0.68,0.59,1.0,0.0,11.0,10.0,8.0,29.0,3.0,2.0,1.0,1.0,0.0,0.0,8.0,10.0,9.0,19.0,2.0,4.0,0.0,8.0,1.0,12.0,20.0,0.0,1.0,0.42,0.0,0.26,1.0,0.0,1.0,29.08,21.0,20.97,9.0,0.17,0.04,0.26,0.59,0.58,0.57,330.0,41.0,21.0,52.0,216.0,43.0,63.0,31.0,193.0,0.0,0.0,48813.0,4.0,4.0,2.0,14.0,98.67,8.0,7.72,8.03,7.76,87.0,49.0,50.0,186.0,9.0,8.0,2.0,108.0,20.0,8.0,3.14,2.64,2.23,6.0,2.0,1.0,187.03,136.0,137.25,1.33,1.61,1.61,7.72,7.78,7.68,121.06,9.82,9.39,9.81,9.4,109.0,56.0,52.0,217.0,9.0,11.0,1.0,125.0,31.0,9.0,3.09,4.13,2.6,2.0,5.0,2.0,218.87,165.0,164.95,1.6,2.15,2.15,9.28,9.29,9.17,31.7,30.27,663.0,823.0,0.62,0.36,22.0,6.0,16.0,3.0,regular
8477573,2025,Nathan Walker,STL,L,5on5,36,23441.0,537.0,7.29,0.51,0.49,0.46,0.49,0.48,0.48,317.0,37.96,4.56,2.88,9.22,1.31,18.18,12.93,4.31,4.58,4.33,4.0,3.0,33.0,17.0,9.0,59.0,11.0,4.0,5.0,0.0,3.0,0.0,18.0,20.0,29.0,46.0,9.0,22.0,47.0,141.0,2.0,17.0,28.0,15.0,7.0,0.89,1.8,1.87,1.0,3.0,0.0,58.64,50.0,49.81,10.0,0.62,1.08,1.82,3.29,3.33,3.28,537.0,35.0,66.0,95.0,341.0,85.0,85.0,73.0,294.0,47.0,39.0,85206.0,22.0,10.0,5.0,23.0,165.7,14.29,13.77,14.22,13.72,147.0,76.0,78.0,301.0,18.0,18.0,2.0,163.0,44.0,16.0,4.61,5.66,4.02,10.0,7.0,1.0,297.47,223.0,220.96,2.4,3.67,3.67,12.96,12.95,12.81,176.76,13.73,13.2,13.8,13.29,151.0,89.0,120.0,360.0,21.0,17.0,2.0,186.0,42.0,12.0,5.09,5.23,3.41,11.0,6.0,4.0,366.35,240.0,243.66,2.32,3.13,3.13,12.92,13.1,12.91,55.64,57.8,1273.0,1306.0,0.34,0.43,9.0,17.0,8.0,10.0,regular
8475760,2025,Nick Bjugstad,STL,C,5on5,35,22056.0,514.0,6.71,0.5,0.5,0.46,0.49,0.48,0.49,322.0,52.07,4.9,3.67,11.95,1.72,27.28,19.48,4.71,4.8,4.61,1.0,0.0,49.0,20.0,17.0,86.0,6.0,5.0,8.0,0.0,8.0,0.0,24.0,24.0,44.0,64.0,10.0,25.0,114.0,73.0,3.0,11.0,52.0,10.0,7.0,1.74,1.17,1.99,2.0,2.0,1.0,84.31,69.0,68.16,3.0,0.77,1.28,1.03,4.64,4.61,4.44,514.0,50.0,81.0,104.0,279.0,78.0,79.0,54.0,303.0,114.0,104.0,82529.0,25.0,21.0,9.0,17.0,165.95,13.83,13.25,13.71,13.14,142.0,80.0,79.0,301.0,8.0,18.0,0.0,169.0,37.0,16.0,4.77,4.71,4.35,5.0,2.0,1.0,296.34,222.0,219.03,2.29,3.54,3.54,12.58,12.58,12.16,175.81,13.6,12.97,13.81,13.17,148.0,94.0,112.0,354.0,14.0,16.0,2.0,187.0,45.0,10.0,5.31,5.63,2.66,9.0,3.0,2.0,361.02,242.0,245.49,2.43,2.53,2.53,13.5,13.71,13.38,54.01,54.99,1230.0,1281.0,0.81,0.46,14.0,18.0,11.0,15.0,regular
8476897,2025,Oskar Sundqvist,STL,C,5on5,42,25935.0,623.0,0.84,0.37,0.5,0.37,0.49,0.39,0.49,405.0,25.41,2.16,1.63,6.33,0.82,12.73,9.33,2.11,2.2,2.15,6.0,3.0,23.0,10.0,7.0,40.0,13.0,4.0,0.0,1.0,6.0,0.0,13.0,10.0,19.0,29.0,7.0,14.0,134.0,43.0,8.0,15.0,26.0,4.0,3.0,0.79,0.54,0.83,2.0,1.0,1.0,39.64,33.0,32.65,6.0,0.34,0.0,0.62,1.88,1.9,1.89,623.0,47.0,107.0,99.0,370.0,92.0,75.0,94.0,362.0,134.0,153.0,100389.0,14.0,12.0,6.0,17.0,154.89,11.34,11.1,11.31,11.07,137.0,75.0,76.0,288.0,16.0,8.0,2.0,166.0,39.0,7.0,4.74,4.61,1.99,10.0,5.0,1.0,283.63,212.0,209.05,2.09,1.81,1.81,11.56,11.52,11.41,242.16,19.24,18.59,19.46,18.8,204.0,127.0,157.0,488.0,28.0,22.0,5.0,258.0,53.0,20.0,7.03,6.77,5.44,13.0,8.0,7.0,492.77,331.0,333.1,3.28,5.05,5.05,17.48,17.6,17.31,69.35,68.02,1455.0,1512.0,0.48,0.29,22.0,8.0,15.0,6.0,regular
8484230,2025,Otto Stenberg,STL,C,5on5,18,13295.0,310.0,5.45,0.44,0.51,0.45,0.47,0.44,0.48,126.0,21.53,2.6,1.48,5.34,0.76,10.4,7.42,2.5,2.58,2.48,3.0,3.0,14.0,14.0,8.0,36.0,7.0,1.0,2.0,0.0,4.0,0.0,11.0,10.0,13.0,27.0,0.0,0.0,4.0,32.0,2.0,7.0,16.0,9.0,3.0,0.55,1.06,0.99,1.0,0.0,0.0,35.15,28.0,27.88,3.0,0.32,0.7,0.75,2.17,2.15,2.15,310.0,38.0,39.0,52.0,181.0,37.0,57.0,32.0,184.0,4.0,4.0,40380.0,0.0,0.0,0.0,10.0,93.46,7.72,7.51,7.72,7.51,74.0,53.0,54.0,181.0,8.0,9.0,0.0,98.0,23.0,6.0,2.97,2.95,1.8,5.0,3.0,0.0,177.91,127.0,126.8,1.23,1.86,1.86,7.08,7.11,7.05,119.27,9.81,9.22,9.99,9.39,103.0,60.0,60.0,223.0,4.0,19.0,0.0,126.0,23.0,14.0,3.44,2.58,3.79,2.0,2.0,0.0,228.86,163.0,165.74,1.59,3.71,3.71,7.7,7.88,7.7,26.84,25.33,553.0,620.0,0.6,0.53,5.0,8.0,4.0,7.0,regular
8477402,2025,Pavel Buchnevich,STL,L,5on5,56,44753.0,973.0,30.52,0.49,0.49,0.5,0.46,0.5,0.47,304.0,82.33,7.93,6.19,19.02,2.76,45.14,32.97,7.72,7.93,7.72,8.0,4.0,73.0,41.0,29.0,143.0,19.0,7.0,6.0,0.0,14.0,0.0,54.0,33.0,66.0,107.0,8.0,16.0,31.0,22.0,16.0,37.0,71.0,38.0,5.0,2.18,4.34,1.41,2.0,5.0,0.0,142.21,114.0,114.27,7.0,1.3,1.31,1.34,7.88,7.85,7.7,973.0,145.0,120.0,156.0,552.0,115.0,128.0,147.0,583.0,31.0,50.0,123497.0,16.0,16.0,8.0,16.0,368.54,32.6,31.32,32.71,31.45,336.0,170.0,194.0,700.0,32.0,41.0,3.0,371.0,103.0,32.0,11.2,12.08,9.33,14.0,12.0,6.0,699.24,506.0,508.78,5.17,7.91,7.91,29.86,29.98,29.52,379.03,33.78,32.16,34.22,32.6,338.0,175.0,181.0,694.0,39.0,42.0,5.0,381.0,94.0,38.0,11.12,12.07,10.59,22.0,11.0,6.0,703.47,513.0,516.79,5.35,9.35,9.35,29.78,30.22,29.7,74.42,78.41,1667.0,1923.0,1.04,0.72,22.0,25.0,20.0,19.0,regular
8481598,2025,Philip Broberg,STL,D,5on5,55,62710.0,1268.0,14.77,0.52,0.47,0.46,0.49,0.48,0.48,104.0,71.05,3.88,4.36,19.51,2.48,41.63,30.15,3.7,3.84,3.66,7.0,8.0,64.0,38.0,61.0,163.0,18.0,3.0,12.0,0.0,15.0,0.0,39.0,33.0,61.0,99.0,4.0,8.0,0.0,19.0,15.0,66.0,93.0,7.0,2.0,2.6,0.85,0.43,3.0,0.0,0.0,161.33,102.0,101.08,37.0,0.88,1.91,0.27,4.49,4.45,4.24,1268.0,125.0,175.0,215.0,753.0,187.0,131.0,191.0,759.0,0.0,0.0,102640.0,8.0,20.0,10.0,65.0,475.5,43.0,41.18,42.77,40.98,423.0,217.0,218.0,858.0,44.0,63.0,5.0,460.0,135.0,45.0,14.35,16.56,12.09,22.0,17.0,5.0,851.75,640.0,637.34,6.7,11.47,11.68,37.95,37.87,37.09,506.97,40.22,38.65,40.71,39.16,460.0,229.0,316.0,1005.0,42.0,51.0,3.0,534.0,118.0,37.0,15.35,14.88,9.98,15.0,22.0,5.0,1016.4,689.0,694.65,6.91,9.96,9.96,37.16,37.64,36.96,62.42,69.8,1470.0,1548.0,2.44,0.09,84.0,6.0,57.0,5.0,regular
8480459,2025,Pius Suter,STL,C,5on5,39,30740.0,682.0,14.53,0.52,0.48,0.5,0.47,0.52,0.47,221.0,58.94,7.85,4.71,13.38,2.03,28.61,20.43,7.24,7.79,7.21,2.0,3.0,52.0,25.0,13.0,90.0,10.0,5.0,9.0,3.0,9.0,0.0,27.0,27.0,47.0,72.0,4.0,8.0,128.0,28.0,3.0,18.0,39.0,31.0,7.0,1.51,4.05,2.29,1.0,3.0,1.0,89.59,77.0,76.98,4.0,1.0,1.87,3.42,5.43,5.45,5.35,682.0,65.0,70.0,121.0,426.0,116.0,87.0,85.0,394.0,128.0,136.0,88015.0,8.0,6.0,3.0,10.0,267.48,23.67,22.17,23.77,22.27,244.0,118.0,107.0,469.0,17.0,40.0,7.0,267.0,70.0,25.0,7.61,8.82,7.24,9.0,4.0,4.0,469.14,362.0,363.96,3.64,7.63,7.42,19.89,19.99,19.32,251.19,21.76,20.64,21.84,20.74,223.0,117.0,135.0,475.0,19.0,22.0,2.0,262.0,51.0,27.0,7.47,6.45,7.84,7.0,6.0,6.0,478.43,340.0,341.59,3.39,5.57,5.61,19.53,19.69,19.2,53.59,58.63,1217.0,1358.0,0.96,1.24,22.0,21.0,17.0,17.0,regular
8477952,2025,Robby Fabbri,STL,C,5on5,14,9974.0,228.0,2.4,0.42,0.5,0.44,0.48,0.46,0.49,94.0,14.4,1.45,1.05,3.17,0.47,7.3,5.55,1.44,1.43,1.42,3.0,0.0,16.0,3.0,5.0,24.0,4.0,1.0,2.0,0.0,5.0,0.0,6.0,5.0,15.0,18.0,4.0,10.0,3.0,28.0,0.0,4.0,10.0,9.0,0.0,0.4,1.05,0.0,0.0,1.0,0.0,23.54,19.0,18.94,1.0,0.22,0.19,0.32,1.36,1.34,1.34,228.0,20.0,26.0,42.0,140.0,49.0,34.0,25.0,120.0,3.0,2.0,30302.0,10.0,6.0,3.0,8.0,66.53,4.57,4.51,4.49,4.45,64.0,27.0,34.0,125.0,4.0,5.0,1.0,73.0,17.0,1.0,2.33,1.99,0.25,1.0,3.0,0.0,122.28,91.0,89.99,0.89,0.59,0.59,4.87,4.8,4.78,79.62,6.33,6.14,6.59,6.39,68.0,39.0,49.0,156.0,7.0,6.0,1.0,83.0,17.0,7.0,2.46,1.97,1.9,3.0,3.0,1.0,163.03,107.0,110.91,1.12,1.4,1.4,6.05,6.27,6.17,18.29,18.02,424.0,463.0,0.13,0.24,6.0,8.0,4.0,6.0,regular
8480023,2025,Robert Thomas,STL,C,5on5,42,35164.0,768.0,29.03,0.51,0.48,0.5,0.45,0.49,0.46,172.0,42.72,3.79,3.09,10.08,1.48,22.61,16.96,3.62,3.72,3.57,9.0,5.0,40.0,18.0,24.0,82.0,20.0,6.0,4.0,1.0,0.0,0.0,26.0,22.0,34.0,52.0,5.0,12.0,257.0,5.0,17.0,48.0,43.0,11.0,4.0,1.5,1.31,0.97,4.0,1.0,1.0,82.84,58.0,58.57,13.0,0.64,0.89,0.86,3.57,3.5,3.42,768.0,122.0,123.0,120.0,403.0,79.0,91.0,127.0,471.0,257.0,263.0,91131.0,12.0,10.0,5.0,16.0,270.07,23.49,22.39,23.31,22.23,241.0,127.0,153.0,521.0,25.0,30.0,2.0,264.0,87.0,17.0,8.2,10.41,4.88,12.0,11.0,2.0,522.66,368.0,370.93,3.83,5.48,5.48,21.84,21.75,21.32,276.26,22.14,21.27,22.25,21.37,250.0,127.0,135.0,512.0,25.0,24.0,2.0,290.0,65.0,22.0,8.38,8.23,5.53,15.0,6.0,4.0,514.75,377.0,376.66,3.79,4.74,4.7,21.17,21.21,20.75,56.96,62.65,1210.0,1477.0,0.59,0.88,13.0,29.0,10.0,21.0,regular
8481006,2025,Tyler Tucker,STL,D,5on5,51,39408.0,876.0,11.5,0.48,0.49,0.5,0.47,0.5,0.47,273.0,52.69,1.83,2.57,15.56,1.77,30.21,22.06,1.81,1.85,1.84,3.0,6.0,55.0,19.0,46.0,120.0,12.0,3.0,1.0,0.0,15.0,0.0,24.0,31.0,52.0,71.0,18.0,56.0,0.0,72.0,7.0,41.0,71.0,3.0,0.0,1.43,0.4,0.0,2.0,1.0,0.0,120.42,74.0,74.33,30.0,0.51,0.18,0.07,2.28,2.31,2.29,876.0,69.0,72.0,151.0,584.0,137.0,139.0,106.0,494.0,0.0,0.0,113976.0,56.0,44.0,13.0,31.0,307.4,23.74,22.81,23.93,23.01,276.0,144.0,156.0,576.0,28.0,27.0,2.0,331.0,67.0,22.0,9.37,8.21,6.15,15.0,10.0,3.0,573.68,420.0,421.69,4.06,4.77,4.77,23.02,23.3,23.01,310.59,25.98,24.93,26.32,25.26,258.0,164.0,151.0,573.0,38.0,36.0,7.0,323.0,68.0,31.0,9.34,8.41,8.23,21.0,6.0,11.0,586.15,422.0,428.42,4.3,7.12,7.12,23.16,23.47,22.96,72.8,77.22,1595.0,1813.0,3.5,0.19,54.0,7.0,40.0,4.0,regular
8478519,2025,Anthony Cirelli,TBL,C,5on5,49,36512.0,772.0,43.43,0.57,0.52,0.57,0.52,0.57,0.51,326.0,74.68,10.04,6.16,17.94,2.7,36.4,26.77,9.43,10.19,9.6,5.0,7.0,62.0,38.0,21.0,121.0,22.0,10.0,10.0,3.0,9.0,0.0,35.0,36.0,52.0,90.0,8.0,19.0,222.0,27.0,15.0,26.0,54.0,32.0,14.0,2.0,4.16,3.88,4.0,4.0,2.0,122.67,100.0,101.24,7.0,1.31,2.17,3.71,7.64,7.78,7.54,772.0,113.0,83.0,129.0,447.0,133.0,87.0,137.0,415.0,222.0,219.0,105731.0,19.0,17.0,7.0,15.0,363.49,34.08,32.25,34.77,32.92,324.0,175.0,187.0,686.0,42.0,46.0,8.0,354.0,114.0,31.0,11.33,14.21,8.53,16.0,20.0,6.0,699.83,499.0,508.42,5.33,8.66,8.66,30.74,31.4,30.41,281.28,25.75,24.32,25.58,24.15,257.0,123.0,147.0,527.0,17.0,42.0,5.0,275.0,79.0,26.0,8.64,9.65,7.46,6.0,5.0,6.0,519.71,380.0,377.51,3.95,8.28,8.48,21.22,21.1,20.71,69.74,64.34,1600.0,1469.0,0.67,0.59,23.0,18.0,16.0,14.0,regular
8479383,2025,Boris Katchouk,TBL,L,5on5,3,1877.0,41.0,0.75,0.73,0.69,0.6,0.55,0.62,0.58,28.0,0.91,0.15,0.1,0.29,0.04,0.23,0.18,0.15,0.13,0.13,0.0,0.0,0.0,1.0,0.0,1.0,0.0,0.0,0.0,0.0,0.0,0.0,0.0,1.0,0.0,1.0,0.0,0.0,6.0,5.0,0.0,0.0,0.0,1.0,0.0,0.0,0.15,0.0,0.0,0.0,0.0,0.85,1.0,0.88,0.0,0.02,0.0,0.0,0.17,0.15,0.15,41.0,8.0,3.0,7.0,23.0,10.0,4.0,5.0,22.0,6.0,11.0,6530.0,0.0,0.0,0.0,2.0,19.44,2.04,1.86,1.97,1.78,14.0,10.0,8.0,32.0,1.0,1.0,0.0,15.0,7.0,2.0,0.44,1.1,0.5,1.0,0.0,0.0,30.84,24.0,23.42,0.29,0.24,0.24,2.1,2.02,1.86,10.9,0.76,0.75,0.79,0.79,9.0,6.0,6.0,21.0,0.0,1.0,0.0,13.0,1.0,1.0,0.36,0.14,0.25,0.0,0.0,0.0,21.62,15.0,15.3,0.13,0.01,0.01,0.88,0.92,0.91,6.27,2.83,104.0,85.0,0.1,0.04,2.0,1.0,2.0,1.0,regular
8479542,2025,Brandon Hagel,TBL,L,5on5,49,41042.0,823.0,64.82,0.61,0.5,0.58,0.51,0.59,0.5,220.0,122.04,12.87,9.02,28.6,4.1,63.12,46.3,12.14,13.18,12.44,11.0,6.0,100.0,64.0,71.0,235.0,33.0,16.0,13.0,3.0,22.0,0.0,58.0,55.0,84.0,148.0,14.0,30.0,17.0,35.0,12.0,36.0,103.0,54.0,7.0,3.77,7.02,2.08,4.0,10.0,2.0,241.63,164.0,168.39,9.0,1.89,1.91,2.75,12.01,12.3,11.97,823.0,127.0,78.0,113.0,505.0,153.0,119.0,158.0,393.0,17.0,15.0,102555.0,30.0,34.0,17.0,16.0,434.4,40.84,38.62,41.57,39.34,370.0,219.0,218.0,807.0,42.0,56.0,6.0,415.0,139.0,35.0,13.74,17.63,9.46,16.0,21.0,5.0,824.94,589.0,600.5,6.29,10.19,10.19,36.93,37.71,36.45,303.56,26.47,25.47,26.36,25.35,281.0,130.0,169.0,580.0,22.0,33.0,5.0,302.0,89.0,20.0,9.74,10.98,5.76,11.0,5.0,6.0,572.14,411.0,408.11,4.18,6.01,6.01,24.64,24.53,24.07,64.08,63.13,1488.0,1421.0,0.56,1.42,9.0,25.0,7.0,19.0,regular
8478010,2025,Brayden Point,TBL,C,5on5,37,29708.0,627.0,28.69,0.49,0.57,0.5,0.53,0.49,0.53,178.0,45.12,4.78,3.33,9.78,1.48,23.15,17.49,4.56,4.93,4.7,9.0,6.0,47.0,13.0,20.0,80.0,23.0,8.0,9.0,0.0,11.0,0.0,19.0,13.0,39.0,52.0,4.0,8.0,133.0,3.0,5.0,17.0,38.0,17.0,5.0,1.45,2.0,1.33,4.0,4.0,0.0,82.36,60.0,61.1,5.0,0.7,1.68,0.92,4.55,4.67,4.58,627.0,118.0,56.0,85.0,368.0,85.0,101.0,98.0,343.0,133.0,159.0,76235.0,8.0,14.0,7.0,12.0,248.55,20.41,19.67,20.7,19.96,214.0,128.0,129.0,471.0,32.0,22.0,0.0,262.0,64.0,16.0,8.34,7.72,4.35,15.0,15.0,2.0,479.85,342.0,347.14,3.32,3.77,3.77,19.95,20.32,19.91,259.61,21.56,20.63,21.53,20.62,248.0,107.0,112.0,467.0,23.0,29.0,3.0,276.0,60.0,19.0,8.24,7.43,5.88,10.0,7.0,6.0,461.83,355.0,352.78,3.31,6.07,6.07,18.8,18.88,18.65,57.73,44.3,1203.0,1064.0,0.29,1.61,15.0,18.0,12.0,15.0,regular
8480426,2025,Charle-Edouard D'Astous,TBL,D,5on5,43,42955.0,870.0,20.45,0.58,0.55,0.54,0.55,0.53,0.54,139.0,43.97,2.42,2.65,12.65,1.54,24.58,18.15,2.21,2.51,2.29,3.0,9.0,42.0,20.0,44.0,106.0,15.0,3.0,8.0,0.0,11.0,0.0,15.0,25.0,39.0,59.0,21.0,45.0,0.0,46.0,11.0,35.0,55.0,5.0,2.0,1.35,0.58,0.49,2.0,1.0,0.0,109.33,62.0,63.7,23.0,0.54,1.6,0.58,2.39,2.45,2.36,870.0,86.0,79.0,169.0,536.0,131.0,105.0,121.0,513.0,0.0,0.0,81869.0,45.0,21.0,9.0,40.0,352.96,34.36,32.55,35.24,33.38,314.0,165.0,196.0,675.0,39.0,45.0,4.0,325.0,120.0,34.0,9.53,15.07,9.78,10.0,22.0,7.0,693.66,479.0,489.2,4.98,9.91,10.01,29.34,30.08,29.37,305.87,25.34,24.33,25.0,24.03,269.0,148.0,156.0,573.0,34.0,33.0,4.0,327.0,64.0,26.0,10.25,7.84,7.25,18.0,10.0,6.0,560.28,417.0,410.88,4.09,6.38,6.38,23.05,22.85,22.45,60.19,49.02,1340.0,1109.0,3.19,0.94,74.0,14.0,47.0,12.0,regular
8483447,2025,Conor Geekie,TBL,C,5on5,6,3389.0,83.0,1.02,0.4,0.49,0.51,0.45,0.49,0.45,55.0,5.92,0.43,0.3,1.39,0.18,3.18,2.51,0.43,0.41,0.41,0.0,1.0,5.0,3.0,3.0,11.0,1.0,0.0,0.0,0.0,2.0,0.0,1.0,5.0,5.0,8.0,2.0,4.0,7.0,15.0,0.0,5.0,7.0,0.0,1.0,0.19,0.0,0.24,0.0,0.0,0.0,10.67,8.0,7.63,2.0,0.06,0.0,0.0,0.5,0.47,0.47,83.0,15.0,11.0,13.0,44.0,15.0,14.0,9.0,45.0,7.0,13.0,13838.0,4.0,2.0,1.0,5.0,24.36,1.38,1.37,1.39,1.38,20.0,13.0,15.0,48.0,2.0,1.0,0.0,30.0,2.0,1.0,0.78,0.35,0.24,2.0,0.0,0.0,48.53,33.0,33.19,0.28,0.03,0.03,1.62,1.63,1.63,25.13,2.08,2.02,2.02,1.96,21.0,14.0,12.0,47.0,2.0,3.0,0.0,29.0,3.0,3.0,0.78,0.35,0.94,2.0,0.0,0.0,46.68,35.0,34.86,0.3,0.94,0.94,1.44,1.41,1.39,9.99,10.24,209.0,252.0,0.25,0.26,3.0,5.0,3.0,4.0,regular
8480876,2025,Curtis Douglas,TBL,C,5on5,28,10001.0,249.0,3.45,0.6,0.55,0.54,0.53,0.55,0.53,329.0,20.55,2.01,1.55,5.0,0.82,10.38,8.24,1.75,1.97,1.71,2.0,0.0,16.0,12.0,5.0,33.0,2.0,0.0,3.0,0.0,2.0,0.0,12.0,11.0,16.0,28.0,13.0,47.0,2.0,31.0,3.0,9.0,20.0,5.0,3.0,0.53,0.58,0.89,0.0,0.0,0.0,33.74,28.0,28.39,2.0,0.33,0.3,0.81,1.52,1.52,1.29,249.0,37.0,12.0,64.0,136.0,37.0,37.0,23.0,152.0,2.0,2.0,69599.0,47.0,39.0,9.0,6.0,83.67,7.35,6.53,7.38,6.55,72.0,41.0,29.0,142.0,5.0,15.0,1.0,84.0,21.0,8.0,2.32,2.53,2.5,2.0,3.0,0.0,143.47,113.0,113.54,1.1,3.01,3.01,5.45,5.49,5.12,67.69,4.91,4.84,4.83,4.76,61.0,30.0,31.0,122.0,4.0,9.0,0.0,72.0,15.0,4.0,2.18,1.63,1.11,2.0,2.0,0.0,119.46,91.0,89.41,0.84,1.6,1.6,4.14,4.12,4.07,54.71,44.14,1141.0,1008.0,0.33,0.24,6.0,6.0,5.0,5.0,regular
8478178,2025,Darren Raddysh,TBL,D,5on5,48,48519.0,916.0,57.22,0.56,0.53,0.57,0.52,0.56,0.51,155.0,86.3,3.06,4.7,24.23,3.13,50.84,38.04,2.95,3.06,2.95,8.0,7.0,79.0,45.0,63.0,187.0,22.0,7.0,9.0,0.0,17.0,1.0,43.0,47.0,72.0,117.0,10.0,23.0,0.0,42.0,6.0,44.0,119.0,5.0,0.0,2.54,0.53,0.0,7.0,0.0,0.0,188.19,124.0,124.12,21.0,0.94,1.73,0.15,3.86,3.86,3.74,916.0,91.0,101.0,135.0,589.0,103.0,117.0,153.0,543.0,0.0,0.0,91703.0,23.0,13.0,5.0,40.0,461.42,39.42,37.35,39.98,37.87,391.0,240.0,229.0,860.0,41.0,63.0,5.0,480.0,111.0,40.0,14.99,13.24,11.19,22.0,11.0,8.0,875.54,631.0,638.66,6.3,11.72,11.72,33.99,34.56,33.57,364.56,30.49,29.39,30.33,29.22,323.0,170.0,168.0,661.0,27.0,38.0,7.0,374.0,93.0,26.0,10.89,11.73,7.88,14.0,7.0,6.0,651.7,493.0,489.18,4.88,7.94,7.94,27.44,27.31,26.89,64.0,56.16,1394.0,1269.0,3.67,0.03,68.0,4.0,47.0,2.0,regular
8483398,2025,Declan Carlile,TBL,D,5on5,33,25864.0,553.0,5.15,0.49,0.55,0.49,0.56,0.47,0.55,177.0,27.27,1.21,1.44,8.24,0.9,15.35,10.86,1.18,1.23,1.2,0.0,1.0,26.0,12.0,36.0,74.0,2.0,1.0,2.0,0.0,11.0,0.0,16.0,8.0,25.0,37.0,9.0,21.0,0.0,34.0,4.0,16.0,34.0,4.0,0.0,0.79,0.42,0.0,1.0,0.0,0.0,76.1,38.0,38.42,12.0,0.29,0.2,0.17,1.32,1.34,1.32,553.0,49.0,35.0,92.0,377.0,66.0,88.0,52.0,347.0,0.0,0.0,71419.0,21.0,19.0,8.0,22.0,177.76,14.56,14.11,14.96,14.49,154.0,86.0,124.0,364.0,17.0,18.0,2.0,177.0,53.0,10.0,5.79,6.31,2.45,8.0,8.0,1.0,377.06,240.0,245.13,2.43,2.97,3.21,13.78,14.06,13.84,200.47,15.43,15.0,15.34,14.9,183.0,86.0,104.0,373.0,13.0,24.0,0.0,212.0,45.0,12.0,6.41,5.77,3.25,8.0,4.0,1.0,366.12,269.0,266.67,2.53,4.28,4.28,13.68,13.6,13.39,56.65,45.56,1174.0,935.0,1.96,0.11,34.0,7.0,27.0,6.0,regular
8483752,2025,Dominic James,TBL,C,5on5,39,25902.0,533.0,16.21,0.52,0.56,0.53,0.55,0.51,0.55,309.0,52.11,4.29,3.5,12.3,1.7,27.87,20.35,4.16,4.29,4.16,7.0,0.0,46.0,24.0,24.0,94.0,12.0,5.0,3.0,1.0,9.0,0.0,29.0,24.0,41.0,65.0,2.0,4.0,108.0,54.0,10.0,36.0,47.0,21.0,2.0,1.49,2.37,0.43,3.0,1.0,1.0,94.48,70.0,70.05,13.0,0.73,0.75,0.96,4.06,4.05,4.0,533.0,74.0,42.0,93.0,324.0,99.0,74.0,66.0,294.0,108.0,123.0,88251.0,4.0,18.0,9.0,12.0,195.5,16.73,15.72,16.95,15.91,166.0,103.0,127.0,396.0,14.0,30.0,4.0,197.0,58.0,14.0,5.83,6.72,4.17,5.0,5.0,4.0,401.38,269.0,270.77,2.64,5.79,5.79,13.58,13.67,13.36,193.88,15.29,14.87,15.26,14.83,171.0,90.0,85.0,346.0,14.0,21.0,0.0,205.0,45.0,11.0,6.11,6.05,3.13,9.0,5.0,0.0,343.02,261.0,260.36,2.61,3.68,3.68,14.23,14.22,14.0,68.35,52.88,1449.0,1175.0,0.66,0.17,14.0,8.0,11.0,5.0,regular
8482929,2025,Emil Lilleberg,TBL,D,5on5,32,29204.0,630.0,8.65,0.49,0.56,0.51,0.53,0.51,0.52,133.0,31.57,1.41,1.78,9.34,1.0,17.64,12.83,1.36,1.4,1.35,3.0,1.0,24.0,20.0,17.0,61.0,6.0,2.0,3.0,0.0,3.0,0.0,18.0,18.0,22.0,42.0,16.0,41.0,0.0,46.0,4.0,24.0,40.0,4.0,0.0,0.91,0.51,0.0,1.0,1.0,0.0,61.48,44.0,44.31,14.0,0.37,0.67,0.09,1.7,1.69,1.61,630.0,66.0,57.0,113.0,394.0,81.0,82.0,80.0,387.0,0.0,0.0,62459.0,41.0,29.0,9.0,29.0,241.68,21.16,19.99,21.53,20.33,223.0,102.0,114.0,439.0,25.0,32.0,2.0,237.0,66.0,22.0,7.06,8.1,6.0,8.0,13.0,4.0,449.96,325.0,331.76,3.26,6.16,6.15,18.27,18.54,18.07,229.26,22.28,20.91,22.18,20.85,211.0,98.0,115.0,424.0,17.0,31.0,2.0,222.0,56.0,31.0,6.4,6.95,8.93,8.0,4.0,5.0,418.32,309.0,306.92,3.13,7.18,7.18,18.24,18.3,17.96,48.28,37.51,1029.0,920.0,2.95,0.04,55.0,4.0,40.0,3.0,regular
8478416,2025,Erik Cernak,TBL,D,5on5,35,31640.0,732.0,6.35,0.55,0.55,0.49,0.55,0.49,0.55,137.0,30.23,1.06,1.66,9.51,1.02,18.22,12.53,1.03,1.06,1.04,2.0,3.0,28.0,16.0,23.0,67.0,5.0,0.0,3.0,0.0,9.0,0.0,17.0,15.0,28.0,44.0,10.0,22.0,0.0,62.0,5.0,31.0,42.0,2.0,0.0,0.88,0.18,0.0,0.0,0.0,0.0,68.21,44.0,44.84,20.0,0.33,0.52,0.0,1.39,1.4,1.37,732.0,61.0,88.0,141.0,442.0,69.0,63.0,85.0,515.0,0.0,0.0,70206.0,22.0,4.0,2.0,45.0,229.07,21.2,20.22,21.66,20.64,189.0,127.0,137.0,453.0,23.0,27.0,1.0,226.0,69.0,21.0,6.71,8.39,6.11,8.0,13.0,2.0,462.36,316.0,321.26,3.32,5.55,5.31,19.22,19.61,18.98,236.17,17.5,17.08,17.37,16.95,210.0,117.0,145.0,472.0,25.0,21.0,3.0,262.0,52.0,13.0,7.85,6.08,3.58,15.0,8.0,2.0,465.79,327.0,322.98,3.08,3.63,3.63,16.95,16.88,16.6,52.7,42.44,1155.0,952.0,3.29,0.62,57.0,17.0,44.0,14.0,regular
8482201,2025,Gage Goncalves,TBL,C,5on5,50,32917.0,705.0,18.21,0.54,0.55,0.51,0.54,0.5,0.54,399.0,39.81,5.2,2.8,8.33,1.25,20.45,14.96,5.11,5.23,5.13,1.0,8.0,34.0,19.0,17.0,70.0,15.0,6.0,3.0,0.0,6.0,0.0,17.0,21.0,28.0,47.0,9.0,21.0,6.0,52.0,11.0,36.0,29.0,16.0,8.0,1.19,1.85,2.16,1.0,3.0,2.0,71.33,53.0,53.87,12.0,0.59,0.71,1.21,4.58,4.64,4.59,705.0,103.0,55.0,133.0,414.0,126.0,108.0,110.0,361.0,6.0,11.0,112197.0,21.0,20.0,10.0,19.0,256.85,23.42,22.41,23.75,22.7,223.0,126.0,145.0,494.0,35.0,35.0,3.0,248.0,75.0,26.0,7.7,8.46,7.26,14.0,16.0,5.0,501.25,349.0,352.95,3.5,6.29,6.28,20.64,20.85,20.49,257.12,19.93,19.3,19.94,19.32,222.0,129.0,118.0,469.0,19.0,32.0,2.0,282.0,53.0,16.0,8.36,6.89,4.68,13.0,4.0,2.0,463.4,351.0,349.04,3.32,5.39,5.39,17.86,17.85,17.6,84.86,69.28,1814.0,1566.0,0.47,0.86,15.0,13.0,10.0,12.0,regular
8482655,2025,J.J. Moser,TBL,D,5on5,52,58045.0,1096.0,40.05,0.58,0.54,0.58,0.51,0.57,0.51,96.0,78.65,3.83,4.16,23.49,2.62,44.77,33.13,3.7,3.89,3.76,3.0,7.0,72.0,40.0,49.0,161.0,15.0,5.0,8.0,0.0,16.0,0.0,54.0,29.0,67.0,107.0,11.0,22.0,0.0,35.0,12.0,39.0,105.0,6.0,1.0,2.76,0.72,0.36,4.0,1.0,0.0,164.35,112.0,113.66,27.0,0.86,1.86,0.74,3.94,4.02,3.93,1096.0,102.0,115.0,186.0,693.0,167.0,115.0,174.0,640.0,0.0,0.0,93319.0,22.0,28.0,14.0,43.0,561.85,47.9,45.17,48.69,45.93,475.0,295.0,276.0,1046.0,50.0,75.0,8.0,583.0,141.0,46.0,18.27,16.71,12.93,26.0,19.0,5.0,1066.9,770.0,782.56,7.7,14.36,14.12,41.48,42.32,41.04,429.86,34.82,33.59,34.32,33.14,387.0,196.0,184.0,767.0,24.0,51.0,6.0,449.0,107.0,27.0,13.5,13.37,7.95,12.0,5.0,7.0,752.81,583.0,575.15,5.71,9.17,9.17,31.36,31.01,30.51,65.72,56.69,1391.0,1311.0,4.99,0.24,88.0,8.0,63.0,7.0,regular
8482090,2025,Jack Finley,TBL,C,5on5,21,10268.0,263.0,1.98,0.57,0.59,0.48,0.56,0.47,0.55,227.0,11.7,1.95,0.87,2.48,0.39,6.0,4.31,1.77,1.94,1.76,0.0,1.0,11.0,5.0,3.0,19.0,3.0,2.0,7.0,1.0,0.0,0.0,3.0,4.0,9.0,14.0,8.0,21.0,72.0,34.0,0.0,4.0,8.0,6.0,2.0,0.36,0.74,0.85,0.0,1.0,1.0,19.04,16.0,16.06,3.0,0.19,2.07,0.85,1.29,1.29,1.23,263.0,40.0,45.0,43.0,135.0,31.0,31.0,38.0,163.0,72.0,78.0,52238.0,21.0,9.0,3.0,4.0,72.77,7.62,6.85,7.57,6.78,61.0,38.0,37.0,136.0,4.0,13.0,1.0,68.0,20.0,11.0,1.97,2.36,3.3,1.0,2.0,1.0,136.43,99.0,98.69,1.05,3.35,3.35,5.32,5.28,4.94,80.78,5.77,5.56,5.84,5.63,64.0,46.0,37.0,147.0,2.0,8.0,0.0,88.0,18.0,4.0,2.29,2.27,1.2,1.0,1.0,0.0,149.43,110.0,111.78,1.02,1.71,1.71,5.09,5.21,5.08,38.87,27.39,849.0,680.0,0.26,0.18,4.0,7.0,4.0,5.0,regular
8477404,2025,Jake Guentzel,TBL,C,5on5,54,45688.0,912.0,60.61,0.55,0.55,0.54,0.53,0.53,0.53,220.0,95.84,11.43,7.26,22.52,3.15,46.29,33.36,10.78,11.56,10.9,12.0,5.0,79.0,45.0,35.0,159.0,29.0,12.0,19.0,4.0,13.0,0.0,43.0,37.0,67.0,112.0,7.0,14.0,70.0,21.0,10.0,32.0,66.0,46.0,12.0,2.68,5.66,3.09,2.0,8.0,2.0,161.92,124.0,125.11,10.0,1.55,2.91,3.61,9.37,9.5,9.05,912.0,146.0,84.0,139.0,543.0,137.0,126.0,161.0,488.0,70.0,60.0,111203.0,14.0,24.0,12.0,20.0,410.78,35.19,33.38,35.6,33.77,351.0,210.0,213.0,774.0,44.0,48.0,8.0,412.0,123.0,26.0,13.06,15.18,6.96,21.0,19.0,4.0,786.0,561.0,566.44,5.75,8.12,8.12,32.82,33.17,32.05,362.33,29.15,27.76,28.99,27.63,334.0,163.0,167.0,664.0,32.0,44.0,5.0,393.0,78.0,26.0,12.02,9.69,7.44,16.0,9.0,7.0,655.17,497.0,493.08,4.67,8.29,8.09,25.73,25.62,25.21,81.06,67.36,1734.0,1516.0,1.38,1.06,22.0,31.0,17.0,26.0,regular
8481592,2025,Jakob Pelletier,TBL,L,5on5,2,1045.0,29.0,0.21,0.69,0.55,0.54,0.49,0.61,0.47,22.0,2.36,0.11,0.12,0.47,0.06,1.05,1.19,0.11,0.12,0.12,0.0,0.0,0.0,3.0,0.0,3.0,0.0,0.0,0.0,0.0,0.0,0.0,2.0,1.0,0.0,3.0,0.0,0.0,1.0,3.0,0.0,1.0,2.0,1.0,0.0,0.03,0.09,0.0,0.0,0.0,0.0,3.31,3.0,3.3,0.0,0.02,0.0,0.0,0.14,0.15,0.15,29.0,4.0,4.0,10.0,11.0,4.0,4.0,3.0,18.0,1.0,0.0,4485.0,0.0,0.0,0.0,2.0,7.87,0.4,0.4,0.41,0.41,5.0,6.0,2.0,13.0,0.0,1.0,0.0,9.0,2.0,0.0,0.16,0.24,0.0,0.0,0.0,0.0,12.83,11.0,11.09,0.09,0.15,0.15,0.34,0.36,0.35,5.48,0.18,0.18,0.17,0.17,5.0,2.0,4.0,11.0,0.0,0.0,0.0,6.0,1.0,0.0,0.07,0.11,0.0,0.0,0.0,0.0,10.77,7.0,6.85,0.05,0.0,0.0,0.23,0.21,0.21,3.09,2.55,69.0,71.0,0.01,0.0,1.0,0.0,1.0,0.0,regular
8481719,2025,Max Crozier,TBL,D,5on5,34,29496.0,594.0,13.65,0.52,0.55,0.53,0.54,0.53,0.54,137.0,42.32,1.76,2.21,11.64,1.39,24.67,18.35,1.7,1.77,1.72,4.0,4.0,42.0,18.0,36.0,96.0,9.0,1.0,6.0,0.0,10.0,0.0,23.0,20.0,41.0,59.0,11.0,28.0,0.0,34.0,5.0,18.0,56.0,3.0,1.0,1.19,0.3,0.27,1.0,0.0,0.0,97.69,60.0,61.08,13.0,0.44,1.5,0.27,1.92,1.94,1.89,594.0,57.0,42.0,87.0,408.0,81.0,104.0,78.0,331.0,0.0,0.0,69374.0,28.0,16.0,5.0,29.0,239.61,21.07,20.15,21.62,20.65,197.0,128.0,126.0,451.0,20.0,29.0,3.0,238.0,65.0,22.0,7.63,7.69,5.74,8.0,10.0,2.0,462.24,325.0,331.48,3.25,5.77,6.02,18.3,18.64,18.28,217.18,19.09,18.16,19.19,18.25,200.0,91.0,107.0,398.0,15.0,28.0,0.0,215.0,55.0,21.0,6.19,6.91,5.99,5.0,7.0,3.0,394.61,291.0,289.45,2.91,5.94,5.94,16.07,16.21,15.9,50.19,41.3,1121.0,944.0,1.47,0.03,36.0,2.0,27.0,2.0,regular
8482168,2025,Maxim Groshev,TBL,D,5on5,2,1377.0,29.0,-0.22,0.25,0.48,0.3,0.4,0.32,0.44,12.0,0.63,0.01,0.04,0.15,0.02,0.45,0.34,0.01,0.01,0.01,0.0,1.0,1.0,0.0,0.0,1.0,1.0,0.0,0.0,0.0,0.0,0.0,1.0,0.0,1.0,1.0,0.0,0.0,0.0,0.0,0.0,1.0,1.0,0.0,0.0,0.01,0.0,0.0,0.0,0.0,0.0,1.13,1.0,1.05,1.0,0.01,0.0,0.0,0.02,0.02,0.02,29.0,0.0,7.0,4.0,18.0,2.0,9.0,1.0,17.0,0.0,0.0,4664.0,0.0,0.0,0.0,1.0,9.26,0.91,0.86,0.91,0.85,10.0,3.0,3.0,16.0,1.0,2.0,1.0,10.0,2.0,1.0,0.35,0.25,0.31,0.0,0.0,1.0,16.55,13.0,13.02,0.13,0.47,0.47,0.56,0.55,0.54,22.19,2.7,2.32,2.75,2.37,21.0,7.0,9.0,37.0,0.0,4.0,0.0,15.0,11.0,2.0,0.44,1.44,0.82,0.0,0.0,0.0,37.17,28.0,28.05,0.3,1.14,1.14,1.85,1.91,1.79,3.08,3.34,54.0,82.0,0.1,0.0,1.0,0.0,1.0,0.0,regular
8482070,2025,Mitchell Chaffee,TBL,R,5on5,7,3472.0,84.0,0.84,0.54,0.48,0.51,0.49,0.51,0.47,71.0,7.09,0.9,0.51,1.61,0.22,3.34,2.42,0.8,0.91,0.8,0.0,0.0,8.0,1.0,1.0,10.0,0.0,0.0,2.0,0.0,3.0,0.0,2.0,2.0,8.0,9.0,2.0,4.0,1.0,19.0,0.0,5.0,4.0,4.0,1.0,0.1,0.55,0.25,0.0,0.0,0.0,10.02,9.0,9.02,2.0,0.11,0.33,0.55,0.45,0.47,0.45,84.0,12.0,7.0,16.0,49.0,16.0,17.0,5.0,46.0,1.0,2.0,16521.0,4.0,4.0,2.0,2.0,30.36,2.78,2.35,2.79,2.36,24.0,16.0,15.0,55.0,0.0,6.0,0.0,30.0,7.0,3.0,0.8,0.94,1.04,0.0,0.0,0.0,55.26,40.0,40.23,0.39,1.25,1.25,1.92,1.94,1.71,27.63,2.38,2.34,2.37,2.33,26.0,12.0,14.0,52.0,0.0,4.0,0.0,28.0,6.0,4.0,0.62,0.68,1.08,0.0,0.0,0.0,52.77,38.0,38.69,0.36,0.94,0.94,1.8,1.84,1.81,11.14,12.12,265.0,280.0,0.04,0.26,2.0,4.0,1.0,3.0,regular
8477426,2025,Nick Paul,TBL,L,5on5,34,23797.0,493.0,12.53,0.47,0.56,0.51,0.55,0.49,0.55,248.0,43.59,4.46,2.91,10.31,1.52,22.43,17.38,4.25,4.55,4.34,2.0,3.0,39.0,20.0,14.0,73.0,10.0,5.0,4.0,2.0,11.0,0.0,19.0,20.0,34.0,54.0,6.0,18.0,141.0,42.0,7.0,19.0,40.0,15.0,4.0,1.44,1.84,1.19,0.0,3.0,2.0,74.39,59.0,59.54,7.0,0.61,0.6,1.91,3.16,3.2,3.16,493.0,79.0,59.0,93.0,262.0,85.0,66.0,73.0,269.0,141.0,125.0,76280.0,18.0,16.0,5.0,13.0,177.0,14.14,13.69,14.51,14.04,164.0,76.0,116.0,356.0,14.0,23.0,3.0,180.0,49.0,11.0,5.41,5.74,2.98,4.0,7.0,3.0,363.28,240.0,242.96,2.32,4.13,4.13,12.33,12.55,12.41,184.75,15.69,15.01,15.41,14.75,172.0,76.0,93.0,341.0,21.0,18.0,3.0,188.0,44.0,16.0,5.47,5.36,4.86,11.0,7.0,3.0,330.64,248.0,243.58,2.35,4.13,4.13,13.9,13.73,13.53,58.73,46.91,1255.0,1010.0,0.78,0.3,10.0,11.0,7.0,8.0,regular
8476453,2025,Nikita Kucherov,TBL,R,5on5,50,44422.0,920.0,86.76,0.56,0.54,0.56,0.52,0.57,0.51,175.0,118.82,9.44,7.68,28.93,4.04,65.02,48.9,9.2,9.57,9.34,16.0,14.0,93.0,71.0,64.0,228.0,46.0,16.0,10.0,0.0,20.0,0.0,63.0,55.0,77.0,148.0,8.0,16.0,0.0,15.0,13.0,50.0,129.0,31.0,4.0,4.49,3.82,1.12,7.0,9.0,0.0,232.52,164.0,166.68,7.0,1.58,1.44,1.37,9.65,9.82,9.64,920.0,139.0,73.0,105.0,603.0,136.0,157.0,184.0,443.0,0.0,0.0,100702.0,16.0,30.0,15.0,19.0,455.71,40.3,38.75,40.87,39.31,389.0,232.0,197.0,818.0,53.0,45.0,4.0,453.0,139.0,29.0,15.17,17.06,8.07,23.0,26.0,4.0,835.07,621.0,631.81,6.41,9.1,9.1,37.6,38.29,37.45,349.31,31.49,30.2,31.67,30.4,319.0,153.0,163.0,635.0,31.0,43.0,7.0,346.0,99.0,27.0,10.95,12.2,8.35,15.0,6.0,10.0,632.63,472.0,472.51,4.66,8.77,8.77,27.39,27.67,27.19,67.64,58.51,1473.0,1380.0,0.33,0.88,7.0,32.0,5.0,19.0,regular
8477416,2025,Oliver Bjorkstrand,TBL,R,5on5,54,33270.0,708.0,25.68,0.5,0.56,0.51,0.54,0.5,0.54,496.0,60.71,5.23,3.89,14.79,2.02,31.88,24.2,4.89,5.31,4.97,8.0,3.0,49.0,33.0,31.0,113.0,12.0,1.0,12.0,0.0,15.0,1.0,33.0,20.0,48.0,81.0,2.0,4.0,5.0,42.0,8.0,24.0,63.0,14.0,5.0,2.18,1.68,1.38,0.0,1.0,0.0,114.24,82.0,82.48,5.0,0.81,2.43,1.66,4.38,4.44,4.34,708.0,110.0,66.0,138.0,394.0,105.0,98.0,93.0,412.0,5.0,6.0,123621.0,4.0,15.0,6.0,20.0,245.51,19.88,19.06,20.1,19.29,214.0,118.0,155.0,487.0,15.0,34.0,4.0,253.0,58.0,21.0,7.14,7.08,5.66,5.0,4.0,6.0,496.68,332.0,335.77,3.19,6.36,6.36,16.71,16.94,16.7,247.8,19.82,18.88,19.71,18.79,227.0,108.0,134.0,469.0,20.0,22.0,1.0,265.0,49.0,21.0,7.33,5.91,6.58,12.0,6.0,2.0,462.06,335.0,331.19,3.22,5.7,5.7,17.34,17.27,17.03,96.38,76.68,2021.0,1711.0,0.6,0.51,20.0,10.0,12.0,9.0,regular
8480995,2025,Pontus Holmberg,TBL,R,5on5,47,37170.0,797.0,22.31,0.56,0.53,0.54,0.54,0.53,0.54,245.0,72.28,7.72,5.21,16.47,2.53,38.69,28.38,7.3,8.08,7.63,5.0,2.0,61.0,38.0,32.0,131.0,14.0,7.0,11.0,1.0,18.0,0.0,29.0,34.0,54.0,92.0,7.0,14.0,15.0,41.0,10.0,29.0,75.0,14.0,10.0,3.12,1.71,2.89,4.0,1.0,2.0,136.04,99.0,101.66,5.0,1.1,2.41,2.81,6.0,6.16,6.08,797.0,87.0,104.0,201.0,405.0,141.0,91.0,100.0,465.0,15.0,27.0,99574.0,14.0,26.0,13.0,23.0,288.28,24.59,23.42,25.54,24.29,242.0,154.0,166.0,562.0,21.0,41.0,2.0,305.0,61.0,30.0,8.68,7.35,8.56,11.0,7.0,3.0,580.73,396.0,406.12,3.88,8.34,8.34,20.13,20.75,20.35,256.24,19.07,18.48,18.83,18.25,226.0,123.0,128.0,477.0,17.0,24.0,2.0,274.0,58.0,17.0,7.86,6.93,4.29,9.0,6.0,2.0,466.07,349.0,342.98,3.4,3.93,3.93,18.54,18.33,17.98,76.06,66.38,1660.0,1413.0,1.32,0.55,23.0,14.0,19.0,11.0,regular
8474151,2025,Ryan McDonagh,TBL,D,5on5,21,19845.0,419.0,10.73,0.6,0.52,0.51,0.53,0.54,0.52,60.0,25.92,1.23,1.41,7.2,0.94,15.55,11.67,1.21,1.21,1.19,3.0,0.0,22.0,16.0,17.0,55.0,7.0,4.0,1.0,0.0,4.0,0.0,14.0,15.0,18.0,34.0,0.0,0.0,0.0,8.0,5.0,17.0,35.0,3.0,0.0,0.85,0.38,0.0,2.0,2.0,0.0,54.87,38.0,37.92,13.0,0.28,0.29,0.04,1.48,1.46,1.43,419.0,39.0,52.0,72.0,256.0,48.0,32.0,53.0,286.0,0.0,0.0,40473.0,0.0,2.0,1.0,21.0,164.73,14.96,14.45,14.74,14.24,130.0,98.0,80.0,308.0,13.0,23.0,1.0,172.0,42.0,14.0,4.94,5.46,4.56,6.0,6.0,1.0,306.16,228.0,226.81,2.37,4.94,4.65,12.68,12.52,12.2,141.72,9.78,9.49,9.8,9.52,119.0,76.0,97.0,292.0,15.0,11.0,1.0,159.0,31.0,5.0,4.62,3.71,1.44,9.0,5.0,1.0,289.62,195.0,194.06,1.76,1.85,1.85,9.69,9.75,9.56,29.64,27.1,659.0,583.0,1.89,0.37,30.0,9.0,22.0,6.0,regular
8477149,2025,Scott Sabourin,TBL,R,5on5,10,4767.0,115.0,2.03,0.71,0.56,0.52,0.55,0.56,0.54,103.0,9.82,1.47,0.67,2.25,0.34,4.1,3.17,1.23,1.49,1.24,1.0,1.0,6.0,6.0,1.0,13.0,3.0,1.0,2.0,0.0,0.0,0.0,7.0,2.0,5.0,11.0,12.0,33.0,0.0,18.0,0.0,4.0,6.0,2.0,4.0,0.15,0.24,1.08,1.0,0.0,0.0,12.84,12.0,11.79,0.0,0.14,0.57,1.08,0.53,0.51,0.49,115.0,10.0,11.0,26.0,68.0,15.0,18.0,14.0,68.0,0.0,2.0,24004.0,33.0,21.0,6.0,5.0,39.46,4.52,4.12,4.42,4.02,36.0,17.0,9.0,62.0,4.0,10.0,0.0,34.0,12.0,7.0,0.96,1.43,2.13,1.0,3.0,0.0,60.52,53.0,51.93,0.55,2.46,2.46,2.61,2.59,2.47,31.41,1.86,1.84,1.89,1.86,28.0,14.0,15.0,57.0,4.0,2.0,0.0,35.0,7.0,0.0,1.14,0.73,0.0,3.0,1.0,0.0,56.92,42.0,42.23,0.38,0.13,0.13,2.11,2.14,2.11,18.35,14.7,389.0,321.0,0.12,0.01,4.0,1.0,2.0,1.0,regular
8481547,2025,Simon Lundmark,TBL,D,5on5,1,1005.0,24.0,0.23,0.42,0.49,0.41,0.58,0.45,0.53,4.0,0.69,0.01,0.02,0.22,0.02,0.42,0.31,0.01,0.01,0.01,0.0,0.0,1.0,0.0,0.0,1.0,0.0,0.0,0.0,0.0,1.0,0.0,0.0,0.0,1.0,1.0,0.0,0.0,0.0,2.0,0.0,0.0,1.0,0.0,0.0,0.01,0.0,0.0,0.0,0.0,0.0,0.94,1.0,0.95,0.0,0.0,0.0,0.0,0.01,0.01,0.01,24.0,3.0,0.0,5.0,16.0,2.0,1.0,4.0,17.0,0.0,0.0,2066.0,0.0,2.0,1.0,2.0,7.2,0.38,0.38,0.37,0.37,7.0,3.0,1.0,11.0,1.0,1.0,0.0,9.0,1.0,0.0,0.23,0.15,0.0,1.0,0.0,0.0,10.51,10.0,9.65,0.08,0.15,0.15,0.31,0.3,0.3,8.98,0.53,0.52,0.53,0.52,9.0,3.0,4.0,16.0,0.0,1.0,0.0,10.0,2.0,0.0,0.32,0.21,0.0,0.0,0.0,0.0,16.75,12.0,12.48,0.1,0.12,0.12,0.51,0.51,0.51,1.15,1.19,40.0,29.0,0.0,0.0,1.0,0.0,0.0,0.0,regular
8477463,2025,Steven Santini,TBL,D,5on5,9,6106.0,134.0,1.13,0.5,0.54,0.49,0.56,0.45,0.55,47.0,4.03,0.11,0.23,1.14,0.14,2.56,1.83,0.1,0.11,0.1,1.0,0.0,3.0,3.0,10.0,16.0,1.0,0.0,0.0,0.0,0.0,0.0,2.0,4.0,3.0,6.0,1.0,2.0,0.0,7.0,0.0,4.0,6.0,0.0,0.0,0.11,0.0,0.0,0.0,0.0,0.0,16.43,6.0,6.18,4.0,0.04,0.0,0.04,0.11,0.12,0.11,134.0,13.0,8.0,28.0,85.0,10.0,16.0,14.0,94.0,0.0,0.0,19431.0,2.0,0.0,0.0,6.0,36.83,3.1,2.98,3.14,3.02,34.0,15.0,28.0,77.0,3.0,4.0,0.0,34.0,13.0,2.0,1.15,1.5,0.45,2.0,1.0,0.0,80.24,49.0,49.81,0.47,0.64,0.64,2.94,2.97,2.93,44.61,3.06,2.97,3.07,2.97,39.0,21.0,19.0,79.0,2.0,7.0,0.0,49.0,9.0,2.0,1.51,1.01,0.54,2.0,0.0,0.0,77.86,60.0,59.69,0.52,1.01,1.01,2.57,2.55,2.53,17.14,14.68,339.0,266.0,0.36,0.0,14.0,1.0,7.0,0.0,regular
8475167,2025,Victor Hedman,TBL,D,5on5,20,17583.0,370.0,13.4,0.5,0.56,0.52,0.53,0.51,0.54,79.0,23.29,0.72,1.11,6.77,0.77,13.29,10.35,0.71,0.73,0.72,2.0,3.0,16.0,17.0,19.0,52.0,5.0,0.0,2.0,0.0,7.0,0.0,16.0,8.0,16.0,33.0,3.0,6.0,0.0,8.0,3.0,22.0,32.0,1.0,0.0,0.63,0.09,0.0,0.0,0.0,0.0,52.25,33.0,33.13,17.0,0.22,0.16,0.09,0.85,0.86,0.85,370.0,31.0,21.0,63.0,255.0,40.0,61.0,59.0,210.0,0.0,0.0,39883.0,6.0,6.0,3.0,20.0,157.41,12.19,11.39,12.3,11.51,135.0,80.0,92.0,307.0,12.0,19.0,4.0,168.0,37.0,10.0,4.86,4.61,2.72,5.0,7.0,0.0,308.03,215.0,215.93,2.06,2.89,3.08,11.17,11.31,10.94,153.01,12.35,11.99,12.5,12.12,152.0,58.0,68.0,278.0,8.0,15.0,3.0,163.0,34.0,13.0,4.97,4.01,3.36,4.0,1.0,3.0,279.22,210.0,211.9,2.05,2.71,2.71,11.69,11.79,11.66,28.84,22.82,621.0,559.0,1.15,0.12,18.0,5.0,12.0,5.0,regular
8476826,2025,Yanni Gourde,TBL,C,5on5,54,45195.0,913.0,24.2,0.55,0.54,0.53,0.54,0.53,0.53,211.0,80.42,9.19,5.41,18.2,2.51,38.13,30.56,8.69,9.34,8.81,6.0,4.0,66.0,38.0,28.0,132.0,16.0,6.0,10.0,1.0,20.0,0.0,33.0,35.0,60.0,98.0,17.0,37.0,232.0,66.0,13.0,45.0,63.0,27.0,14.0,1.81,3.04,4.34,2.0,3.0,1.0,136.86,104.0,106.91,5.0,1.15,2.06,3.46,6.88,7.11,6.96,913.0,97.0,125.0,216.0,475.0,175.0,116.0,120.0,502.0,232.0,252.0,111696.0,37.0,31.0,14.0,16.0,350.25,30.83,29.42,31.51,30.03,288.0,189.0,202.0,679.0,24.0,50.0,4.0,360.0,77.0,40.0,10.2,9.04,11.6,10.0,10.0,4.0,697.43,477.0,485.73,4.73,11.13,11.13,24.44,24.96,24.52,316.59,24.93,24.16,24.89,24.12,278.0,151.0,171.0,600.0,24.0,29.0,2.0,333.0,71.0,25.0,9.9,8.67,6.37,15.0,6.0,3.0,590.77,429.0,423.14,4.2,5.19,5.19,23.94,23.86,23.46,85.41,71.57,1829.0,1580.0,1.52,1.55,25.0,21.0,21.0,18.0,regular
8476878,2025,Zemgus Girgensons,TBL,C,5on5,47,36656.0,803.0,14.64,0.52,0.57,0.51,0.55,0.51,0.55,266.0,64.18,7.77,4.61,15.6,2.35,30.91,23.77,7.46,8.04,7.71,2.0,4.0,54.0,31.0,20.0,105.0,11.0,5.0,10.0,0.0,10.0,0.0,34.0,26.0,49.0,80.0,9.0,18.0,33.0,122.0,3.0,21.0,50.0,23.0,12.0,1.78,2.83,3.17,2.0,2.0,1.0,109.26,85.0,87.67,3.0,0.99,2.25,3.29,5.47,5.64,5.54,803.0,87.0,102.0,206.0,408.0,125.0,92.0,97.0,489.0,33.0,61.0,100242.0,18.0,12.0,6.0,24.0,270.0,23.53,22.37,24.3,23.06,224.0,147.0,144.0,515.0,18.0,35.0,1.0,282.0,62.0,27.0,8.31,7.38,7.84,9.0,7.0,2.0,532.08,371.0,380.03,3.65,7.73,7.74,19.44,19.94,19.53,257.05,22.07,21.12,21.65,20.72,228.0,122.0,148.0,498.0,18.0,32.0,4.0,263.0,60.0,27.0,7.69,7.27,7.11,10.0,4.0,4.0,486.14,350.0,343.21,3.5,6.27,6.27,19.31,19.05,18.62,78.8,59.93,1673.0,1350.0,0.86,0.91,26.0,16.0,20.0,14.0,regular
8479318,2025,Auston Matthews,TOR,C,5on5,51,48907.0,1005.0,48.27,0.48,0.49,0.46,0.46,0.47,0.46,119.0,152.33,15.64,11.76,34.87,5.12,78.05,56.55,15.15,15.82,15.33,8.0,4.0,139.0,63.0,40.0,242.0,29.0,17.0,19.0,2.0,22.0,1.0,62.0,81.0,122.0,185.0,6.0,12.0,421.0,27.0,22.0,39.0,133.0,56.0,13.0,5.39,6.85,3.4,5.0,11.0,1.0,244.1,202.0,204.26,14.0,2.49,3.46,3.6,14.52,14.68,14.43,1005.0,156.0,112.0,195.0,542.0,96.0,119.0,146.0,644.0,421.0,292.0,107029.0,12.0,12.0,6.0,55.0,406.28,33.82,32.7,33.84,32.73,368.0,180.0,175.0,723.0,41.0,43.0,4.0,414.0,108.0,26.0,12.99,13.54,7.27,20.0,19.0,2.0,722.72,548.0,549.31,5.79,7.58,7.62,31.99,32.03,31.52,449.26,36.85,35.22,37.16,35.49,401.0,205.0,230.0,836.0,35.0,47.0,3.0,467.0,102.0,37.0,13.55,12.84,10.46,20.0,12.0,3.0,840.25,606.0,610.16,6.15,9.56,9.56,33.44,33.63,32.83,67.95,72.01,1527.0,1821.0,0.55,0.83,27.0,32.0,19.0,22.0,regular
8482259,2025,Bobby McMann,TOR,C,5on5,56,46871.0,979.0,27.78,0.48,0.49,0.47,0.45,0.47,0.46,267.0,107.45,8.51,7.02,25.89,3.65,57.24,44.69,7.93,8.52,7.95,9.0,2.0,99.0,48.0,36.0,183.0,22.0,11.0,12.0,2.0,16.0,1.0,53.0,54.0,88.0,136.0,11.0,28.0,4.0,123.0,14.0,23.0,113.0,26.0,8.0,3.12,3.14,2.26,5.0,4.0,2.0,183.09,147.0,146.69,6.0,1.48,1.47,2.4,7.58,7.56,7.4,979.0,118.0,114.0,159.0,588.0,157.0,145.0,142.0,535.0,4.0,3.0,124031.0,28.0,19.0,8.0,21.0,403.2,30.55,29.2,30.49,29.16,350.0,197.0,199.0,746.0,35.0,43.0,5.0,429.0,91.0,27.0,12.29,11.22,7.03,15.0,16.0,4.0,745.38,547.0,545.52,5.43,6.72,6.72,29.26,29.28,28.77,446.01,33.45,32.57,33.53,32.65,391.0,227.0,207.0,825.0,38.0,39.0,3.0,491.0,103.0,24.0,13.94,12.64,6.87,20.0,14.0,4.0,830.24,618.0,622.29,5.91,7.18,7.18,32.17,32.27,31.68,80.11,83.71,1723.0,2090.0,1.33,1.51,32.0,29.0,23.0,23.0,regular
8478443,2025,Brandon Carlo,TOR,D,5on5,34,33968.0,837.0,1.42,0.47,0.49,0.44,0.47,0.45,0.47,123.0,33.75,1.01,1.7,9.51,1.1,20.48,15.2,1.0,1.0,0.99,0.0,4.0,31.0,18.0,35.0,84.0,4.0,0.0,2.0,0.0,10.0,0.0,17.0,20.0,31.0,49.0,8.0,19.0,0.0,29.0,2.0,33.0,49.0,0.0,0.0,1.01,0.0,0.0,0.0,0.0,0.0,83.3,49.0,48.46,27.0,0.33,0.06,0.04,1.31,1.3,1.28,837.0,65.0,77.0,160.0,535.0,96.0,125.0,94.0,522.0,0.0,0.0,69043.0,19.0,11.0,4.0,49.0,279.42,22.72,21.86,22.61,21.75,238.0,138.0,138.0,514.0,27.0,27.0,3.0,287.0,69.0,20.0,8.78,8.35,5.59,14.0,11.0,2.0,509.42,376.0,373.17,3.78,4.98,4.92,21.57,21.44,21.04,328.4,25.92,25.21,26.28,25.57,299.0,154.0,192.0,645.0,29.0,26.0,4.0,355.0,77.0,21.0,10.07,9.66,6.18,13.0,11.0,5.0,656.3,453.0,459.01,4.5,5.03,5.65,24.77,25.12,24.71,43.78,46.34,1003.0,1133.0,2.42,0.11,61.0,3.0,44.0,2.0,regular
8475714,2025,Calle Jarnkrok,TOR,C,5on5,37,21179.0,511.0,0.18,0.44,0.49,0.4,0.47,0.41,0.47,399.0,30.74,2.57,1.84,7.56,0.95,15.79,12.3,2.52,2.56,2.52,1.0,0.0,29.0,12.0,5.0,46.0,6.0,5.0,3.0,0.0,9.0,0.0,13.0,11.0,24.0,36.0,2.0,4.0,9.0,23.0,4.0,11.0,31.0,7.0,3.0,0.81,0.87,0.88,2.0,2.0,1.0,45.52,41.0,40.33,3.0,0.38,0.84,0.57,2.38,2.35,2.33,511.0,21.0,79.0,115.0,296.0,66.0,63.0,58.0,324.0,9.0,6.0,93266.0,4.0,2.0,1.0,6.0,130.2,10.07,9.89,10.02,9.84,121.0,56.0,65.0,242.0,9.0,7.0,1.0,139.0,27.0,11.0,3.68,3.21,3.18,5.0,2.0,2.0,240.53,177.0,175.37,1.61,2.03,2.03,9.65,9.56,9.5,184.18,13.06,12.62,13.37,12.91,160.0,96.0,110.0,366.0,18.0,13.0,2.0,213.0,32.0,11.0,6.06,3.97,3.03,12.0,4.0,2.0,374.17,256.0,261.31,2.43,2.07,2.68,12.81,13.05,12.72,61.82,65.04,1411.0,1581.0,0.72,0.12,17.0,9.0,10.0,6.0,regular
8475690,2025,Chris Tanev,TOR,D,5on5,11,9902.0,252.0,2.2,0.46,0.53,0.46,0.47,0.48,0.48,50.0,7.11,0.16,0.35,1.98,0.23,4.15,3.13,0.16,0.16,0.16,1.0,1.0,8.0,2.0,8.0,18.0,2.0,0.0,0.0,0.0,5.0,0.0,2.0,3.0,8.0,10.0,0.0,0.0,0.0,2.0,4.0,7.0,10.0,0.0,0.0,0.16,0.0,0.0,0.0,0.0,0.0,18.07,10.0,10.03,6.0,0.07,0.0,0.0,0.23,0.23,0.22,252.0,13.0,28.0,43.0,168.0,37.0,17.0,24.0,174.0,0.0,0.0,23237.0,0.0,4.0,2.0,13.0,70.91,5.16,5.08,5.22,5.14,66.0,31.0,32.0,129.0,7.0,3.0,1.0,78.0,16.0,3.0,2.29,2.04,0.83,4.0,2.0,1.0,131.85,97.0,99.26,0.93,0.68,0.68,5.41,5.49,5.45,77.34,6.03,5.79,6.14,5.89,59.0,48.0,42.0,149.0,5.0,8.0,1.0,81.0,23.0,3.0,2.35,2.89,0.8,1.0,4.0,0.0,147.84,107.0,106.04,1.16,1.12,1.12,6.07,6.16,6.03,16.61,14.96,354.0,393.0,1.42,0.22,24.0,4.0,18.0,4.0,regular
8478057,2025,Dakota Joshua,TOR,C,5on5,36,24462.0,572.0,7.0,0.47,0.48,0.44,0.46,0.44,0.48,298.0,35.35,4.34,2.95,7.45,1.12,17.22,11.93,4.21,4.38,4.25,2.0,1.0,32.0,13.0,9.0,54.0,9.0,6.0,4.0,1.0,7.0,0.0,16.0,12.0,26.0,39.0,6.0,15.0,2.0,124.0,5.0,12.0,23.0,19.0,3.0,0.97,2.4,0.97,2.0,4.0,0.0,54.12,45.0,45.0,2.0,0.63,0.91,1.06,3.91,3.93,3.89,572.0,18.0,84.0,126.0,344.0,80.0,84.0,81.0,327.0,2.0,9.0,83322.0,15.0,23.0,10.0,21.0,175.31,14.16,13.52,14.28,13.63,152.0,86.0,100.0,338.0,17.0,19.0,2.0,180.0,48.0,10.0,5.04,6.15,2.96,11.0,5.0,1.0,338.72,238.0,239.21,2.36,3.32,3.32,13.2,13.28,13.09,222.15,15.95,15.51,16.13,15.68,200.0,106.0,116.0,422.0,18.0,21.0,3.0,257.0,33.0,16.0,7.29,4.05,4.61,10.0,7.0,1.0,423.65,306.0,307.39,2.86,4.26,4.26,14.55,14.66,14.49,55.11,58.56,1205.0,1401.0,0.8,0.96,18.0,15.0,13.0,10.0,regular
8477541,2025,Dakota Mermis,TOR,D,5on5,11,8145.0,201.0,0.33,0.52,0.48,0.47,0.44,0.48,0.43,61.0,6.91,0.19,0.36,1.99,0.24,4.35,2.87,0.19,0.19,0.19,0.0,0.0,5.0,5.0,5.0,15.0,1.0,1.0,0.0,0.0,2.0,0.0,3.0,4.0,4.0,9.0,4.0,11.0,0.0,8.0,2.0,8.0,10.0,0.0,0.0,0.19,0.0,0.0,1.0,0.0,0.0,14.91,10.0,10.01,5.0,0.07,0.0,0.0,0.26,0.26,0.26,201.0,12.0,11.0,24.0,154.0,35.0,25.0,29.0,112.0,0.0,0.0,25851.0,11.0,12.0,3.0,9.0,66.94,5.63,5.53,5.72,5.62,57.0,32.0,32.0,121.0,3.0,5.0,1.0,69.0,12.0,8.0,1.99,1.27,2.37,2.0,0.0,1.0,123.13,89.0,90.85,0.89,1.46,1.46,5.06,5.17,5.11,68.14,5.11,4.92,5.01,4.82,59.0,36.0,39.0,134.0,6.0,5.0,0.0,76.0,16.0,3.0,2.38,1.87,0.86,4.0,2.0,0.0,130.52,95.0,92.73,0.94,1.11,1.11,4.94,4.84,4.79,15.11,16.58,347.0,446.0,0.6,0.09,17.0,3.0,11.0,3.0,regular
8484158,2025,Easton Cowan,TOR,R,5on5,43,30758.0,651.0,16.88,0.49,0.48,0.48,0.46,0.47,0.47,320.0,59.8,4.84,3.83,13.92,1.89,32.09,24.43,4.81,4.87,4.83,5.0,3.0,56.0,25.0,25.0,106.0,14.0,6.0,3.0,1.0,8.0,0.0,32.0,32.0,50.0,75.0,7.0,14.0,0.0,45.0,5.0,39.0,63.0,15.0,3.0,2.05,1.91,0.88,4.0,1.0,1.0,106.2,81.0,81.49,14.0,0.79,0.67,0.53,5.1,5.16,5.12,651.0,78.0,44.0,90.0,439.0,90.0,118.0,82.0,361.0,0.0,2.0,100971.0,14.0,18.0,9.0,22.0,254.04,21.16,20.6,21.25,20.71,219.0,122.0,144.0,485.0,22.0,23.0,3.0,250.0,74.0,17.0,7.5,9.26,4.38,9.0,10.0,3.0,482.6,341.0,341.55,3.51,4.18,4.18,20.49,20.69,20.48,284.03,22.09,21.23,22.37,21.49,258.0,127.0,138.0,523.0,16.0,30.0,1.0,305.0,61.0,19.0,8.69,7.74,5.67,12.0,3.0,1.0,530.7,385.0,388.36,3.73,6.15,6.16,19.66,19.74,19.49,61.48,66.58,1431.0,1693.0,0.12,1.08,11.0,21.0,4.0,18.0,regular
8481567,2025,Henry Thrun,TOR,D,5on5,4,3457.0,76.0,-0.45,0.34,0.48,0.41,0.48,0.43,0.49,20.0,3.48,0.08,0.19,0.95,0.12,2.15,1.51,0.07,0.08,0.07,0.0,0.0,4.0,1.0,0.0,5.0,0.0,0.0,0.0,0.0,1.0,0.0,3.0,1.0,4.0,5.0,0.0,0.0,0.0,3.0,0.0,1.0,5.0,0.0,0.0,0.08,0.0,0.0,0.0,0.0,0.0,4.81,5.0,4.88,1.0,0.04,0.0,0.0,0.12,0.11,0.11,76.0,5.0,12.0,11.0,48.0,6.0,9.0,9.0,52.0,0.0,0.0,8862.0,0.0,0.0,0.0,4.0,20.98,1.4,1.4,1.34,1.33,21.0,7.0,9.0,37.0,1.0,0.0,0.0,20.0,8.0,0.0,0.52,0.89,0.0,1.0,0.0,0.0,35.26,28.0,27.09,0.24,0.0,0.0,1.65,1.58,1.57,27.76,2.68,2.56,2.83,2.71,23.0,14.0,16.0,53.0,2.0,4.0,0.0,27.0,8.0,2.0,0.87,0.96,0.85,2.0,0.0,0.0,57.63,37.0,39.42,0.38,0.99,0.99,2.06,2.17,2.14,5.88,6.44,128.0,140.0,0.53,0.0,9.0,0.0,8.0,0.0,regular
8484901,2025,Jacob Quillan,TOR,C,5on5,4,1828.0,45.0,-0.19,0.3,0.47,0.37,0.48,0.25,0.49,46.0,0.76,0.01,0.03,0.25,0.03,0.38,0.31,0.01,0.01,0.01,0.0,0.0,1.0,0.0,1.0,2.0,0.0,0.0,0.0,0.0,1.0,0.0,0.0,0.0,1.0,1.0,0.0,0.0,7.0,9.0,0.0,2.0,1.0,0.0,0.0,0.01,0.0,0.0,0.0,0.0,0.0,1.94,1.0,0.92,0.0,0.01,0.0,0.0,0.01,0.01,0.01,45.0,2.0,4.0,8.0,31.0,10.0,7.0,3.0,25.0,7.0,9.0,10408.0,0.0,0.0,0.0,0.0,5.17,0.45,0.45,0.44,0.44,6.0,1.0,9.0,16.0,2.0,0.0,0.0,6.0,0.0,1.0,0.18,0.0,0.27,2.0,0.0,0.0,15.51,7.0,6.8,0.07,0.0,0.0,0.53,0.52,0.52,15.03,1.05,1.04,1.13,1.11,13.0,8.0,6.0,27.0,0.0,1.0,0.0,18.0,2.0,1.0,0.48,0.23,0.34,0.0,0.0,0.0,28.98,21.0,22.37,0.18,0.34,0.34,0.9,0.97,0.95,6.1,6.77,162.0,174.0,0.11,0.07,1.0,1.0,1.0,1.0,regular
8476931,2025,Jake McCabe,TOR,D,5on5,55,61974.0,1421.0,12.2,0.49,0.48,0.45,0.46,0.46,0.47,128.0,50.31,2.24,2.87,14.65,1.61,28.24,20.39,2.13,2.23,2.12,8.0,5.0,45.0,25.0,40.0,110.0,16.0,3.0,3.0,0.0,11.0,0.0,24.0,29.0,42.0,67.0,13.0,29.0,0.0,73.0,15.0,60.0,65.0,5.0,0.0,1.56,0.67,0.0,3.0,0.0,0.0,109.65,70.0,69.75,38.0,0.58,0.63,0.22,2.6,2.59,2.52,1421.0,89.0,205.0,216.0,911.0,197.0,130.0,180.0,914.0,0.0,0.0,106157.0,29.0,11.0,4.0,93.0,469.14,39.86,38.4,40.11,38.61,440.0,192.0,231.0,863.0,48.0,47.0,6.0,472.0,128.0,32.0,14.57,16.32,8.98,22.0,19.0,7.0,860.97,632.0,632.57,6.59,8.34,8.18,38.27,38.5,37.88,542.55,41.29,39.69,41.65,40.0,483.0,261.0,308.0,1052.0,41.0,50.0,4.0,587.0,121.0,36.0,17.27,14.4,9.62,22.0,15.0,4.0,1062.89,744.0,749.99,7.34,8.57,8.57,40.05,40.34,39.36,68.46,75.61,1566.0,1810.0,4.33,0.73,114.0,14.0,87.0,11.0,regular
8475166,2025,John Tavares,TOR,C,5on5,57,49040.0,1049.0,41.34,0.53,0.47,0.49,0.45,0.49,0.45,247.0,107.8,13.15,8.49,23.72,3.53,54.07,39.03,12.43,13.28,12.54,7.0,11.0,96.0,46.0,39.0,181.0,30.0,12.0,13.0,3.0,22.0,1.0,48.0,46.0,84.0,130.0,8.0,16.0,400.0,46.0,15.0,46.0,79.0,48.0,15.0,3.16,6.09,3.91,4.0,5.0,3.0,181.83,142.0,143.35,14.0,1.8,2.67,3.37,11.58,11.71,11.41,1049.0,161.0,111.0,154.0,623.0,114.0,153.0,177.0,605.0,400.0,284.0,125074.0,16.0,20.0,9.0,14.0,415.79,35.13,33.49,35.24,33.57,361.0,200.0,191.0,752.0,40.0,39.0,7.0,418.0,110.0,33.0,12.37,13.83,8.94,18.0,14.0,8.0,750.96,561.0,560.39,5.78,7.49,7.49,33.43,33.52,32.76,420.95,31.74,31.03,32.14,31.43,391.0,192.0,200.0,783.0,50.0,33.0,3.0,459.0,107.0,17.0,14.05,12.95,4.75,25.0,22.0,3.0,793.4,583.0,588.79,5.7,4.97,4.97,32.47,32.82,32.41,76.93,88.3,1762.0,2177.0,0.75,1.98,23.0,36.0,18.0,30.0,regular
8483546,2025,Marshall Rifai,TOR,D,5on5,1,580.0,14.0,-0.17,0.25,0.74,0.38,0.71,0.29,0.68,6.0,0.74,0.01,0.03,0.25,0.02,0.33,0.37,0.01,0.01,0.01,0.0,0.0,1.0,0.0,1.0,2.0,0.0,0.0,0.0,0.0,0.0,0.0,0.0,1.0,1.0,1.0,0.0,0.0,0.0,0.0,0.0,1.0,1.0,0.0,0.0,0.01,0.0,0.0,0.0,0.0,0.0,2.01,1.0,1.03,1.0,0.01,0.0,0.0,0.01,0.02,0.01,14.0,1.0,1.0,0.0,12.0,1.0,1.0,4.0,8.0,0.0,0.0,3200.0,0.0,0.0,0.0,1.0,3.54,0.21,0.21,0.22,0.22,4.0,1.0,5.0,10.0,1.0,0.0,0.0,4.0,1.0,0.0,0.13,0.08,0.0,0.0,1.0,0.0,10.21,5.0,5.09,0.04,0.0,0.0,0.25,0.26,0.26,8.73,0.63,0.6,0.62,0.59,8.0,4.0,4.0,16.0,1.0,2.0,0.0,11.0,0.0,1.0,0.41,0.0,0.22,1.0,0.0,0.0,15.86,12.0,11.92,0.11,0.27,0.27,0.47,0.46,0.45,2.94,1.02,72.0,30.0,0.0,0.0,0.0,0.0,0.0,0.0,regular
8481711,2025,Matias Maccelli,TOR,L,5on5,46,34691.0,755.0,18.59,0.53,0.47,0.48,0.46,0.49,0.46,315.0,51.36,5.75,3.65,12.21,1.75,26.8,18.83,5.46,5.63,5.35,4.0,6.0,44.0,25.0,22.0,91.0,18.0,8.0,6.0,0.0,4.0,0.0,28.0,23.0,36.0,61.0,3.0,6.0,3.0,12.0,6.0,38.0,46.0,17.0,6.0,1.58,2.21,1.96,4.0,4.0,0.0,90.85,69.0,68.61,12.0,0.77,0.82,1.59,4.94,4.89,4.78,755.0,85.0,60.0,123.0,487.0,104.0,123.0,119.0,409.0,3.0,4.0,105687.0,6.0,6.0,3.0,12.0,284.32,24.13,23.2,23.97,23.05,238.0,148.0,127.0,513.0,28.0,26.0,3.0,279.0,91.0,16.0,8.59,10.97,4.56,13.0,12.0,3.0,511.17,386.0,384.63,4.03,4.54,4.54,23.61,23.55,23.05,287.66,21.07,20.34,21.28,20.55,269.0,128.0,154.0,551.0,31.0,24.0,2.0,317.0,66.0,14.0,9.16,7.98,3.93,16.0,14.0,1.0,556.35,397.0,401.46,3.93,4.01,4.01,20.99,21.24,20.86,66.91,74.24,1571.0,1814.0,0.96,0.43,25.0,16.0,20.0,14.0,regular
8476988,2025,Matt Benning,TOR,D,5on5,1,741.0,20.0,-0.1,0.72,0.53,0.39,0.52,0.46,0.47,6.0,0.0,0.0,0.0,0.0,0.0,0.0,0.0,0.0,0.0,0.0,0.0,0.0,0.0,0.0,1.0,1.0,0.0,0.0,0.0,0.0,0.0,0.0,0.0,0.0,0.0,0.0,0.0,0.0,0.0,0.0,0.0,1.0,0.0,0.0,0.0,0.0,0.0,0.0,0.0,0.0,0.0,1.1,0.0,0.0,1.0,0.0,0.0,0.0,0.0,0.0,0.0,20.0,0.0,2.0,4.0,14.0,3.0,3.0,1.0,13.0,0.0,0.0,2838.0,0.0,0.0,0.0,3.0,4.4,0.4,0.4,0.42,0.41,5.0,1.0,3.0,9.0,0.0,1.0,0.0,4.0,2.0,0.0,0.13,0.27,0.0,0.0,0.0,0.0,9.5,6.0,6.32,0.08,0.01,0.01,0.47,0.49,0.49,5.2,0.15,0.15,0.14,0.14,5.0,2.0,7.0,14.0,0.0,0.0,0.0,7.0,0.0,0.0,0.15,0.0,0.0,0.0,0.0,0.0,13.25,7.0,6.52,0.05,0.0,0.0,0.21,0.19,0.19,1.45,1.27,39.0,36.0,0.1,0.0,1.0,0.0,1.0,0.0,regular
8482720,2025,Matthew Knies,TOR,L,5on5,54,47612.0,971.0,33.32,0.47,0.49,0.46,0.46,0.47,0.46,205.0,73.26,7.65,5.6,16.89,2.33,36.04,26.47,7.5,7.59,7.45,16.0,8.0,65.0,30.0,32.0,127.0,32.0,8.0,5.0,1.0,13.0,0.0,27.0,42.0,57.0,87.0,9.0,21.0,0.0,108.0,13.0,41.0,59.0,31.0,5.0,2.29,3.89,1.47,2.0,4.0,2.0,126.45,95.0,94.64,13.0,1.2,0.58,1.23,7.62,7.59,7.51,971.0,138.0,94.0,162.0,577.0,99.0,149.0,173.0,550.0,0.0,3.0,117316.0,21.0,23.0,10.0,21.0,377.5,30.63,29.91,30.5,29.78,343.0,165.0,178.0,686.0,37.0,32.0,3.0,378.0,108.0,22.0,11.3,13.13,6.2,17.0,18.0,2.0,685.07,508.0,507.89,5.35,5.62,5.62,30.37,30.31,29.94,427.97,34.03,32.92,34.27,33.14,390.0,191.0,240.0,821.0,38.0,44.0,6.0,451.0,102.0,28.0,13.7,12.73,7.61,20.0,16.0,2.0,825.49,581.0,584.37,5.91,7.19,7.18,32.76,33.02,32.55,77.74,81.38,1687.0,2001.0,1.1,1.29,26.0,32.0,16.0,26.0,regular
8477503,2025,Max Domi,TOR,C,5on5,55,43803.0,950.0,22.17,0.48,0.49,0.47,0.46,0.47,0.46,329.0,71.75,4.77,4.22,18.2,2.26,38.2,28.36,4.64,4.72,4.59,10.0,4.0,64.0,32.0,31.0,127.0,19.0,5.0,8.0,0.0,20.0,0.0,21.0,42.0,59.0,91.0,13.0,32.0,95.0,24.0,13.0,59.0,80.0,15.0,1.0,2.51,1.91,0.35,4.0,1.0,0.0,126.0,96.0,95.29,14.0,0.87,1.46,0.78,4.87,4.81,4.72,950.0,133.0,100.0,160.0,557.0,113.0,139.0,132.0,566.0,95.0,91.0,123986.0,32.0,34.0,13.0,24.0,376.71,28.79,27.84,28.79,27.84,350.0,159.0,160.0,669.0,28.0,34.0,5.0,395.0,97.0,17.0,11.78,12.12,4.89,12.0,14.0,2.0,668.57,509.0,508.99,5.18,6.2,6.2,27.77,27.77,27.25,411.37,31.74,30.67,32.08,30.98,369.0,196.0,193.0,758.0,45.0,35.0,7.0,446.0,92.0,27.0,13.33,11.21,7.19,21.0,15.0,9.0,766.42,565.0,569.62,5.58,5.72,6.33,30.98,31.25,30.64,78.48,83.16,1754.0,2083.0,0.79,1.45,27.0,33.0,20.0,24.0,regular
8476853,2025,Morgan Rielly,TOR,D,5on5,54,57800.0,1367.0,27.6,0.51,0.47,0.49,0.44,0.49,0.45,155.0,93.78,4.36,4.85,28.0,3.16,51.23,37.41,4.18,4.34,4.15,5.0,11.0,78.0,51.0,63.0,192.0,22.0,6.0,2.0,1.0,24.0,0.0,37.0,60.0,72.0,123.0,7.0,12.0,0.0,20.0,13.0,60.0,120.0,6.0,3.0,2.76,0.83,0.76,4.0,1.0,1.0,189.91,129.0,128.23,40.0,0.99,0.76,0.71,4.64,4.57,4.46,1367.0,207.0,101.0,211.0,848.0,89.0,230.0,181.0,867.0,0.0,0.0,106784.0,12.0,8.0,4.0,65.0,530.59,42.98,41.27,42.66,41.0,457.0,257.0,233.0,947.0,50.0,52.0,7.0,530.0,150.0,34.0,15.26,18.21,9.51,22.0,22.0,6.0,936.58,714.0,707.79,7.21,9.81,9.62,40.57,40.39,39.67,534.56,40.91,39.76,41.6,40.44,513.0,224.0,242.0,979.0,63.0,49.0,9.0,581.0,124.0,32.0,16.62,15.93,8.35,29.0,26.0,8.0,994.0,737.0,747.35,7.23,7.8,8.42,39.72,40.36,39.84,63.7,72.67,1434.0,1805.0,4.03,0.49,88.0,14.0,67.0,11.0,regular
8481582,2025,Nicholas Robertson,TOR,L,5on5,54,36527.0,794.0,21.72,0.49,0.49,0.46,0.46,0.47,0.47,437.0,86.19,9.1,5.82,21.12,2.94,41.94,32.07,8.81,8.96,8.7,6.0,5.0,75.0,38.0,20.0,133.0,21.0,10.0,13.0,2.0,10.0,0.0,34.0,46.0,65.0,103.0,1.0,2.0,9.0,57.0,16.0,43.0,70.0,30.0,13.0,2.15,3.55,3.41,3.0,4.0,3.0,131.11,113.0,111.93,13.0,1.23,1.99,3.17,7.16,7.16,7.11,794.0,84.0,74.0,130.0,506.0,111.0,132.0,97.0,454.0,9.0,6.0,128412.0,2.0,12.0,6.0,29.0,307.93,25.41,24.4,25.17,24.2,271.0,144.0,133.0,548.0,29.0,41.0,5.0,312.0,80.0,23.0,9.1,9.75,6.56,10.0,12.0,7.0,542.72,415.0,412.01,4.05,8.13,7.67,21.8,21.7,21.46,343.97,26.78,26.0,27.42,26.6,311.0,161.0,179.0,651.0,28.0,33.0,4.0,375.0,72.0,25.0,10.54,8.99,7.24,14.0,9.0,5.0,657.59,472.0,476.67,4.61,6.95,6.95,24.44,24.82,24.52,81.38,84.99,1834.0,2120.0,0.45,0.68,12.0,19.0,9.0,16.0,regular
8478462,2025,Nicolas Roy,TOR,C,5on5,54,38503.0,840.0,14.76,0.45,0.49,0.46,0.46,0.45,0.47,408.0,45.75,5.19,3.49,9.91,1.55,23.95,17.91,5.05,5.21,5.07,7.0,4.0,36.0,26.0,30.0,92.0,15.0,4.0,5.0,0.0,6.0,0.0,24.0,23.0,32.0,58.0,3.0,6.0,250.0,57.0,17.0,42.0,38.0,21.0,3.0,1.78,2.49,0.93,3.0,1.0,0.0,93.42,62.0,62.49,15.0,0.74,1.28,1.18,4.75,4.8,4.72,840.0,49.0,124.0,139.0,528.0,116.0,118.0,116.0,490.0,250.0,213.0,126425.0,6.0,16.0,7.0,18.0,279.32,22.07,21.49,22.05,21.5,239.0,145.0,169.0,553.0,29.0,24.0,2.0,294.0,77.0,13.0,8.85,9.48,3.74,15.0,11.0,3.0,552.02,384.0,382.96,3.81,4.02,3.98,21.9,22.0,21.76,343.35,26.83,26.04,26.97,26.17,310.0,159.0,189.0,658.0,27.0,30.0,4.0,376.0,66.0,27.0,10.96,8.32,7.54,14.0,10.0,3.0,660.65,469.0,470.29,4.58,6.43,6.43,24.98,25.03,24.65,86.31,88.59,1820.0,2164.0,0.8,1.13,23.0,19.0,18.0,14.0,regular
8475171,2025,Oliver Ekman-Larsson,TOR,D,5on5,57,62379.0,1457.0,24.42,0.49,0.48,0.48,0.45,0.48,0.46,151.0,70.76,3.14,3.91,21.38,2.36,40.05,29.16,3.02,3.1,2.99,8.0,9.0,65.0,35.0,60.0,160.0,25.0,8.0,5.0,1.0,18.0,0.0,42.0,27.0,57.0,92.0,18.0,36.0,0.0,65.0,9.0,77.0,93.0,5.0,2.0,2.14,0.51,0.49,7.0,1.0,0.0,158.75,100.0,98.94,51.0,0.79,0.75,0.52,3.41,3.39,3.28,1457.0,209.0,146.0,210.0,892.0,111.0,202.0,239.0,905.0,0.0,0.0,111735.0,36.0,24.0,12.0,43.0,529.74,42.8,41.17,42.66,41.06,468.0,252.0,239.0,959.0,58.0,52.0,8.0,544.0,144.0,32.0,15.82,18.14,8.85,26.0,24.0,8.0,955.16,720.0,717.32,7.34,9.24,9.21,40.93,40.91,40.16,578.73,44.28,42.76,44.63,43.07,532.0,259.0,267.0,1058.0,59.0,51.0,4.0,638.0,114.0,39.0,18.79,14.59,10.9,36.0,21.0,2.0,1067.3,791.0,797.53,7.8,9.79,9.79,42.29,42.47,41.73,69.26,75.77,1555.0,1902.0,3.99,0.35,95.0,16.0,72.0,14.0,regular
8479026,2025,Philippe Myers,TOR,D,5on5,27,20950.0,484.0,-1.98,0.43,0.51,0.42,0.46,0.43,0.47,150.0,34.79,1.0,1.77,10.07,1.2,20.68,15.29,0.98,1.0,0.99,1.0,1.0,29.0,21.0,16.0,66.0,2.0,0.0,3.0,0.0,6.0,0.0,12.0,29.0,29.0,50.0,7.0,14.0,0.0,38.0,3.0,21.0,49.0,1.0,0.0,0.91,0.08,0.0,0.0,0.0,0.0,66.94,50.0,50.58,18.0,0.35,0.37,0.05,1.29,1.31,1.29,484.0,33.0,49.0,69.0,333.0,58.0,72.0,60.0,294.0,0.0,0.0,60544.0,14.0,2.0,1.0,30.0,155.5,11.06,10.81,11.18,10.92,129.0,81.0,65.0,275.0,14.0,14.0,0.0,167.0,33.0,10.0,4.33,4.1,2.63,7.0,7.0,0.0,279.11,210.0,212.71,1.98,2.53,2.53,10.51,10.66,10.54,199.21,14.92,14.56,15.06,14.69,183.0,91.0,102.0,376.0,22.0,20.0,3.0,216.0,46.0,12.0,5.79,5.61,3.52,8.0,10.0,4.0,372.06,274.0,273.43,2.7,3.2,3.2,14.43,14.52,14.28,44.78,42.3,887.0,1036.0,0.99,0.21,26.0,7.0,19.0,4.0,regular
8476872,2025,Scott Laughton,TOR,C,5on5,39,26166.0,638.0,6.07,0.47,0.48,0.41,0.47,0.43,0.47,318.0,54.01,4.51,3.31,13.14,1.91,27.44,21.69,4.44,4.63,4.55,2.0,0.0,39.0,33.0,6.0,78.0,8.0,6.0,7.0,1.0,10.0,1.0,25.0,23.0,33.0,66.0,6.0,12.0,178.0,69.0,5.0,27.0,53.0,15.0,4.0,1.37,1.89,1.25,1.0,3.0,2.0,77.23,72.0,71.58,9.0,0.69,1.63,0.74,4.47,4.59,4.57,638.0,22.0,137.0,117.0,362.0,96.0,69.0,75.0,398.0,178.0,157.0,94959.0,12.0,18.0,9.0,21.0,190.89,15.31,14.57,15.38,14.62,159.0,95.0,74.0,328.0,13.0,20.0,3.0,193.0,43.0,18.0,4.39,5.31,5.61,2.0,7.0,4.0,325.75,254.0,252.66,2.27,4.62,4.62,12.96,13.02,12.78,243.27,16.97,16.31,17.16,16.49,220.0,120.0,138.0,478.0,17.0,27.0,3.0,284.0,43.0,13.0,8.04,5.18,3.74,10.0,6.0,1.0,480.28,340.0,342.27,3.21,4.05,4.05,16.13,16.23,15.81,62.45,67.46,1409.0,1580.0,0.8,0.65,15.0,16.0,14.0,13.0,regular
8481122,2025,Simon Benoit,TOR,D,5on5,49,45073.0,1109.0,-5.73,0.43,0.49,0.41,0.48,0.41,0.48,228.0,33.76,1.26,1.84,9.29,1.17,20.13,14.31,1.24,1.24,1.21,0.0,2.0,29.0,19.0,38.0,86.0,2.0,0.0,3.0,0.0,13.0,0.0,12.0,20.0,29.0,48.0,10.0,23.0,0.0,119.0,9.0,44.0,45.0,3.0,0.0,0.81,0.45,0.0,0.0,0.0,0.0,85.35,48.0,47.65,32.0,0.37,0.4,0.17,1.46,1.44,1.41,1109.0,41.0,170.0,170.0,728.0,145.0,134.0,128.0,702.0,0.0,0.0,103051.0,23.0,21.0,9.0,61.0,290.73,23.8,23.11,23.6,22.92,244.0,148.0,156.0,548.0,22.0,29.0,3.0,296.0,74.0,22.0,8.36,9.55,5.88,9.0,10.0,3.0,543.55,392.0,388.09,3.94,5.27,5.44,22.29,22.02,21.79,403.84,31.24,30.34,31.94,31.02,350.0,209.0,231.0,790.0,29.0,39.0,2.0,448.0,84.0,27.0,12.85,9.97,8.41,18.0,8.0,3.0,801.92,559.0,567.13,5.28,7.88,7.88,28.65,29.19,28.72,69.83,72.48,1593.0,1750.0,5.16,0.39,107.0,11.0,79.0,6.0,regular
8478904,2025,Steven Lorentz,TOR,C,5on5,50,28954.0,681.0,7.4,0.46,0.49,0.42,0.47,0.44,0.47,512.0,47.74,4.89,2.96,11.47,1.54,22.82,18.32,4.62,4.8,4.53,4.0,5.0,44.0,18.0,13.0,75.0,12.0,3.0,3.0,1.0,9.0,0.0,22.0,25.0,41.0,59.0,1.0,2.0,34.0,106.0,6.0,20.0,38.0,17.0,7.0,0.86,1.98,2.05,0.0,2.0,1.0,74.0,62.0,61.21,8.0,0.63,0.91,1.21,4.3,4.21,4.19,681.0,26.0,104.0,147.0,404.0,111.0,83.0,85.0,402.0,34.0,26.0,124781.0,2.0,4.0,2.0,27.0,206.41,16.16,15.66,16.15,15.64,180.0,99.0,90.0,369.0,19.0,18.0,4.0,212.0,51.0,16.0,5.26,6.18,4.72,5.0,9.0,5.0,366.49,279.0,277.39,2.54,3.54,3.54,15.16,15.14,15.0,259.19,18.84,18.22,19.14,18.52,229.0,132.0,147.0,508.0,21.0,23.0,1.0,297.0,48.0,16.0,8.32,5.82,4.7,13.0,5.0,3.0,516.45,361.0,365.9,3.4,4.13,4.13,18.11,18.39,18.01,82.46,86.0,1862.0,2085.0,0.9,0.6,19.0,21.0,16.0,14.0,regular
8479442,2025,Troy Stecher,TOR,D,5on5,44,45041.0,1025.0,9.38,0.49,0.46,0.47,0.45,0.47,0.46,154.0,50.17,1.92,2.75,14.26,1.72,29.46,21.89,1.85,1.91,1.83,3.0,5.0,46.0,26.0,47.0,119.0,10.0,2.0,7.0,0.0,11.0,0.0,27.0,25.0,44.0,70.0,8.0,16.0,0.0,19.0,10.0,52.0,68.0,3.0,1.0,1.41,0.27,0.24,2.0,0.0,0.0,118.73,72.0,71.77,40.0,0.55,0.98,0.4,2.08,2.06,2.02,1025.0,64.0,109.0,157.0,695.0,149.0,149.0,110.0,617.0,0.0,0.0,92020.0,16.0,8.0,4.0,42.0,358.82,29.92,28.5,30.21,28.79,332.0,156.0,181.0,669.0,34.0,37.0,5.0,360.0,104.0,24.0,10.46,12.16,7.31,13.0,15.0,6.0,674.65,488.0,491.77,4.91,6.82,7.09,27.74,28.13,27.61,403.98,31.1,30.04,31.12,30.03,369.0,183.0,190.0,742.0,31.0,36.0,3.0,446.0,75.0,31.0,13.57,8.89,8.65,24.0,5.0,2.0,743.0,552.0,551.72,5.28,7.07,7.07,29.31,29.13,28.58,55.32,64.14,1287.0,1572.0,3.07,0.5,69.0,15.0,52.0,11.0,regular
8477939,2025,William Nylander,TOR,R,5on5,40,35602.0,763.0,39.47,0.49,0.46,0.47,0.44,0.46,0.45,138.0,64.82,5.18,4.22,15.16,1.95,33.37,25.13,4.99,5.21,5.01,13.0,8.0,52.0,33.0,32.0,117.0,30.0,9.0,5.0,0.0,11.0,0.0,24.0,36.0,43.0,76.0,6.0,12.0,19.0,4.0,17.0,36.0,61.0,22.0,2.0,1.79,2.75,0.64,3.0,6.0,0.0,116.57,85.0,84.97,7.0,0.88,1.47,0.85,5.2,5.22,5.17,763.0,140.0,71.0,118.0,434.0,60.0,115.0,129.0,459.0,19.0,27.0,85691.0,12.0,10.0,5.0,10.0,285.24,25.35,24.05,25.52,24.18,250.0,133.0,139.0,522.0,40.0,26.0,3.0,276.0,84.0,23.0,8.47,10.52,6.36,21.0,14.0,5.0,522.46,383.0,383.58,4.12,5.19,5.36,24.12,24.24,23.55,322.36,26.34,25.38,26.7,25.72,311.0,133.0,152.0,596.0,38.0,29.0,2.0,341.0,77.0,26.0,9.81,9.43,7.1,19.0,16.0,3.0,601.73,444.0,447.6,4.42,5.5,5.5,25.26,25.52,24.99,51.55,60.24,1196.0,1503.0,0.48,1.05,24.0,22.0,15.0,12.0,regular
8477021,2025,Alexander Kerfoot,UTA,C,5on5,9,4723.0,119.0,0.67,0.48,0.61,0.46,0.56,0.44,0.55,82.0,7.97,0.55,0.59,1.93,0.32,4.8,3.8,0.55,0.56,0.56,0.0,0.0,10.0,2.0,1.0,13.0,1.0,1.0,0.0,0.0,3.0,0.0,5.0,3.0,9.0,11.0,3.0,8.0,16.0,3.0,0.0,4.0,9.0,3.0,0.0,0.27,0.29,0.0,0.0,1.0,0.0,13.24,12.0,12.17,1.0,0.13,0.0,0.0,0.68,0.68,0.68,119.0,13.0,15.0,18.0,73.0,26.0,13.0,17.0,63.0,16.0,16.0,20833.0,8.0,2.0,1.0,6.0,27.87,2.24,2.2,2.27,2.23,27.0,12.0,28.0,67.0,1.0,2.0,0.0,31.0,6.0,2.0,1.09,0.68,0.47,0.0,1.0,0.0,68.22,39.0,39.82,0.43,0.47,0.47,2.21,2.23,2.22,35.33,2.42,2.38,2.42,2.39,35.0,14.0,31.0,80.0,3.0,3.0,1.0,41.0,8.0,0.0,1.35,1.07,0.0,2.0,1.0,0.0,78.66,49.0,48.38,0.44,0.19,0.19,2.66,2.65,2.62,17.83,11.55,364.0,287.0,0.02,0.04,3.0,3.0,2.0,1.0,regular
8475461,2025,Andrew Agozzino,UTA,L,5on5,2,716.0,19.0,-0.21,0.47,0.46,0.28,0.47,0.42,0.49,22.0,0.74,0.01,0.03,0.26,0.03,0.35,0.32,0.01,0.01,0.01,0.0,0.0,0.0,1.0,0.0,1.0,0.0,0.0,0.0,0.0,0.0,0.0,0.0,1.0,0.0,1.0,0.0,0.0,3.0,4.0,1.0,1.0,1.0,0.0,0.0,0.01,0.0,0.0,0.0,0.0,0.0,1.03,1.0,1.03,1.0,0.01,0.0,0.0,0.02,0.02,0.02,19.0,3.0,0.0,2.0,14.0,1.0,7.0,1.0,10.0,3.0,4.0,4837.0,0.0,2.0,1.0,1.0,3.79,0.44,0.43,0.44,0.43,3.0,2.0,0.0,5.0,0.0,1.0,0.0,4.0,0.0,1.0,0.17,0.0,0.27,0.0,0.0,0.0,4.93,5.0,4.89,0.05,0.27,0.27,0.22,0.23,0.22,4.9,0.49,0.49,0.47,0.47,5.0,2.0,6.0,13.0,0.0,0.0,0.0,5.0,2.0,0.0,0.16,0.33,0.0,0.0,0.0,0.0,12.67,7.0,6.88,0.07,0.0,0.0,0.56,0.54,0.54,2.91,3.46,71.0,80.0,0.01,0.0,1.0,0.0,1.0,0.0,regular
8480849,2025,Barrett Hayton,UTA,C,5on5,51,39317.0,895.0,27.27,0.58,0.53,0.54,0.54,0.56,0.53,265.0,78.47,10.02,5.79,18.57,2.73,37.73,28.16,9.5,10.1,9.59,4.0,6.0,72.0,31.0,22.0,125.0,12.0,2.0,10.0,0.0,11.0,0.0,34.0,46.0,70.0,101.0,13.0,28.0,253.0,18.0,9.0,30.0,58.0,32.0,13.0,2.13,4.06,3.83,1.0,1.0,0.0,126.73,103.0,103.92,12.0,1.24,1.97,4.29,6.96,7.02,6.9,895.0,111.0,111.0,160.0,513.0,125.0,103.0,148.0,519.0,253.0,230.0,109529.0,28.0,26.0,13.0,21.0,352.89,31.61,30.25,31.6,30.24,331.0,146.0,166.0,643.0,31.0,43.0,4.0,358.0,85.0,34.0,11.08,11.08,9.45,16.0,10.0,5.0,643.95,477.0,476.76,4.78,9.48,9.48,26.9,26.9,26.45,279.55,23.17,22.54,23.54,22.9,244.0,130.0,164.0,538.0,27.0,28.0,6.0,283.0,69.0,22.0,8.38,8.41,6.37,13.0,8.0,6.0,543.33,374.0,377.75,3.66,5.58,5.59,21.23,21.45,21.06,81.47,73.31,1838.0,1580.0,0.68,1.0,26.0,18.0,17.0,15.0,regular
8479293,2025,Brandon Tanev,UTA,L,5on5,43,23650.0,595.0,1.04,0.41,0.54,0.47,0.54,0.48,0.54,475.0,34.87,2.84,2.31,7.93,1.11,18.46,14.35,2.79,2.86,2.81,1.0,1.0,31.0,16.0,14.0,61.0,2.0,0.0,2.0,0.0,3.0,0.0,25.0,17.0,31.0,47.0,10.0,23.0,3.0,116.0,6.0,27.0,35.0,10.0,2.0,0.99,1.21,0.63,0.0,0.0,0.0,61.75,47.0,46.9,13.0,0.48,0.36,0.79,2.53,2.55,2.53,595.0,44.0,55.0,102.0,394.0,95.0,82.0,53.0,365.0,3.0,11.0,102218.0,23.0,23.0,10.0,25.0,164.27,12.1,11.57,12.22,11.66,136.0,86.0,97.0,319.0,5.0,15.0,1.0,180.0,33.0,9.0,5.42,4.09,2.6,2.0,2.0,1.0,321.41,222.0,222.9,2.15,2.9,2.9,11.35,11.43,11.21,179.36,17.13,16.33,17.19,16.39,160.0,80.0,118.0,358.0,17.0,20.0,2.0,164.0,62.0,14.0,5.32,7.67,4.14,8.0,7.0,2.0,358.16,240.0,239.81,2.43,4.21,4.21,15.36,15.41,15.09,83.89,70.55,1724.0,1458.0,0.8,0.29,20.0,11.0,13.0,9.0,regular
8479343,2025,Clayton Keller,UTA,R,5on5,56,49864.0,1096.0,59.58,0.56,0.52,0.56,0.52,0.56,0.52,141.0,112.67,10.54,7.95,25.37,3.64,61.42,44.09,10.08,10.64,10.18,15.0,6.0,102.0,51.0,33.0,186.0,29.0,8.0,13.0,2.0,17.0,0.0,64.0,51.0,94.0,145.0,5.0,10.0,10.0,6.0,14.0,47.0,115.0,31.0,7.0,4.33,3.69,2.52,5.0,1.0,2.0,186.09,153.0,153.17,7.0,1.65,3.57,3.0,9.18,9.22,8.99,1096.0,204.0,87.0,188.0,617.0,121.0,171.0,177.0,627.0,10.0,12.0,113602.0,10.0,24.0,12.0,19.0,451.04,39.65,38.33,39.99,38.66,405.0,208.0,219.0,832.0,49.0,42.0,5.0,460.0,122.0,31.0,15.24,15.41,8.99,26.0,15.0,8.0,835.2,613.0,616.31,6.33,9.32,9.02,36.96,37.28,36.52,361.49,31.79,30.48,31.98,30.66,311.0,172.0,175.0,658.0,29.0,40.0,3.0,340.0,117.0,26.0,10.23,14.47,7.08,12.0,13.0,4.0,662.59,483.0,486.87,4.87,6.81,6.81,29.85,29.96,29.44,83.31,76.56,1864.0,1706.0,0.88,0.77,32.0,18.0,21.0,15.0,regular
8484388,2025,Daniil But,UTA,L,5on5,28,18639.0,411.0,12.15,0.61,0.51,0.55,0.53,0.54,0.52,241.0,45.05,5.4,3.42,10.29,1.53,20.8,16.55,5.14,5.47,5.2,2.0,0.0,36.0,22.0,23.0,81.0,4.0,2.0,11.0,1.0,6.0,0.0,19.0,20.0,34.0,56.0,4.0,8.0,6.0,15.0,4.0,18.0,34.0,13.0,11.0,1.19,1.44,2.78,0.0,1.0,1.0,81.88,58.0,59.13,3.0,0.73,2.34,1.91,4.23,4.3,4.22,411.0,47.0,37.0,61.0,266.0,71.0,68.0,55.0,217.0,6.0,13.0,62647.0,8.0,8.0,4.0,17.0,162.25,16.42,15.55,16.57,15.69,143.0,78.0,113.0,334.0,12.0,24.0,2.0,155.0,40.0,26.0,4.73,4.93,6.76,5.0,4.0,3.0,337.24,221.0,223.15,2.47,5.47,5.33,13.56,13.69,13.4,139.73,10.35,9.94,10.2,9.82,132.0,57.0,84.0,273.0,10.0,11.0,0.0,148.0,34.0,7.0,4.37,4.17,1.8,5.0,4.0,1.0,270.94,189.0,188.0,1.79,2.13,2.13,10.01,9.93,9.8,45.75,44.05,1070.0,962.0,0.77,0.21,15.0,9.0,11.0,6.0,regular
8484386,2025,Dmitri Simashev,UTA,D,5on5,24,21445.0,474.0,0.48,0.48,0.54,0.47,0.55,0.49,0.56,104.0,23.22,0.93,1.21,6.38,0.75,12.85,9.88,0.9,0.92,0.89,1.0,0.0,23.0,9.0,10.0,42.0,1.0,0.0,3.0,0.0,9.0,0.0,8.0,12.0,23.0,32.0,4.0,8.0,0.0,8.0,1.0,26.0,30.0,2.0,0.0,0.65,0.28,0.0,0.0,0.0,0.0,41.24,32.0,31.46,13.0,0.24,0.64,0.14,1.03,1.02,1.01,474.0,48.0,43.0,96.0,287.0,56.0,65.0,48.0,305.0,0.0,0.0,49142.0,8.0,2.0,1.0,25.0,171.25,14.63,13.76,14.77,13.87,158.0,72.0,73.0,303.0,7.0,21.0,0.0,170.0,46.0,14.0,4.82,5.72,4.1,5.0,2.0,0.0,304.13,230.0,230.88,2.34,4.41,4.41,12.56,12.67,12.42,174.9,15.89,15.43,15.86,15.4,158.0,78.0,99.0,335.0,15.0,16.0,1.0,166.0,59.0,11.0,5.14,7.6,3.14,5.0,9.0,1.0,337.37,236.0,236.79,2.4,2.89,2.89,15.39,15.37,15.11,38.16,32.34,793.0,659.0,1.83,0.21,34.0,4.0,22.0,4.0,regular
8482699,2025,Dylan Guenther,UTA,R,5on5,54,41456.0,943.0,53.96,0.55,0.53,0.55,0.53,0.56,0.53,302.0,134.85,11.56,8.32,32.63,4.43,71.47,53.59,11.31,11.66,11.41,10.0,1.0,118.0,64.0,58.0,240.0,27.0,16.0,16.0,2.0,25.0,0.0,65.0,60.0,102.0,166.0,11.0,22.0,18.0,39.0,10.0,38.0,131.0,42.0,9.0,4.08,5.03,2.46,6.0,8.0,2.0,241.28,182.0,182.52,15.0,1.73,2.57,2.4,10.89,10.98,10.89,943.0,109.0,116.0,166.0,552.0,135.0,137.0,160.0,511.0,18.0,24.0,116465.0,22.0,16.0,8.0,15.0,407.55,34.77,33.27,34.79,33.29,349.0,203.0,204.0,756.0,34.0,46.0,3.0,415.0,100.0,37.0,12.13,12.06,10.58,16.0,13.0,5.0,757.19,552.0,552.47,5.38,9.69,9.69,30.46,30.57,30.04,320.95,28.92,27.41,29.03,27.52,291.0,146.0,180.0,617.0,29.0,41.0,5.0,323.0,90.0,24.0,10.34,11.72,6.86,14.0,11.0,4.0,617.14,437.0,439.05,4.39,8.06,8.07,25.24,25.27,24.66,83.99,74.78,1875.0,1654.0,0.52,0.93,27.0,20.0,19.0,15.0,regular
8474013,2025,Ian Cole,UTA,D,5on5,56,49584.0,1110.0,18.1,0.52,0.54,0.5,0.55,0.51,0.54,262.0,49.18,2.52,2.83,13.92,1.83,28.02,20.88,2.28,2.57,2.32,5.0,4.0,39.0,31.0,44.0,114.0,11.0,2.0,2.0,0.0,10.0,0.0,25.0,31.0,37.0,68.0,13.0,29.0,0.0,46.0,8.0,59.0,66.0,2.0,2.0,1.67,0.22,0.63,2.0,0.0,0.0,115.02,70.0,70.39,48.0,0.57,0.18,0.73,2.36,2.39,2.34,1110.0,78.0,93.0,144.0,795.0,154.0,140.0,156.0,660.0,0.0,0.0,113882.0,29.0,9.0,3.0,81.0,399.99,34.19,33.02,34.54,33.33,345.0,204.0,219.0,768.0,37.0,39.0,8.0,414.0,101.0,34.0,12.64,12.22,9.34,11.0,16.0,10.0,776.25,549.0,553.25,5.38,8.37,8.49,31.09,31.43,30.94,384.96,31.37,30.4,31.16,30.22,317.0,203.0,258.0,778.0,31.0,35.0,3.0,393.0,106.0,21.0,12.05,13.3,6.02,12.0,17.0,2.0,772.94,520.0,517.98,4.94,6.3,6.3,30.0,29.82,29.31,88.77,76.98,1928.0,1586.0,4.33,0.38,97.0,9.0,71.0,8.0,regular
8482175,2025,JJ Peterka,UTA,R,5on5,56,46745.0,1008.0,40.45,0.54,0.53,0.52,0.54,0.53,0.53,214.0,96.1,7.49,6.04,22.41,3.15,53.2,39.73,7.37,7.54,7.42,7.0,10.0,91.0,41.0,50.0,182.0,33.0,16.0,5.0,1.0,18.0,1.0,48.0,44.0,75.0,116.0,11.0,22.0,6.0,13.0,13.0,54.0,104.0,24.0,4.0,3.47,3.07,0.95,10.0,4.0,2.0,184.78,132.0,133.54,13.0,1.25,1.26,0.68,8.05,8.12,8.0,1008.0,150.0,79.0,174.0,605.0,158.0,178.0,151.0,521.0,6.0,14.0,116721.0,22.0,16.0,8.0,15.0,395.58,34.18,32.83,34.42,33.07,364.0,176.0,199.0,739.0,42.0,35.0,5.0,409.0,99.0,32.0,12.62,12.39,9.17,23.0,11.0,8.0,746.5,540.0,543.49,5.33,8.26,8.11,31.39,31.72,31.2,346.54,28.91,28.16,29.01,28.24,308.0,163.0,198.0,669.0,26.0,32.0,2.0,355.0,91.0,25.0,10.45,11.73,6.73,9.0,13.0,4.0,670.92,471.0,473.26,4.7,5.54,5.79,27.82,27.8,27.32,88.79,79.44,1957.0,1695.0,0.81,0.6,14.0,20.0,12.0,13.0,regular
8480855,2025,Jack McBain,UTA,C,5on5,56,39304.0,925.0,24.33,0.53,0.53,0.54,0.53,0.52,0.54,404.0,84.69,11.25,6.61,19.85,3.05,41.84,29.39,10.43,11.28,10.45,8.0,5.0,74.0,38.0,36.0,148.0,19.0,6.0,14.0,1.0,17.0,0.0,41.0,34.0,68.0,106.0,19.0,50.0,264.0,187.0,5.0,35.0,63.0,28.0,21.0,2.13,3.42,5.7,1.0,2.0,3.0,149.45,112.0,112.32,11.0,1.41,2.82,4.18,8.47,8.52,8.2,925.0,106.0,117.0,156.0,546.0,151.0,122.0,137.0,515.0,264.0,236.0,124162.0,50.0,34.0,11.0,25.0,366.64,34.66,33.04,34.96,33.33,309.0,185.0,224.0,718.0,33.0,46.0,3.0,351.0,98.0,45.0,10.35,12.16,12.16,12.0,15.0,6.0,724.31,494.0,497.39,5.18,9.03,9.03,30.82,31.15,30.46,333.75,30.65,29.2,30.52,29.08,288.0,163.0,169.0,620.0,33.0,46.0,8.0,326.0,97.0,28.0,10.26,12.02,8.38,10.0,15.0,8.0,616.52,451.0,450.96,4.57,8.85,9.11,26.11,26.03,25.42,88.3,77.69,1978.0,1744.0,1.27,0.88,28.0,23.0,23.0,16.0,regular
8478507,2025,John Marino,UTA,D,5on5,56,59932.0,1323.0,37.9,0.55,0.52,0.55,0.52,0.55,0.53,126.0,46.18,2.36,2.79,13.38,1.65,26.77,19.06,2.28,2.37,2.29,8.0,14.0,39.0,27.0,52.0,118.0,24.0,2.0,6.0,1.0,6.0,0.0,20.0,32.0,37.0,64.0,4.0,8.0,0.0,17.0,14.0,64.0,61.0,4.0,1.0,1.5,0.49,0.37,1.0,1.0,0.0,118.16,66.0,66.26,38.0,0.57,0.81,0.51,2.42,2.43,2.38,1323.0,140.0,143.0,224.0,816.0,168.0,173.0,197.0,785.0,0.0,0.0,103534.0,8.0,12.0,6.0,45.0,519.98,45.57,43.89,45.94,44.26,444.0,262.0,276.0,982.0,64.0,51.0,6.0,534.0,127.0,45.0,16.83,15.93,12.8,25.0,26.0,13.0,992.54,706.0,712.5,7.2,10.63,10.35,42.41,42.91,41.98,433.62,37.76,36.27,37.75,36.26,384.0,203.0,207.0,794.0,32.0,54.0,7.0,427.0,122.0,38.0,12.62,14.97,10.16,12.0,10.0,10.0,793.37,587.0,587.9,5.91,9.35,9.61,34.07,34.05,33.37,77.39,70.59,1714.0,1570.0,5.39,0.4,121.0,16.0,97.0,14.0,regular
8479977,2025,Kailer Yamamoto,UTA,R,5on5,34,21841.0,495.0,19.55,0.55,0.51,0.54,0.52,0.55,0.52,292.0,30.72,4.61,2.24,6.15,1.03,15.03,10.94,4.41,4.62,4.41,6.0,2.0,30.0,10.0,10.0,50.0,17.0,9.0,1.0,1.0,7.0,0.0,13.0,10.0,21.0,31.0,4.0,8.0,12.0,19.0,6.0,12.0,23.0,11.0,6.0,1.17,1.32,2.13,4.0,3.0,2.0,49.44,40.0,39.84,3.0,0.48,0.25,1.22,3.87,3.86,3.83,495.0,52.0,48.0,82.0,313.0,76.0,81.0,67.0,271.0,12.0,18.0,77119.0,8.0,14.0,7.0,10.0,172.14,14.53,14.12,14.82,14.41,153.0,81.0,95.0,329.0,23.0,10.0,1.0,173.0,51.0,10.0,5.17,6.28,3.08,10.0,10.0,3.0,331.23,234.0,235.85,2.31,2.31,2.31,14.53,14.78,14.58,138.4,11.79,11.37,11.82,11.38,119.0,70.0,89.0,278.0,12.0,16.0,1.0,146.0,30.0,13.0,4.41,3.68,3.7,5.0,5.0,2.0,278.31,189.0,189.83,1.8,3.57,3.57,10.03,10.01,9.82,56.91,54.92,1268.0,1148.0,0.59,1.25,19.0,17.0,17.0,14.0,regular
8479291,2025,Kevin Rooney,UTA,C,5on5,1,584.0,14.0,1.03,0.48,0.48,0.57,0.53,0.55,0.56,11.0,1.43,0.13,0.11,0.28,0.04,0.83,0.6,0.13,0.14,0.14,0.0,0.0,1.0,1.0,1.0,3.0,1.0,1.0,0.0,0.0,0.0,0.0,1.0,0.0,0.0,1.0,0.0,0.0,2.0,0.0,0.0,1.0,2.0,0.0,0.0,0.13,0.0,0.0,1.0,0.0,0.0,3.1,2.0,2.11,1.0,0.02,0.0,0.0,0.15,0.17,0.16,14.0,3.0,3.0,0.0,8.0,3.0,0.0,1.0,10.0,2.0,6.0,2378.0,0.0,0.0,0.0,0.0,4.28,0.2,0.2,0.22,0.22,4.0,2.0,2.0,8.0,1.0,0.0,0.0,6.0,0.0,0.0,0.2,0.0,0.0,1.0,0.0,0.0,8.23,6.0,6.1,0.05,0.0,0.0,0.25,0.27,0.26,3.81,0.22,0.22,0.21,0.21,3.0,2.0,1.0,6.0,0.0,0.0,0.0,4.0,1.0,0.0,0.12,0.11,0.0,0.0,0.0,0.0,5.82,5.0,4.88,0.04,0.0,0.0,0.26,0.25,0.25,2.09,2.31,34.0,30.0,0.0,0.0,0.0,0.0,0.0,0.0,regular
8478831,2025,Kevin Stenlund,UTA,C,5on5,55,36122.0,861.0,8.35,0.4,0.56,0.47,0.55,0.47,0.55,451.0,49.66,3.65,2.88,12.26,1.57,25.77,19.87,3.58,3.75,3.68,2.0,2.0,39.0,27.0,29.0,95.0,6.0,2.0,2.0,0.0,8.0,0.0,28.0,26.0,37.0,64.0,8.0,16.0,270.0,23.0,5.0,26.0,52.0,13.0,1.0,1.63,1.75,0.26,1.0,1.0,0.0,97.51,66.0,67.22,10.0,0.6,0.21,0.71,3.53,3.61,3.57,861.0,69.0,143.0,152.0,497.0,134.0,85.0,98.0,544.0,270.0,215.0,124646.0,16.0,12.0,6.0,28.0,246.44,16.88,16.34,17.13,16.56,204.0,134.0,161.0,499.0,12.0,19.0,2.0,274.0,55.0,9.0,7.42,6.84,2.61,4.0,5.0,3.0,505.71,338.0,341.42,3.12,3.3,3.3,16.71,16.93,16.7,281.97,25.17,23.82,25.06,23.72,248.0,134.0,192.0,574.0,24.0,31.0,2.0,281.0,77.0,24.0,8.79,9.54,6.85,9.0,11.0,4.0,569.78,382.0,379.53,3.86,6.42,6.42,22.62,22.51,21.96,103.89,81.73,2156.0,1746.0,1.52,0.66,37.0,16.0,27.0,14.0,regular
8478474,2025,Lawson Crouse,UTA,L,5on5,55,40095.0,944.0,34.27,0.51,0.54,0.53,0.54,0.52,0.54,364.0,93.97,10.6,6.51,22.76,3.34,45.86,33.93,10.16,10.67,10.23,10.0,2.0,77.0,46.0,35.0,158.0,24.0,12.0,9.0,2.0,12.0,0.0,54.0,36.0,65.0,111.0,8.0,16.0,17.0,136.0,9.0,28.0,69.0,43.0,11.0,2.35,5.29,2.97,3.0,8.0,1.0,159.36,123.0,124.03,8.0,1.38,1.59,2.69,9.29,9.39,9.18,944.0,122.0,118.0,192.0,512.0,138.0,104.0,149.0,553.0,17.0,26.0,120277.0,16.0,14.0,7.0,26.0,369.66,31.77,30.58,32.0,30.8,318.0,180.0,204.0,702.0,41.0,38.0,8.0,373.0,92.0,33.0,11.18,11.54,9.04,16.0,16.0,9.0,708.91,498.0,502.94,4.92,7.18,7.2,29.5,29.75,29.07,332.66,30.42,29.13,30.39,29.1,294.0,157.0,170.0,621.0,28.0,43.0,12.0,342.0,75.0,34.0,10.87,9.54,10.01,10.0,7.0,11.0,617.69,451.0,450.3,4.48,8.98,9.23,25.66,25.62,25.04,88.91,74.85,1950.0,1692.0,1.53,1.5,34.0,31.0,25.0,23.0,regular
8477070,2025,Liam O'Brien,UTA,C,5on5,31,16612.0,410.0,1.84,0.43,0.56,0.47,0.54,0.46,0.55,346.0,35.34,3.7,2.51,8.98,1.28,18.22,13.32,3.52,3.77,3.58,1.0,0.0,24.0,24.0,19.0,67.0,3.0,2.0,5.0,0.0,9.0,0.0,19.0,13.0,22.0,46.0,7.0,23.0,5.0,89.0,1.0,8.0,31.0,13.0,4.0,1.02,1.58,1.1,0.0,1.0,1.0,69.73,48.0,49.74,3.0,0.54,1.14,0.85,3.39,3.47,3.37,410.0,42.0,34.0,76.0,258.0,61.0,61.0,46.0,242.0,5.0,3.0,74224.0,23.0,19.0,5.0,11.0,112.34,9.06,8.61,9.29,8.81,93.0,62.0,80.0,235.0,5.0,11.0,0.0,117.0,31.0,7.0,3.24,3.73,2.1,2.0,2.0,1.0,241.65,155.0,158.77,1.48,2.19,2.19,8.36,8.56,8.39,135.21,11.82,11.36,11.58,11.14,123.0,59.0,88.0,270.0,11.0,13.0,1.0,132.0,41.0,9.0,4.11,5.26,2.45,4.0,6.0,1.0,265.95,182.0,179.2,1.84,2.24,2.24,11.43,11.24,11.01,60.14,47.32,1277.0,1076.0,0.14,0.03,5.0,5.0,4.0,1.0,regular
8483431,2025,Logan Cooley,UTA,C,5on5,29,24029.0,509.0,24.91,0.56,0.5,0.54,0.52,0.55,0.54,124.0,52.9,5.78,3.75,11.65,1.68,26.5,19.64,5.48,5.83,5.53,4.0,3.0,44.0,25.0,9.0,78.0,16.0,9.0,4.0,1.0,5.0,0.0,28.0,23.0,35.0,60.0,9.0,18.0,103.0,33.0,11.0,28.0,46.0,16.0,7.0,1.7,2.08,2.0,4.0,2.0,3.0,78.22,69.0,69.43,8.0,0.8,1.35,1.32,5.25,5.33,5.23,509.0,69.0,51.0,85.0,304.0,78.0,78.0,87.0,266.0,103.0,148.0,61305.0,18.0,23.0,10.0,13.0,225.49,21.12,20.31,21.2,20.4,197.0,110.0,99.0,406.0,25.0,23.0,2.0,224.0,63.0,20.0,7.23,7.51,6.38,10.0,10.0,5.0,407.9,307.0,309.42,3.1,5.36,5.36,18.86,19.04,18.8,181.07,16.37,15.88,16.25,15.76,167.0,83.0,96.0,346.0,17.0,22.0,0.0,182.0,56.0,12.0,5.59,7.16,3.62,9.0,7.0,1.0,345.05,250.0,249.71,2.47,3.68,3.68,15.15,15.08,14.86,41.84,41.3,942.0,861.0,0.58,0.08,13.0,6.0,7.0,3.0,regular
8483472,2025,Maveric Lamoureux,UTA,D,5on5,5,4392.0,97.0,1.3,0.38,0.5,0.46,0.48,0.48,0.48,26.0,4.14,0.14,0.22,1.11,0.14,2.54,1.85,0.14,0.16,0.16,1.0,0.0,4.0,2.0,4.0,10.0,1.0,0.0,0.0,0.0,2.0,0.0,1.0,3.0,4.0,6.0,1.0,2.0,0.0,11.0,2.0,4.0,6.0,0.0,0.0,0.14,0.0,0.0,0.0,0.0,0.0,10.76,6.0,6.3,3.0,0.04,0.0,0.0,0.19,0.2,0.2,97.0,5.0,6.0,6.0,80.0,18.0,18.0,5.0,56.0,0.0,0.0,11012.0,2.0,0.0,0.0,9.0,35.07,2.25,2.19,2.33,2.27,29.0,19.0,18.0,66.0,5.0,2.0,0.0,43.0,3.0,2.0,1.22,0.34,0.69,4.0,1.0,0.0,68.58,48.0,49.46,0.4,0.31,0.31,2.34,2.45,2.39,38.45,3.64,3.38,3.71,3.46,33.0,18.0,27.0,78.0,1.0,6.0,0.0,38.0,9.0,4.0,1.11,1.24,1.29,0.0,1.0,0.0,77.11,51.0,51.22,0.49,1.61,1.61,2.52,2.55,2.44,9.09,9.07,181.0,197.0,0.15,0.0,4.0,0.0,3.0,0.0,regular
8479619,2025,Michael Carcone,UTA,L,5on5,54,37280.0,862.0,34.44,0.59,0.52,0.58,0.52,0.57,0.52,423.0,111.19,9.16,7.53,27.56,3.73,57.61,42.4,8.85,9.22,8.92,5.0,5.0,94.0,54.0,53.0,201.0,20.0,10.0,15.0,1.0,21.0,0.0,53.0,49.0,84.0,138.0,5.0,10.0,9.0,92.0,11.0,28.0,114.0,24.0,10.0,3.23,3.18,2.75,4.0,4.0,2.0,203.56,148.0,149.41,5.0,1.58,3.83,1.86,8.88,9.01,8.88,862.0,93.0,92.0,164.0,513.0,159.0,110.0,118.0,475.0,9.0,13.0,120633.0,10.0,18.0,9.0,12.0,383.09,35.4,33.68,35.62,33.9,319.0,197.0,224.0,740.0,29.0,49.0,4.0,375.0,95.0,46.0,10.86,11.86,12.68,11.0,11.0,7.0,745.48,516.0,518.59,5.39,9.65,10.1,30.7,31.0,30.29,291.32,25.07,23.91,24.96,23.81,249.0,144.0,142.0,535.0,25.0,35.0,5.0,297.0,75.0,21.0,9.58,9.42,6.07,8.0,12.0,5.0,533.45,393.0,392.2,4.0,6.7,6.7,22.37,22.33,21.76,84.21,79.32,1880.0,1736.0,0.63,0.93,21.0,15.0,12.0,11.0,regular
8479410,2025,Mikhail Sergachev,UTA,D,5on5,56,58196.0,1274.0,38.55,0.49,0.55,0.52,0.54,0.51,0.55,151.0,70.09,2.92,3.92,21.15,2.34,41.56,29.1,2.84,2.9,2.82,5.0,9.0,70.0,31.0,91.0,192.0,19.0,5.0,5.0,0.0,18.0,0.0,38.0,35.0,65.0,96.0,16.0,32.0,0.0,20.0,17.0,61.0,96.0,3.0,2.0,1.89,0.36,0.67,5.0,0.0,0.0,189.25,101.0,99.9,43.0,0.79,1.13,0.72,2.99,2.96,2.86,1274.0,141.0,168.0,239.0,726.0,107.0,116.0,192.0,859.0,0.0,0.0,105270.0,32.0,20.0,10.0,61.0,500.86,42.49,40.79,42.72,41.01,458.0,221.0,290.0,969.0,41.0,51.0,5.0,517.0,121.0,41.0,15.53,15.35,11.62,23.0,12.0,6.0,970.67,679.0,680.89,6.86,10.82,11.09,38.27,38.41,37.69,477.58,43.61,41.58,43.66,41.64,427.0,219.0,257.0,903.0,48.0,58.0,8.0,470.0,136.0,40.0,14.87,17.08,11.67,24.0,17.0,7.0,903.19,646.0,647.52,6.68,11.65,11.65,38.64,38.64,37.75,80.47,64.73,1727.0,1461.0,4.06,0.63,99.0,11.0,74.0,7.0,regular
8477220,2025,Nate Schmidt,UTA,D,5on5,56,56735.0,1284.0,34.35,0.58,0.51,0.56,0.52,0.56,0.52,181.0,61.24,2.55,3.37,17.66,2.2,37.28,26.93,2.5,2.54,2.48,7.0,7.0,49.0,41.0,48.0,138.0,17.0,3.0,6.0,0.0,14.0,0.0,37.0,30.0,46.0,87.0,6.0,12.0,0.0,50.0,10.0,48.0,86.0,3.0,1.0,1.98,0.29,0.28,1.0,1.0,1.0,137.96,90.0,89.91,37.0,0.67,1.27,0.21,3.01,3.0,2.94,1284.0,141.0,125.0,221.0,797.0,168.0,172.0,175.0,769.0,0.0,0.0,106731.0,12.0,14.0,7.0,44.0,520.54,47.26,45.32,47.61,45.67,455.0,247.0,262.0,964.0,56.0,57.0,6.0,515.0,136.0,51.0,15.78,17.08,14.4,24.0,20.0,12.0,972.33,702.0,708.05,7.17,12.0,12.29,42.14,42.63,41.76,400.81,34.77,33.4,35.01,33.61,357.0,187.0,199.0,743.0,29.0,46.0,6.0,407.0,104.0,33.0,12.21,13.19,9.38,9.0,10.0,10.0,745.24,544.0,546.53,5.4,8.29,8.55,31.62,31.74,31.09,75.71,73.57,1732.0,1621.0,5.8,0.6,111.0,14.0,84.0,11.0,regular
8480084,2025,Nick DeSimone,UTA,D,5on5,31,25723.0,592.0,12.05,0.58,0.53,0.57,0.53,0.57,0.52,150.0,30.68,1.6,1.68,8.77,1.01,18.14,12.8,1.56,1.59,1.55,1.0,2.0,29.0,15.0,22.0,66.0,5.0,2.0,3.0,0.0,10.0,0.0,18.0,11.0,27.0,42.0,3.0,6.0,0.0,15.0,3.0,23.0,40.0,3.0,1.0,1.0,0.35,0.25,2.0,0.0,0.0,66.02,44.0,43.81,14.0,0.34,0.96,0.32,1.61,1.59,1.58,592.0,38.0,49.0,93.0,412.0,88.0,93.0,63.0,348.0,0.0,0.0,64376.0,6.0,2.0,1.0,18.0,229.93,19.76,19.15,19.77,19.17,195.0,121.0,138.0,454.0,17.0,22.0,3.0,234.0,62.0,20.0,6.95,7.33,5.48,9.0,6.0,2.0,454.67,316.0,314.85,3.02,4.46,4.35,18.42,18.37,18.11,177.94,14.15,13.71,14.21,13.8,162.0,77.0,106.0,345.0,14.0,14.0,2.0,179.0,52.0,8.0,5.51,6.36,2.27,4.0,9.0,1.0,346.36,239.0,240.5,2.3,2.48,2.48,13.97,14.02,13.79,50.13,44.42,1069.0,944.0,2.37,0.04,45.0,2.0,34.0,2.0,regular
8477951,2025,Nick Schmaltz,UTA,C,5on5,56,48075.0,1048.0,58.58,0.55,0.53,0.56,0.52,0.55,0.53,187.0,103.38,10.11,7.16,22.97,3.23,54.0,39.52,9.74,10.18,9.8,13.0,4.0,92.0,45.0,49.0,186.0,34.0,17.0,12.0,2.0,15.0,0.0,45.0,48.0,75.0,120.0,9.0,18.0,223.0,12.0,24.0,51.0,95.0,33.0,9.0,3.46,4.47,2.19,8.0,5.0,4.0,188.84,137.0,138.81,12.0,1.5,2.28,2.06,9.55,9.67,9.42,1048.0,201.0,96.0,180.0,571.0,121.0,163.0,163.0,601.0,223.0,258.0,115391.0,18.0,28.0,14.0,30.0,414.3,35.87,34.74,36.2,35.07,377.0,188.0,213.0,778.0,48.0,38.0,5.0,430.0,107.0,28.0,14.22,13.58,8.07,27.0,13.0,8.0,781.12,565.0,568.43,5.77,8.19,8.19,33.44,33.77,33.06,342.11,29.69,28.86,29.99,29.14,293.0,166.0,164.0,623.0,30.0,30.0,3.0,324.0,112.0,23.0,9.37,13.88,6.44,11.0,15.0,4.0,627.57,459.0,462.72,4.54,5.39,5.39,28.84,29.02,28.61,87.1,78.66,1918.0,1741.0,1.3,1.16,31.0,26.0,21.0,20.0,regular
8476874,2025,Olli Mtt,UTA,D,5on5,19,13420.0,299.0,2.02,0.48,0.55,0.52,0.55,0.53,0.56,109.0,11.2,0.36,0.56,3.36,0.38,6.52,4.83,0.36,0.36,0.36,0.0,1.0,9.0,7.0,6.0,22.0,1.0,0.0,0.0,0.0,2.0,0.0,7.0,7.0,9.0,16.0,1.0,2.0,0.0,1.0,2.0,13.0,16.0,0.0,0.0,0.36,0.0,0.0,0.0,0.0,0.0,22.09,16.0,16.07,8.0,0.11,0.0,0.03,0.44,0.44,0.44,299.0,25.0,12.0,41.0,221.0,46.0,36.0,37.0,180.0,0.0,0.0,41719.0,2.0,0.0,0.0,16.0,101.48,7.88,7.67,8.14,7.91,86.0,54.0,63.0,203.0,7.0,7.0,0.0,105.0,30.0,5.0,2.98,3.48,1.42,1.0,4.0,2.0,206.22,140.0,142.7,1.38,1.22,1.22,8.04,8.29,8.18,92.47,8.65,8.41,8.52,8.29,81.0,45.0,59.0,185.0,12.0,12.0,1.0,86.0,32.0,8.0,2.61,3.83,2.21,3.0,8.0,1.0,182.71,126.0,124.44,1.24,2.37,2.37,7.52,7.42,7.35,30.87,24.83,688.0,564.0,2.26,0.0,43.0,0.0,33.0,0.0,regular
8480434,2025,Sean Durzi,UTA,D,5on5,35,36908.0,784.0,21.82,0.52,0.54,0.53,0.53,0.53,0.53,81.0,45.68,2.17,2.54,13.2,1.55,25.29,19.25,2.15,2.2,2.18,4.0,8.0,43.0,21.0,55.0,119.0,15.0,3.0,2.0,0.0,9.0,1.0,24.0,25.0,40.0,61.0,7.0,16.0,0.0,19.0,6.0,41.0,60.0,4.0,0.0,1.57,0.6,0.0,1.0,2.0,0.0,119.17,64.0,64.73,21.0,0.52,0.23,0.11,2.59,2.62,2.59,784.0,94.0,93.0,135.0,462.0,106.0,116.0,90.0,472.0,0.0,0.0,64348.0,16.0,12.0,6.0,58.0,339.26,29.87,28.44,30.0,28.56,298.0,160.0,203.0,661.0,25.0,38.0,2.0,348.0,82.0,28.0,11.21,10.66,8.0,17.0,5.0,3.0,663.84,458.0,459.68,4.71,8.47,8.31,26.28,26.4,25.85,303.88,27.5,26.12,27.56,26.18,266.0,143.0,171.0,580.0,32.0,33.0,6.0,306.0,78.0,25.0,10.07,9.89,7.54,17.0,9.0,6.0,579.03,409.0,409.18,4.1,7.29,7.29,24.31,24.33,23.84,46.65,40.17,1050.0,934.0,2.95,0.19,59.0,8.0,42.0,7.0,regular
8482691,2025,Aatu Raty,VAN,C,5on5,44,29224.0,661.0,12.41,0.46,0.45,0.5,0.48,0.5,0.47,388.0,58.53,5.46,4.14,14.23,1.92,30.65,22.6,5.33,5.28,5.15,5.0,4.0,40.0,39.0,18.0,97.0,12.0,3.0,7.0,0.0,7.0,0.0,30.0,32.0,37.0,76.0,8.0,16.0,233.0,102.0,7.0,25.0,58.0,17.0,4.0,2.13,2.32,1.01,2.0,0.0,1.0,93.82,79.0,76.72,8.0,0.87,1.36,1.04,5.29,5.13,5.06,661.0,68.0,105.0,90.0,398.0,87.0,82.0,79.0,413.0,233.0,150.0,101603.0,16.0,6.0,3.0,8.0,245.41,18.92,18.43,18.44,17.98,190.0,146.0,136.0,472.0,17.0,24.0,3.0,272.0,48.0,16.0,8.36,6.38,4.17,7.0,6.0,4.0,457.05,336.0,327.22,3.36,4.81,5.0,17.28,16.84,16.63,251.36,21.79,20.7,22.07,20.98,200.0,142.0,126.0,468.0,15.0,31.0,4.0,254.0,68.0,20.0,7.41,8.57,5.8,5.0,6.0,4.0,478.41,342.0,348.81,3.45,6.31,6.31,18.93,19.15,18.76,65.65,81.6,1561.0,1715.0,0.87,0.83,23.0,13.0,19.0,10.0,regular
8483395,2025,Arshdeep Bains,VAN,L,5on5,28,14558.0,343.0,2.85,0.5,0.46,0.48,0.49,0.49,0.49,293.0,16.95,2.55,1.58,4.09,0.6,7.13,5.04,2.33,2.54,2.33,2.0,1.0,17.0,4.0,9.0,30.0,4.0,1.0,3.0,0.0,3.0,0.0,7.0,7.0,16.0,20.0,6.0,12.0,1.0,22.0,6.0,11.0,7.0,12.0,2.0,0.34,1.72,0.5,0.0,1.0,0.0,29.89,21.0,20.94,2.0,0.34,0.52,1.02,1.88,1.9,1.88,343.0,30.0,10.0,59.0,244.0,56.0,65.0,29.0,193.0,1.0,11.0,66093.0,12.0,0.0,0.0,3.0,116.77,10.39,9.91,10.19,9.72,100.0,56.0,60.0,216.0,6.0,20.0,1.0,110.0,37.0,9.0,2.98,5.05,2.36,1.0,4.0,1.0,212.0,156.0,153.46,1.64,3.72,3.72,8.31,8.25,8.13,120.26,10.21,9.93,10.19,9.92,113.0,51.0,66.0,230.0,8.0,20.0,1.0,116.0,38.0,10.0,3.04,4.51,2.65,2.0,4.0,2.0,231.82,164.0,165.4,1.62,3.26,3.26,8.57,8.57,8.51,46.6,53.84,1065.0,1114.0,0.17,0.11,7.0,4.0,5.0,4.0,regular
8485385,2025,Braeden Cootes,VAN,C,5on5,3,1735.0,40.0,-1.63,0.11,0.54,0.27,0.49,0.29,0.49,29.0,0.0,0.0,0.0,0.0,0.0,0.0,0.0,0.0,0.0,0.0,0.0,0.0,0.0,0.0,0.0,0.0,0.0,0.0,0.0,0.0,0.0,0.0,0.0,0.0,0.0,0.0,0.0,0.0,5.0,3.0,0.0,4.0,0.0,0.0,0.0,0.0,0.0,0.0,0.0,0.0,0.0,0.0,0.0,0.0,2.0,0.0,0.0,0.0,0.0,0.0,0.0,40.0,3.0,2.0,5.0,30.0,7.0,5.0,2.0,26.0,5.0,7.0,6443.0,0.0,0.0,0.0,1.0,8.97,0.3,0.3,0.3,0.3,7.0,5.0,4.0,16.0,0.0,0.0,0.0,12.0,0.0,0.0,0.3,0.0,0.0,0.0,0.0,0.0,15.85,12.0,11.89,0.09,0.0,0.0,0.39,0.39,0.39,23.46,2.53,2.35,2.61,2.43,20.0,10.0,13.0,43.0,2.0,4.0,0.0,17.0,10.0,3.0,0.54,1.25,0.74,1.0,1.0,0.0,45.44,30.0,31.79,0.36,0.87,0.87,2.01,2.1,2.05,4.69,3.93,98.0,100.0,0.0,0.0,0.0,0.0,0.0,0.0,regular
8478444,2025,Brock Boeser,VAN,R,5on5,50,40947.0,837.0,19.33,0.44,0.48,0.46,0.5,0.45,0.49,203.0,84.43,8.05,5.56,20.07,2.76,44.23,34.34,7.81,8.05,7.82,4.0,1.0,74.0,41.0,36.0,151.0,12.0,7.0,13.0,0.0,15.0,0.0,33.0,47.0,67.0,108.0,3.0,6.0,41.0,28.0,8.0,26.0,87.0,19.0,9.0,2.85,2.85,2.34,6.0,1.0,0.0,147.85,115.0,113.68,8.0,1.16,2.4,1.98,7.23,7.23,7.12,837.0,126.0,113.0,165.0,433.0,111.0,125.0,139.0,462.0,41.0,54.0,105930.0,6.0,12.0,6.0,17.0,320.35,25.27,24.3,24.96,24.01,276.0,165.0,162.0,603.0,19.0,31.0,2.0,354.0,64.0,23.0,10.62,8.43,6.22,12.0,5.0,2.0,590.52,441.0,433.32,4.34,5.53,5.84,23.77,23.43,23.0,394.1,32.67,31.05,33.3,31.68,349.0,186.0,178.0,713.0,37.0,47.0,4.0,407.0,100.0,28.0,12.58,12.88,7.22,17.0,16.0,4.0,727.04,535.0,545.93,5.51,8.17,8.17,30.01,30.61,29.82,72.5,78.63,1664.0,1671.0,0.64,0.47,19.0,14.0,15.0,12.0,regular
8478856,2025,Conor Garland,VAN,R,5on5,45,36741.0,736.0,19.75,0.45,0.46,0.46,0.47,0.46,0.47,196.0,70.88,5.13,5.0,16.99,2.48,39.28,29.13,5.0,5.05,4.92,5.0,3.0,54.0,44.0,28.0,126.0,12.0,4.0,8.0,1.0,13.0,0.0,39.0,34.0,50.0,94.0,11.0,30.0,8.0,23.0,16.0,47.0,84.0,11.0,3.0,2.74,1.52,0.86,2.0,0.0,2.0,122.85,98.0,95.4,9.0,1.03,0.93,0.88,5.28,5.2,5.1,736.0,93.0,113.0,149.0,381.0,105.0,100.0,105.0,426.0,8.0,8.0,94918.0,30.0,32.0,13.0,21.0,307.54,25.78,25.05,25.24,24.54,274.0,147.0,152.0,573.0,16.0,40.0,1.0,329.0,62.0,30.0,10.0,7.99,7.8,5.0,7.0,4.0,556.3,421.0,409.05,4.24,6.83,6.83,23.18,22.67,22.36,361.49,30.89,29.49,31.47,30.07,314.0,174.0,180.0,668.0,23.0,35.0,2.0,366.0,97.0,25.0,11.87,12.42,6.6,12.0,8.0,3.0,680.4,488.0,498.25,5.11,6.18,6.18,29.82,30.41,29.71,63.17,74.73,1417.0,1570.0,0.86,1.16,24.0,20.0,21.0,15.0,regular
8480144,2025,David Kampf,VAN,C,5on5,33,26126.0,559.0,7.04,0.48,0.47,0.5,0.5,0.5,0.48,154.0,32.22,3.63,2.54,7.89,1.12,16.73,12.1,3.54,3.53,3.44,3.0,1.0,32.0,12.0,13.0,57.0,6.0,2.0,5.0,0.0,6.0,0.0,16.0,15.0,30.0,42.0,3.0,6.0,206.0,37.0,6.0,14.0,27.0,13.0,4.0,1.01,1.53,1.08,0.0,2.0,0.0,55.0,44.0,42.6,4.0,0.54,1.22,0.94,3.23,3.1,3.06,559.0,58.0,93.0,123.0,285.0,95.0,49.0,63.0,352.0,206.0,174.0,70480.0,6.0,8.0,4.0,13.0,211.6,16.66,16.12,16.22,15.7,190.0,104.0,100.0,394.0,12.0,22.0,2.0,239.0,40.0,15.0,7.19,5.16,4.31,7.0,3.0,2.0,382.0,294.0,286.34,2.84,4.15,4.15,15.35,14.96,14.58,214.38,17.69,16.62,17.86,16.81,191.0,100.0,101.0,392.0,18.0,20.0,0.0,231.0,43.0,17.0,7.7,5.57,4.42,13.0,4.0,1.0,399.37,291.0,295.58,3.0,3.58,3.58,17.11,17.38,16.96,47.81,53.78,1136.0,1141.0,0.82,1.23,23.0,15.0,19.0,12.0,regular
8475762,2025,Derek Forbort,VAN,D,5on5,2,1293.0,29.0,-0.53,0.2,0.48,0.26,0.47,0.28,0.47,12.0,0.78,0.07,0.04,0.15,0.02,0.4,0.32,0.07,0.07,0.07,0.0,0.0,1.0,0.0,0.0,1.0,0.0,0.0,0.0,0.0,0.0,0.0,0.0,1.0,1.0,1.0,1.0,2.0,0.0,2.0,0.0,5.0,1.0,0.0,0.0,0.07,0.0,0.0,0.0,0.0,0.0,0.97,1.0,0.96,4.0,0.01,0.0,0.0,0.08,0.08,0.08,29.0,4.0,2.0,5.0,18.0,2.0,3.0,3.0,21.0,0.0,0.0,3754.0,2.0,0.0,0.0,2.0,3.87,0.38,0.38,0.39,0.39,4.0,1.0,2.0,7.0,1.0,0.0,0.0,4.0,1.0,0.0,0.19,0.18,0.0,1.0,0.0,0.0,7.4,5.0,5.07,0.05,0.0,0.0,0.42,0.43,0.43,10.5,1.54,1.46,1.48,1.41,8.0,5.0,7.0,20.0,1.0,2.0,0.0,8.0,1.0,4.0,0.27,0.15,1.12,1.0,0.0,0.0,19.44,13.0,12.86,0.15,0.52,0.52,1.17,1.13,1.12,2.29,2.45,55.0,62.0,0.04,0.0,4.0,0.0,3.0,0.0,regular
8482055,2025,Drew O'Connor,VAN,L,5on5,56,41067.0,852.0,21.09,0.46,0.46,0.5,0.47,0.49,0.47,349.0,80.79,9.78,5.75,19.02,2.54,39.28,28.64,9.28,9.61,9.12,6.0,1.0,64.0,41.0,36.0,141.0,16.0,9.0,9.0,4.0,15.0,0.0,38.0,34.0,55.0,96.0,11.0,22.0,33.0,40.0,11.0,41.0,68.0,22.0,15.0,2.37,2.87,4.54,3.0,3.0,3.0,138.06,105.0,103.23,9.0,1.22,1.99,4.22,6.77,6.65,6.53,852.0,90.0,77.0,160.0,525.0,149.0,118.0,115.0,470.0,33.0,38.0,123498.0,22.0,16.0,8.0,16.0,339.98,26.55,25.47,26.08,25.02,269.0,197.0,182.0,648.0,24.0,35.0,5.0,373.0,65.0,28.0,10.59,8.12,7.84,9.0,12.0,3.0,634.2,466.0,458.46,4.56,7.18,6.8,24.31,23.92,23.42,356.65,30.78,29.37,31.35,29.94,303.0,180.0,175.0,658.0,25.0,35.0,4.0,355.0,98.0,30.0,10.64,11.97,8.16,9.0,13.0,3.0,671.59,483.0,491.29,5.06,7.25,7.25,28.59,29.07,28.55,80.74,95.5,1856.0,2063.0,0.67,0.95,19.0,27.0,11.0,22.0,regular
8480012,2025,Elias Pettersson,VAN,C,5on5,48,39382.0,857.0,27.13,0.47,0.45,0.46,0.48,0.46,0.47,214.0,56.7,7.27,4.52,13.46,2.1,29.99,20.67,6.8,7.04,6.6,4.0,2.0,51.0,27.0,23.0,101.0,16.0,10.0,8.0,0.0,6.0,0.0,28.0,26.0,41.0,68.0,5.0,10.0,265.0,42.0,18.0,32.0,47.0,19.0,12.0,1.79,2.23,3.24,6.0,2.0,2.0,98.05,78.0,75.86,12.0,0.95,0.9,3.52,4.7,4.67,4.54,857.0,133.0,121.0,150.0,453.0,67.0,127.0,137.0,526.0,265.0,338.0,101773.0,10.0,24.0,12.0,66.0,313.92,27.19,26.01,26.53,25.4,264.0,168.0,153.0,585.0,22.0,47.0,4.0,330.0,70.0,32.0,10.01,8.73,8.46,12.0,5.0,5.0,567.61,432.0,421.29,4.5,8.53,8.53,23.15,22.81,22.38,366.0,30.28,29.1,30.85,29.65,322.0,179.0,196.0,697.0,33.0,25.0,3.0,386.0,92.0,23.0,12.67,11.46,6.16,18.0,12.0,3.0,716.59,501.0,513.82,5.12,4.82,4.82,30.58,31.21,30.36,64.71,80.07,1562.0,1677.0,0.59,0.39,21.0,11.0,16.0,9.0,regular
8483678,2025,Elias Pettersson,VAN,D,5on5,46,35759.0,810.0,2.2,0.41,0.48,0.45,0.49,0.44,0.48,228.0,35.64,1.07,1.84,11.18,1.2,21.17,14.55,0.99,1.05,0.97,1.0,5.0,22.0,29.0,39.0,90.0,7.0,1.0,3.0,0.0,4.0,0.0,22.0,21.0,21.0,50.0,7.0,14.0,0.0,80.0,8.0,43.0,50.0,1.0,0.0,0.92,0.15,0.0,1.0,0.0,0.0,87.9,51.0,50.02,36.0,0.37,0.33,0.09,1.35,1.33,1.24,810.0,71.0,72.0,129.0,538.0,122.0,116.0,102.0,470.0,0.0,0.0,97148.0,14.0,16.0,8.0,48.0,271.81,21.53,20.6,21.12,20.24,233.0,137.0,148.0,518.0,22.0,31.0,2.0,290.0,56.0,24.0,8.19,7.35,5.99,10.0,9.0,3.0,507.69,370.0,364.37,3.76,5.22,5.22,20.07,19.79,19.41,343.82,30.63,29.61,31.05,30.02,298.0,165.0,170.0,633.0,28.0,38.0,5.0,343.0,91.0,29.0,11.13,11.48,8.01,12.0,12.0,4.0,647.08,463.0,471.26,4.68,7.68,7.68,27.62,27.92,27.43,63.07,69.36,1484.0,1560.0,3.07,0.26,61.0,7.0,54.0,7.0,regular
8475169,2025,Evander Kane,VAN,L,5on5,55,47699.0,941.0,23.45,0.46,0.45,0.49,0.47,0.48,0.47,195.0,126.47,9.7,8.75,30.09,4.33,68.11,51.01,9.31,9.62,9.24,10.0,2.0,108.0,64.0,65.0,237.0,17.0,5.0,17.0,1.0,25.0,0.0,58.0,67.0,103.0,167.0,21.0,48.0,8.0,91.0,11.0,51.0,136.0,26.0,10.0,3.85,3.28,2.57,1.0,3.0,1.0,232.03,172.0,169.17,12.0,1.82,2.68,2.64,8.88,8.82,8.59,941.0,142.0,113.0,157.0,529.0,147.0,157.0,160.0,477.0,8.0,17.0,113843.0,48.0,44.0,19.0,19.0,416.01,35.32,33.42,35.0,33.14,352.0,215.0,205.0,772.0,31.0,60.0,5.0,437.0,89.0,41.0,12.62,11.68,11.03,15.0,8.0,8.0,753.95,567.0,557.22,5.84,10.83,11.21,29.95,29.83,28.98,465.43,41.38,39.76,42.0,40.37,422.0,204.0,191.0,817.0,43.0,40.0,3.0,463.0,124.0,39.0,14.74,16.01,10.63,20.0,16.0,7.0,835.76,626.0,639.76,6.55,7.71,7.71,40.22,40.91,39.89,69.1,83.18,1670.0,1867.0,1.3,1.66,23.0,28.0,17.0,23.0,regular
8480078,2025,Filip Chytil,VAN,C,5on5,12,9261.0,192.0,2.53,0.5,0.41,0.48,0.41,0.47,0.42,53.0,23.07,2.64,1.91,5.19,0.73,11.42,8.12,2.56,2.61,2.54,0.0,0.0,20.0,10.0,4.0,34.0,3.0,3.0,5.0,1.0,4.0,0.0,10.0,8.0,17.0,27.0,3.0,6.0,52.0,3.0,4.0,11.0,19.0,8.0,3.0,0.85,1.01,0.78,0.0,2.0,1.0,33.48,30.0,29.28,2.0,0.41,0.63,0.82,2.23,2.21,2.2,192.0,36.0,19.0,37.0,100.0,25.0,29.0,36.0,102.0,52.0,55.0,26129.0,6.0,0.0,0.0,3.0,79.09,6.68,6.32,6.65,6.27,74.0,35.0,35.0,144.0,4.0,12.0,1.0,86.0,15.0,8.0,2.61,2.08,2.0,0.0,2.0,2.0,141.17,109.0,107.41,1.19,1.85,1.85,6.02,5.96,5.75,89.14,6.78,6.69,7.01,6.92,75.0,46.0,33.0,154.0,9.0,6.0,0.0,93.0,24.0,4.0,2.72,2.92,1.15,4.0,5.0,0.0,160.98,121.0,126.13,1.18,0.51,0.51,7.45,7.67,7.58,14.9,21.45,333.0,471.0,0.39,0.02,5.0,2.0,4.0,1.0,regular
8479425,2025,Filip Hronek,VAN,D,5on5,56,65111.0,1208.0,34.05,0.5,0.44,0.51,0.46,0.51,0.45,114.0,67.31,2.66,3.64,18.79,2.22,39.0,29.69,2.53,2.6,2.47,8.0,8.0,59.0,37.0,52.0,148.0,17.0,1.0,11.0,0.0,13.0,0.0,34.0,37.0,58.0,95.0,6.0,12.0,0.0,69.0,21.0,53.0,91.0,5.0,0.0,1.95,0.7,0.0,0.0,1.0,0.0,143.06,96.0,93.47,43.0,0.73,2.09,0.12,3.27,3.21,3.07,1208.0,142.0,144.0,231.0,691.0,118.0,163.0,150.0,777.0,0.0,0.0,99454.0,12.0,8.0,4.0,60.0,551.0,45.29,43.21,44.38,42.36,462.0,297.0,277.0,1036.0,43.0,68.0,6.0,597.0,121.0,41.0,18.44,16.18,10.67,16.0,20.0,7.0,1009.87,759.0,743.26,7.68,12.49,12.41,40.55,39.97,39.08,543.67,46.07,43.94,46.57,44.43,482.0,255.0,254.0,991.0,35.0,58.0,4.0,554.0,144.0,39.0,17.55,17.84,10.67,18.0,12.0,5.0,1007.93,737.0,748.82,7.7,10.58,10.58,43.19,43.73,42.79,61.99,80.21,1468.0,1730.0,4.82,0.12,121.0,4.0,94.0,2.0,regular
8478498,2025,Jake DeBrusk,VAN,L,5on5,55,39904.0,891.0,25.97,0.48,0.45,0.45,0.49,0.46,0.48,384.0,97.78,9.11,6.61,22.35,3.12,47.26,38.55,8.74,8.82,8.47,5.0,5.0,78.0,49.0,29.0,156.0,12.0,2.0,10.0,1.0,12.0,0.0,42.0,61.0,76.0,125.0,4.0,8.0,8.0,45.0,6.0,27.0,86.0,31.0,10.0,2.84,3.66,2.62,0.0,2.0,0.0,152.03,127.0,123.98,13.0,1.38,2.05,2.36,8.14,7.94,7.83,891.0,132.0,134.0,167.0,458.0,90.0,121.0,110.0,570.0,8.0,8.0,121533.0,8.0,10.0,4.0,18.0,310.0,26.88,25.58,26.14,24.9,265.0,161.0,139.0,565.0,24.0,38.0,3.0,319.0,76.0,31.0,9.64,9.4,7.85,9.0,12.0,3.0,552.44,426.0,418.22,4.46,7.25,7.25,24.1,23.61,23.05,363.96,28.98,27.89,29.36,28.24,308.0,192.0,181.0,681.0,28.0,31.0,6.0,392.0,87.0,21.0,12.25,10.68,6.06,13.0,13.0,2.0,694.52,500.0,508.34,5.03,5.88,5.88,28.13,28.53,27.78,78.74,95.47,1887.0,1996.0,0.85,0.88,16.0,20.0,14.0,19.0,regular
8483476,2025,Jonathan Lekkerimki,VAN,R,5on5,12,6913.0,148.0,-0.05,0.22,0.46,0.34,0.47,0.33,0.47,109.0,8.35,0.38,0.38,2.19,0.25,4.38,3.42,0.38,0.38,0.38,0.0,1.0,8.0,3.0,4.0,15.0,3.0,2.0,1.0,0.0,2.0,0.0,2.0,4.0,6.0,9.0,0.0,0.0,0.0,8.0,1.0,6.0,11.0,0.0,0.0,0.38,0.0,0.0,2.0,0.0,0.0,15.16,11.0,11.11,2.0,0.08,0.07,0.0,0.45,0.45,0.45,148.0,19.0,6.0,20.0,103.0,16.0,26.0,11.0,95.0,0.0,0.0,28143.0,0.0,4.0,2.0,5.0,33.61,1.67,1.66,1.66,1.65,29.0,18.0,22.0,69.0,3.0,3.0,0.0,45.0,2.0,0.0,1.43,0.24,0.0,2.0,1.0,0.0,68.3,47.0,46.81,0.39,0.09,0.09,1.96,1.96,1.95,71.82,5.95,5.68,6.11,5.82,61.0,35.0,41.0,137.0,3.0,10.0,0.0,68.0,22.0,6.0,1.97,2.57,1.41,0.0,3.0,0.0,143.18,96.0,99.55,1.01,1.84,1.84,5.12,5.3,5.21,17.96,20.8,412.0,466.0,0.12,0.03,4.0,2.0,2.0,2.0,regular
8476425,2025,Joseph LaBate,VAN,C,5on5,1,572.0,16.0,-0.1,0.61,0.37,0.42,0.56,0.47,0.55,10.0,2.33,0.36,0.21,0.47,0.06,1.05,0.85,0.36,0.38,0.38,0.0,0.0,2.0,1.0,0.0,3.0,0.0,0.0,0.0,0.0,0.0,0.0,1.0,2.0,2.0,3.0,0.0,0.0,1.0,6.0,0.0,0.0,2.0,0.0,1.0,0.08,0.0,0.28,0.0,0.0,0.0,2.82,3.0,2.94,0.0,0.04,0.0,0.0,0.41,0.42,0.42,16.0,1.0,0.0,1.0,14.0,2.0,1.0,1.0,12.0,1.0,1.0,2096.0,0.0,0.0,0.0,2.0,5.07,0.51,0.51,0.52,0.52,3.0,4.0,3.0,10.0,0.0,0.0,0.0,6.0,0.0,1.0,0.22,0.0,0.28,0.0,0.0,0.0,9.22,7.0,6.83,0.08,0.0,0.0,0.59,0.6,0.6,5.4,0.33,0.33,0.32,0.31,4.0,4.0,6.0,14.0,1.0,0.0,0.0,7.0,1.0,0.0,0.17,0.16,0.0,1.0,0.0,0.0,13.57,8.0,7.68,0.08,0.0,0.0,0.41,0.39,0.39,1.34,2.27,43.0,34.0,0.04,0.0,2.0,0.0,2.0,0.0,regular
8480748,2025,Kiefer Sherwood,VAN,L,5on5,44,33659.0,698.0,27.82,0.46,0.47,0.52,0.48,0.53,0.47,256.0,95.67,6.35,5.75,24.63,3.27,52.6,39.41,6.13,6.24,6.04,2.0,0.0,74.0,58.0,33.0,165.0,10.0,8.0,7.0,0.0,18.0,0.0,56.0,43.0,66.0,124.0,8.0,16.0,9.0,199.0,15.0,41.0,109.0,19.0,4.0,2.96,2.44,0.95,4.0,3.0,1.0,162.83,132.0,130.87,13.0,1.19,1.12,1.14,6.4,6.33,6.26,698.0,85.0,81.0,122.0,410.0,132.0,88.0,115.0,363.0,9.0,11.0,93871.0,16.0,28.0,14.0,14.0,298.09,21.55,20.6,21.39,20.46,239.0,171.0,136.0,546.0,21.0,32.0,2.0,335.0,57.0,18.0,9.1,7.25,5.2,11.0,6.0,4.0,539.66,410.0,406.22,3.81,6.51,6.2,19.16,19.08,18.7,277.11,24.9,23.61,24.81,23.53,253.0,116.0,134.0,503.0,29.0,37.0,5.0,269.0,73.0,27.0,7.92,9.67,7.32,12.0,12.0,5.0,505.01,369.0,369.82,3.79,7.12,7.12,21.57,21.51,21.03,60.29,69.29,1420.0,1551.0,1.51,0.76,27.0,17.0,21.0,14.0,regular
8483499,2025,Liam Ohgren,VAN,L,5on5,43,28070.0,595.0,6.48,0.41,0.49,0.44,0.47,0.42,0.48,367.0,49.62,3.83,3.14,13.14,1.75,27.84,20.3,3.8,3.79,3.76,4.0,0.0,52.0,18.0,43.0,113.0,8.0,4.0,4.0,0.0,6.0,0.0,29.0,27.0,48.0,66.0,0.0,0.0,6.0,52.0,5.0,20.0,55.0,13.0,2.0,1.82,1.6,0.41,3.0,1.0,0.0,112.35,70.0,69.49,7.0,0.65,0.77,0.22,4.26,4.23,4.2,595.0,61.0,44.0,109.0,381.0,87.0,106.0,50.0,352.0,6.0,8.0,101498.0,0.0,12.0,6.0,23.0,193.64,13.92,13.6,13.74,13.43,178.0,87.0,129.0,394.0,10.0,18.0,0.0,215.0,36.0,14.0,6.03,4.58,3.31,5.0,4.0,1.0,388.79,265.0,261.23,2.42,2.84,2.84,13.5,13.31,13.17,262.86,20.4,19.29,20.52,19.43,236.0,125.0,136.0,497.0,12.0,27.0,4.0,286.0,52.0,23.0,8.44,5.75,6.21,4.0,4.0,4.0,502.97,361.0,363.18,3.56,5.6,5.6,18.35,18.49,18.09,68.54,71.9,1512.0,1671.0,0.8,0.69,17.0,12.0,13.0,11.0,regular
8481024,2025,Linus Karlsson,VAN,C,5on5,53,30413.0,725.0,25.68,0.53,0.44,0.53,0.47,0.53,0.46,522.0,74.41,9.76,5.61,18.88,2.85,35.41,25.49,9.14,9.65,9.03,6.0,5.0,63.0,35.0,18.0,116.0,20.0,9.0,15.0,4.0,13.0,0.0,32.0,29.0,54.0,89.0,5.0,10.0,6.0,63.0,12.0,29.0,56.0,27.0,15.0,2.14,3.89,3.73,2.0,5.0,2.0,114.1,98.0,96.6,8.0,1.19,2.8,5.47,5.47,5.37,5.25,725.0,85.0,49.0,97.0,494.0,123.0,90.0,95.0,417.0,6.0,18.0,125974.0,10.0,28.0,14.0,11.0,275.39,24.66,23.4,24.32,23.07,232.0,143.0,148.0,523.0,23.0,46.0,4.0,275.0,71.0,29.0,8.31,9.3,7.04,7.0,10.0,6.0,511.85,375.0,369.15,3.87,8.23,8.23,20.29,20.06,19.62,245.19,22.16,21.34,22.56,21.74,221.0,115.0,125.0,461.0,34.0,31.0,6.0,259.0,53.0,24.0,8.33,7.04,6.79,19.0,10.0,5.0,473.54,336.0,343.37,3.43,5.35,5.35,20.23,20.66,20.28,77.64,97.67,1867.0,2117.0,1.44,0.67,27.0,13.0,22.0,11.0,regular
8482117,2025,Lukas Reichel,VAN,L,5on5,19,13248.0,287.0,0.37,0.42,0.47,0.42,0.47,0.4,0.49,136.0,19.11,2.28,1.38,4.0,0.58,10.54,7.22,2.15,2.25,2.14,2.0,1.0,14.0,12.0,7.0,33.0,5.0,2.0,1.0,0.0,6.0,0.0,9.0,8.0,12.0,24.0,3.0,6.0,46.0,7.0,2.0,13.0,13.0,12.0,1.0,0.59,1.3,0.39,1.0,1.0,0.0,33.4,26.0,26.21,4.0,0.29,0.1,0.39,2.18,2.19,2.17,287.0,29.0,16.0,53.0,189.0,35.0,48.0,49.0,155.0,46.0,69.0,42036.0,6.0,0.0,0.0,11.0,97.31,8.04,7.79,8.11,7.87,82.0,50.0,51.0,183.0,12.0,11.0,0.0,92.0,35.0,5.0,2.59,3.98,1.48,4.0,7.0,1.0,183.76,132.0,132.68,1.32,1.92,1.92,7.45,7.55,7.49,141.71,10.9,10.68,11.01,10.78,130.0,65.0,57.0,252.0,16.0,17.0,2.0,152.0,35.0,8.0,4.59,4.35,1.96,10.0,5.0,1.0,253.29,195.0,195.57,2.02,2.27,2.27,10.66,10.74,10.58,29.01,32.87,618.0,697.0,0.25,0.29,5.0,4.0,4.0,4.0,regular
8476907,2025,Mackenzie MacEachern,VAN,L,5on5,8,4846.0,122.0,2.5,0.36,0.34,0.43,0.43,0.41,0.43,72.0,6.37,0.61,0.51,1.31,0.17,3.16,2.24,0.61,0.6,0.6,3.0,0.0,6.0,2.0,2.0,10.0,4.0,1.0,1.0,0.0,2.0,0.0,2.0,2.0,5.0,7.0,1.0,2.0,1.0,10.0,1.0,3.0,5.0,3.0,0.0,0.14,0.47,0.0,1.0,0.0,0.0,10.17,8.0,8.08,1.0,0.11,0.19,0.0,0.71,0.71,0.71,122.0,12.0,14.0,19.0,77.0,22.0,17.0,19.0,64.0,1.0,1.0,18815.0,2.0,2.0,1.0,6.0,33.78,2.13,2.12,2.18,2.17,27.0,19.0,20.0,66.0,5.0,1.0,1.0,37.0,9.0,0.0,0.94,1.18,0.0,2.0,3.0,0.0,66.23,46.0,46.53,0.42,0.19,0.19,2.36,2.42,2.41,46.58,3.78,3.68,3.78,3.67,37.0,28.0,23.0,88.0,5.0,4.0,1.0,50.0,12.0,3.0,1.61,1.49,0.67,2.0,3.0,0.0,87.25,65.0,64.55,0.67,0.61,0.61,3.84,3.8,3.74,7.95,15.45,241.0,318.0,0.19,0.02,3.0,1.0,3.0,1.0,regular
8482079,2025,Marco Rossi,VAN,C,5on5,25,21491.0,401.0,13.31,0.5,0.48,0.49,0.48,0.48,0.48,99.0,32.66,4.38,2.62,7.37,1.07,16.42,12.14,4.2,4.37,4.19,3.0,2.0,29.0,15.0,15.0,59.0,10.0,5.0,5.0,1.0,5.0,0.0,17.0,12.0,24.0,39.0,2.0,4.0,141.0,16.0,4.0,15.0,26.0,10.0,8.0,1.03,1.25,2.1,1.0,2.0,2.0,59.36,44.0,44.28,4.0,0.56,1.03,0.85,4.09,4.11,4.04,401.0,64.0,29.0,72.0,236.0,53.0,81.0,62.0,205.0,141.0,131.0,52936.0,4.0,6.0,3.0,16.0,178.36,15.4,14.63,15.55,14.78,158.0,88.0,97.0,343.0,15.0,21.0,1.0,188.0,42.0,16.0,5.7,5.4,4.3,8.0,5.0,2.0,344.29,246.0,247.83,2.55,3.85,3.86,14.08,14.18,13.79,192.74,15.56,15.08,15.72,15.23,181.0,84.0,91.0,356.0,15.0,15.0,3.0,208.0,45.0,12.0,6.24,5.72,3.6,9.0,4.0,2.0,359.41,265.0,268.54,2.7,3.3,3.3,14.96,15.1,14.82,33.35,36.22,791.0,872.0,0.53,0.42,10.0,16.0,8.0,9.0,regular
8477969,2025,Marcus Pettersson,VAN,D,5on5,56,58819.0,1177.0,2.1,0.46,0.46,0.45,0.49,0.45,0.49,163.0,56.9,1.73,2.83,15.9,1.94,33.46,26.14,1.69,1.7,1.66,2.0,7.0,44.0,38.0,38.0,120.0,9.0,0.0,4.0,0.0,9.0,0.0,35.0,34.0,44.0,82.0,20.0,46.0,0.0,44.0,7.0,56.0,81.0,1.0,0.0,1.63,0.1,0.0,0.0,0.0,0.0,116.87,82.0,80.78,37.0,0.56,0.82,0.07,2.21,2.17,2.12,1177.0,92.0,162.0,217.0,706.0,166.0,146.0,161.0,704.0,0.0,0.0,105746.0,46.0,20.0,7.0,71.0,433.3,35.17,33.92,34.58,33.36,373.0,221.0,224.0,818.0,33.0,58.0,3.0,456.0,106.0,32.0,13.32,13.42,8.43,12.0,17.0,4.0,799.15,594.0,583.21,5.94,10.02,9.64,31.47,30.93,30.4,524.13,41.72,39.99,42.41,40.66,480.0,233.0,286.0,999.0,41.0,53.0,6.0,563.0,111.0,39.0,17.86,13.65,10.21,21.0,13.0,7.0,1016.13,713.0,724.94,7.29,9.22,9.22,39.79,40.48,39.54,72.12,84.56,1686.0,1722.0,3.81,0.2,83.0,8.0,68.0,6.0,regular
8484136,2025,Max Sasson,VAN,C,5on5,49,31153.0,730.0,12.16,0.44,0.47,0.51,0.48,0.49,0.48,408.0,49.02,5.01,3.25,11.13,1.56,25.77,19.28,4.93,5.03,4.95,1.0,0.0,44.0,22.0,13.0,79.0,11.0,10.0,3.0,0.0,8.0,0.0,23.0,22.0,34.0,56.0,10.0,20.0,108.0,20.0,5.0,24.0,44.0,15.0,7.0,1.42,1.79,1.79,2.0,6.0,2.0,77.81,66.0,65.51,10.0,0.68,0.57,0.93,4.76,4.81,4.75,730.0,59.0,29.0,109.0,533.0,125.0,120.0,82.0,403.0,108.0,151.0,112899.0,20.0,6.0,3.0,24.0,254.43,20.0,19.22,19.84,19.08,209.0,139.0,145.0,493.0,15.0,30.0,2.0,278.0,47.0,23.0,7.74,6.29,5.97,5.0,7.0,3.0,484.12,348.0,343.46,3.3,5.65,5.54,17.75,17.69,17.43,267.39,25.03,23.8,25.37,24.15,239.0,122.0,109.0,470.0,24.0,40.0,6.0,261.0,70.0,30.0,7.76,8.85,8.42,5.0,13.0,6.0,479.72,361.0,366.1,3.71,7.6,7.6,21.14,21.5,21.05,75.83,85.47,1738.0,1875.0,1.47,0.67,31.0,19.0,24.0,18.0,regular
8482496,2025,Nils Aman,VAN,C,5on5,2,1039.0,23.0,-0.28,0.62,0.37,0.39,0.47,0.6,0.44,17.0,0.76,0.06,0.05,0.15,0.03,0.38,0.34,0.06,0.05,0.05,0.0,0.0,1.0,0.0,2.0,3.0,0.0,0.0,0.0,0.0,0.0,0.0,0.0,1.0,1.0,1.0,0.0,0.0,1.0,2.0,0.0,1.0,1.0,0.0,0.0,0.06,0.0,0.0,0.0,0.0,0.0,2.82,1.0,0.95,1.0,0.01,0.0,0.0,0.07,0.06,0.06,23.0,2.0,0.0,1.0,20.0,3.0,3.0,3.0,14.0,1.0,1.0,4232.0,0.0,0.0,0.0,1.0,8.51,0.65,0.65,0.66,0.66,6.0,6.0,3.0,15.0,1.0,0.0,0.0,11.0,0.0,1.0,0.36,0.0,0.28,1.0,0.0,0.0,14.4,12.0,11.84,0.13,0.0,0.0,0.77,0.78,0.78,4.86,0.4,0.39,0.39,0.38,5.0,3.0,15.0,23.0,1.0,0.0,0.0,7.0,1.0,0.0,0.24,0.16,0.0,1.0,0.0,0.0,22.69,8.0,7.93,0.08,0.0,0.0,0.48,0.46,0.46,2.5,4.22,72.0,80.0,0.02,0.04,1.0,1.0,1.0,1.0,regular
8481535,2025,Nils Hoglander,VAN,L,5on5,18,11884.0,264.0,4.3,0.5,0.54,0.53,0.52,0.5,0.5,163.0,20.7,1.55,1.39,4.99,0.75,11.68,8.63,1.51,1.54,1.5,1.0,1.0,17.0,12.0,13.0,42.0,2.0,0.0,3.0,0.0,7.0,0.0,8.0,11.0,17.0,29.0,3.0,6.0,0.0,28.0,2.0,9.0,26.0,1.0,2.0,0.94,0.09,0.53,0.0,0.0,0.0,40.59,29.0,28.23,0.0,0.29,0.76,0.53,1.31,1.28,1.24,264.0,35.0,22.0,31.0,176.0,50.0,37.0,31.0,146.0,0.0,0.0,42071.0,6.0,10.0,5.0,4.0,91.95,7.91,7.71,7.71,7.51,80.0,48.0,63.0,191.0,5.0,11.0,3.0,101.0,18.0,9.0,3.13,2.13,2.66,0.0,2.0,3.0,183.78,128.0,124.42,1.33,2.82,2.82,6.42,6.25,6.17,92.0,7.88,7.57,8.03,7.71,83.0,43.0,41.0,167.0,5.0,8.0,0.0,97.0,23.0,6.0,3.38,2.93,1.57,2.0,2.0,1.0,174.38,126.0,130.14,1.3,1.42,1.42,7.75,7.96,7.76,30.54,26.52,678.0,631.0,0.18,0.59,7.0,7.0,6.0,7.0,regular
8480058,2025,P.O Joseph,VAN,D,5on5,20,15207.0,360.0,1.52,0.45,0.45,0.49,0.46,0.49,0.46,108.0,13.75,0.58,0.82,4.27,0.44,8.36,5.53,0.57,0.58,0.56,1.0,2.0,15.0,5.0,16.0,36.0,3.0,0.0,1.0,0.0,3.0,0.0,9.0,7.0,15.0,20.0,1.0,2.0,0.0,8.0,5.0,11.0,18.0,2.0,0.0,0.35,0.23,0.0,0.0,0.0,0.0,35.4,20.0,19.8,9.0,0.16,0.11,0.13,0.62,0.61,0.6,360.0,20.0,26.0,46.0,268.0,48.0,37.0,41.0,234.0,0.0,0.0,47073.0,2.0,2.0,1.0,18.0,131.44,9.1,8.93,8.9,8.75,104.0,76.0,60.0,240.0,7.0,8.0,1.0,150.0,21.0,9.0,4.12,2.61,2.37,5.0,1.0,1.0,234.57,180.0,176.58,1.7,1.79,1.93,8.86,8.73,8.67,133.81,11.13,10.79,11.35,11.01,120.0,65.0,69.0,254.0,18.0,14.0,2.0,144.0,32.0,9.0,4.42,4.04,2.67,10.0,7.0,1.0,262.36,185.0,189.65,1.9,2.52,2.52,10.51,10.7,10.54,29.62,36.59,682.0,806.0,1.42,0.0,39.0,0.0,30.0,0.0,regular
8476927,2025,Teddy Blueger,VAN,C,5on5,9,7391.0,154.0,3.95,0.37,0.46,0.42,0.43,0.4,0.44,40.0,11.93,1.37,0.76,2.69,0.39,5.92,4.88,1.33,1.31,1.27,0.0,1.0,14.0,2.0,6.0,22.0,4.0,3.0,1.0,0.0,2.0,0.0,2.0,8.0,11.0,13.0,1.0,2.0,47.0,22.0,1.0,9.0,9.0,4.0,3.0,0.23,0.43,0.71,0.0,3.0,0.0,20.85,16.0,15.23,2.0,0.16,0.08,0.21,1.31,1.26,1.24,154.0,13.0,28.0,27.0,86.0,29.0,14.0,25.0,86.0,47.0,47.0,19517.0,2.0,0.0,0.0,3.0,44.2,3.33,3.25,3.21,3.14,43.0,17.0,30.0,90.0,5.0,4.0,0.0,46.0,11.0,3.0,1.36,1.27,0.71,1.0,4.0,0.0,86.8,60.0,57.96,0.56,0.47,0.47,3.43,3.32,3.26,68.15,5.57,5.21,5.77,5.41,66.0,25.0,34.0,125.0,4.0,10.0,1.0,71.0,14.0,6.0,2.33,1.66,1.58,0.0,3.0,1.0,129.71,91.0,93.74,0.9,1.81,1.81,4.65,4.8,4.7,13.03,15.15,265.0,352.0,0.09,0.05,2.0,3.0,2.0,2.0,regular
8484240,2025,Tom Willander,VAN,D,5on5,44,34658.0,773.0,8.33,0.42,0.47,0.45,0.5,0.43,0.5,229.0,37.49,1.38,2.08,11.58,1.3,22.82,15.84,1.34,1.38,1.33,2.0,4.0,32.0,23.0,30.0,85.0,9.0,3.0,6.0,0.0,9.0,0.0,17.0,20.0,29.0,52.0,5.0,10.0,0.0,10.0,6.0,30.0,54.0,0.0,1.0,1.16,0.0,0.22,3.0,0.0,0.0,82.44,55.0,53.53,20.0,0.41,1.08,0.22,1.58,1.54,1.5,773.0,79.0,56.0,100.0,538.0,83.0,125.0,77.0,488.0,0.0,0.0,95087.0,10.0,6.0,3.0,39.0,248.45,20.67,19.93,20.32,19.6,216.0,128.0,145.0,489.0,22.0,34.0,3.0,263.0,58.0,23.0,7.44,7.07,6.16,11.0,7.0,4.0,473.54,344.0,334.45,3.45,6.26,6.26,17.85,17.51,17.19,333.85,28.23,27.12,28.98,27.84,292.0,162.0,145.0,599.0,28.0,42.0,5.0,348.0,74.0,32.0,10.37,9.34,8.52,13.0,9.0,6.0,615.92,454.0,464.39,4.56,7.53,7.53,25.27,25.87,25.29,63.42,70.12,1506.0,1504.0,1.71,0.28,61.0,8.0,47.0,8.0,regular
8474574,2025,Tyler Myers,VAN,D,5on5,56,56231.0,1162.0,4.28,0.45,0.46,0.47,0.48,0.47,0.48,178.0,72.46,2.88,4.06,20.35,2.44,43.37,31.89,2.7,2.86,2.67,3.0,3.0,67.0,38.0,50.0,155.0,7.0,1.0,9.0,0.0,15.0,0.0,32.0,48.0,66.0,104.0,19.0,38.0,0.0,46.0,18.0,57.0,101.0,3.0,1.0,2.36,0.31,0.2,0.0,0.0,1.0,153.35,105.0,104.68,43.0,0.82,1.93,0.22,3.47,3.47,3.26,1162.0,69.0,151.0,173.0,769.0,190.0,140.0,158.0,674.0,0.0,0.0,108334.0,38.0,18.0,9.0,68.0,470.94,37.75,36.32,37.33,35.9,397.0,243.0,245.0,885.0,24.0,54.0,3.0,505.0,87.0,48.0,14.1,10.94,12.71,9.0,9.0,6.0,871.11,640.0,633.26,6.27,10.35,10.35,33.67,33.32,32.7,534.75,46.1,44.11,46.7,44.72,463.0,262.0,258.0,983.0,51.0,53.0,7.0,543.0,138.0,44.0,16.84,17.42,11.84,19.0,25.0,7.0,1002.05,725.0,738.51,7.44,9.82,9.82,43.72,44.42,43.35,69.53,80.18,1619.0,1738.0,2.93,0.32,69.0,13.0,55.0,9.0,regular
8483768,2025,Victor Mancini,VAN,D,5on5,10,7748.0,152.0,-3.7,0.31,0.44,0.35,0.45,0.34,0.43,51.0,4.44,0.15,0.23,1.47,0.14,2.35,1.66,0.15,0.15,0.14,0.0,0.0,5.0,1.0,8.0,14.0,0.0,0.0,0.0,0.0,0.0,0.0,3.0,3.0,5.0,6.0,1.0,5.0,0.0,11.0,0.0,5.0,6.0,0.0,0.0,0.15,0.0,0.0,0.0,0.0,0.0,13.41,6.0,5.7,5.0,0.05,0.0,0.0,0.2,0.19,0.19,152.0,15.0,5.0,17.0,115.0,13.0,23.0,14.0,102.0,0.0,0.0,22953.0,5.0,5.0,1.0,13.0,45.07,3.36,3.3,3.36,3.3,41.0,20.0,27.0,88.0,1.0,5.0,1.0,48.0,11.0,2.0,1.41,1.39,0.56,0.0,0.0,1.0,85.5,61.0,59.77,0.59,0.71,0.71,3.24,3.2,3.17,86.08,7.39,6.99,7.54,7.14,78.0,39.0,49.0,166.0,7.0,10.0,0.0,87.0,24.0,6.0,2.77,3.06,1.56,2.0,5.0,0.0,173.76,117.0,121.45,1.16,2.06,2.06,6.5,6.67,6.56,15.92,20.47,338.0,413.0,0.85,0.0,22.0,0.0,17.0,0.0,regular
8484798,2025,Zeev Buium,VAN,D,5on5,51,48055.0,909.0,14.88,0.48,0.5,0.48,0.48,0.46,0.48,198.0,35.59,2.29,1.92,10.22,1.21,19.71,14.65,2.25,2.28,2.24,4.0,2.0,34.0,16.0,50.0,100.0,8.0,2.0,3.0,1.0,10.0,0.0,19.0,16.0,32.0,48.0,6.0,12.0,0.0,13.0,10.0,44.0,44.0,4.0,2.0,1.1,0.43,0.76,1.0,0.0,1.0,99.81,50.0,50.2,32.0,0.39,1.28,0.99,1.7,1.72,1.71,909.0,89.0,74.0,132.0,614.0,103.0,143.0,101.0,562.0,0.0,0.0,105229.0,12.0,18.0,9.0,26.0,379.87,32.6,31.63,32.63,31.64,345.0,173.0,226.0,744.0,21.0,47.0,2.0,393.0,94.0,31.0,11.5,11.87,9.24,10.0,10.0,1.0,741.25,518.0,516.24,5.14,9.43,9.64,28.1,28.06,27.66,432.94,35.2,33.71,35.46,33.99,401.0,198.0,201.0,800.0,30.0,38.0,3.0,460.0,110.0,29.0,13.27,13.89,8.05,13.0,14.0,3.0,809.63,599.0,603.91,6.09,7.1,7.1,34.19,34.59,33.86,70.91,70.95,1595.0,1737.0,2.04,0.51,57.0,15.0,41.0,13.0,regular
8482125,2025,Alexander Holtz,VGK,R,5on5,24,15609.0,335.0,3.97,0.46,0.54,0.45,0.5,0.44,0.5,215.0,26.52,3.03,1.92,6.38,0.88,13.44,10.35,2.82,3.07,2.85,2.0,3.0,22.0,14.0,16.0,52.0,7.0,2.0,3.0,0.0,3.0,0.0,16.0,12.0,20.0,34.0,2.0,6.0,2.0,23.0,1.0,15.0,24.0,8.0,4.0,0.78,1.16,1.09,1.0,1.0,0.0,52.19,36.0,36.09,3.0,0.41,0.61,1.07,2.36,2.37,2.33,335.0,42.0,27.0,49.0,217.0,57.0,48.0,42.0,188.0,2.0,8.0,57246.0,6.0,2.0,1.0,11.0,104.64,8.59,8.1,8.66,8.17,92.0,52.0,70.0,214.0,13.0,9.0,1.0,113.0,21.0,10.0,3.35,2.6,2.63,5.0,5.0,3.0,215.57,144.0,144.7,1.45,1.81,1.81,8.23,8.27,8.03,129.03,10.01,9.79,10.11,9.9,116.0,64.0,82.0,262.0,13.0,13.0,2.0,147.0,23.0,10.0,4.26,3.06,2.69,7.0,5.0,1.0,264.4,180.0,182.62,1.7,2.77,2.77,8.93,9.05,8.95,40.78,34.1,874.0,883.0,0.26,0.45,6.0,9.0,4.0,9.0,regular
8477018,2025,Ben Hutton,VGK,D,5on5,48,41611.0,873.0,15.72,0.53,0.5,0.49,0.51,0.5,0.5,238.0,55.11,2.38,3.02,15.85,1.93,32.31,23.51,2.29,2.43,2.33,3.0,6.0,62.0,17.0,44.0,123.0,15.0,6.0,10.0,0.0,16.0,0.0,26.0,21.0,56.0,73.0,7.0,15.0,0.0,24.0,13.0,41.0,75.0,3.0,1.0,1.81,0.26,0.31,6.0,0.0,0.0,122.49,79.0,79.14,29.0,0.62,1.78,0.41,2.58,2.62,2.55,873.0,99.0,60.0,126.0,588.0,146.0,118.0,119.0,490.0,0.0,0.0,107136.0,15.0,21.0,9.0,47.0,327.48,29.94,28.39,29.76,28.27,284.0,159.0,182.0,625.0,34.0,36.0,7.0,321.0,93.0,29.0,9.48,11.45,9.01,13.0,14.0,7.0,619.3,443.0,440.3,4.61,8.67,8.67,25.88,25.76,25.3,329.09,26.28,25.24,26.33,25.31,284.0,167.0,203.0,654.0,34.0,38.0,8.0,352.0,74.0,25.0,10.1,9.34,6.84,14.0,15.0,5.0,659.43,451.0,455.04,4.52,6.52,6.52,24.29,24.4,23.91,64.7,63.55,1611.0,1578.0,2.34,0.1,60.0,7.0,42.0,4.0,regular
8483890,2025,Braeden Bowman,VGK,R,5on5,39,29938.0,632.0,15.9,0.53,0.52,0.5,0.51,0.49,0.51,261.0,55.92,7.28,4.53,12.4,1.81,24.91,19.07,6.75,7.35,6.83,6.0,6.0,43.0,27.0,25.0,95.0,17.0,5.0,7.0,1.0,9.0,0.0,13.0,36.0,38.0,65.0,1.0,2.0,3.0,11.0,8.0,15.0,33.0,29.0,8.0,1.25,4.05,1.98,1.0,4.0,0.0,95.53,70.0,70.22,5.0,0.98,1.25,2.05,6.21,6.26,6.12,632.0,93.0,50.0,97.0,392.0,82.0,81.0,106.0,363.0,3.0,8.0,91835.0,2.0,4.0,2.0,18.0,243.16,21.49,20.58,21.51,20.61,218.0,110.0,133.0,461.0,25.0,25.0,2.0,234.0,75.0,19.0,6.78,9.88,4.83,10.0,13.0,2.0,458.27,328.0,326.71,3.59,4.18,4.27,20.81,20.89,20.58,244.09,18.93,18.3,19.13,18.49,202.0,137.0,124.0,463.0,36.0,25.0,5.0,266.0,57.0,16.0,8.09,6.53,4.31,21.0,10.0,5.0,473.44,339.0,345.42,3.32,4.59,4.59,17.65,17.81,17.56,58.18,53.9,1355.0,1308.0,0.6,0.46,20.0,14.0,12.0,10.0,regular
8476438,2025,Brandon Saad,VGK,L,5on5,39,29736.0,632.0,10.78,0.54,0.53,0.51,0.51,0.52,0.52,258.0,59.71,6.6,4.81,12.92,1.98,30.88,21.82,6.43,6.48,6.33,4.0,1.0,59.0,20.0,26.0,105.0,7.0,2.0,8.0,0.0,15.0,0.0,32.0,22.0,57.0,77.0,6.0,12.0,8.0,9.0,7.0,26.0,47.0,26.0,6.0,1.81,3.21,1.58,0.0,1.0,1.0,104.17,79.0,78.21,8.0,1.02,1.22,0.91,6.71,6.63,6.58,632.0,76.0,59.0,115.0,382.0,118.0,80.0,92.0,342.0,8.0,16.0,90229.0,12.0,4.0,2.0,15.0,253.81,21.06,20.29,20.85,20.09,230.0,114.0,142.0,486.0,15.0,23.0,3.0,253.0,71.0,20.0,7.0,8.82,5.24,4.0,6.0,5.0,481.47,344.0,340.72,3.59,4.5,4.5,20.16,20.05,19.71,230.82,17.78,17.24,18.01,17.46,186.0,137.0,140.0,463.0,15.0,27.0,2.0,259.0,46.0,18.0,7.31,5.29,5.19,5.0,7.0,3.0,463.16,323.0,324.78,3.21,4.72,4.72,16.28,16.43,16.11,59.7,53.59,1380.0,1340.0,0.31,0.39,12.0,12.0,9.0,11.0,regular
8475188,2025,Brayden McNabb,VGK,D,5on5,38,40417.0,850.0,8.63,0.52,0.54,0.5,0.52,0.5,0.52,110.0,42.23,1.6,2.28,11.1,1.44,23.99,18.6,1.55,1.62,1.58,1.0,0.0,29.0,30.0,37.0,96.0,3.0,2.0,2.0,0.0,7.0,0.0,24.0,24.0,27.0,57.0,7.0,16.0,0.0,49.0,11.0,26.0,57.0,2.0,0.0,1.33,0.27,0.0,2.0,0.0,0.0,95.63,59.0,58.68,14.0,0.46,0.46,0.23,1.83,1.82,1.77,850.0,111.0,102.0,151.0,486.0,117.0,85.0,118.0,530.0,0.0,0.0,76236.0,16.0,12.0,6.0,76.0,331.48,26.97,26.14,27.08,26.24,303.0,142.0,191.0,636.0,24.0,29.0,1.0,332.0,93.0,20.0,10.22,11.88,4.87,7.0,12.0,5.0,638.24,445.0,445.48,4.61,4.9,4.55,27.03,27.09,26.69,318.18,25.4,24.71,25.52,24.83,271.0,167.0,205.0,643.0,28.0,27.0,0.0,341.0,73.0,24.0,9.96,8.79,6.65,20.0,4.0,4.0,645.35,438.0,440.38,4.22,5.01,5.01,24.61,24.76,24.36,52.14,44.02,1195.0,1125.0,3.74,0.1,69.0,3.0,55.0,3.0,regular
8479353,2025,Brett Howden,VGK,C,5on5,39,30859.0,673.0,14.95,0.54,0.53,0.51,0.51,0.53,0.52,232.0,47.99,5.38,3.55,10.49,1.52,24.53,18.53,5.28,5.48,5.38,3.0,2.0,40.0,24.0,7.0,71.0,14.0,9.0,1.0,1.0,5.0,0.0,23.0,26.0,31.0,55.0,10.0,20.0,174.0,65.0,8.0,30.0,39.0,21.0,4.0,1.53,2.81,1.04,2.0,7.0,0.0,71.98,64.0,64.94,12.0,0.76,0.01,1.4,4.73,4.83,4.78,673.0,59.0,77.0,163.0,374.0,108.0,82.0,99.0,384.0,174.0,163.0,90252.0,20.0,16.0,8.0,8.0,243.87,21.29,20.71,21.32,20.75,226.0,103.0,130.0,459.0,22.0,20.0,2.0,243.0,66.0,20.0,7.28,8.58,5.42,7.0,10.0,5.0,456.87,329.0,328.32,3.45,3.78,3.78,20.9,20.92,20.55,214.62,18.32,17.34,18.52,17.54,184.0,113.0,149.0,446.0,24.0,37.0,4.0,220.0,59.0,18.0,5.95,7.59,4.78,11.0,9.0,4.0,450.49,297.0,300.57,3.12,5.56,5.72,15.71,15.97,15.57,60.14,52.95,1389.0,1311.0,0.53,0.72,19.0,22.0,15.0,15.0,regular
8481133,2025,Cole Reinhardt,VGK,L,5on5,38,21637.0,485.0,4.82,0.49,0.53,0.47,0.52,0.48,0.52,400.0,28.76,2.51,1.9,6.75,0.89,14.57,11.37,2.5,2.56,2.55,2.0,2.0,25.0,13.0,20.0,58.0,6.0,2.0,3.0,1.0,3.0,0.0,14.0,16.0,23.0,36.0,6.0,12.0,4.0,72.0,3.0,18.0,26.0,11.0,1.0,0.91,1.36,0.24,0.0,2.0,0.0,58.3,38.0,38.27,5.0,0.4,0.13,0.33,2.58,2.63,2.63,485.0,38.0,51.0,78.0,318.0,78.0,72.0,42.0,293.0,4.0,4.0,95504.0,12.0,20.0,10.0,6.0,142.31,10.81,10.5,10.85,10.56,127.0,70.0,80.0,277.0,9.0,15.0,2.0,159.0,27.0,11.0,4.35,3.2,3.26,4.0,3.0,2.0,277.1,197.0,197.31,1.88,2.87,2.87,9.83,9.93,9.82,155.28,11.3,11.04,11.39,11.12,129.0,87.0,91.0,307.0,12.0,13.0,1.0,174.0,32.0,10.0,4.85,3.92,2.53,6.0,4.0,2.0,311.15,216.0,218.07,2.1,1.98,1.98,11.42,11.47,11.3,67.55,59.93,1540.0,1447.0,0.97,0.55,12.0,14.0,11.0,11.0,regular
8476925,2025,Colton Sissons,VGK,C,5on5,41,24815.0,582.0,3.75,0.44,0.55,0.44,0.52,0.44,0.53,412.0,45.39,5.22,3.33,10.68,1.56,23.41,17.8,4.98,5.27,5.03,1.0,1.0,38.0,24.0,13.0,75.0,5.0,3.0,1.0,2.0,8.0,0.0,23.0,27.0,35.0,59.0,6.0,15.0,185.0,60.0,5.0,20.0,42.0,11.0,9.0,1.15,1.33,2.75,0.0,0.0,3.0,74.6,62.0,61.77,5.0,0.71,0.05,2.73,3.2,3.25,3.19,582.0,44.0,79.0,107.0,352.0,100.0,69.0,65.0,348.0,185.0,147.0,101596.0,15.0,17.0,6.0,23.0,163.85,12.05,11.73,12.14,11.82,151.0,73.0,91.0,315.0,8.0,15.0,3.0,179.0,32.0,13.0,4.66,3.75,3.65,1.0,3.0,4.0,313.25,224.0,223.38,2.17,3.32,3.32,10.91,10.99,10.87,204.24,15.47,14.72,15.6,14.84,164.0,122.0,122.0,408.0,14.0,26.0,4.0,232.0,37.0,17.0,6.53,4.65,4.3,7.0,4.0,3.0,409.71,286.0,288.23,2.79,4.39,4.39,13.88,14.0,13.63,72.04,58.87,1612.0,1465.0,0.71,0.46,14.0,14.0,12.0,10.0,regular
8479639,2025,Dylan Coghlan,VGK,D,5on5,2,1745.0,38.0,-0.33,0.48,0.45,0.44,0.47,0.41,0.45,11.0,2.06,0.07,0.12,0.75,0.07,1.15,0.83,0.07,0.07,0.07,0.0,0.0,1.0,2.0,1.0,4.0,0.0,0.0,0.0,0.0,2.0,0.0,0.0,1.0,1.0,3.0,1.0,2.0,0.0,4.0,0.0,2.0,3.0,0.0,0.0,0.07,0.0,0.0,0.0,0.0,0.0,3.84,3.0,2.97,1.0,0.03,0.0,0.0,0.1,0.09,0.09,38.0,10.0,1.0,7.0,20.0,5.0,3.0,6.0,24.0,0.0,0.0,4115.0,2.0,0.0,0.0,4.0,11.54,1.11,1.04,1.06,1.01,10.0,5.0,8.0,23.0,1.0,0.0,0.0,12.0,0.0,3.0,0.4,0.0,0.71,1.0,0.0,0.0,21.75,15.0,14.51,0.19,0.0,0.0,1.29,1.25,1.18,15.83,1.2,1.16,1.22,1.18,13.0,9.0,7.0,29.0,2.0,3.0,0.0,18.0,4.0,0.0,0.63,0.58,0.0,1.0,1.0,0.0,29.99,22.0,22.27,0.21,0.32,0.32,1.09,1.13,1.11,2.95,3.55,61.0,70.0,0.13,0.0,2.0,0.0,2.0,0.0,regular
8477964,2025,Ivan Barbashev,VGK,L,5on5,55,49676.0,977.0,34.64,0.53,0.52,0.49,0.51,0.5,0.51,171.0,83.12,9.14,6.23,19.65,2.77,41.38,30.84,8.95,9.0,8.81,15.0,7.0,73.0,37.0,24.0,134.0,36.0,14.0,8.0,3.0,14.0,0.0,27.0,47.0,59.0,96.0,4.0,8.0,4.0,87.0,13.0,55.0,67.0,34.0,9.0,2.47,4.34,2.33,3.0,6.0,5.0,130.66,110.0,107.82,11.0,1.33,2.03,1.69,8.78,8.66,8.58,977.0,161.0,84.0,155.0,577.0,150.0,135.0,143.0,549.0,4.0,26.0,120350.0,8.0,18.0,9.0,30.0,426.5,36.69,34.97,36.55,34.87,392.0,184.0,204.0,780.0,46.0,39.0,10.0,427.0,118.0,31.0,12.49,15.12,9.08,13.0,23.0,10.0,772.35,576.0,571.92,5.96,8.4,8.4,34.25,34.18,33.6,415.24,33.05,31.87,33.4,32.22,335.0,238.0,238.0,811.0,35.0,45.0,4.0,457.0,86.0,30.0,13.9,10.36,8.78,21.0,10.0,4.0,822.87,573.0,581.63,5.58,8.41,8.41,30.22,30.55,29.98,75.05,68.49,1822.0,1726.0,0.93,0.88,21.0,26.0,17.0,18.0,regular
8478403,2025,Jack Eichel,VGK,C,5on5,48,44220.0,848.0,61.88,0.55,0.51,0.51,0.51,0.52,0.51,136.0,112.64,8.67,7.0,26.71,3.6,59.4,46.61,8.39,8.8,8.51,12.0,3.0,115.0,37.0,44.0,196.0,31.0,16.0,12.0,3.0,22.0,0.0,49.0,53.0,99.0,136.0,4.0,8.0,283.0,27.0,13.0,65.0,120.0,25.0,7.0,3.39,3.01,2.28,7.0,6.0,3.0,197.02,152.0,152.86,15.0,1.45,3.08,1.49,8.64,8.8,8.65,848.0,141.0,78.0,133.0,496.0,96.0,111.0,149.0,492.0,283.0,322.0,104200.0,8.0,20.0,10.0,22.0,390.41,34.16,32.78,34.29,32.92,360.0,167.0,195.0,722.0,45.0,42.0,9.0,384.0,110.0,33.0,11.3,14.02,8.83,13.0,23.0,9.0,719.81,527.0,526.55,5.55,7.49,7.58,32.13,32.25,31.7,347.45,27.78,26.8,27.9,26.92,281.0,196.0,208.0,685.0,30.0,36.0,5.0,379.0,76.0,22.0,11.8,9.22,6.76,17.0,9.0,4.0,691.24,477.0,481.31,4.63,6.62,6.77,25.64,25.77,25.25,60.08,58.66,1567.0,1500.0,0.43,0.26,14.0,15.0,9.0,11.0,regular
8477034,2025,Jaycob Megna,VGK,D,5on5,4,2489.0,53.0,-1.02,0.35,0.67,0.46,0.53,0.44,0.55,24.0,0.66,0.02,0.04,0.17,0.02,0.45,0.3,0.02,0.02,0.02,0.0,0.0,1.0,0.0,0.0,1.0,0.0,0.0,0.0,0.0,0.0,0.0,0.0,1.0,1.0,1.0,1.0,2.0,0.0,6.0,0.0,2.0,1.0,0.0,0.0,0.02,0.0,0.0,0.0,0.0,0.0,0.97,1.0,0.97,2.0,0.01,0.0,0.0,0.03,0.03,0.03,53.0,2.0,7.0,5.0,39.0,12.0,5.0,7.0,29.0,0.0,0.0,9913.0,2.0,0.0,0.0,1.0,15.4,1.31,1.2,1.26,1.16,12.0,9.0,6.0,27.0,0.0,1.0,0.0,17.0,3.0,1.0,0.49,0.44,0.39,0.0,0.0,0.0,26.7,21.0,20.78,0.2,0.16,0.16,1.34,1.3,1.26,21.28,2.47,2.31,2.43,2.27,13.0,14.0,5.0,32.0,5.0,4.0,2.0,15.0,10.0,2.0,0.52,1.37,0.58,1.0,4.0,0.0,31.6,27.0,26.59,0.37,0.59,0.75,2.09,2.07,2.03,6.57,3.27,140.0,124.0,0.59,0.0,4.0,0.0,4.0,0.0,regular
8478468,2025,Jeremy Lauzon,VGK,D,5on5,41,38289.0,847.0,8.25,0.49,0.54,0.48,0.51,0.48,0.51,178.0,44.52,2.0,2.64,12.32,1.61,26.57,19.87,1.97,1.94,1.91,2.0,5.0,38.0,27.0,40.0,105.0,7.0,0.0,3.0,0.0,16.0,0.0,24.0,22.0,38.0,65.0,18.0,48.0,0.0,144.0,6.0,28.0,61.0,2.0,2.0,1.42,0.17,0.42,0.0,0.0,0.0,103.64,65.0,63.89,17.0,0.53,0.61,0.1,2.43,2.37,2.33,847.0,70.0,96.0,151.0,530.0,110.0,100.0,110.0,527.0,0.0,0.0,87495.0,48.0,41.0,13.0,54.0,286.56,22.27,21.6,22.43,21.74,256.0,136.0,166.0,558.0,30.0,22.0,4.0,307.0,62.0,23.0,8.55,7.49,6.24,12.0,12.0,6.0,553.53,392.0,389.76,3.84,4.39,4.39,21.74,21.84,21.51,306.25,23.37,22.32,23.95,22.88,242.0,183.0,179.0,604.0,30.0,33.0,7.0,339.0,63.0,23.0,9.5,7.83,6.04,15.0,10.0,5.0,619.79,425.0,435.4,4.16,6.18,6.33,21.19,21.7,21.31,62.26,53.43,1375.0,1309.0,3.06,0.13,65.0,11.0,48.0,8.0,regular
8480007,2025,Jonas Rondbjerg,VGK,R,5on5,4,2800.0,65.0,0.75,0.61,0.49,0.49,0.48,0.48,0.48,39.0,6.92,0.92,0.54,1.67,0.2,3.39,2.28,0.92,0.94,0.94,1.0,0.0,6.0,3.0,3.0,12.0,1.0,0.0,1.0,0.0,3.0,0.0,3.0,2.0,6.0,9.0,0.0,0.0,0.0,0.0,1.0,0.0,4.0,4.0,1.0,0.18,0.52,0.22,0.0,0.0,0.0,11.99,9.0,9.15,0.0,0.12,0.35,0.17,0.87,0.88,0.88,65.0,8.0,3.0,12.0,42.0,7.0,4.0,9.0,45.0,0.0,0.0,10086.0,0.0,0.0,0.0,0.0,21.02,2.31,2.22,2.34,2.24,20.0,9.0,9.0,38.0,2.0,3.0,1.0,19.0,7.0,3.0,0.47,0.85,0.99,0.0,1.0,1.0,37.96,29.0,29.08,0.32,0.93,0.93,1.7,1.71,1.7,22.14,1.5,1.48,1.51,1.49,19.0,12.0,9.0,40.0,4.0,1.0,0.0,26.0,5.0,0.0,0.82,0.67,0.0,4.0,0.0,0.0,41.16,31.0,31.72,0.29,0.05,0.05,1.73,1.74,1.73,5.47,5.74,149.0,162.0,0.14,0.08,1.0,2.0,1.0,1.0,regular
8481527,2025,Kaedan Korczak,VGK,D,5on5,55,52901.0,1095.0,16.48,0.55,0.51,0.51,0.51,0.52,0.51,221.0,50.66,2.22,2.9,14.81,1.55,27.97,20.56,2.15,2.23,2.16,4.0,5.0,48.0,22.0,45.0,115.0,12.0,3.0,4.0,0.0,9.0,0.0,25.0,29.0,45.0,67.0,8.0,16.0,0.0,80.0,7.0,71.0,63.0,7.0,0.0,1.5,0.72,0.0,1.0,2.0,0.0,114.74,70.0,69.29,50.0,0.59,1.39,0.22,2.6,2.6,2.54,1095.0,101.0,97.0,170.0,727.0,155.0,133.0,143.0,664.0,0.0,0.0,117125.0,16.0,8.0,4.0,72.0,410.16,34.86,33.72,34.76,33.65,356.0,204.0,241.0,801.0,36.0,36.0,5.0,411.0,118.0,31.0,11.93,13.97,8.96,13.0,14.0,9.0,794.46,560.0,555.15,5.69,7.58,7.93,32.62,32.5,32.01,380.0,28.96,28.03,29.53,28.57,298.0,227.0,255.0,780.0,31.0,40.0,3.0,419.0,76.0,30.0,11.77,8.83,8.36,17.0,10.0,4.0,790.15,525.0,532.34,5.09,7.32,7.32,26.73,27.09,26.59,76.88,72.58,1801.0,1757.0,2.48,0.34,63.0,14.0,46.0,11.0,regular
8478434,2025,Keegan Kolesar,VGK,R,5on5,55,35854.0,844.0,10.38,0.47,0.54,0.48,0.51,0.48,0.52,529.0,54.66,4.11,3.22,13.07,1.75,26.9,22.96,3.95,4.13,3.97,6.0,2.0,50.0,22.0,23.0,95.0,13.0,5.0,7.0,2.0,13.0,0.0,24.0,23.0,45.0,67.0,10.0,32.0,9.0,189.0,2.0,23.0,55.0,13.0,4.0,1.34,1.55,1.23,0.0,3.0,2.0,93.88,72.0,71.48,4.0,0.67,1.93,1.11,3.67,3.69,3.61,844.0,66.0,101.0,175.0,502.0,156.0,89.0,105.0,494.0,9.0,13.0,134172.0,32.0,26.0,7.0,29.0,256.83,19.93,19.38,19.93,19.37,234.0,117.0,155.0,506.0,16.0,28.0,5.0,278.0,53.0,20.0,7.46,6.6,5.88,3.0,7.0,6.0,498.9,351.0,348.18,3.41,5.77,5.77,17.52,17.52,17.29,276.75,22.31,21.27,22.63,21.58,234.0,149.0,170.0,553.0,29.0,33.0,3.0,298.0,63.0,22.0,8.71,7.93,5.66,19.0,7.0,3.0,559.44,383.0,387.82,3.95,5.35,5.35,20.9,21.22,20.69,91.8,79.23,2096.0,1984.0,1.28,0.68,34.0,18.0,27.0,15.0,regular
8475913,2025,Mark Stone,VGK,R,5on5,39,32655.0,650.0,53.15,0.56,0.5,0.55,0.49,0.56,0.48,215.0,63.48,7.13,4.44,13.99,1.98,31.09,24.37,6.52,7.0,6.43,8.0,5.0,58.0,25.0,22.0,105.0,22.0,9.0,6.0,2.0,7.0,0.0,34.0,27.0,49.0,74.0,2.0,7.0,1.0,15.0,14.0,39.0,52.0,22.0,9.0,1.65,2.65,2.83,0.0,5.0,4.0,104.11,83.0,82.16,6.0,0.94,1.14,2.78,5.28,5.27,5.18,650.0,89.0,61.0,111.0,389.0,72.0,67.0,97.0,414.0,1.0,5.0,89545.0,7.0,21.0,9.0,23.0,287.25,23.92,22.89,23.8,22.82,263.0,126.0,145.0,534.0,32.0,28.0,7.0,299.0,68.0,22.0,8.89,8.36,6.66,11.0,12.0,9.0,524.79,389.0,384.17,3.98,5.91,5.91,21.98,21.89,21.6,222.76,18.47,17.73,18.74,18.01,186.0,116.0,139.0,441.0,24.0,30.0,3.0,228.0,54.0,20.0,6.44,6.87,5.16,10.0,10.0,4.0,449.02,302.0,307.22,3.04,4.81,4.81,16.7,17.0,16.71,54.0,54.88,1301.0,1351.0,0.81,0.92,18.0,15.0,12.0,13.0,regular
8478483,2025,Mitch Marner,VGK,R,5on5,55,47401.0,939.0,54.99,0.56,0.51,0.53,0.5,0.55,0.49,224.0,81.31,7.2,5.42,20.91,3.0,43.29,31.17,6.78,7.24,6.82,14.0,9.0,72.0,39.0,44.0,155.0,33.0,10.0,12.0,3.0,15.0,1.0,41.0,32.0,62.0,101.0,4.0,8.0,75.0,19.0,17.0,51.0,86.0,19.0,6.0,2.61,2.68,1.92,5.0,2.0,3.0,154.08,111.0,110.29,17.0,1.13,2.08,2.05,6.29,6.27,6.16,939.0,145.0,90.0,147.0,557.0,95.0,122.0,134.0,588.0,75.0,114.0,122625.0,8.0,14.0,8.0,26.0,401.83,34.27,32.48,34.12,32.4,372.0,174.0,214.0,760.0,42.0,40.0,6.0,401.0,118.0,27.0,11.52,14.67,8.07,17.0,18.0,7.0,755.3,546.0,542.86,5.56,8.46,8.54,31.28,31.2,30.67,332.86,27.11,26.04,27.32,26.25,276.0,178.0,207.0,661.0,28.0,44.0,8.0,354.0,71.0,29.0,10.03,9.06,8.02,9.0,10.0,9.0,671.25,454.0,460.05,4.42,7.86,7.86,23.68,23.89,23.52,77.47,74.42,1842.0,1876.0,0.74,0.87,36.0,27.0,28.0,22.0,regular
8478396,2025,Noah Hanifin,VGK,D,5on5,45,54102.0,1077.0,28.32,0.56,0.51,0.54,0.49,0.54,0.49,82.0,81.0,2.68,4.32,23.3,2.71,47.61,35.38,2.65,2.66,2.63,4.0,8.0,77.0,39.0,62.0,178.0,13.0,1.0,10.0,0.0,26.0,0.0,37.0,42.0,76.0,115.0,3.0,6.0,0.0,26.0,26.0,60.0,111.0,4.0,1.0,2.05,0.43,0.21,1.0,0.0,0.0,175.34,116.0,115.37,45.0,0.88,1.52,0.35,3.21,3.2,3.16,1077.0,139.0,95.0,185.0,658.0,147.0,135.0,153.0,642.0,0.0,0.0,86398.0,6.0,2.0,1.0,59.0,464.86,39.28,37.32,38.81,36.93,433.0,201.0,239.0,873.0,36.0,51.0,9.0,471.0,129.0,34.0,12.63,16.32,10.34,12.0,17.0,7.0,857.12,634.0,625.55,6.56,10.84,10.85,34.92,34.7,34.13,388.28,30.56,29.32,30.88,29.64,325.0,214.0,219.0,758.0,37.0,54.0,5.0,430.0,80.0,29.0,12.72,9.76,8.07,19.0,12.0,6.0,767.41,539.0,546.33,5.37,9.06,9.06,26.86,27.13,26.56,55.17,53.11,1246.0,1292.0,3.02,0.34,86.0,11.0,62.0,10.0,regular
8481604,2025,Pavel Dorofeyev,VGK,R,5on5,55,44522.0,892.0,46.02,0.55,0.51,0.54,0.49,0.53,0.5,301.0,99.79,9.37,6.69,23.81,3.31,52.72,38.11,9.06,9.39,9.08,6.0,3.0,83.0,51.0,60.0,194.0,18.0,9.0,11.0,0.0,25.0,0.0,45.0,44.0,74.0,125.0,8.0,16.0,0.0,22.0,9.0,36.0,92.0,34.0,8.0,3.13,3.98,2.25,5.0,4.0,0.0,192.87,134.0,133.16,9.0,1.4,2.4,1.81,8.96,8.95,8.81,892.0,134.0,87.0,120.0,551.0,111.0,122.0,139.0,520.0,0.0,1.0,125504.0,16.0,12.0,6.0,21.0,358.91,29.33,27.99,29.18,27.86,321.0,168.0,237.0,726.0,27.0,34.0,1.0,366.0,93.0,30.0,10.09,11.17,8.07,16.0,9.0,2.0,719.65,489.0,484.58,4.96,6.88,6.97,27.32,27.21,26.72,317.68,23.6,22.76,23.86,23.03,264.0,173.0,179.0,616.0,28.0,32.0,6.0,358.0,57.0,22.0,10.63,6.87,6.1,11.0,11.0,6.0,625.27,437.0,443.52,4.14,6.14,6.14,21.6,21.83,21.45,82.41,77.94,1876.0,1921.0,0.58,0.43,23.0,20.0,18.0,11.0,regular
8478397,2025,Rasmus Andersson,VGK,D,5on5,54,57993.0,1432.0,33.33,0.46,0.51,0.48,0.52,0.48,0.51,145.0,107.14,5.0,6.27,30.73,3.69,61.04,43.27,4.84,4.95,4.79,12.0,3.0,101.0,49.0,75.0,225.0,21.0,6.0,8.0,0.0,29.0,0.0,51.0,56.0,95.0,144.0,16.0,35.0,0.0,25.0,14.0,56.0,137.0,10.0,3.0,3.01,1.21,0.78,4.0,2.0,0.0,222.72,150.0,148.77,41.0,1.29,2.31,1.18,5.11,5.05,4.97,1432.0,143.0,177.0,209.0,903.0,117.0,160.0,190.0,965.0,0.0,0.0,100033.0,35.0,33.0,15.0,84.0,475.92,36.81,35.09,37.0,35.25,446.0,203.0,261.0,910.0,45.0,49.0,4.0,508.0,108.0,33.0,13.68,13.46,9.68,26.0,12.0,7.0,907.13,649.0,649.63,6.48,10.05,9.74,33.56,33.53,32.98,525.12,43.77,41.82,43.83,41.87,458.0,256.0,271.0,985.0,45.0,55.0,7.0,550.0,116.0,48.0,16.3,13.99,13.48,22.0,12.0,11.0,990.79,714.0,714.69,7.03,11.46,11.51,39.29,39.42,38.78,69.37,67.04,1679.0,1536.0,5.14,0.48,116.0,16.0,92.0,14.0,regular
8475191,2025,Reilly Smith,VGK,R,5on5,51,37193.0,806.0,11.93,0.46,0.54,0.48,0.52,0.48,0.52,401.0,56.97,4.34,3.55,13.78,1.85,29.53,22.95,4.19,4.31,4.16,4.0,3.0,49.0,27.0,24.0,100.0,12.0,5.0,2.0,0.0,11.0,0.0,40.0,18.0,44.0,71.0,1.0,2.0,16.0,18.0,9.0,45.0,58.0,17.0,1.0,1.97,2.13,0.24,2.0,3.0,0.0,97.44,76.0,74.24,15.0,0.74,0.31,0.58,4.5,4.44,4.34,806.0,72.0,72.0,154.0,508.0,132.0,107.0,101.0,466.0,16.0,32.0,120192.0,2.0,6.0,3.0,10.0,292.91,21.79,21.06,21.73,21.01,269.0,130.0,159.0,558.0,16.0,26.0,1.0,311.0,74.0,14.0,8.76,9.04,3.98,9.0,6.0,1.0,554.67,399.0,396.49,3.89,4.46,4.46,21.21,21.13,20.8,316.2,26.01,25.27,26.43,25.69,259.0,174.0,174.0,607.0,29.0,31.0,7.0,329.0,78.0,26.0,9.17,9.43,7.41,14.0,11.0,4.0,616.43,433.0,440.02,4.3,5.94,5.94,24.37,24.72,24.34,81.57,68.73,1854.0,1744.0,0.84,1.31,19.0,28.0,15.0,20.0,regular
8477447,2025,Shea Theodore,VGK,D,5on5,44,50804.0,1030.0,31.7,0.54,0.51,0.52,0.51,0.52,0.51,86.0,71.16,3.67,4.35,19.97,2.18,40.51,30.32,3.6,3.59,3.53,3.0,8.0,75.0,26.0,70.0,171.0,16.0,5.0,5.0,0.0,20.0,0.0,38.0,33.0,70.0,96.0,3.0,6.0,0.0,1.0,11.0,47.0,92.0,6.0,3.0,2.29,0.69,0.68,4.0,0.0,1.0,169.67,101.0,100.54,39.0,0.88,1.15,0.36,4.19,4.12,4.06,1030.0,130.0,120.0,188.0,592.0,121.0,107.0,151.0,651.0,0.0,0.0,84703.0,6.0,12.0,6.0,40.0,423.02,35.32,34.02,35.32,34.01,409.0,161.0,240.0,810.0,37.0,42.0,6.0,432.0,103.0,35.0,12.81,13.16,9.35,13.0,16.0,8.0,809.68,570.0,569.31,5.92,8.11,8.1,33.13,33.19,32.64,388.96,29.97,28.91,30.29,29.23,334.0,199.0,222.0,755.0,27.0,35.0,3.0,421.0,88.0,24.0,12.42,10.8,6.75,15.0,9.0,3.0,764.82,533.0,540.19,5.12,6.39,6.39,28.71,29.06,28.59,51.34,49.72,1307.0,1262.0,4.2,0.14,72.0,4.0,58.0,3.0,regular
8479550,2025,Tanner Laczynski,VGK,C,5on5,9,5150.0,112.0,1.76,0.48,0.5,0.48,0.49,0.46,0.48,81.0,12.11,1.39,1.03,2.81,0.43,6.74,4.6,1.23,1.36,1.2,1.0,1.0,12.0,5.0,5.0,22.0,2.0,0.0,1.0,0.0,2.0,0.0,11.0,3.0,12.0,17.0,1.0,2.0,29.0,2.0,2.0,5.0,12.0,3.0,2.0,0.42,0.37,0.6,0.0,0.0,0.0,21.94,17.0,16.97,3.0,0.21,0.16,0.38,1.23,1.21,1.15,112.0,9.0,8.0,20.0,75.0,21.0,18.0,10.0,63.0,29.0,31.0,22802.0,2.0,4.0,2.0,4.0,37.63,2.77,2.58,2.75,2.57,38.0,15.0,25.0,78.0,3.0,3.0,0.0,44.0,7.0,2.0,1.3,0.86,0.6,2.0,1.0,0.0,77.99,53.0,52.97,0.54,0.47,0.47,2.84,2.84,2.76,43.66,3.03,2.98,3.09,3.04,43.0,19.0,23.0,85.0,5.0,2.0,0.0,51.0,9.0,2.0,1.55,0.96,0.51,3.0,2.0,0.0,89.4,62.0,64.05,0.59,0.3,0.3,3.32,3.37,3.33,14.96,15.25,352.0,360.0,0.32,0.12,4.0,3.0,4.0,2.0,regular
8476881,2025,Tomas Hertl,VGK,C,5on5,55,43459.0,914.0,54.21,0.56,0.51,0.56,0.49,0.54,0.5,325.0,91.23,10.6,7.11,20.37,2.97,45.9,34.11,10.17,10.42,10.02,7.0,7.0,80.0,42.0,44.0,166.0,19.0,5.0,9.0,1.0,19.0,1.0,46.0,42.0,75.0,117.0,9.0,23.0,362.0,72.0,11.0,32.0,70.0,39.0,13.0,2.28,4.73,3.59,1.0,3.0,1.0,163.37,122.0,120.39,6.0,1.51,1.87,2.92,9.13,9.09,8.92,914.0,157.0,112.0,135.0,510.0,103.0,107.0,159.0,545.0,362.0,269.0,126567.0,23.0,28.0,14.0,25.0,350.34,29.13,27.92,28.82,27.65,301.0,178.0,252.0,731.0,28.0,34.0,4.0,359.0,93.0,27.0,10.06,11.45,7.63,13.0,12.0,3.0,720.49,479.0,472.19,4.92,7.1,7.18,26.8,26.61,26.1,295.02,22.8,21.91,22.9,22.01,252.0,153.0,174.0,579.0,32.0,31.0,5.0,320.0,66.0,19.0,9.54,8.09,5.17,17.0,12.0,3.0,581.55,405.0,407.62,4.06,5.61,5.61,21.25,21.36,20.93,82.61,78.74,1871.0,1958.0,0.48,0.68,25.0,25.0,17.0,18.0,regular
8476448,2025,William Karlsson,VGK,C,5on5,14,10127.0,204.0,7.79,0.5,0.52,0.51,0.5,0.53,0.5,90.0,24.08,2.06,1.59,5.22,0.75,12.06,9.33,1.95,2.02,1.92,1.0,0.0,24.0,7.0,10.0,41.0,2.0,1.0,1.0,0.0,4.0,0.0,11.0,14.0,23.0,30.0,2.0,4.0,71.0,3.0,1.0,10.0,22.0,8.0,1.0,0.59,1.01,0.45,1.0,0.0,0.0,41.08,31.0,30.61,2.0,0.33,0.07,0.45,1.93,1.9,1.84,204.0,14.0,22.0,35.0,133.0,38.0,24.0,19.0,123.0,71.0,55.0,31956.0,4.0,2.0,1.0,10.0,85.83,6.14,5.93,6.06,5.86,82.0,34.0,55.0,171.0,2.0,4.0,0.0,90.0,24.0,2.0,2.5,2.88,0.77,1.0,1.0,0.0,171.3,116.0,115.17,1.1,0.98,0.98,6.26,6.19,6.08,74.93,6.19,6.11,6.35,6.28,67.0,35.0,60.0,162.0,6.0,4.0,1.0,79.0,17.0,6.0,2.05,2.39,1.74,1.0,3.0,2.0,162.29,102.0,102.74,0.97,0.93,0.93,6.23,6.34,6.27,21.34,19.37,528.0,519.0,0.12,0.28,7.0,5.0,4.0,4.0,regular
8476392,2025,Adam Lowry,WPG,C,5on5,43,31320.0,753.0,16.51,0.47,0.48,0.51,0.49,0.51,0.49,290.0,49.66,5.63,4.03,11.64,1.97,26.02,18.71,5.36,5.65,5.38,5.0,5.0,41.0,27.0,15.0,83.0,13.0,3.0,6.0,0.0,9.0,1.0,27.0,22.0,38.0,65.0,4.0,17.0,254.0,83.0,3.0,21.0,45.0,17.0,6.0,1.66,2.19,1.78,0.0,3.0,0.0,82.96,68.0,68.48,9.0,0.85,1.57,1.69,4.78,4.79,4.71,753.0,52.0,138.0,146.0,417.0,124.0,54.0,104.0,471.0,254.0,203.0,97722.0,17.0,19.0,6.0,19.0,226.57,18.89,18.23,19.09,18.44,210.0,105.0,121.0,436.0,20.0,24.0,5.0,246.0,49.0,20.0,6.71,6.33,5.84,8.0,8.0,4.0,439.91,315.0,318.33,3.18,5.32,5.15,16.91,17.08,16.82,225.16,21.42,20.54,21.39,20.53,188.0,117.0,115.0,420.0,16.0,35.0,3.0,215.0,60.0,30.0,6.31,7.42,7.68,8.0,6.0,2.0,420.47,305.0,305.06,3.3,6.69,6.69,18.03,18.04,17.65,61.58,67.76,1476.0,1538.0,0.85,1.04,22.0,24.0,18.0,20.0,regular
8480113,2025,Alex Iafallo,WPG,L,5on5,55,39979.0,856.0,18.69,0.43,0.48,0.49,0.48,0.48,0.48,362.0,52.36,5.71,4.12,11.56,1.72,27.67,21.24,5.39,5.77,5.46,3.0,4.0,47.0,25.0,19.0,91.0,13.0,6.0,7.0,1.0,9.0,0.0,29.0,21.0,41.0,66.0,4.0,8.0,11.0,74.0,6.0,15.0,47.0,17.0,8.0,1.43,2.26,2.02,3.0,1.0,2.0,91.88,72.0,72.74,4.0,0.87,1.13,1.89,4.68,4.73,4.61,856.0,111.0,97.0,179.0,469.0,119.0,102.0,118.0,517.0,11.0,15.0,122598.0,8.0,10.0,5.0,36.0,272.64,20.95,20.21,21.16,20.44,235.0,147.0,183.0,565.0,26.0,24.0,5.0,306.0,56.0,20.0,8.42,6.97,5.56,14.0,7.0,5.0,569.2,382.0,385.5,3.81,5.12,5.12,19.64,19.81,19.54,304.88,27.35,26.22,27.42,26.28,272.0,148.0,179.0,599.0,29.0,50.0,7.0,309.0,76.0,35.0,8.55,9.55,9.26,17.0,7.0,5.0,594.91,420.0,417.88,4.39,9.07,9.27,22.47,22.48,22.07,81.16,88.76,1805.0,1957.0,2.27,1.06,39.0,20.0,29.0,14.0,regular
8483471,2025,Brad Lambert,WPG,C,5on5,4,2136.0,46.0,-0.24,0.32,0.5,0.37,0.47,0.37,0.48,44.0,3.07,0.22,0.21,0.68,0.08,1.68,1.15,0.22,0.22,0.22,0.0,0.0,3.0,1.0,2.0,6.0,1.0,1.0,0.0,0.0,0.0,0.0,3.0,0.0,2.0,3.0,1.0,2.0,0.0,3.0,0.0,3.0,3.0,1.0,0.0,0.06,0.16,0.0,0.0,1.0,0.0,5.99,4.0,4.02,2.0,0.04,0.0,0.0,0.26,0.26,0.26,46.0,5.0,1.0,4.0,36.0,7.0,8.0,5.0,26.0,0.0,1.0,8912.0,2.0,0.0,0.0,1.0,14.44,1.23,1.14,1.26,1.16,13.0,6.0,7.0,26.0,1.0,2.0,0.0,14.0,3.0,2.0,0.38,0.37,0.48,0.0,1.0,0.0,26.45,19.0,18.99,0.23,0.48,0.48,0.98,1.0,0.97,24.24,2.57,2.25,2.58,2.27,25.0,8.0,12.0,45.0,2.0,4.0,1.0,25.0,5.0,3.0,0.72,0.84,1.01,1.0,0.0,1.0,43.87,33.0,32.89,0.35,0.92,0.92,1.99,1.97,1.71,5.98,5.88,133.0,151.0,0.05,0.06,1.0,4.0,1.0,3.0,regular
8481043,2025,Cole Koepke,WPG,L,5on5,39,19163.0,461.0,7.65,0.41,0.48,0.43,0.49,0.45,0.48,440.0,44.3,4.13,3.02,11.46,1.56,21.71,16.14,4.05,4.19,4.12,3.0,3.0,37.0,21.0,16.0,74.0,11.0,5.0,4.0,1.0,5.0,0.0,18.0,26.0,32.0,53.0,2.0,4.0,0.0,118.0,9.0,13.0,41.0,11.0,6.0,1.31,1.33,1.49,2.0,1.0,2.0,74.4,58.0,58.69,6.0,0.65,0.55,0.86,3.91,3.96,3.93,461.0,27.0,67.0,81.0,286.0,75.0,59.0,61.0,266.0,0.0,0.0,95331.0,4.0,2.0,1.0,5.0,145.98,11.27,10.89,11.35,10.97,137.0,61.0,61.0,259.0,12.0,14.0,2.0,155.0,30.0,13.0,4.2,3.72,3.35,3.0,7.0,2.0,260.73,198.0,200.1,1.97,2.61,2.61,10.63,10.69,10.51,176.32,16.38,15.36,16.45,15.41,152.0,87.0,100.0,339.0,11.0,24.0,0.0,178.0,41.0,20.0,5.58,5.41,5.39,8.0,2.0,1.0,336.72,239.0,238.4,2.51,5.01,5.01,13.89,13.92,13.44,64.58,69.03,1389.0,1472.0,0.3,0.42,8.0,13.0,7.0,10.0,regular
8482149,2025,Cole Perfetti,WPG,C,5on5,41,29968.0,621.0,20.46,0.53,0.47,0.52,0.49,0.51,0.49,276.0,68.11,6.03,4.63,15.37,2.25,36.89,28.84,5.92,6.1,5.99,6.0,4.0,59.0,35.0,34.0,128.0,13.0,3.0,8.0,1.0,19.0,0.0,31.0,33.0,56.0,91.0,6.0,12.0,3.0,32.0,12.0,33.0,66.0,23.0,5.0,2.03,2.65,1.34,0.0,2.0,1.0,129.31,94.0,94.54,12.0,0.97,1.65,1.23,5.77,5.78,5.74,621.0,91.0,41.0,117.0,372.0,107.0,91.0,79.0,344.0,3.0,4.0,93947.0,12.0,8.0,4.0,15.0,248.84,19.2,18.27,19.47,18.52,214.0,131.0,147.0,492.0,17.0,29.0,7.0,277.0,48.0,20.0,7.44,6.02,5.74,7.0,4.0,6.0,495.75,345.0,347.58,3.35,6.2,6.2,16.34,16.49,16.25,240.74,17.21,16.82,17.03,16.65,208.0,122.0,124.0,454.0,17.0,18.0,0.0,260.0,60.0,10.0,7.4,7.18,2.63,4.0,12.0,1.0,449.99,330.0,326.96,3.21,2.51,2.51,17.92,17.81,17.56,58.82,67.66,1355.0,1411.0,0.74,1.43,19.0,21.0,14.0,15.0,regular
8476525,2025,Colin Miller,WPG,D,5on5,15,11521.0,242.0,0.2,0.42,0.49,0.46,0.47,0.46,0.47,81.0,14.24,0.39,0.71,3.95,0.49,8.61,6.85,0.39,0.39,0.39,1.0,0.0,12.0,9.0,20.0,41.0,1.0,0.0,1.0,0.0,3.0,1.0,4.0,12.0,12.0,21.0,3.0,6.0,0.0,24.0,2.0,11.0,21.0,0.0,0.0,0.39,0.0,0.0,0.0,0.0,0.0,40.39,21.0,20.81,7.0,0.14,0.66,0.0,0.53,0.53,0.52,242.0,15.0,24.0,39.0,164.0,35.0,38.0,29.0,140.0,0.0,0.0,30812.0,6.0,10.0,5.0,10.0,85.66,6.93,6.59,7.16,6.79,73.0,47.0,49.0,169.0,4.0,5.0,1.0,97.0,17.0,6.0,2.79,1.93,2.22,3.0,0.0,1.0,171.48,120.0,121.38,1.19,1.93,1.93,6.2,6.33,6.25,103.88,9.42,8.83,9.28,8.7,99.0,42.0,54.0,195.0,12.0,13.0,3.0,105.0,25.0,11.0,3.42,3.28,2.72,7.0,4.0,1.0,194.14,141.0,140.67,1.54,2.09,2.09,8.87,8.71,8.34,22.05,22.56,458.0,521.0,0.97,0.01,18.0,3.0,15.0,1.0,regular
8483526,2025,Danil Zhilkin,WPG,C,5on5,4,1744.0,40.0,-0.62,0.32,0.44,0.24,0.44,0.32,0.43,48.0,3.2,0.3,0.17,0.7,0.1,1.42,1.32,0.3,0.29,0.29,0.0,0.0,2.0,2.0,0.0,4.0,0.0,0.0,0.0,0.0,0.0,0.0,2.0,2.0,2.0,4.0,0.0,0.0,6.0,3.0,0.0,1.0,3.0,0.0,1.0,0.06,0.0,0.24,0.0,0.0,0.0,3.99,4.0,4.02,0.0,0.04,0.0,0.0,0.34,0.32,0.32,40.0,1.0,4.0,6.0,29.0,0.0,5.0,6.0,29.0,6.0,12.0,10438.0,0.0,0.0,0.0,4.0,6.58,0.55,0.55,0.53,0.53,7.0,2.0,2.0,11.0,2.0,0.0,0.0,7.0,1.0,1.0,0.12,0.18,0.24,1.0,1.0,0.0,11.0,9.0,9.16,0.09,0.0,0.0,0.64,0.63,0.63,13.52,1.19,1.11,1.21,1.13,11.0,8.0,16.0,35.0,0.0,2.0,0.0,15.0,3.0,1.0,0.45,0.44,0.3,0.0,0.0,0.0,33.79,19.0,18.78,0.2,0.49,0.49,0.89,0.89,0.87,8.08,10.33,141.0,180.0,0.01,0.08,1.0,2.0,1.0,2.0,regular
8476331,2025,Dylan DeMelo,WPG,D,5on5,55,61281.0,1277.0,18.0,0.53,0.43,0.5,0.47,0.52,0.46,130.0,56.45,1.65,2.89,16.43,1.8,33.36,25.86,1.62,1.68,1.64,4.0,8.0,48.0,34.0,42.0,124.0,15.0,3.0,5.0,0.0,15.0,0.0,26.0,33.0,45.0,79.0,16.0,32.0,0.0,76.0,17.0,56.0,80.0,2.0,0.0,1.38,0.27,0.0,3.0,0.0,0.0,125.7,82.0,83.35,36.0,0.58,1.27,0.17,2.06,2.08,2.04,1277.0,154.0,129.0,221.0,773.0,143.0,160.0,158.0,816.0,0.0,0.0,101296.0,32.0,10.0,5.0,67.0,495.74,44.4,42.49,44.83,42.9,463.0,218.0,219.0,900.0,50.0,53.0,10.0,510.0,126.0,45.0,15.23,16.01,13.15,22.0,17.0,11.0,907.9,681.0,687.39,7.1,11.69,11.69,39.81,40.11,39.31,470.19,39.3,37.93,39.41,37.99,431.0,210.0,270.0,911.0,40.0,50.0,7.0,488.0,112.0,41.0,14.57,13.8,10.93,14.0,20.0,6.0,908.05,641.0,639.12,6.46,9.82,9.82,35.95,35.97,35.41,57.71,76.81,1470.0,1645.0,4.86,0.24,98.0,12.0,77.0,10.0,regular
8480049,2025,Dylan Samberg,WPG,D,5on5,39,42200.0,878.0,12.35,0.48,0.48,0.51,0.49,0.51,0.49,126.0,48.4,1.56,2.62,14.13,1.65,28.83,21.21,1.54,1.56,1.53,2.0,6.0,43.0,27.0,49.0,119.0,8.0,0.0,2.0,0.0,17.0,0.0,26.0,25.0,43.0,70.0,3.0,6.0,0.0,29.0,14.0,33.0,68.0,2.0,0.0,1.38,0.18,0.0,0.0,0.0,0.0,118.17,70.0,70.06,22.0,0.53,0.32,0.12,1.97,1.97,1.94,878.0,59.0,111.0,160.0,548.0,155.0,81.0,104.0,538.0,0.0,0.0,76080.0,6.0,4.0,2.0,44.0,324.7,25.5,24.4,25.46,24.37,300.0,150.0,170.0,620.0,23.0,35.0,3.0,355.0,70.0,25.0,9.69,8.48,7.33,6.0,14.0,3.0,620.71,450.0,451.13,4.42,7.38,7.39,22.54,22.55,22.23,317.18,27.2,25.46,27.26,25.52,281.0,150.0,167.0,598.0,26.0,42.0,1.0,324.0,73.0,34.0,9.43,8.89,8.88,14.0,12.0,0.0,597.71,431.0,430.35,4.52,8.36,8.36,23.36,23.45,22.78,48.9,52.56,1133.0,1160.0,4.83,0.69,80.0,11.0,66.0,9.0,regular
8483510,2025,Elias Salomonsson,WPG,D,5on5,12,11172.0,248.0,0.63,0.35,0.52,0.47,0.48,0.44,0.47,49.0,16.01,0.77,0.91,4.47,0.55,9.45,6.86,0.74,0.8,0.76,0.0,0.0,14.0,9.0,13.0,36.0,0.0,0.0,0.0,0.0,4.0,0.0,7.0,12.0,14.0,23.0,0.0,0.0,0.0,12.0,2.0,14.0,21.0,1.0,1.0,0.4,0.13,0.24,0.0,0.0,0.0,36.36,23.0,23.21,9.0,0.18,0.0,0.24,0.71,0.73,0.72,248.0,14.0,28.0,47.0,159.0,42.0,31.0,24.0,151.0,0.0,0.0,25914.0,0.0,0.0,0.0,8.0,71.5,4.59,4.51,4.69,4.6,64.0,37.0,46.0,147.0,5.0,3.0,0.0,82.0,16.0,3.0,2.09,1.77,0.74,4.0,1.0,0.0,149.28,101.0,102.94,0.93,0.65,0.65,4.87,4.99,4.93,96.54,8.63,8.31,8.43,8.13,95.0,35.0,33.0,163.0,7.0,9.0,0.0,97.0,20.0,13.0,2.93,2.49,3.21,4.0,3.0,0.0,160.84,130.0,128.42,1.38,1.9,1.9,8.11,7.93,7.77,18.48,16.78,370.0,405.0,1.59,0.03,18.0,1.0,16.0,1.0,regular
8480014,2025,Gabriel Vilardi,WPG,C,5on5,55,48831.0,969.0,42.63,0.48,0.46,0.48,0.48,0.47,0.48,192.0,84.12,10.48,6.66,19.41,2.94,43.02,31.49,9.93,10.52,9.98,9.0,10.0,74.0,40.0,27.0,141.0,32.0,13.0,11.0,4.0,18.0,1.0,40.0,31.0,61.0,101.0,6.0,12.0,24.0,14.0,8.0,38.0,73.0,28.0,13.0,3.02,3.64,3.82,5.0,3.0,5.0,143.17,114.0,115.44,10.0,1.42,2.1,3.56,8.34,8.41,8.21,969.0,177.0,66.0,150.0,576.0,118.0,180.0,186.0,485.0,24.0,28.0,113746.0,12.0,42.0,21.0,21.0,397.68,34.88,33.54,35.19,33.84,361.0,189.0,180.0,730.0,51.0,39.0,10.0,421.0,98.0,31.0,13.7,12.33,8.85,26.0,15.0,10.0,738.41,550.0,555.77,5.64,8.0,8.0,32.53,32.78,32.19,447.99,37.65,36.24,37.6,36.2,421.0,188.0,196.0,805.0,40.0,49.0,6.0,462.0,110.0,37.0,13.74,13.63,10.27,12.0,22.0,6.0,802.56,609.0,606.23,6.23,9.49,9.28,34.6,34.45,33.86,67.23,78.47,1640.0,1751.0,0.81,0.91,17.0,20.0,13.0,18.0,regular
8474679,2025,Gustav Nyquist,WPG,R,5on5,34,20733.0,466.0,8.67,0.49,0.47,0.49,0.48,0.5,0.48,302.0,33.23,2.56,2.48,7.78,1.14,17.92,13.12,2.51,2.51,2.46,2.0,2.0,32.0,13.0,12.0,57.0,4.0,0.0,6.0,0.0,7.0,0.0,20.0,12.0,32.0,45.0,2.0,4.0,7.0,20.0,9.0,14.0,34.0,10.0,1.0,1.23,1.1,0.22,0.0,0.0,0.0,56.21,45.0,44.18,2.0,0.51,1.11,0.53,2.55,2.5,2.48,466.0,63.0,39.0,82.0,282.0,70.0,70.0,59.0,267.0,7.0,8.0,79077.0,4.0,8.0,4.0,16.0,170.8,14.49,13.8,14.46,13.79,149.0,85.0,84.0,318.0,8.0,20.0,1.0,183.0,35.0,16.0,5.17,4.25,5.07,2.0,3.0,3.0,318.46,234.0,233.28,2.4,4.6,4.9,12.0,12.05,11.88,174.18,15.34,14.68,15.23,14.61,155.0,80.0,102.0,337.0,12.0,19.0,1.0,176.0,38.0,21.0,5.23,4.61,5.49,4.0,7.0,1.0,336.43,235.0,234.41,2.41,4.26,4.26,13.49,13.51,13.33,44.92,49.64,1128.0,1220.0,0.5,0.49,14.0,10.0,10.0,8.0,regular
8477938,2025,Haydn Fleury,WPG,D,5on5,17,11807.0,252.0,-2.93,0.37,0.44,0.41,0.45,0.41,0.45,88.0,11.7,0.53,0.72,3.29,0.37,7.09,5.0,0.51,0.51,0.49,0.0,0.0,8.0,9.0,8.0,25.0,0.0,0.0,1.0,0.0,3.0,0.0,6.0,7.0,8.0,17.0,3.0,6.0,0.0,21.0,5.0,10.0,16.0,1.0,0.0,0.39,0.14,0.0,0.0,0.0,0.0,24.75,17.0,16.61,6.0,0.14,0.08,0.07,0.61,0.59,0.58,252.0,16.0,20.0,29.0,187.0,42.0,28.0,34.0,148.0,0.0,0.0,36532.0,6.0,0.0,0.0,21.0,83.26,7.0,6.76,7.03,6.79,70.0,45.0,41.0,156.0,3.0,11.0,0.0,87.0,19.0,9.0,2.42,2.48,2.1,2.0,1.0,0.0,157.14,115.0,115.15,1.18,2.12,2.12,6.05,6.08,6.01,119.01,11.79,11.16,11.88,11.24,103.0,60.0,58.0,221.0,12.0,18.0,3.0,117.0,32.0,14.0,3.72,4.13,3.95,4.0,6.0,2.0,219.78,163.0,163.01,1.81,3.4,3.4,10.2,10.25,9.86,21.09,26.54,501.0,622.0,0.45,0.06,18.0,3.0,13.0,3.0,regular
8482192,2025,Isaak Phillips,WPG,D,5on5,2,983.0,24.0,-0.17,0.24,0.56,0.34,0.51,0.32,0.54,12.0,2.19,0.04,0.09,0.5,0.06,1.28,1.02,0.04,0.04,0.04,0.0,0.0,3.0,0.0,1.0,4.0,0.0,0.0,0.0,0.0,2.0,0.0,1.0,0.0,3.0,3.0,1.0,2.0,0.0,1.0,0.0,2.0,3.0,0.0,0.0,0.04,0.0,0.0,0.0,0.0,0.0,4.16,3.0,3.04,0.0,0.02,0.0,0.0,0.06,0.06,0.06,24.0,3.0,5.0,2.0,14.0,4.0,3.0,1.0,16.0,0.0,0.0,4899.0,2.0,4.0,1.0,1.0,4.38,0.1,0.1,0.1,0.1,4.0,2.0,4.0,10.0,0.0,0.0,0.0,6.0,0.0,0.0,0.1,0.0,0.0,0.0,0.0,0.0,10.51,6.0,6.18,0.04,0.0,0.0,0.14,0.14,0.14,9.14,0.31,0.3,0.3,0.3,6.0,7.0,6.0,19.0,0.0,0.0,0.0,13.0,0.0,0.0,0.31,0.0,0.0,0.0,0.0,0.0,18.34,13.0,12.59,0.1,0.0,0.0,0.4,0.4,0.4,3.75,2.94,84.0,80.0,0.03,0.0,2.0,0.0,2.0,0.0,regular
8473604,2025,Jonathan Toews,WPG,C,5on5,55,41186.0,898.0,16.0,0.47,0.47,0.48,0.48,0.48,0.48,339.0,61.82,7.19,4.73,14.93,2.21,30.22,22.71,6.52,7.29,6.6,5.0,4.0,58.0,24.0,18.0,100.0,13.0,4.0,8.0,2.0,12.0,0.0,29.0,29.0,54.0,78.0,14.0,28.0,342.0,14.0,13.0,33.0,55.0,17.0,10.0,1.77,2.11,3.32,0.0,2.0,2.0,100.79,82.0,82.38,9.0,1.0,1.98,3.34,4.86,4.89,4.79,898.0,142.0,95.0,162.0,499.0,122.0,134.0,118.0,524.0,342.0,202.0,121391.0,28.0,10.0,5.0,25.0,312.51,25.04,23.83,25.21,23.99,266.0,163.0,177.0,606.0,15.0,34.0,3.0,333.0,69.0,27.0,8.68,8.46,7.9,7.0,5.0,3.0,611.53,429.0,431.45,4.26,7.79,8.09,21.21,21.34,21.07,340.91,28.27,27.31,28.16,27.19,300.0,167.0,187.0,654.0,25.0,38.0,3.0,353.0,84.0,30.0,10.63,9.94,7.71,8.0,15.0,2.0,649.07,467.0,464.28,4.83,6.6,6.6,26.5,26.41,25.94,77.07,87.84,1764.0,1902.0,0.92,1.18,25.0,23.0,17.0,17.0,regular
8477504,2025,Josh Morrissey,WPG,D,5on5,55,64668.0,1293.0,43.05,0.53,0.43,0.5,0.47,0.51,0.46,95.0,76.44,2.77,4.53,21.48,2.62,46.79,33.8,2.72,2.75,2.7,12.0,7.0,75.0,37.0,57.0,169.0,27.0,8.0,9.0,0.0,30.0,0.0,36.0,29.0,67.0,104.0,8.0,16.0,0.0,22.0,13.0,53.0,111.0,1.0,0.0,2.69,0.08,0.0,8.0,0.0,0.0,167.76,112.0,111.64,31.0,0.92,1.64,0.02,3.66,3.64,3.58,1293.0,187.0,119.0,218.0,769.0,84.0,185.0,197.0,827.0,0.0,0.0,97909.0,16.0,14.0,7.0,78.0,524.59,45.4,43.71,45.56,43.86,471.0,249.0,235.0,955.0,62.0,53.0,11.0,547.0,130.0,43.0,16.81,16.41,12.18,29.0,22.0,11.0,958.29,720.0,724.19,7.5,11.04,11.04,41.87,42.02,41.25,505.95,40.31,39.19,40.23,39.1,454.0,239.0,263.0,956.0,40.0,48.0,6.0,535.0,122.0,36.0,15.54,15.31,9.46,10.0,20.0,10.0,951.21,693.0,688.77,6.85,8.26,8.26,38.91,38.79,38.23,56.71,75.8,1415.0,1600.0,3.5,0.86,75.0,18.0,59.0,15.0,regular
8478398,2025,Kyle Connor,WPG,L,5on5,55,52747.0,972.0,56.78,0.48,0.46,0.49,0.48,0.48,0.48,122.0,132.37,11.9,8.72,30.88,4.4,69.94,52.14,11.53,11.98,11.6,15.0,8.0,131.0,47.0,50.0,228.0,41.0,18.0,14.0,3.0,25.0,0.0,56.0,65.0,113.0,160.0,6.0,12.0,0.0,12.0,9.0,37.0,136.0,33.0,9.0,5.15,4.18,2.58,10.0,6.0,2.0,229.83,178.0,179.11,9.0,1.82,2.55,2.53,11.2,11.26,11.11,972.0,203.0,69.0,164.0,536.0,139.0,178.0,192.0,463.0,0.0,0.0,109830.0,12.0,18.0,9.0,8.0,421.06,36.28,35.05,36.38,35.16,382.0,204.0,214.0,800.0,55.0,37.0,6.0,448.0,109.0,29.0,14.9,13.45,7.93,29.0,19.0,7.0,804.59,586.0,589.61,6.07,7.01,7.01,35.34,35.48,34.89,470.8,39.72,38.02,39.8,38.08,451.0,191.0,200.0,842.0,48.0,54.0,7.0,487.0,113.0,42.0,14.41,14.05,11.26,19.0,21.0,8.0,841.03,642.0,640.38,6.58,9.36,9.36,36.92,36.92,36.19,65.83,76.4,1570.0,1714.0,0.34,1.12,14.0,17.0,6.0,15.0,regular
8479378,2025,Logan Stanley,WPG,D,5on5,54,48993.0,961.0,10.5,0.41,0.5,0.46,0.5,0.44,0.5,225.0,72.7,2.74,4.11,20.71,2.42,44.14,31.89,2.69,2.75,2.7,3.0,4.0,53.0,53.0,61.0,167.0,15.0,8.0,6.0,2.0,20.0,0.0,36.0,36.0,45.0,98.0,30.0,75.0,0.0,85.0,10.0,42.0,100.0,6.0,0.0,2.02,0.72,0.0,6.0,2.0,0.0,169.98,106.0,107.36,37.0,0.82,1.35,0.31,3.24,3.27,3.24,961.0,65.0,94.0,144.0,658.0,141.0,157.0,131.0,532.0,0.0,0.0,110161.0,75.0,47.0,16.0,55.0,354.09,28.75,27.71,29.15,28.09,299.0,193.0,222.0,714.0,32.0,31.0,7.0,389.0,74.0,29.0,11.25,9.59,7.9,15.0,10.0,7.0,722.88,492.0,497.7,4.91,6.38,6.38,27.28,27.6,27.26,461.18,40.96,39.38,40.87,39.31,423.0,207.0,217.0,847.0,36.0,64.0,4.0,469.0,106.0,55.0,13.67,12.85,14.44,19.0,12.0,5.0,843.03,630.0,628.09,6.56,12.23,12.23,35.28,35.29,34.7,72.58,73.29,1629.0,1653.0,4.68,0.52,71.0,13.0,58.0,10.0,regular
8474568,2025,Luke Schenn,WPG,D,5on5,41,29678.0,643.0,0.45,0.39,0.49,0.44,0.49,0.42,0.5,232.0,28.51,0.7,1.47,8.38,1.03,17.48,12.95,0.68,0.71,0.69,3.0,2.0,27.0,15.0,33.0,75.0,6.0,1.0,0.0,0.0,11.0,0.0,20.0,10.0,26.0,41.0,8.0,23.0,0.0,126.0,4.0,36.0,42.0,0.0,0.0,0.7,0.0,0.0,1.0,0.0,0.0,77.22,42.0,43.12,25.0,0.29,0.0,0.0,0.99,1.01,0.99,643.0,42.0,67.0,90.0,444.0,86.0,89.0,67.0,401.0,0.0,0.0,91767.0,23.0,15.0,3.0,36.0,190.7,14.03,13.7,14.18,13.86,168.0,96.0,133.0,397.0,15.0,14.0,3.0,210.0,43.0,11.0,5.9,5.35,2.78,7.0,6.0,2.0,402.87,264.0,267.14,2.63,2.28,2.27,14.38,14.58,14.4,270.67,22.26,21.53,22.11,21.4,221.0,150.0,143.0,514.0,26.0,27.0,2.0,278.0,71.0,22.0,8.0,8.49,5.77,13.0,11.0,2.0,507.44,371.0,367.07,3.81,4.99,4.99,21.09,21.0,20.66,60.66,62.56,1347.0,1392.0,1.83,0.32,50.0,8.0,37.0,7.0,regular
8476460,2025,Mark Scheifele,WPG,C,5on5,55,54564.0,986.0,56.8,0.48,0.46,0.49,0.48,0.48,0.48,93.0,81.77,9.92,6.49,19.12,3.1,43.76,32.63,9.72,9.92,9.72,17.0,10.0,68.0,47.0,28.0,143.0,45.0,18.0,8.0,1.0,8.0,0.0,36.0,45.0,50.0,97.0,5.0,10.0,306.0,20.0,15.0,56.0,65.0,43.0,7.0,2.92,5.22,1.78,7.0,10.0,1.0,144.42,115.0,115.95,12.0,1.39,1.88,1.74,9.57,9.62,9.46,986.0,198.0,75.0,160.0,553.0,136.0,179.0,196.0,475.0,306.0,360.0,108013.0,10.0,34.0,17.0,26.0,442.02,37.83,36.53,37.88,36.61,399.0,216.0,228.0,843.0,58.0,41.0,7.0,468.0,119.0,28.0,15.37,14.65,7.8,31.0,21.0,6.0,846.88,615.0,618.16,6.25,7.65,7.65,36.43,36.57,35.94,487.52,41.45,39.69,41.47,39.7,464.0,201.0,209.0,874.0,48.0,58.0,7.0,506.0,114.0,45.0,15.19,14.24,12.02,19.0,20.0,9.0,871.94,665.0,662.96,6.85,10.09,10.09,38.21,38.16,37.46,64.28,74.66,1527.0,1682.0,0.79,1.12,14.0,20.0,10.0,16.0,regular
8480289,2025,Morgan Barron,WPG,C,5on5,46,29097.0,683.0,16.32,0.47,0.48,0.47,0.49,0.49,0.48,392.0,71.93,6.22,4.8,16.79,2.35,37.2,28.64,6.03,6.27,6.09,5.0,5.0,64.0,32.0,20.0,116.0,15.0,5.0,7.0,1.0,13.0,0.0,42.0,29.0,59.0,91.0,11.0,22.0,130.0,101.0,12.0,25.0,72.0,19.0,5.0,2.46,2.48,1.28,1.0,4.0,0.0,117.29,96.0,96.91,9.0,1.01,1.76,1.09,6.14,6.24,6.19,683.0,44.0,125.0,132.0,382.0,126.0,80.0,86.0,391.0,130.0,128.0,107043.0,22.0,20.0,10.0,17.0,228.02,18.15,17.47,18.3,17.6,203.0,109.0,103.0,415.0,19.0,23.0,2.0,241.0,55.0,16.0,7.13,6.8,4.22,7.0,9.0,3.0,417.18,312.0,313.81,3.19,4.12,4.12,17.23,17.36,17.02,238.54,20.11,19.12,20.36,19.34,207.0,118.0,134.0,459.0,15.0,30.0,1.0,251.0,54.0,20.0,7.57,6.93,5.6,9.0,6.0,0.0,459.67,325.0,325.3,3.35,5.92,5.92,17.54,17.72,17.35,67.49,74.03,1573.0,1647.0,0.79,1.16,13.0,15.0,13.0,13.0,regular
8480145,2025,Neal Pionk,WPG,D,5on5,40,41913.0,858.0,12.25,0.45,0.47,0.49,0.49,0.48,0.49,117.0,52.06,1.33,2.54,14.31,1.72,30.68,24.42,1.3,1.33,1.3,3.0,2.0,53.0,22.0,53.0,128.0,6.0,1.0,2.0,0.0,15.0,0.0,24.0,33.0,52.0,74.0,8.0,19.0,0.0,71.0,8.0,41.0,75.0,0.0,0.0,1.33,0.0,0.0,1.0,0.0,0.0,127.91,75.0,74.89,31.0,0.51,0.49,0.1,1.73,1.73,1.69,858.0,76.0,92.0,153.0,537.0,99.0,103.0,122.0,534.0,0.0,0.0,75876.0,19.0,11.0,4.0,47.0,335.79,26.43,25.55,26.42,25.55,293.0,175.0,191.0,659.0,25.0,37.0,3.0,374.0,67.0,27.0,10.54,8.56,7.34,10.0,10.0,5.0,662.85,468.0,469.4,4.57,6.59,6.89,24.11,24.21,23.91,367.63,32.33,30.6,32.34,30.62,333.0,170.0,194.0,697.0,22.0,58.0,2.0,379.0,87.0,37.0,11.07,10.92,10.34,8.0,10.0,4.0,693.41,503.0,500.77,5.33,10.07,10.07,27.6,27.64,26.98,47.59,54.35,1086.0,1137.0,4.4,0.91,75.0,9.0,62.0,7.0,regular
8482787,2025,Nikita Chibrikov,WPG,R,5on5,8,4396.0,103.0,-0.62,0.29,0.43,0.44,0.43,0.41,0.44,70.0,6.53,0.47,0.41,1.4,0.22,3.59,2.9,0.47,0.47,0.47,0.0,0.0,5.0,4.0,7.0,16.0,0.0,0.0,0.0,0.0,2.0,0.0,2.0,5.0,5.0,9.0,5.0,12.0,0.0,10.0,2.0,6.0,7.0,2.0,0.0,0.29,0.18,0.0,0.0,0.0,0.0,15.62,9.0,9.15,2.0,0.09,0.0,0.0,0.56,0.56,0.55,103.0,17.0,7.0,20.0,59.0,8.0,14.0,20.0,61.0,0.0,0.0,16723.0,12.0,4.0,2.0,5.0,23.91,1.11,1.11,1.11,1.1,15.0,19.0,24.0,58.0,3.0,0.0,0.0,30.0,4.0,0.0,0.71,0.4,0.0,2.0,1.0,0.0,57.15,34.0,34.43,0.3,0.0,0.0,1.41,1.4,1.39,34.34,2.68,2.65,2.71,2.68,29.0,19.0,26.0,74.0,3.0,4.0,0.0,37.0,9.0,2.0,1.16,0.97,0.55,2.0,0.0,1.0,72.89,48.0,47.59,0.5,0.55,0.55,2.63,2.64,2.63,11.56,15.34,246.0,320.0,0.14,0.43,3.0,5.0,3.0,5.0,regular
8475799,2025,Nino Niederreiter,WPG,R,5on5,54,39166.0,841.0,18.65,0.49,0.46,0.5,0.48,0.5,0.47,348.0,65.63,8.94,4.64,15.68,2.07,28.9,22.78,8.58,9.0,8.65,5.0,1.0,60.0,23.0,22.0,105.0,12.0,6.0,7.0,2.0,9.0,0.0,30.0,31.0,54.0,77.0,7.0,14.0,2.0,65.0,7.0,29.0,45.0,24.0,14.0,1.22,3.31,4.41,1.0,2.0,3.0,106.42,83.0,83.48,11.0,0.99,1.63,3.59,6.34,6.46,6.37,841.0,73.0,115.0,163.0,490.0,146.0,101.0,98.0,496.0,2.0,2.0,120195.0,14.0,14.0,7.0,19.0,291.16,25.49,24.42,25.45,24.41,271.0,132.0,160.0,563.0,19.0,30.0,5.0,314.0,57.0,32.0,8.26,7.68,9.55,7.0,5.0,7.0,565.41,403.0,403.55,4.04,7.08,7.55,21.97,22.05,21.74,296.69,26.07,24.91,25.89,24.76,245.0,160.0,163.0,568.0,22.0,41.0,2.0,303.0,67.0,35.0,8.74,8.27,9.06,10.0,10.0,2.0,564.13,405.0,403.16,4.23,8.31,8.31,21.99,21.96,21.53,74.57,87.89,1755.0,1936.0,0.71,0.84,18.0,26.0,15.0,20.0,regular
8484135,2025,Parker Ford,WPG,C,5on5,11,5757.0,129.0,-0.55,0.29,0.47,0.39,0.48,0.41,0.48,114.0,9.98,0.91,0.77,2.43,0.35,5.47,4.06,0.91,0.96,0.95,1.0,0.0,6.0,8.0,5.0,19.0,1.0,0.0,0.0,0.0,4.0,0.0,5.0,5.0,6.0,14.0,2.0,4.0,23.0,20.0,1.0,1.0,11.0,1.0,2.0,0.33,0.1,0.49,0.0,0.0,0.0,20.38,14.0,14.68,0.0,0.16,0.0,0.26,0.81,0.86,0.86,129.0,7.0,10.0,21.0,91.0,17.0,23.0,19.0,70.0,23.0,28.0,26706.0,4.0,2.0,1.0,10.0,36.07,2.43,2.41,2.55,2.53,30.0,19.0,20.0,69.0,3.0,2.0,0.0,41.0,5.0,3.0,1.1,0.63,0.7,1.0,2.0,0.0,72.97,49.0,51.51,0.47,0.35,0.35,2.54,2.67,2.67,53.49,5.96,5.34,5.76,5.16,42.0,29.0,37.0,108.0,4.0,8.0,0.0,44.0,16.0,11.0,1.19,2.09,2.68,1.0,2.0,1.0,102.28,71.0,68.24,0.83,1.63,1.63,5.16,5.01,4.69,18.11,20.67,401.0,438.0,0.01,0.09,2.0,3.0,1.0,3.0,regular
8476871,2025,Tanner Pearson,WPG,L,5on5,47,26938.0,663.0,5.87,0.45,0.46,0.44,0.48,0.46,0.48,459.0,41.88,3.79,2.7,10.35,1.36,21.36,15.44,3.62,3.84,3.67,2.0,1.0,37.0,18.0,17.0,72.0,9.0,6.0,3.0,0.0,3.0,0.0,17.0,26.0,31.0,49.0,9.0,21.0,3.0,62.0,2.0,23.0,40.0,9.0,6.0,1.04,1.27,1.47,1.0,4.0,1.0,73.41,55.0,56.19,14.0,0.57,0.34,0.87,3.49,3.52,3.42,663.0,41.0,99.0,126.0,397.0,106.0,96.0,90.0,371.0,3.0,13.0,111980.0,21.0,11.0,4.0,20.0,207.91,16.66,16.21,16.91,16.46,183.0,98.0,94.0,375.0,17.0,17.0,0.0,212.0,52.0,17.0,5.64,6.67,4.35,6.0,9.0,2.0,379.63,281.0,284.77,2.86,3.04,3.04,16.47,16.71,16.48,243.2,20.15,19.2,20.0,19.06,227.0,105.0,144.0,476.0,14.0,27.0,1.0,254.0,52.0,26.0,7.28,6.23,6.64,7.0,6.0,1.0,470.69,332.0,328.97,3.44,5.13,5.13,18.45,18.34,17.91,69.13,82.4,1633.0,1755.0,0.9,0.79,21.0,15.0,16.0,14.0,regular
8476480,2025,Vladislav Namestnikov,WPG,C,5on5,54,37312.0,814.0,13.64,0.48,0.47,0.49,0.48,0.49,0.48,399.0,51.38,5.24,3.82,11.91,1.86,28.8,21.37,4.94,5.33,5.03,4.0,2.0,48.0,25.0,26.0,99.0,10.0,4.0,7.0,1.0,7.0,0.0,26.0,29.0,44.0,69.0,6.0,14.0,70.0,66.0,7.0,35.0,54.0,13.0,6.0,1.96,1.58,1.7,3.0,0.0,1.0,99.98,73.0,73.72,11.0,0.81,1.11,1.28,4.76,4.83,4.77,814.0,100.0,82.0,172.0,460.0,129.0,100.0,89.0,496.0,70.0,108.0,122235.0,14.0,12.0,6.0,27.0,276.58,22.54,21.47,22.75,21.67,252.0,137.0,160.0,549.0,16.0,32.0,4.0,309.0,53.0,27.0,8.13,6.88,7.54,7.0,7.0,2.0,554.62,389.0,392.32,3.88,6.53,6.83,19.6,19.8,19.55,294.18,24.36,23.56,24.26,23.47,257.0,147.0,161.0,565.0,23.0,35.0,3.0,310.0,65.0,29.0,8.92,7.9,7.53,8.0,11.0,4.0,564.16,404.0,402.26,4.1,6.44,6.44,22.01,22.02,21.6,77.96,88.76,1789.0,1944.0,0.92,1.38,23.0,30.0,14.0,22.0,regular
8471214,2025,Alex Ovechkin,WSH,L,5on5,58,44512.0,995.0,48.81,0.51,0.5,0.51,0.51,0.5,0.52,380.0,113.85,11.03,7.42,29.4,4.09,59.02,43.04,10.46,11.07,10.5,12.0,3.0,89.0,65.0,70.0,224.0,27.0,12.0,10.0,2.0,12.0,0.0,59.0,61.0,77.0,142.0,9.0,18.0,1.0,90.0,7.0,36.0,107.0,38.0,9.0,3.85,4.66,2.52,8.0,3.0,1.0,225.24,154.0,154.61,10.0,1.56,2.06,3.29,9.29,9.26,9.02,995.0,235.0,0.0,143.0,617.0,68.0,211.0,137.0,579.0,1.0,1.0,125705.0,18.0,8.0,4.0,9.0,395.37,34.75,32.81,34.71,32.77,331.0,206.0,220.0,757.0,37.0,47.0,6.0,398.0,109.0,30.0,12.57,13.48,8.7,17.0,15.0,5.0,753.73,537.0,533.94,5.29,9.5,9.5,30.54,30.44,29.52,394.68,33.15,32.16,33.6,32.61,367.0,170.0,177.0,714.0,27.0,39.0,5.0,406.0,103.0,28.0,13.19,12.17,7.79,15.0,6.0,6.0,717.53,537.0,539.88,5.22,7.01,7.36,31.01,31.43,31.11,90.49,89.22,2029.0,1983.0,1.36,2.13,16.0,48.0,14.0,33.0,regular
8481656,2025,Aliaksei Protas,WSH,C,5on5,55,49841.0,1018.0,46.88,0.51,0.51,0.55,0.5,0.56,0.5,153.0,120.86,11.52,8.2,28.44,4.04,61.37,47.43,11.2,11.74,11.41,9.0,3.0,97.0,64.0,41.0,202.0,27.0,15.0,7.0,5.0,18.0,0.0,56.0,65.0,82.0,146.0,9.0,18.0,10.0,24.0,13.0,60.0,110.0,40.0,11.0,3.57,4.87,3.08,5.0,5.0,5.0,203.66,161.0,162.55,22.0,1.73,1.0,2.86,10.39,10.56,10.43,1018.0,140.0,127.0,175.0,576.0,167.0,135.0,148.0,568.0,10.0,9.0,110664.0,18.0,20.0,10.0,22.0,468.9,38.03,36.97,38.31,37.23,411.0,234.0,234.0,879.0,44.0,52.0,9.0,491.0,127.0,27.0,15.21,15.46,7.36,16.0,21.0,7.0,881.93,645.0,648.46,6.36,8.02,8.02,36.37,36.56,36.01,383.87,36.77,34.98,37.04,35.21,320.0,192.0,218.0,730.0,32.0,46.0,7.0,351.0,119.0,42.0,11.21,14.58,10.98,9.0,14.0,9.0,733.52,512.0,514.2,5.36,7.9,8.29,33.85,33.97,33.24,81.99,77.53,1782.0,1791.0,0.69,0.63,17.0,26.0,12.0,20.0,regular
8478463,2025,Anthony Beauvillier,WSH,L,5on5,58,48163.0,991.0,25.24,0.5,0.51,0.51,0.51,0.51,0.51,265.0,119.6,13.56,8.47,27.43,4.06,60.17,45.31,12.96,13.6,13.01,1.0,3.0,108.0,51.0,37.0,196.0,16.0,12.0,11.0,1.0,15.0,0.0,62.0,59.0,96.0,147.0,7.0,14.0,11.0,74.0,8.0,26.0,100.0,45.0,14.0,3.67,5.86,4.03,5.0,6.0,1.0,197.77,159.0,160.16,4.0,1.79,1.64,4.53,10.82,10.86,10.53,991.0,139.0,98.0,163.0,591.0,152.0,157.0,133.0,549.0,11.0,11.0,122054.0,14.0,10.0,5.0,25.0,449.42,39.08,37.23,39.12,37.28,396.0,220.0,223.0,839.0,37.0,59.0,7.0,459.0,121.0,36.0,13.9,14.94,10.23,17.0,15.0,5.0,840.48,616.0,617.09,6.02,11.83,11.83,33.26,33.36,32.43,427.5,38.72,37.57,39.34,38.17,378.0,203.0,226.0,807.0,39.0,50.0,5.0,426.0,113.0,42.0,13.41,13.57,11.74,16.0,13.0,10.0,811.84,581.0,583.64,5.75,9.25,9.25,35.22,35.62,35.18,86.16,83.65,1947.0,1890.0,1.0,0.43,22.0,14.0,19.0,9.0,regular
8482167,2025,Bogdan Trineyev,WSH,R,5on5,2,1235.0,29.0,0.63,0.57,0.46,0.62,0.5,0.66,0.49,19.0,2.39,0.14,0.1,0.4,0.07,1.18,1.12,0.14,0.13,0.13,0.0,0.0,1.0,2.0,0.0,3.0,0.0,0.0,0.0,0.0,0.0,0.0,1.0,2.0,1.0,3.0,0.0,0.0,0.0,1.0,1.0,1.0,2.0,1.0,0.0,0.03,0.11,0.0,0.0,0.0,0.0,2.89,3.0,2.96,0.0,0.02,0.0,0.0,0.16,0.15,0.15,29.0,1.0,3.0,7.0,18.0,6.0,6.0,5.0,12.0,0.0,0.0,4196.0,0.0,0.0,0.0,2.0,13.66,0.61,0.6,0.6,0.59,13.0,6.0,4.0,23.0,0.0,0.0,0.0,17.0,2.0,0.0,0.42,0.19,0.0,0.0,0.0,0.0,22.18,19.0,18.72,0.15,0.0,0.0,0.76,0.75,0.73,6.84,0.47,0.46,0.47,0.47,7.0,3.0,4.0,14.0,0.0,1.0,0.0,7.0,3.0,0.0,0.17,0.3,0.0,0.0,0.0,0.0,14.5,10.0,10.1,0.08,0.01,0.01,0.54,0.55,0.55,2.83,3.3,63.0,64.0,0.0,0.0,0.0,0.0,0.0,0.0,regular
8479520,2025,Brandon Duhaime,WSH,R,5on5,58,33600.0,824.0,3.31,0.49,0.51,0.47,0.52,0.47,0.52,532.0,42.67,4.55,3.14,10.52,1.51,22.05,16.23,4.46,4.57,4.47,0.0,2.0,36.0,22.0,29.0,87.0,5.0,3.0,4.0,0.0,8.0,0.0,20.0,23.0,33.0,55.0,20.0,58.0,11.0,115.0,6.0,15.0,38.0,14.0,6.0,1.17,1.73,1.65,2.0,1.0,0.0,86.99,58.0,58.29,7.0,0.68,0.8,1.49,3.73,3.75,3.68,824.0,32.0,174.0,146.0,472.0,123.0,87.0,98.0,516.0,11.0,22.0,136617.0,58.0,44.0,13.0,29.0,236.69,20.13,19.37,20.13,19.4,210.0,113.0,148.0,471.0,11.0,27.0,3.0,237.0,67.0,19.0,6.85,8.38,4.9,5.0,4.0,2.0,473.0,323.0,325.15,3.25,5.53,5.53,17.85,17.9,17.63,263.98,20.8,20.27,20.82,20.3,223.0,138.0,181.0,542.0,18.0,27.0,1.0,287.0,57.0,17.0,8.66,7.32,4.81,9.0,6.0,3.0,540.14,361.0,360.9,3.48,4.68,4.68,19.6,19.73,19.5,105.11,101.57,2315.0,2155.0,0.78,1.1,28.0,21.0,15.0,17.0,regular
8481517,2025,Brett Leason,WSH,R,5on5,6,2970.0,68.0,0.61,0.5,0.48,0.62,0.49,0.59,0.51,62.0,1.21,0.05,0.09,0.25,0.05,0.89,0.66,0.05,0.05,0.05,0.0,0.0,0.0,2.0,1.0,3.0,0.0,0.0,0.0,0.0,0.0,0.0,1.0,1.0,0.0,2.0,0.0,0.0,2.0,10.0,0.0,1.0,2.0,0.0,0.0,0.05,0.0,0.0,0.0,0.0,0.0,2.98,2.0,1.95,1.0,0.02,0.0,0.0,0.07,0.07,0.07,68.0,5.0,11.0,8.0,44.0,12.0,7.0,9.0,40.0,2.0,3.0,14408.0,0.0,0.0,0.0,0.0,23.61,1.62,1.57,1.57,1.52,15.0,18.0,11.0,44.0,0.0,3.0,0.0,28.0,3.0,2.0,0.74,0.36,0.52,0.0,0.0,0.0,43.13,33.0,32.2,0.3,0.69,0.69,1.23,1.19,1.19,16.61,1.59,1.52,1.63,1.56,17.0,6.0,4.0,27.0,2.0,2.0,1.0,17.0,3.0,3.0,0.38,0.47,0.74,0.0,0.0,2.0,27.93,23.0,23.56,0.23,0.52,0.52,1.3,1.34,1.33,9.35,9.98,204.0,213.0,0.0,0.0,0.0,0.0,0.0,0.0,regular
8481580,2025,Connor McMichael,WSH,C,5on5,55,42609.0,965.0,27.59,0.47,0.52,0.48,0.52,0.47,0.53,338.0,85.04,9.55,6.25,19.78,3.05,42.31,31.05,9.07,9.54,9.04,15.0,6.0,80.0,32.0,24.0,136.0,27.0,6.0,12.0,2.0,13.0,1.0,33.0,47.0,74.0,106.0,5.0,10.0,152.0,28.0,15.0,37.0,69.0,34.0,9.0,2.74,4.37,2.45,0.0,4.0,2.0,135.0,112.0,111.05,9.0,1.31,2.2,2.87,8.0,7.93,7.84,965.0,108.0,113.0,188.0,556.0,123.0,151.0,131.0,560.0,152.0,203.0,118519.0,10.0,10.0,5.0,24.0,348.73,30.62,29.12,30.87,29.29,317.0,159.0,209.0,685.0,36.0,41.0,6.0,353.0,92.0,31.0,10.75,11.21,8.66,13.0,17.0,6.0,682.88,476.0,475.19,4.81,7.75,7.78,27.65,27.75,27.18,394.59,34.74,33.5,34.72,33.47,358.0,174.0,205.0,737.0,33.0,42.0,6.0,390.0,106.0,36.0,12.19,12.82,9.73,12.0,15.0,6.0,735.14,532.0,529.77,5.35,7.41,8.1,31.99,31.96,31.35,87.08,81.09,1950.0,1818.0,0.77,1.46,17.0,32.0,14.0,26.0,regular
8480990,2025,Declan Chisholm,WSH,D,5on5,21,16710.0,322.0,4.52,0.41,0.53,0.49,0.53,0.47,0.54,103.0,17.27,0.56,1.02,4.71,0.57,11.16,7.98,0.56,0.58,0.58,2.0,1.0,18.0,8.0,19.0,45.0,4.0,1.0,1.0,0.0,6.0,0.0,12.0,6.0,17.0,25.0,2.0,4.0,0.0,8.0,4.0,22.0,26.0,0.0,0.0,0.56,0.0,0.0,1.0,0.0,0.0,46.18,26.0,26.93,14.0,0.2,0.18,0.0,0.76,0.79,0.79,322.0,15.0,29.0,46.0,232.0,42.0,54.0,29.0,197.0,0.0,0.0,43774.0,4.0,9.0,3.0,19.0,128.3,9.94,9.67,10.14,9.87,117.0,60.0,91.0,268.0,10.0,14.0,1.0,136.0,34.0,7.0,3.91,4.22,1.8,5.0,5.0,0.0,273.08,177.0,181.4,1.7,2.06,2.09,9.54,9.67,9.52,149.89,14.23,13.54,13.97,13.29,117.0,84.0,81.0,282.0,10.0,21.0,1.0,151.0,30.0,20.0,4.62,4.01,5.6,3.0,6.0,1.0,277.11,201.0,197.9,2.03,4.58,4.58,11.69,11.53,11.31,33.7,29.33,735.0,646.0,0.95,0.06,21.0,3.0,19.0,3.0,regular
8475795,2025,Dylan McIlrath,WSH,D,5on5,11,5930.0,132.0,-0.6,0.51,0.46,0.43,0.5,0.43,0.5,67.0,3.84,0.11,0.24,1.0,0.13,2.78,1.75,0.11,0.1,0.1,0.0,0.0,3.0,3.0,5.0,11.0,0.0,0.0,0.0,0.0,1.0,0.0,3.0,2.0,3.0,6.0,2.0,10.0,0.0,23.0,0.0,6.0,6.0,0.0,0.0,0.11,0.0,0.0,0.0,0.0,0.0,10.27,6.0,5.72,4.0,0.05,0.0,0.0,0.15,0.15,0.14,132.0,5.0,21.0,28.0,78.0,19.0,20.0,9.0,84.0,0.0,0.0,26325.0,10.0,10.0,2.0,6.0,30.92,2.86,2.78,2.82,2.75,26.0,17.0,23.0,66.0,1.0,2.0,0.0,34.0,7.0,2.0,1.19,1.06,0.6,1.0,0.0,0.0,65.33,43.0,42.76,0.42,0.48,0.48,2.81,2.79,2.75,41.4,2.78,2.77,2.89,2.88,40.0,18.0,29.0,87.0,2.0,1.0,0.0,50.0,7.0,1.0,1.53,1.0,0.25,0.0,1.0,1.0,88.85,58.0,58.78,0.52,0.01,0.01,3.28,3.41,3.39,19.31,23.11,453.0,452.0,0.41,0.0,12.0,0.0,11.0,0.0,regular
8478440,2025,Dylan Strome,WSH,C,5on5,56,48589.0,997.0,43.15,0.51,0.5,0.5,0.51,0.5,0.52,200.0,69.83,8.07,4.97,15.97,2.61,35.75,27.62,7.69,8.18,7.8,7.0,7.0,70.0,25.0,31.0,126.0,23.0,9.0,12.0,3.0,9.0,0.0,27.0,38.0,61.0,86.0,9.0,18.0,388.0,7.0,9.0,38.0,58.0,29.0,8.0,2.2,3.59,2.28,2.0,5.0,2.0,127.13,95.0,95.66,11.0,1.04,3.07,2.71,6.4,6.5,6.36,997.0,219.0,60.0,169.0,549.0,82.0,187.0,168.0,560.0,388.0,295.0,116310.0,18.0,14.0,7.0,33.0,417.93,37.98,36.22,38.18,36.42,368.0,206.0,225.0,799.0,45.0,50.0,8.0,431.0,107.0,36.0,14.2,13.56,10.22,23.0,17.0,5.0,799.8,574.0,574.0,5.64,10.11,10.3,33.32,33.41,32.53,424.89,36.3,35.17,36.81,35.66,375.0,204.0,221.0,800.0,33.0,39.0,3.0,436.0,105.0,38.0,13.89,12.4,10.01,18.0,8.0,7.0,803.05,579.0,581.99,5.65,7.32,7.32,34.63,35.02,34.61,82.92,83.46,1896.0,1835.0,0.99,1.56,25.0,32.0,18.0,22.0,regular
8483573,2025,Ethen Frank,WSH,C,5on5,47,31153.0,716.0,21.21,0.5,0.49,0.47,0.5,0.48,0.51,372.0,61.69,6.5,4.56,13.67,2.08,32.41,23.78,6.26,6.6,6.35,6.0,3.0,57.0,26.0,27.0,110.0,17.0,8.0,8.0,1.0,10.0,0.0,29.0,28.0,49.0,75.0,5.0,10.0,1.0,37.0,8.0,19.0,58.0,18.0,7.0,2.6,2.17,1.72,3.0,4.0,1.0,109.78,83.0,82.94,5.0,0.97,1.97,1.35,6.12,6.15,6.09,716.0,49.0,120.0,125.0,422.0,105.0,95.0,88.0,428.0,1.0,5.0,107595.0,10.0,14.0,7.0,30.0,247.27,21.52,20.74,21.79,20.98,225.0,115.0,130.0,470.0,28.0,23.0,4.0,258.0,62.0,20.0,8.48,7.74,5.29,14.0,12.0,2.0,472.79,340.0,343.01,3.45,5.07,5.07,19.89,20.09,19.8,267.5,21.79,21.1,21.74,21.06,239.0,124.0,165.0,528.0,19.0,36.0,3.0,287.0,50.0,26.0,8.94,5.75,7.09,10.0,4.0,5.0,528.11,363.0,362.51,3.46,6.28,6.28,18.97,19.09,18.79,77.41,80.57,1744.0,1714.0,1.23,0.75,38.0,13.0,32.0,10.0,regular
8482148,2025,Hendrix Lapierre,WSH,C,5on5,55,27176.0,601.0,14.7,0.57,0.5,0.56,0.5,0.57,0.5,570.0,50.95,7.21,3.91,11.97,1.83,24.12,17.96,6.64,7.26,6.66,2.0,5.0,43.0,24.0,13.0,80.0,9.0,2.0,10.0,1.0,3.0,0.0,27.0,25.0,41.0,65.0,5.0,12.0,82.0,35.0,5.0,21.0,37.0,16.0,14.0,1.61,1.83,3.78,0.0,1.0,1.0,80.47,67.0,67.1,3.0,0.84,2.25,2.74,5.3,5.35,5.24,601.0,52.0,47.0,80.0,422.0,106.0,81.0,75.0,339.0,82.0,127.0,134359.0,12.0,8.0,4.0,16.0,246.93,22.32,21.31,22.49,21.45,211.0,127.0,146.0,484.0,16.0,31.0,3.0,245.0,68.0,25.0,7.81,7.86,6.66,9.0,5.0,2.0,486.38,338.0,339.78,3.36,6.52,6.39,19.29,19.41,19.12,191.55,16.88,16.24,16.85,16.21,168.0,91.0,116.0,375.0,15.0,22.0,2.0,198.0,38.0,23.0,5.72,4.78,6.38,5.0,6.0,4.0,374.7,259.0,259.2,2.41,5.35,5.12,14.17,14.17,14.01,97.06,97.91,2152.0,2175.0,0.38,1.79,12.0,23.0,11.0,17.0,regular
8483491,2025,Ivan Miroshnichenko,WSH,L,5on5,4,2508.0,56.0,0.57,0.64,0.42,0.49,0.47,0.48,0.48,36.0,8.49,0.54,0.56,2.12,0.29,4.98,3.51,0.52,0.55,0.53,0.0,0.0,5.0,7.0,3.0,15.0,0.0,0.0,3.0,0.0,1.0,0.0,5.0,3.0,5.0,12.0,1.0,2.0,0.0,7.0,0.0,1.0,9.0,3.0,0.0,0.2,0.34,0.0,0.0,0.0,0.0,14.53,12.0,11.77,0.0,0.12,0.59,0.0,0.66,0.66,0.64,56.0,6.0,9.0,7.0,34.0,6.0,12.0,7.0,31.0,0.0,0.0,9867.0,2.0,2.0,1.0,3.0,24.35,2.17,2.07,2.18,2.08,16.0,18.0,17.0,51.0,1.0,4.0,0.0,25.0,5.0,4.0,0.56,0.55,1.06,1.0,0.0,0.0,49.37,34.0,33.05,0.36,0.84,0.84,1.68,1.67,1.63,26.08,1.25,1.24,1.3,1.29,21.0,16.0,16.0,53.0,0.0,0.0,0.0,34.0,3.0,0.0,0.98,0.27,0.0,0.0,0.0,0.0,55.66,37.0,38.98,0.3,0.0,0.0,1.55,1.61,1.6,7.61,10.35,160.0,181.0,0.01,0.09,1.0,2.0,1.0,1.0,regular
8479345,2025,Jakob Chychrun,WSH,D,5on5,56,63849.0,1093.0,56.47,0.53,0.48,0.54,0.48,0.53,0.49,97.0,130.36,6.14,7.04,36.97,4.41,74.38,56.06,5.95,6.07,5.88,9.0,7.0,114.0,71.0,103.0,288.0,27.0,11.0,11.0,1.0,32.0,0.0,58.0,73.0,103.0,174.0,19.0,40.0,0.0,45.0,20.0,63.0,174.0,9.0,2.0,4.42,1.15,0.57,9.0,2.0,0.0,285.01,185.0,182.94,43.0,1.42,1.74,1.16,6.41,6.33,6.19,1093.0,154.0,82.0,165.0,692.0,77.0,208.0,165.0,643.0,0.0,0.0,100885.0,40.0,24.0,12.0,69.0,584.96,51.04,48.8,51.63,49.31,507.0,293.0,313.0,1113.0,58.0,65.0,11.0,603.0,147.0,50.0,18.99,18.04,14.0,30.0,18.0,10.0,1117.31,800.0,804.47,7.9,12.94,13.32,45.61,45.93,44.93,521.62,45.2,43.86,45.57,44.19,459.0,249.0,249.0,957.0,30.0,54.0,4.0,526.0,129.0,53.0,16.29,15.38,13.53,12.0,8.0,10.0,962.67,708.0,711.7,6.92,9.28,9.63,42.48,42.84,42.28,70.26,74.67,1576.0,1683.0,2.04,1.09,53.0,20.0,32.0,18.0,regular
8474590,2025,John Carlson,WSH,D,5on5,54,54763.0,1012.0,49.52,0.51,0.5,0.53,0.49,0.53,0.5,169.0,91.85,4.9,5.22,24.55,3.14,51.91,40.29,4.66,4.88,4.64,12.0,8.0,86.0,44.0,72.0,202.0,26.0,6.0,13.0,0.0,17.0,0.0,42.0,52.0,80.0,124.0,13.0,24.0,0.0,15.0,28.0,69.0,114.0,14.0,2.0,2.91,1.52,0.46,4.0,2.0,0.0,201.85,130.0,129.03,46.0,1.05,2.87,0.77,5.18,5.15,4.99,1012.0,99.0,102.0,129.0,682.0,80.0,122.0,136.0,674.0,0.0,0.0,103409.0,24.0,6.0,3.0,60.0,518.4,44.1,41.86,43.95,41.72,455.0,255.0,268.0,978.0,51.0,60.0,8.0,530.0,141.0,39.0,16.7,16.74,10.67,23.0,22.0,6.0,977.76,710.0,708.9,7.01,11.06,11.19,39.92,39.92,38.95,466.16,42.33,40.69,42.83,41.14,408.0,222.0,228.0,858.0,35.0,58.0,3.0,442.0,149.0,39.0,13.88,17.27,11.18,12.0,17.0,6.0,862.68,630.0,633.04,6.35,10.19,10.29,38.39,38.74,38.12,72.91,72.23,1616.0,1655.0,3.1,0.29,78.0,12.0,57.0,8.0,regular
8482088,2025,Justin Sourdif,WSH,R,5on5,54,42922.0,928.0,31.63,0.53,0.5,0.52,0.5,0.53,0.5,290.0,81.41,7.78,5.5,19.6,2.75,42.38,31.98,7.52,7.83,7.55,7.0,5.0,65.0,45.0,26.0,136.0,20.0,8.0,5.0,2.0,16.0,0.0,39.0,42.0,57.0,102.0,9.0,21.0,203.0,65.0,13.0,32.0,75.0,29.0,6.0,2.62,3.44,1.71,2.0,4.0,2.0,137.13,110.0,111.0,14.0,1.15,0.92,1.51,7.42,7.38,7.24,928.0,87.0,139.0,151.0,551.0,146.0,137.0,123.0,522.0,203.0,241.0,115447.0,21.0,45.0,18.0,21.0,377.77,32.75,31.53,32.99,31.72,348.0,166.0,201.0,715.0,35.0,40.0,8.0,381.0,105.0,28.0,11.75,12.88,8.12,10.0,16.0,9.0,717.33,514.0,517.3,5.04,7.41,7.19,30.6,30.69,30.13,343.87,28.94,27.74,29.06,27.84,300.0,162.0,186.0,648.0,22.0,39.0,4.0,341.0,94.0,27.0,10.3,11.38,7.26,9.0,10.0,3.0,650.52,462.0,463.89,4.63,6.48,6.48,27.09,27.18,26.69,84.37,84.95,1900.0,1878.0,1.31,0.45,34.0,18.0,23.0,13.0,regular
8480796,2025,Martin Fehrvry,WSH,D,5on5,57,53489.0,1032.0,21.23,0.5,0.51,0.49,0.52,0.51,0.51,227.0,57.54,3.38,3.09,15.35,1.82,31.47,24.88,3.21,3.35,3.18,4.0,8.0,56.0,24.0,49.0,129.0,16.0,4.0,8.0,0.0,11.0,0.0,17.0,40.0,52.0,76.0,7.0,14.0,0.0,60.0,6.0,33.0,73.0,3.0,4.0,1.8,0.34,1.24,3.0,1.0,0.0,130.76,80.0,81.2,19.0,0.62,1.2,1.27,2.73,2.76,2.73,1032.0,53.0,139.0,168.0,672.0,140.0,103.0,126.0,663.0,0.0,0.0,113576.0,14.0,8.0,4.0,80.0,468.63,40.23,38.86,40.33,38.97,424.0,218.0,224.0,866.0,41.0,55.0,7.0,471.0,137.0,34.0,14.38,16.29,9.57,13.0,22.0,6.0,871.7,642.0,644.67,6.3,10.27,9.86,36.67,36.89,36.18,462.42,40.93,39.13,41.26,39.4,396.0,229.0,280.0,905.0,35.0,59.0,8.0,457.0,128.0,40.0,14.52,15.45,10.96,11.0,17.0,7.0,905.31,625.0,625.03,6.23,10.4,10.4,36.75,36.96,36.23,81.38,79.26,1855.0,1744.0,3.94,0.29,82.0,11.0,64.0,9.0,regular
8478911,2025,Matt Roy,WSH,D,5on5,55,58355.0,1014.0,24.75,0.51,0.5,0.51,0.51,0.52,0.51,134.0,69.43,2.21,3.73,20.88,2.41,40.23,30.55,2.16,2.21,2.17,9.0,4.0,66.0,34.0,55.0,155.0,14.0,1.0,12.0,0.0,15.0,0.0,48.0,24.0,65.0,99.0,5.0,10.0,0.0,69.0,8.0,42.0,97.0,3.0,0.0,1.91,0.29,0.0,1.0,0.0,0.0,154.09,100.0,99.77,32.0,0.76,2.58,0.14,2.83,2.83,2.77,1014.0,68.0,108.0,152.0,686.0,135.0,141.0,118.0,620.0,0.0,0.0,102872.0,10.0,14.0,7.0,91.0,510.91,42.42,40.8,42.9,41.2,462.0,243.0,270.0,975.0,44.0,56.0,8.0,545.0,122.0,38.0,16.84,14.99,10.6,21.0,16.0,7.0,976.57,705.0,708.06,6.91,10.49,10.35,38.99,39.22,38.48,481.25,41.35,40.28,41.59,40.52,428.0,225.0,275.0,928.0,36.0,48.0,7.0,487.0,122.0,44.0,15.22,14.7,11.43,12.0,12.0,12.0,929.47,653.0,655.21,6.43,8.56,9.05,38.73,39.02,38.44,76.46,74.97,1668.0,1627.0,3.95,0.79,69.0,20.0,50.0,14.0,regular
8475343,2025,Nic Dowd,WSH,C,5on5,50,37573.0,811.0,10.22,0.44,0.53,0.47,0.52,0.48,0.52,301.0,45.1,4.66,3.25,10.52,1.56,24.24,17.77,4.57,4.67,4.58,0.0,9.0,40.0,22.0,16.0,78.0,13.0,4.0,3.0,0.0,13.0,0.0,20.0,22.0,36.0,58.0,14.0,31.0,260.0,91.0,12.0,29.0,36.0,24.0,2.0,1.38,2.82,0.46,3.0,1.0,0.0,78.3,62.0,62.26,7.0,0.7,0.57,0.67,4.69,4.73,4.67,811.0,40.0,153.0,166.0,452.0,149.0,94.0,105.0,463.0,260.0,231.0,108661.0,31.0,25.0,11.0,27.0,286.17,21.47,20.9,21.55,20.98,248.0,148.0,166.0,562.0,17.0,27.0,2.0,301.0,81.0,14.0,8.08,9.81,3.58,7.0,8.0,2.0,566.89,396.0,399.67,3.77,4.89,5.02,20.22,20.36,20.07,321.27,27.14,26.39,27.21,26.47,275.0,158.0,194.0,627.0,23.0,39.0,3.0,328.0,80.0,25.0,10.5,9.68,6.95,8.0,10.0,5.0,628.13,433.0,433.09,4.32,6.25,6.25,25.2,25.29,24.91,87.04,77.69,1841.0,1686.0,1.55,0.61,36.0,15.0,28.0,14.0,regular
8479400,2025,Pierre-Luc Dubois,WSH,L,5on5,6,4462.0,94.0,1.85,0.48,0.58,0.56,0.52,0.51,0.48,28.0,9.38,0.7,0.65,3.15,0.37,4.75,3.38,0.69,0.7,0.68,0.0,0.0,8.0,5.0,4.0,17.0,0.0,0.0,0.0,0.0,1.0,0.0,5.0,7.0,8.0,13.0,1.0,2.0,29.0,5.0,1.0,2.0,10.0,3.0,0.0,0.32,0.38,0.0,0.0,0.0,0.0,17.11,13.0,13.06,0.0,0.14,0.0,0.01,0.83,0.83,0.81,94.0,14.0,11.0,14.0,55.0,18.0,15.0,16.0,45.0,29.0,42.0,12573.0,2.0,4.0,2.0,2.0,38.26,2.88,2.8,2.91,2.82,37.0,16.0,30.0,83.0,3.0,2.0,0.0,42.0,9.0,2.0,1.4,1.04,0.44,1.0,2.0,0.0,82.84,53.0,52.72,0.51,0.2,0.2,3.19,3.23,3.14,37.98,3.13,2.91,3.12,2.91,34.0,17.0,15.0,66.0,2.0,5.0,0.0,38.0,10.0,3.0,0.85,1.39,0.9,1.0,1.0,0.0,66.82,51.0,51.1,0.49,1.23,1.27,2.36,2.38,2.29,9.93,7.29,212.0,199.0,0.19,0.09,2.0,2.0,2.0,1.0,regular
8480873,2025,Rasmus Sandin,WSH,D,5on5,51,49015.0,897.0,18.02,0.49,0.52,0.49,0.52,0.49,0.52,194.0,60.62,2.55,3.17,18.08,1.95,34.39,25.87,2.51,2.55,2.52,7.0,7.0,56.0,30.0,39.0,125.0,16.0,2.0,5.0,0.0,19.0,0.0,21.0,39.0,54.0,84.0,4.0,8.0,0.0,53.0,14.0,52.0,83.0,2.0,1.0,2.06,0.23,0.26,2.0,0.0,0.0,124.45,86.0,85.93,30.0,0.64,0.59,0.13,3.06,3.07,3.04,897.0,82.0,106.0,146.0,563.0,103.0,120.0,104.0,570.0,0.0,0.0,101756.0,8.0,6.0,3.0,67.0,388.14,31.54,30.52,31.38,30.38,338.0,193.0,221.0,752.0,33.0,38.0,5.0,409.0,97.0,25.0,12.54,12.3,6.7,13.0,16.0,4.0,748.74,531.0,529.43,5.15,7.05,7.05,29.64,29.49,28.99,407.1,32.92,32.01,33.2,32.3,366.0,184.0,243.0,793.0,34.0,35.0,2.0,417.0,104.0,29.0,12.27,12.61,8.04,20.0,10.0,4.0,795.37,550.0,552.36,5.3,6.25,6.28,31.94,32.13,31.75,80.34,74.3,1723.0,1614.0,2.35,0.43,62.0,11.0,40.0,7.0,regular
8484186,2025,Ryan Leonard,WSH,R,5on5,51,36391.0,801.0,28.24,0.47,0.52,0.47,0.52,0.48,0.53,378.0,90.26,7.38,5.45,21.7,2.98,47.91,36.57,7.31,7.41,7.34,9.0,3.0,76.0,46.0,52.0,174.0,21.0,9.0,10.0,2.0,17.0,1.0,37.0,48.0,67.0,113.0,11.0,24.0,4.0,71.0,8.0,48.0,94.0,23.0,5.0,3.13,2.75,1.5,3.0,5.0,1.0,174.41,122.0,123.23,15.0,1.12,1.79,1.38,7.11,7.16,7.1,801.0,68.0,83.0,161.0,489.0,128.0,135.0,111.0,427.0,4.0,4.0,112742.0,24.0,46.0,24.0,18.0,291.67,25.09,24.5,25.21,24.6,256.0,147.0,152.0,555.0,28.0,32.0,6.0,306.0,72.0,25.0,9.81,8.55,6.73,11.0,11.0,6.0,557.02,403.0,404.57,3.87,6.21,6.21,22.75,22.8,22.57,322.78,28.15,27.39,28.31,27.54,267.0,173.0,195.0,635.0,20.0,30.0,1.0,325.0,85.0,30.0,9.98,10.55,7.63,7.0,10.0,3.0,636.36,440.0,441.67,4.34,4.85,4.85,27.64,27.74,27.36,85.09,77.71,1881.0,1723.0,0.48,1.05,21.0,15.0,16.0,13.0,regular
8477947,2025,Sonny Milano,WSH,L,5on5,31,14560.0,327.0,10.14,0.53,0.5,0.53,0.51,0.53,0.52,336.0,30.7,3.11,2.07,7.1,1.07,16.41,12.24,3.06,3.07,3.02,4.0,0.0,29.0,13.0,9.0,51.0,8.0,4.0,1.0,0.0,8.0,0.0,17.0,12.0,25.0,38.0,2.0,4.0,8.0,7.0,4.0,15.0,27.0,12.0,3.0,0.95,1.35,0.82,3.0,1.0,0.0,51.62,42.0,42.39,6.0,0.44,0.23,0.45,3.1,3.08,3.07,327.0,30.0,19.0,53.0,225.0,56.0,43.0,36.0,192.0,8.0,4.0,77470.0,4.0,4.0,2.0,3.0,126.78,11.8,11.41,11.56,11.21,118.0,54.0,64.0,236.0,12.0,12.0,3.0,126.0,34.0,12.0,4.51,4.0,3.28,7.0,3.0,2.0,236.41,172.0,171.12,1.69,2.86,2.86,10.63,10.5,10.37,112.13,10.55,10.13,10.7,10.28,103.0,47.0,63.0,213.0,10.0,16.0,1.0,105.0,34.0,11.0,3.21,4.15,3.2,3.0,5.0,2.0,216.07,150.0,152.41,1.4,3.58,3.58,8.38,8.64,8.55,55.25,56.14,1262.0,1204.0,0.03,0.28,4.0,10.0,2.0,7.0,regular
8476880,2025,Tom Wilson,WSH,R,5on5,49,39346.0,851.0,52.44,0.57,0.49,0.56,0.5,0.58,0.49,252.0,68.49,7.22,4.99,16.25,2.49,36.59,27.48,6.83,7.29,6.89,7.0,10.0,64.0,31.0,33.0,128.0,28.0,11.0,16.0,3.0,11.0,0.0,22.0,35.0,53.0,84.0,16.0,44.0,5.0,115.0,10.0,42.0,63.0,27.0,5.0,2.15,3.59,1.47,0.0,9.0,2.0,129.47,95.0,95.88,15.0,1.04,2.66,1.27,6.99,7.03,6.77,851.0,98.0,117.0,140.0,496.0,120.0,102.0,130.0,499.0,5.0,4.0,104737.0,44.0,40.0,14.0,25.0,387.88,34.0,32.5,34.41,32.84,354.0,178.0,175.0,707.0,37.0,49.0,8.0,395.0,110.0,27.0,12.51,13.77,7.71,16.0,16.0,5.0,712.6,532.0,536.62,5.4,8.07,8.07,31.32,31.54,30.84,288.49,25.38,24.1,25.45,24.14,251.0,134.0,171.0,556.0,20.0,34.0,3.0,269.0,90.0,26.0,7.89,10.86,6.63,8.0,8.0,4.0,555.38,385.0,385.24,3.91,5.98,6.11,23.17,23.19,22.66,74.49,77.02,1694.0,1709.0,2.24,0.75,25.0,27.0,16.0,20.0,regular
8477845,2025,Trevor van Riemsdyk,WSH,D,5on5,44,36030.0,730.0,4.8,0.51,0.52,0.48,0.52,0.49,0.52,234.0,26.56,1.79,1.54,7.4,0.98,14.34,10.95,1.66,1.8,1.67,1.0,5.0,21.0,16.0,27.0,64.0,7.0,1.0,3.0,1.0,5.0,0.0,8.0,20.0,20.0,36.0,7.0,14.0,0.0,6.0,7.0,31.0,30.0,3.0,4.0,0.54,0.34,0.91,0.0,0.0,1.0,63.99,37.0,37.19,20.0,0.31,0.6,0.88,1.22,1.23,1.19,730.0,42.0,80.0,127.0,481.0,90.0,88.0,63.0,489.0,0.0,0.0,93634.0,14.0,8.0,4.0,50.0,284.18,27.09,26.25,27.15,26.31,242.0,146.0,160.0,548.0,20.0,36.0,7.0,270.0,91.0,27.0,8.63,11.3,7.15,7.0,9.0,4.0,547.85,388.0,387.59,3.93,7.69,7.69,23.34,23.33,22.98,298.58,26.0,24.91,26.06,24.97,258.0,142.0,198.0,598.0,28.0,37.0,5.0,305.0,68.0,27.0,9.4,8.93,7.67,15.0,8.0,5.0,602.9,400.0,402.07,4.03,7.56,7.66,22.37,22.47,22.16,69.69,63.76,1564.0,1427.0,1.65,0.59,54.0,9.0,38.0,8.0,regular
